form_key,form_name,form_version,runtime_path,xml_path,label,field_class,canonical_question_id,source_semantic_id,source_question_id,mapping_status,role,dimensions,component_ids,json_type,type_source,type,xsd_source,xsd_sha256,source_version,published_coverage_eligible
PHSFellowshipSupplemental,[Draft] PHS Fellowship Supplemental Form,8.0,,PHS_Fellowship_Supplemental_8_0,PHSFellowshipSupplemental,technical_field,,source-question:question:sha256:c8abb95c3e3de2a3155fb6117a4130c492afad06cad44a52e258e83853a39845,question:sha256:c8abb95c3e3de2a3155fb6117a4130c492afad06cad44a52e258e83853a39845,agent_proposed,,,form-structure,object,normalized_source_type,FieldSet,https://apply07.grants.gov/apply/forms/schemas/PHS_Fellowship_Supplemental_8_0-V8.0.xsd,85f8e33df4641c56f3b6b96108690f89d214de8b5c864b1d6bd1e6bf8c7cc7bc,sha256:85f8e33df4641c56f3b6b96108690f89d214de8b5c864b1d6bd1e6bf8c7cc7bc,false
PHSFellowshipSupplemental,[Draft] PHS Fellowship Supplemental Form,8.0,AdditionalInformation,PHS_Fellowship_Supplemental_8_0.AdditionalInformation,AdditionalInformation,technical_field,,source-question:question:sha256:221edac0d94f54f1943142ff6cbe2b8b65a584e8736427b9761d8c6906e2e078,question:sha256:221edac0d94f54f1943142ff6cbe2b8b65a584e8736427b9761d8c6906e2e078,agent_proposed,,,form-structure,object,normalized_source_type,FieldSet,https://apply07.grants.gov/apply/forms/schemas/PHS_Fellowship_Supplemental_8_0-V8.0.xsd,85f8e33df4641c56f3b6b96108690f89d214de8b5c864b1d6bd1e6bf8c7cc7bc,sha256:85f8e33df4641c56f3b6b96108690f89d214de8b5c864b1d6bd1e6bf8c7cc7bc,false
PHSFellowshipSupplemental,[Draft] PHS Fellowship Supplemental Form,8.0,AdditionalInformation.AlernatePhoneNumber,PHS_Fellowship_Supplemental_8_0.AdditionalInformation.AlernatePhoneNumber,Alernate Phone Number,question,concept:role:fellowship-candidate:phone-alternate,concept:role:fellowship-candidate:phone-alternate,question:sha256:71d7fe2af57d05f3f65862d0094f9a62b95f459319f2a415312c816b967a70b2,agent_proposed,fellowship-candidate,,role-fellowship-candidate,string,xsd_declared_type,globLib:TelephoneNumberDataType,https://apply07.grants.gov/apply/forms/schemas/PHS_Fellowship_Supplemental_8_0-V8.0.xsd,85f8e33df4641c56f3b6b96108690f89d214de8b5c864b1d6bd1e6bf8c7cc7bc,sha256:85f8e33df4641c56f3b6b96108690f89d214de8b5c864b1d6bd1e6bf8c7cc7bc,false
PHSFellowshipSupplemental,[Draft] PHS Fellowship Supplemental Form,8.0,AdditionalInformation.ChangeOfInstitution,PHS_Fellowship_Supplemental_8_0.AdditionalInformation.ChangeOfInstitution,Change Of Institution,question,concept:hhs-research-policy:change-of-recipient-organization,concept:hhs-research-policy:change-of-recipient-organization,question:sha256:8fedacfc863697ce5631ce07b801db37232c6449103a4d9d43b8c6db463ca730,agent_proposed,,,semantic-domain-hhs-research-policy,string,xsd_declared_type,globLib:YesNoDataType,https://apply07.grants.gov/apply/forms/schemas/PHS_Fellowship_Supplemental_8_0-V8.0.xsd,85f8e33df4641c56f3b6b96108690f89d214de8b5c864b1d6bd1e6bf8c7cc7bc,sha256:85f8e33df4641c56f3b6b96108690f89d214de8b5c864b1d6bd1e6bf8c7cc7bc,false
PHSFellowshipSupplemental,[Draft] PHS Fellowship Supplemental Form,8.0,AdditionalInformation.ConcurrentSupport,PHS_Fellowship_Supplemental_8_0.AdditionalInformation.ConcurrentSupport,Concurrent Support,question,concept:fellowship:concurrent-support,concept:fellowship:concurrent-support,question:sha256:87b45b1860a7ac4bfaeae88699e9c3ff229c100696d0753ad9b9e619c7f18e65,agent_proposed,,,semantic-domain-fellowship,string,xsd_declared_type,globLib:YesNoDataType,https://apply07.grants.gov/apply/forms/schemas/PHS_Fellowship_Supplemental_8_0-V8.0.xsd,85f8e33df4641c56f3b6b96108690f89d214de8b5c864b1d6bd1e6bf8c7cc7bc,sha256:85f8e33df4641c56f3b6b96108690f89d214de8b5c864b1d6bd1e6bf8c7cc7bc,false
PHSFellowshipSupplemental,[Draft] PHS Fellowship Supplemental Form,8.0,AdditionalInformation.ConcurrentSupportDescription,PHS_Fellowship_Supplemental_8_0.AdditionalInformation.ConcurrentSupportDescription,ConcurrentSupportDescription,technical_field,,source-question:question:sha256:0493d6d54ad9fa66cb785662bea730576f896aebc4cfd87f36f03b118a90f138,question:sha256:0493d6d54ad9fa66cb785662bea730576f896aebc4cfd87f36f03b118a90f138,agent_proposed,,,form-structure,object,normalized_source_type,FieldSet,https://apply07.grants.gov/apply/forms/schemas/PHS_Fellowship_Supplemental_8_0-V8.0.xsd,85f8e33df4641c56f3b6b96108690f89d214de8b5c864b1d6bd1e6bf8c7cc7bc,sha256:85f8e33df4641c56f3b6b96108690f89d214de8b5c864b1d6bd1e6bf8c7cc7bc,false
PHSFellowshipSupplemental,[Draft] PHS Fellowship Supplemental Form,8.0,AdditionalInformation.ConcurrentSupportDescription.attFile,PHS_Fellowship_Supplemental_8_0.AdditionalInformation.ConcurrentSupportDescription.attFile,att File,attachment,,concept:attachment:fellowship:concurrent-support-description,question:sha256:72ddd72dff418c1017fd48106e1f0e8536a5238ac2dd2d783238cc01607bf79e,agent_proposed,,,attachment-content|semantic-domain-attachment,,xsd_declared_type,att:AttachedFileDataType,https://apply07.grants.gov/apply/forms/schemas/PHS_Fellowship_Supplemental_8_0-V8.0.xsd,85f8e33df4641c56f3b6b96108690f89d214de8b5c864b1d6bd1e6bf8c7cc7bc,sha256:85f8e33df4641c56f3b6b96108690f89d214de8b5c864b1d6bd1e6bf8c7cc7bc,false
PHSFellowshipSupplemental,[Draft] PHS Fellowship Supplemental Form,8.0,,PHS_Fellowship_Supplemental_8_0.AdditionalInformation.ConcurrentSupportDescription.attFile.FileLocation,PHSFellowshipSupplemental,technical_field,,source-question:question:sha256:c928035c7f6709791fd013595b71de7aead63fa1502b6ff1dd622468c6f51a3c,question:sha256:c928035c7f6709791fd013595b71de7aead63fa1502b6ff1dd622468c6f51a3c,agent_proposed,,,technical-metadata,object,normalized_source_type,,https://apply07.grants.gov/apply/system/schemas/Attachments-V1.0.xsd,85f8e33df4641c56f3b6b96108690f89d214de8b5c864b1d6bd1e6bf8c7cc7bc,sha256:85f8e33df4641c56f3b6b96108690f89d214de8b5c864b1d6bd1e6bf8c7cc7bc,false
PHSFellowshipSupplemental,[Draft] PHS Fellowship Supplemental Form,8.0,,PHS_Fellowship_Supplemental_8_0.AdditionalInformation.ConcurrentSupportDescription.attFile.FileName,PHSFellowshipSupplemental,technical_field,,source-question:question:sha256:29b6349e5bddd589afec8ca9555aa204ef47fde41d88063500eb3f554efe0aca,question:sha256:29b6349e5bddd589afec8ca9555aa204ef47fde41d88063500eb3f554efe0aca,agent_proposed,,,technical-metadata,object,xsd_declared_type,glob:StringMin1Max255Type,https://apply07.grants.gov/apply/system/schemas/Attachments-V1.0.xsd,85f8e33df4641c56f3b6b96108690f89d214de8b5c864b1d6bd1e6bf8c7cc7bc,sha256:85f8e33df4641c56f3b6b96108690f89d214de8b5c864b1d6bd1e6bf8c7cc7bc,false
PHSFellowshipSupplemental,[Draft] PHS Fellowship Supplemental Form,8.0,,PHS_Fellowship_Supplemental_8_0.AdditionalInformation.ConcurrentSupportDescription.attFile.HashValue,PHSFellowshipSupplemental,technical_field,,source-question:question:sha256:bf89724109982b8748d9ceed1acb05918a671e59e145bfa98a4124047e294208,question:sha256:bf89724109982b8748d9ceed1acb05918a671e59e145bfa98a4124047e294208,agent_proposed,,,technical-metadata,object,normalized_source_type,base64Binary,https://apply07.grants.gov/apply/system/schemas/Global-V1.0.xsd,85f8e33df4641c56f3b6b96108690f89d214de8b5c864b1d6bd1e6bf8c7cc7bc,sha256:85f8e33df4641c56f3b6b96108690f89d214de8b5c864b1d6bd1e6bf8c7cc7bc,false
PHSFellowshipSupplemental,[Draft] PHS Fellowship Supplemental Form,8.0,,PHS_Fellowship_Supplemental_8_0.AdditionalInformation.ConcurrentSupportDescription.attFile.MimeType,PHSFellowshipSupplemental,technical_field,,source-question:question:sha256:2a53ccd511204dc7151222529491d348b158b1f2fb734248e02333c56992f86a,question:sha256:2a53ccd511204dc7151222529491d348b158b1f2fb734248e02333c56992f86a,agent_proposed,,,technical-metadata,object,xsd_declared_type,glob:StringMin1Max255Type,https://apply07.grants.gov/apply/system/schemas/Attachments-V1.0.xsd,85f8e33df4641c56f3b6b96108690f89d214de8b5c864b1d6bd1e6bf8c7cc7bc,sha256:85f8e33df4641c56f3b6b96108690f89d214de8b5c864b1d6bd1e6bf8c7cc7bc,false
PHSFellowshipSupplemental,[Draft] PHS Fellowship Supplemental Form,8.0,AdditionalInformation.CurrentPriorNRSASupport,PHS_Fellowship_Supplemental_8_0.AdditionalInformation.CurrentPriorNRSASupport,CurrentPriorNRSASupport,technical_field,,source-question:question:sha256:f7e12283d654397cacc58b8d56a96d12cfe46c60bf2f4a33e4a4cbec16ad07c9,question:sha256:f7e12283d654397cacc58b8d56a96d12cfe46c60bf2f4a33e4a4cbec16ad07c9,agent_proposed,,,form-structure,array,normalized_source_type,FieldSet,https://apply07.grants.gov/apply/forms/schemas/PHS_Fellowship_Supplemental_8_0-V8.0.xsd,85f8e33df4641c56f3b6b96108690f89d214de8b5c864b1d6bd1e6bf8c7cc7bc,sha256:85f8e33df4641c56f3b6b96108690f89d214de8b5c864b1d6bd1e6bf8c7cc7bc,false
PHSFellowshipSupplemental,[Draft] PHS Fellowship Supplemental Form,8.0,AdditionalInformation.CurrentPriorNRSASupport[].EndDate,PHS_Fellowship_Supplemental_8_0.AdditionalInformation.CurrentPriorNRSASupport.EndDate,End Date,question,concept:fellowship:nrsa-support:end-date,concept:fellowship:nrsa-support:end-date,question:sha256:56c0ffdd7d2490652172fd2fa4f6edb36ccedd7858b592cece32ceb25b97b599,agent_proposed,,,semantic-domain-fellowship,string,xsd_declared_type,xs:date,https://apply07.grants.gov/apply/forms/schemas/PHS_Fellowship_Supplemental_8_0-V8.0.xsd,85f8e33df4641c56f3b6b96108690f89d214de8b5c864b1d6bd1e6bf8c7cc7bc,sha256:85f8e33df4641c56f3b6b96108690f89d214de8b5c864b1d6bd1e6bf8c7cc7bc,false
PHSFellowshipSupplemental,[Draft] PHS Fellowship Supplemental Form,8.0,AdditionalInformation.CurrentPriorNRSASupport[].GrantNumber,PHS_Fellowship_Supplemental_8_0.AdditionalInformation.CurrentPriorNRSASupport.GrantNumber,Grant Number,question,concept:fellowship:nrsa-support:grant-number,concept:fellowship:nrsa-support:grant-number,question:sha256:c30ee02ab1d21debe45ab48d63ea60e2227dacf6b8741cc89640cbd7d48621bb,agent_proposed,,,semantic-domain-fellowship,string,normalized_source_type,string,https://apply07.grants.gov/apply/forms/schemas/PHS_Fellowship_Supplemental_8_0-V8.0.xsd,85f8e33df4641c56f3b6b96108690f89d214de8b5c864b1d6bd1e6bf8c7cc7bc,sha256:85f8e33df4641c56f3b6b96108690f89d214de8b5c864b1d6bd1e6bf8c7cc7bc,false
PHSFellowshipSupplemental,[Draft] PHS Fellowship Supplemental Form,8.0,AdditionalInformation.CurrentPriorNRSASupport[].Level,PHS_Fellowship_Supplemental_8_0.AdditionalInformation.CurrentPriorNRSASupport.Level,Level,question,concept:fellowship:nrsa-support:level,concept:fellowship:nrsa-support:level,question:sha256:b19086ed28d68d27905631cce14290ac774347a45a3b14d61e4b0c06e382c68a,agent_proposed,,,semantic-domain-fellowship,string,normalized_source_type,string,https://apply07.grants.gov/apply/forms/schemas/PHS_Fellowship_Supplemental_8_0-V8.0.xsd,85f8e33df4641c56f3b6b96108690f89d214de8b5c864b1d6bd1e6bf8c7cc7bc,sha256:85f8e33df4641c56f3b6b96108690f89d214de8b5c864b1d6bd1e6bf8c7cc7bc,false
PHSFellowshipSupplemental,[Draft] PHS Fellowship Supplemental Form,8.0,AdditionalInformation.CurrentPriorNRSASupport[].StartDate,PHS_Fellowship_Supplemental_8_0.AdditionalInformation.CurrentPriorNRSASupport.StartDate,Start Date,question,concept:fellowship:nrsa-support:start-date,concept:fellowship:nrsa-support:start-date,question:sha256:7694c10d28aaff0a32047743803bc242ec6b1340504a3f1f33a5e5b58c405ae2,agent_proposed,,,semantic-domain-fellowship,string,xsd_declared_type,xs:date,https://apply07.grants.gov/apply/forms/schemas/PHS_Fellowship_Supplemental_8_0-V8.0.xsd,85f8e33df4641c56f3b6b96108690f89d214de8b5c864b1d6bd1e6bf8c7cc7bc,sha256:85f8e33df4641c56f3b6b96108690f89d214de8b5c864b1d6bd1e6bf8c7cc7bc,false
PHSFellowshipSupplemental,[Draft] PHS Fellowship Supplemental Form,8.0,AdditionalInformation.CurrentPriorNRSASupport[].Type,PHS_Fellowship_Supplemental_8_0.AdditionalInformation.CurrentPriorNRSASupport.Type,Type,question,concept:fellowship:nrsa-support:type,concept:fellowship:nrsa-support:type,question:sha256:36429b779583e527aa73f0fcb7ab718457d181427cb873aad87a50698762e6d7,agent_proposed,,,semantic-domain-fellowship,string,normalized_source_type,string,https://apply07.grants.gov/apply/forms/schemas/PHS_Fellowship_Supplemental_8_0-V8.0.xsd,85f8e33df4641c56f3b6b96108690f89d214de8b5c864b1d6bd1e6bf8c7cc7bc,sha256:85f8e33df4641c56f3b6b96108690f89d214de8b5c864b1d6bd1e6bf8c7cc7bc,false
PHSFellowshipSupplemental,[Draft] PHS Fellowship Supplemental Form,8.0,AdditionalInformation.CurrentPriorNRSASupportIndicator,PHS_Fellowship_Supplemental_8_0.AdditionalInformation.CurrentPriorNRSASupportIndicator,Current Prior NRSASupport Indicator,question,concept:fellowship:nrsa-support:current-or-prior,concept:fellowship:nrsa-support:current-or-prior,question:sha256:e51e12437461e9640a690a9bba63aedca6b15a72c35a3d5fb1a95dedce415c16,agent_proposed,,,semantic-domain-fellowship,string,xsd_declared_type,globLib:YesNoDataType,https://apply07.grants.gov/apply/forms/schemas/PHS_Fellowship_Supplemental_8_0-V8.0.xsd,85f8e33df4641c56f3b6b96108690f89d214de8b5c864b1d6bd1e6bf8c7cc7bc,sha256:85f8e33df4641c56f3b6b96108690f89d214de8b5c864b1d6bd1e6bf8c7cc7bc,false
PHSFellowshipSupplemental,[Draft] PHS Fellowship Supplemental Form,8.0,AdditionalInformation.FieldOfTraining,PHS_Fellowship_Supplemental_8_0.AdditionalInformation.FieldOfTraining,Field Of Training,question,concept:role:fellowship-candidate:field-of-training,concept:role:fellowship-candidate:field-of-training,question:sha256:a71864ff4b9edd696cdef6073aaac1feaaceb1347639d757bddadfbcc051a3bb,agent_proposed,fellowship-candidate,,role-fellowship-candidate,string,xsd_declared_type,PHS_Fellowship_Supplemental_8_0:FieldOfTrainingDataType,https://apply07.grants.gov/apply/forms/schemas/PHS_Fellowship_Supplemental_8_0-V8.0.xsd,85f8e33df4641c56f3b6b96108690f89d214de8b5c864b1d6bd1e6bf8c7cc7bc,sha256:85f8e33df4641c56f3b6b96108690f89d214de8b5c864b1d6bd1e6bf8c7cc7bc,false
PHSFellowshipSupplemental,[Draft] PHS Fellowship Supplemental Form,8.0,AdditionalInformation.FormerInstitution,PHS_Fellowship_Supplemental_8_0.AdditionalInformation.FormerInstitution,Former Institution,question,concept:organization:former-recipient-name,concept:organization:former-recipient-name,question:sha256:a649121d739f45123b36ac4ac484c90b4b8fdd426ec7c07fbe8faf0e193e0b4f,agent_proposed,,,semantic-domain-organization,string,normalized_source_type,string,https://apply07.grants.gov/apply/forms/schemas/PHS_Fellowship_Supplemental_8_0-V8.0.xsd,85f8e33df4641c56f3b6b96108690f89d214de8b5c864b1d6bd1e6bf8c7cc7bc,sha256:85f8e33df4641c56f3b6b96108690f89d214de8b5c864b1d6bd1e6bf8c7cc7bc,false
PHSFellowshipSupplemental,[Draft] PHS Fellowship Supplemental Form,8.0,AdditionalInformation.GraduateDegreeSought,PHS_Fellowship_Supplemental_8_0.AdditionalInformation.GraduateDegreeSought,GraduateDegreeSought,technical_field,,source-question:question:sha256:be83269e634ecea3b46ee9381ef6d7ade469e36940c1edb007a49c77110f80e3,question:sha256:be83269e634ecea3b46ee9381ef6d7ade469e36940c1edb007a49c77110f80e3,agent_proposed,,,form-structure,object,normalized_source_type,FieldSet,https://apply07.grants.gov/apply/forms/schemas/PHS_Fellowship_Supplemental_8_0-V8.0.xsd,85f8e33df4641c56f3b6b96108690f89d214de8b5c864b1d6bd1e6bf8c7cc7bc,sha256:85f8e33df4641c56f3b6b96108690f89d214de8b5c864b1d6bd1e6bf8c7cc7bc,false
PHSFellowshipSupplemental,[Draft] PHS Fellowship Supplemental Form,8.0,AdditionalInformation.GraduateDegreeSought.DegreeDate,PHS_Fellowship_Supplemental_8_0.AdditionalInformation.GraduateDegreeSought.DegreeDate,Degree Date,question,concept:role:fellowship-candidate:degree-expected-date,concept:role:fellowship-candidate:degree-expected-date,question:sha256:3a17595f7b14a0615af7d48a0f1df2eb3b8649c480d06154fb2fe0a7a461388e,agent_proposed,fellowship-candidate,,role-fellowship-candidate,string,normalized_source_type,string,https://apply07.grants.gov/apply/forms/schemas/PHS_Fellowship_Supplemental_8_0-V8.0.xsd,85f8e33df4641c56f3b6b96108690f89d214de8b5c864b1d6bd1e6bf8c7cc7bc,sha256:85f8e33df4641c56f3b6b96108690f89d214de8b5c864b1d6bd1e6bf8c7cc7bc,false
PHSFellowshipSupplemental,[Draft] PHS Fellowship Supplemental Form,8.0,AdditionalInformation.GraduateDegreeSought.DegreeType,PHS_Fellowship_Supplemental_8_0.AdditionalInformation.GraduateDegreeSought.DegreeType,Degree Type,question,concept:role:fellowship-candidate:degree-type,concept:role:fellowship-candidate:degree-type,question:sha256:14ea5969360b2a84fda66fa8e9424130d047a31fec2614f7c00f47dd58c7730b,agent_proposed,fellowship-candidate,,role-fellowship-candidate,string,xsd_declared_type,PHS_Fellowship_Supplemental_8_0:DegreeTypeDataType,https://apply07.grants.gov/apply/forms/schemas/PHS_Fellowship_Supplemental_8_0-V8.0.xsd,85f8e33df4641c56f3b6b96108690f89d214de8b5c864b1d6bd1e6bf8c7cc7bc,sha256:85f8e33df4641c56f3b6b96108690f89d214de8b5c864b1d6bd1e6bf8c7cc7bc,false
PHSFellowshipSupplemental,[Draft] PHS Fellowship Supplemental Form,8.0,AdditionalInformation.GraduateDegreeSought.OtherDegreeTypeText,PHS_Fellowship_Supplemental_8_0.AdditionalInformation.GraduateDegreeSought.OtherDegreeTypeText,Other Degree Type Text,question,concept:role:fellowship-candidate:degree-type-other,concept:role:fellowship-candidate:degree-type-other,question:sha256:acbca33db654c26ed538fe1c2a4dab98da3c6826f897fd9a9075ec6dfec81921,agent_proposed,fellowship-candidate,,role-fellowship-candidate,string,normalized_source_type,string,https://apply07.grants.gov/apply/forms/schemas/PHS_Fellowship_Supplemental_8_0-V8.0.xsd,85f8e33df4641c56f3b6b96108690f89d214de8b5c864b1d6bd1e6bf8c7cc7bc,sha256:85f8e33df4641c56f3b6b96108690f89d214de8b5c864b1d6bd1e6bf8c7cc7bc,false
PHSFellowshipSupplemental,[Draft] PHS Fellowship Supplemental Form,8.0,AdditionalInformation.NonUSCitizen,PHS_Fellowship_Supplemental_8_0.AdditionalInformation.NonUSCitizen,Non USCitizen,question,concept:role:fellowship-candidate:non-us-citizen-status,concept:role:fellowship-candidate:non-us-citizen-status,question:sha256:4504c4048bba4cfa709c81093ad8f7c51e81bde7cb33686d012af5d1f4e057e2,agent_proposed,fellowship-candidate,,role-fellowship-candidate,string,xsd_declared_type,PHS_Fellowship_Supplemental_8_0:NonUSCitizenDataType,https://apply07.grants.gov/apply/forms/schemas/PHS_Fellowship_Supplemental_8_0-V8.0.xsd,85f8e33df4641c56f3b6b96108690f89d214de8b5c864b1d6bd1e6bf8c7cc7bc,sha256:85f8e33df4641c56f3b6b96108690f89d214de8b5c864b1d6bd1e6bf8c7cc7bc,false
PHSFellowshipSupplemental,[Draft] PHS Fellowship Supplemental Form,8.0,AdditionalInformation.PermanentResidentByAwardIndicator,PHS_Fellowship_Supplemental_8_0.AdditionalInformation.PermanentResidentByAwardIndicator,Permanent Resident By Award Indicator,question,concept:role:fellowship-candidate:permanent-resident-by-award,concept:role:fellowship-candidate:permanent-resident-by-award,question:sha256:7efc5afd0ab5d8b87e2d65aa4f72de02cd4bdefbf2b5b2247f96c78466cf8c5d,agent_proposed,fellowship-candidate,,role-fellowship-candidate,string,xsd_declared_type,globLib:YesNoDataType,https://apply07.grants.gov/apply/forms/schemas/PHS_Fellowship_Supplemental_8_0-V8.0.xsd,85f8e33df4641c56f3b6b96108690f89d214de8b5c864b1d6bd1e6bf8c7cc7bc,sha256:85f8e33df4641c56f3b6b96108690f89d214de8b5c864b1d6bd1e6bf8c7cc7bc,false
PHSFellowshipSupplemental,[Draft] PHS Fellowship Supplemental Form,8.0,AdditionalInformation.StemCells,PHS_Fellowship_Supplemental_8_0.AdditionalInformation.StemCells,StemCells,technical_field,,source-question:question:sha256:87909548b976e64ea579d58254cbe60fbc09ca75587f0f76596ce00c97bf5671,question:sha256:87909548b976e64ea579d58254cbe60fbc09ca75587f0f76596ce00c97bf5671,agent_proposed,,,form-structure,object,normalized_source_type,FieldSet,https://apply07.grants.gov/apply/forms/schemas/PHS_Fellowship_Supplemental_8_0-V8.0.xsd,85f8e33df4641c56f3b6b96108690f89d214de8b5c864b1d6bd1e6bf8c7cc7bc,sha256:85f8e33df4641c56f3b6b96108690f89d214de8b5c864b1d6bd1e6bf8c7cc7bc,false
PHSFellowshipSupplemental,[Draft] PHS Fellowship Supplemental Form,8.0,AdditionalInformation.StemCells.CellLines,PHS_Fellowship_Supplemental_8_0.AdditionalInformation.StemCells.CellLines,CellLines,question,concept:hhs-research-policy:stem-cell-line,concept:hhs-research-policy:stem-cell-line,question:sha256:ebab59a3244d812f652567012c26bbd7e8f77c7bb8bec365fdee2c42ab0c3f05,agent_proposed,,,semantic-domain-hhs-research-policy,array,normalized_source_type,string,https://apply07.grants.gov/apply/forms/schemas/PHS_Fellowship_Supplemental_8_0-V8.0.xsd,85f8e33df4641c56f3b6b96108690f89d214de8b5c864b1d6bd1e6bf8c7cc7bc,sha256:85f8e33df4641c56f3b6b96108690f89d214de8b5c864b1d6bd1e6bf8c7cc7bc,false
PHSFellowshipSupplemental,[Draft] PHS Fellowship Supplemental Form,8.0,AdditionalInformation.StemCells.StemCellsIndicator,PHS_Fellowship_Supplemental_8_0.AdditionalInformation.StemCells.StemCellsIndicator,Stem Cells Indicator,question,concept:hhs-research-policy:stem-cell-line-not-yet-known,concept:hhs-research-policy:stem-cell-line-not-yet-known,question:sha256:8858eee7b53e9b3c6eceb8681a13e073105410d7425ff5b0370b3abbf26792fd,agent_proposed,,,semantic-domain-hhs-research-policy,string,xsd_declared_type,globLib:YesNoDataType,https://apply07.grants.gov/apply/forms/schemas/PHS_Fellowship_Supplemental_8_0-V8.0.xsd,85f8e33df4641c56f3b6b96108690f89d214de8b5c864b1d6bd1e6bf8c7cc7bc,sha256:85f8e33df4641c56f3b6b96108690f89d214de8b5c864b1d6bd1e6bf8c7cc7bc,false
PHSFellowshipSupplemental,[Draft] PHS Fellowship Supplemental Form,8.0,AdditionalInformation.StemCells.isHumanStemCellsInvolved,PHS_Fellowship_Supplemental_8_0.AdditionalInformation.StemCells.isHumanStemCellsInvolved,is Human Stem Cells Involved,question,concept:hhs-research-policy:human-embryonic-stem-cells-involved,concept:hhs-research-policy:human-embryonic-stem-cells-involved,question:sha256:a9a9540dd96c77797e8e74e77c8ebac286ec1f0658076b6976a72b7fc26c06dd,agent_proposed,,,semantic-domain-hhs-research-policy,string,xsd_declared_type,globLib:YesNoDataType,https://apply07.grants.gov/apply/forms/schemas/PHS_Fellowship_Supplemental_8_0-V8.0.xsd,85f8e33df4641c56f3b6b96108690f89d214de8b5c864b1d6bd1e6bf8c7cc7bc,sha256:85f8e33df4641c56f3b6b96108690f89d214de8b5c864b1d6bd1e6bf8c7cc7bc,false
PHSFellowshipSupplemental,[Draft] PHS Fellowship Supplemental Form,8.0,AdditionalInformation.USCitizen,PHS_Fellowship_Supplemental_8_0.AdditionalInformation.USCitizen,USCitizen,question,concept:role:fellowship-candidate:us-citizen,concept:role:fellowship-candidate:us-citizen,question:sha256:b801a11c19b404d15812b7c893aba2810d125fd8ac6bbf98ee65158ed0cdf876,agent_proposed,fellowship-candidate,,role-fellowship-candidate,string,xsd_declared_type,globLib:YesNoDataType,https://apply07.grants.gov/apply/forms/schemas/PHS_Fellowship_Supplemental_8_0-V8.0.xsd,85f8e33df4641c56f3b6b96108690f89d214de8b5c864b1d6bd1e6bf8c7cc7bc,sha256:85f8e33df4641c56f3b6b96108690f89d214de8b5c864b1d6bd1e6bf8c7cc7bc,false
PHSFellowshipSupplemental,[Draft] PHS Fellowship Supplemental Form,8.0,Appendix,PHS_Fellowship_Supplemental_8_0.Appendix,Appendix,attachment,,concept:attachment:research-plan:appendix,question:sha256:597dab68b0857ab078127118b79937ec56c32c0f69492fc83d496a984c62201a,agent_proposed,,,semantic-domain-attachment,array,xsd_declared_type,att:AttachmentGroupMin0Max100DataType,https://apply07.grants.gov/apply/forms/schemas/PHS_Fellowship_Supplemental_8_0-V8.0.xsd,85f8e33df4641c56f3b6b96108690f89d214de8b5c864b1d6bd1e6bf8c7cc7bc,sha256:85f8e33df4641c56f3b6b96108690f89d214de8b5c864b1d6bd1e6bf8c7cc7bc,false
PHSFellowshipSupplemental,[Draft] PHS Fellowship Supplemental Form,8.0,,PHS_Fellowship_Supplemental_8_0.Appendix.AttachedFile,PHSFellowshipSupplemental,technical_field,,source-question:question:sha256:e28f81b5ee2503d56c40d3065942d6032819ed041e35d8081f46d9bd9d026162,question:sha256:e28f81b5ee2503d56c40d3065942d6032819ed041e35d8081f46d9bd9d026162,agent_proposed,,,technical-metadata,object,xsd_declared_type,att:AttachedFileDataType,https://apply07.grants.gov/apply/system/schemas/Attachments-V1.0.xsd,85f8e33df4641c56f3b6b96108690f89d214de8b5c864b1d6bd1e6bf8c7cc7bc,sha256:85f8e33df4641c56f3b6b96108690f89d214de8b5c864b1d6bd1e6bf8c7cc7bc,false
PHSFellowshipSupplemental,[Draft] PHS Fellowship Supplemental Form,8.0,,PHS_Fellowship_Supplemental_8_0.Appendix.AttachedFile.FileLocation,PHSFellowshipSupplemental,technical_field,,source-question:question:sha256:4e800fef3a740e58a31e4d5a65e353512cce8f20ad1e85a331db51fd9c5c14a8,question:sha256:4e800fef3a740e58a31e4d5a65e353512cce8f20ad1e85a331db51fd9c5c14a8,agent_proposed,,,technical-metadata,object,normalized_source_type,,https://apply07.grants.gov/apply/system/schemas/Attachments-V1.0.xsd,85f8e33df4641c56f3b6b96108690f89d214de8b5c864b1d6bd1e6bf8c7cc7bc,sha256:85f8e33df4641c56f3b6b96108690f89d214de8b5c864b1d6bd1e6bf8c7cc7bc,false
PHSFellowshipSupplemental,[Draft] PHS Fellowship Supplemental Form,8.0,,PHS_Fellowship_Supplemental_8_0.Appendix.AttachedFile.FileName,PHSFellowshipSupplemental,technical_field,,source-question:question:sha256:5a4b0386495be253d444c7d9a59063f7af2c987d897a2eb6a06a156b9ca767da,question:sha256:5a4b0386495be253d444c7d9a59063f7af2c987d897a2eb6a06a156b9ca767da,agent_proposed,,,technical-metadata,object,xsd_declared_type,glob:StringMin1Max255Type,https://apply07.grants.gov/apply/system/schemas/Attachments-V1.0.xsd,85f8e33df4641c56f3b6b96108690f89d214de8b5c864b1d6bd1e6bf8c7cc7bc,sha256:85f8e33df4641c56f3b6b96108690f89d214de8b5c864b1d6bd1e6bf8c7cc7bc,false
PHSFellowshipSupplemental,[Draft] PHS Fellowship Supplemental Form,8.0,,PHS_Fellowship_Supplemental_8_0.Appendix.AttachedFile.HashValue,PHSFellowshipSupplemental,technical_field,,source-question:question:sha256:dd39ac5f4e662dd7b680d57f18ec103d301df93904d2c3a2fa6980bc38ee928e,question:sha256:dd39ac5f4e662dd7b680d57f18ec103d301df93904d2c3a2fa6980bc38ee928e,agent_proposed,,,technical-metadata,object,normalized_source_type,base64Binary,https://apply07.grants.gov/apply/system/schemas/Global-V1.0.xsd,85f8e33df4641c56f3b6b96108690f89d214de8b5c864b1d6bd1e6bf8c7cc7bc,sha256:85f8e33df4641c56f3b6b96108690f89d214de8b5c864b1d6bd1e6bf8c7cc7bc,false
PHSFellowshipSupplemental,[Draft] PHS Fellowship Supplemental Form,8.0,,PHS_Fellowship_Supplemental_8_0.Appendix.AttachedFile.MimeType,PHSFellowshipSupplemental,technical_field,,source-question:question:sha256:623f8f3a586807bead3ed3340683d802a40f372479187906b00756c1da88ee7f,question:sha256:623f8f3a586807bead3ed3340683d802a40f372479187906b00756c1da88ee7f,agent_proposed,,,technical-metadata,object,xsd_declared_type,glob:StringMin1Max255Type,https://apply07.grants.gov/apply/system/schemas/Attachments-V1.0.xsd,85f8e33df4641c56f3b6b96108690f89d214de8b5c864b1d6bd1e6bf8c7cc7bc,sha256:85f8e33df4641c56f3b6b96108690f89d214de8b5c864b1d6bd1e6bf8c7cc7bc,false
PHSFellowshipSupplemental,[Draft] PHS Fellowship Supplemental Form,8.0,Budget,PHS_Fellowship_Supplemental_8_0.Budget,Budget,technical_field,,source-question:question:sha256:71437e5036fd0dd510dfbc5b750d51c5f1d0ea5f1eb26ac19f9ec3a1e5a95ceb,question:sha256:71437e5036fd0dd510dfbc5b750d51c5f1d0ea5f1eb26ac19f9ec3a1e5a95ceb,agent_proposed,,,form-structure,object,normalized_source_type,FieldSet,https://apply07.grants.gov/apply/forms/schemas/PHS_Fellowship_Supplemental_8_0-V8.0.xsd,85f8e33df4641c56f3b6b96108690f89d214de8b5c864b1d6bd1e6bf8c7cc7bc,sha256:85f8e33df4641c56f3b6b96108690f89d214de8b5c864b1d6bd1e6bf8c7cc7bc,false
PHSFellowshipSupplemental,[Draft] PHS Fellowship Supplemental Form,8.0,Budget.ChildcareCostsRequested,PHS_Fellowship_Supplemental_8_0.Budget.ChildcareCostsRequested,Childcare Costs Requested,question,concept:fellowship-budget:childcare-costs-requested,concept:fellowship-budget:childcare-costs-requested,question:sha256:4e8f486a7f9b75a044327ab02c5071255e72a63f5b69acfe506fd209888cd3b5,agent_proposed,,,semantic-domain-fellowship-budget,string,xsd_declared_type,globLib:YesNoDataType,https://apply07.grants.gov/apply/forms/schemas/PHS_Fellowship_Supplemental_8_0-V8.0.xsd,85f8e33df4641c56f3b6b96108690f89d214de8b5c864b1d6bd1e6bf8c7cc7bc,sha256:85f8e33df4641c56f3b6b96108690f89d214de8b5c864b1d6bd1e6bf8c7cc7bc,false
PHSFellowshipSupplemental,[Draft] PHS Fellowship Supplemental Form,8.0,Budget.ChildcareRequestedTotal,PHS_Fellowship_Supplemental_8_0.Budget.ChildcareRequestedTotal,Childcare Requested Total,calculation,,concept:fellowship-budget:childcare-requested-total,question:sha256:ec7540e9ea7dad9627781f584ba8de8a24d39461bdaeffc55fde5a652c47caba,agent_proposed,,,semantic-domain-fellowship-budget,string,xsd_declared_type,globLib:BudgetTotalAmountDataType,https://apply07.grants.gov/apply/forms/schemas/PHS_Fellowship_Supplemental_8_0-V8.0.xsd,85f8e33df4641c56f3b6b96108690f89d214de8b5c864b1d6bd1e6bf8c7cc7bc,sha256:85f8e33df4641c56f3b6b96108690f89d214de8b5c864b1d6bd1e6bf8c7cc7bc,false
PHSFellowshipSupplemental,[Draft] PHS Fellowship Supplemental Form,8.0,Budget.ChildcareRequestedYear1,PHS_Fellowship_Supplemental_8_0.Budget.ChildcareRequestedYear1,Childcare Requested Year1,question,concept:fellowship-budget:childcare-requested-by-year,concept:fellowship-budget:childcare-requested-by-year,question:sha256:90572db50db98269f250101b550d845e3e0806ed4c2d46007051fae806203985,agent_proposed,,,semantic-domain-fellowship-budget,string,xsd_declared_type,globLib:BudgetAmountDataType,https://apply07.grants.gov/apply/forms/schemas/PHS_Fellowship_Supplemental_8_0-V8.0.xsd,85f8e33df4641c56f3b6b96108690f89d214de8b5c864b1d6bd1e6bf8c7cc7bc,sha256:85f8e33df4641c56f3b6b96108690f89d214de8b5c864b1d6bd1e6bf8c7cc7bc,false
PHSFellowshipSupplemental,[Draft] PHS Fellowship Supplemental Form,8.0,Budget.ChildcareRequestedYear2,PHS_Fellowship_Supplemental_8_0.Budget.ChildcareRequestedYear2,Childcare Requested Year2,question,concept:fellowship-budget:childcare-requested-by-year,concept:fellowship-budget:childcare-requested-by-year,question:sha256:0576e3f63b9eb198e3170db5075322c8702071236a391ac6b8d03a22a4640631,agent_proposed,,,semantic-domain-fellowship-budget,string,xsd_declared_type,globLib:BudgetAmountDataType,https://apply07.grants.gov/apply/forms/schemas/PHS_Fellowship_Supplemental_8_0-V8.0.xsd,85f8e33df4641c56f3b6b96108690f89d214de8b5c864b1d6bd1e6bf8c7cc7bc,sha256:85f8e33df4641c56f3b6b96108690f89d214de8b5c864b1d6bd1e6bf8c7cc7bc,false
PHSFellowshipSupplemental,[Draft] PHS Fellowship Supplemental Form,8.0,Budget.ChildcareRequestedYear3,PHS_Fellowship_Supplemental_8_0.Budget.ChildcareRequestedYear3,Childcare Requested Year3,question,concept:fellowship-budget:childcare-requested-by-year,concept:fellowship-budget:childcare-requested-by-year,question:sha256:b12bad85b836a0179d24cae250313a6672b82a20f8076014c903209c22c36b7c,agent_proposed,,,semantic-domain-fellowship-budget,string,xsd_declared_type,globLib:BudgetAmountDataType,https://apply07.grants.gov/apply/forms/schemas/PHS_Fellowship_Supplemental_8_0-V8.0.xsd,85f8e33df4641c56f3b6b96108690f89d214de8b5c864b1d6bd1e6bf8c7cc7bc,sha256:85f8e33df4641c56f3b6b96108690f89d214de8b5c864b1d6bd1e6bf8c7cc7bc,false
PHSFellowshipSupplemental,[Draft] PHS Fellowship Supplemental Form,8.0,Budget.ChildcareRequestedYear4,PHS_Fellowship_Supplemental_8_0.Budget.ChildcareRequestedYear4,Childcare Requested Year4,question,concept:fellowship-budget:childcare-requested-by-year,concept:fellowship-budget:childcare-requested-by-year,question:sha256:fdd2562a9bcc5e70d5b8de514feafd081f49fc54af66dffef4a975d627159754,agent_proposed,,,semantic-domain-fellowship-budget,string,xsd_declared_type,globLib:BudgetAmountDataType,https://apply07.grants.gov/apply/forms/schemas/PHS_Fellowship_Supplemental_8_0-V8.0.xsd,85f8e33df4641c56f3b6b96108690f89d214de8b5c864b1d6bd1e6bf8c7cc7bc,sha256:85f8e33df4641c56f3b6b96108690f89d214de8b5c864b1d6bd1e6bf8c7cc7bc,false
PHSFellowshipSupplemental,[Draft] PHS Fellowship Supplemental Form,8.0,Budget.ChildcareRequestedYear5,PHS_Fellowship_Supplemental_8_0.Budget.ChildcareRequestedYear5,Childcare Requested Year5,question,concept:fellowship-budget:childcare-requested-by-year,concept:fellowship-budget:childcare-requested-by-year,question:sha256:452bdfb66b45898c9f7ec40a97949f70705281a3b0eeb6c93016aa5620bb39b1,agent_proposed,,,semantic-domain-fellowship-budget,string,xsd_declared_type,globLib:BudgetAmountDataType,https://apply07.grants.gov/apply/forms/schemas/PHS_Fellowship_Supplemental_8_0-V8.0.xsd,85f8e33df4641c56f3b6b96108690f89d214de8b5c864b1d6bd1e6bf8c7cc7bc,sha256:85f8e33df4641c56f3b6b96108690f89d214de8b5c864b1d6bd1e6bf8c7cc7bc,false
PHSFellowshipSupplemental,[Draft] PHS Fellowship Supplemental Form,8.0,Budget.ChildcareRequestedYear6,PHS_Fellowship_Supplemental_8_0.Budget.ChildcareRequestedYear6,Childcare Requested Year6,question,concept:fellowship-budget:childcare-requested-by-year,concept:fellowship-budget:childcare-requested-by-year,question:sha256:748fc89cf7ffc858671f4dc47b9300c38eb01de76aadf53e5c59ca000167bd07,agent_proposed,,,semantic-domain-fellowship-budget,string,xsd_declared_type,globLib:BudgetAmountDataType,https://apply07.grants.gov/apply/forms/schemas/PHS_Fellowship_Supplemental_8_0-V8.0.xsd,85f8e33df4641c56f3b6b96108690f89d214de8b5c864b1d6bd1e6bf8c7cc7bc,sha256:85f8e33df4641c56f3b6b96108690f89d214de8b5c864b1d6bd1e6bf8c7cc7bc,false
PHSFellowshipSupplemental,[Draft] PHS Fellowship Supplemental Form,8.0,Budget.FederalStipendRequested,PHS_Fellowship_Supplemental_8_0.Budget.FederalStipendRequested,FederalStipendRequested,technical_field,,source-question:question:sha256:7eb513ed8a5a2312007f3af168a96b5550cdc68d36bd95b874faa3aa9962a9f8,question:sha256:7eb513ed8a5a2312007f3af168a96b5550cdc68d36bd95b874faa3aa9962a9f8,agent_proposed,,,form-structure,object,normalized_source_type,FieldSet,https://apply07.grants.gov/apply/forms/schemas/PHS_Fellowship_Supplemental_8_0-V8.0.xsd,85f8e33df4641c56f3b6b96108690f89d214de8b5c864b1d6bd1e6bf8c7cc7bc,sha256:85f8e33df4641c56f3b6b96108690f89d214de8b5c864b1d6bd1e6bf8c7cc7bc,false
PHSFellowshipSupplemental,[Draft] PHS Fellowship Supplemental Form,8.0,Budget.FederalStipendRequested.Amount,PHS_Fellowship_Supplemental_8_0.Budget.FederalStipendRequested.Amount,Amount,question,concept:budget:trainee:stipends,concept:budget:trainee:stipends,question:sha256:e422e781a3078cc812276f3154d00be3538457238c5055967ca7ec3239463a65,agent_proposed,,,semantic-domain-budget,number,xsd_declared_type,globLib:BudgetAmountDataType,https://apply07.grants.gov/apply/forms/schemas/PHS_Fellowship_Supplemental_8_0-V8.0.xsd,85f8e33df4641c56f3b6b96108690f89d214de8b5c864b1d6bd1e6bf8c7cc7bc,sha256:85f8e33df4641c56f3b6b96108690f89d214de8b5c864b1d6bd1e6bf8c7cc7bc,false
PHSFellowshipSupplemental,[Draft] PHS Fellowship Supplemental Form,8.0,Budget.FederalStipendRequested.NumberOfMonths,PHS_Fellowship_Supplemental_8_0.Budget.FederalStipendRequested.NumberOfMonths,Number Of Months,question,concept:fellowship-budget:federal-stipend-months,concept:fellowship-budget:federal-stipend-months,question:sha256:26dbd8aedff058e406f4eee5f4efc27431c4be4cbc196eea0bf472f63e179044,agent_proposed,,,semantic-domain-fellowship-budget,number,normalized_source_type,decimal,https://apply07.grants.gov/apply/forms/schemas/PHS_Fellowship_Supplemental_8_0-V8.0.xsd,85f8e33df4641c56f3b6b96108690f89d214de8b5c864b1d6bd1e6bf8c7cc7bc,sha256:85f8e33df4641c56f3b6b96108690f89d214de8b5c864b1d6bd1e6bf8c7cc7bc,false
PHSFellowshipSupplemental,[Draft] PHS Fellowship Supplemental Form,8.0,Budget.InstitutionalBaseSalary,PHS_Fellowship_Supplemental_8_0.Budget.InstitutionalBaseSalary,InstitutionalBaseSalary,technical_field,,source-question:question:sha256:86561aa5c04afa31db7e174d894b84a73b5fa9819da713b9accb1a6096dd563a,question:sha256:86561aa5c04afa31db7e174d894b84a73b5fa9819da713b9accb1a6096dd563a,agent_proposed,,,form-structure,object,normalized_source_type,FieldSet,https://apply07.grants.gov/apply/forms/schemas/PHS_Fellowship_Supplemental_8_0-V8.0.xsd,85f8e33df4641c56f3b6b96108690f89d214de8b5c864b1d6bd1e6bf8c7cc7bc,sha256:85f8e33df4641c56f3b6b96108690f89d214de8b5c864b1d6bd1e6bf8c7cc7bc,false
PHSFellowshipSupplemental,[Draft] PHS Fellowship Supplemental Form,8.0,Budget.InstitutionalBaseSalary.AcademicPeriod,PHS_Fellowship_Supplemental_8_0.Budget.InstitutionalBaseSalary.AcademicPeriod,Academic Period,question,concept:fellowship-budget:institutional-base-salary-period,concept:fellowship-budget:institutional-base-salary-period,question:sha256:b0f997ecb040bbd6b3f39c71bd0aa1076228ba86887b0708642bc0a96a27b760,agent_proposed,,,semantic-domain-fellowship-budget,string,normalized_source_type,string,https://apply07.grants.gov/apply/forms/schemas/PHS_Fellowship_Supplemental_8_0-V8.0.xsd,85f8e33df4641c56f3b6b96108690f89d214de8b5c864b1d6bd1e6bf8c7cc7bc,sha256:85f8e33df4641c56f3b6b96108690f89d214de8b5c864b1d6bd1e6bf8c7cc7bc,false
PHSFellowshipSupplemental,[Draft] PHS Fellowship Supplemental Form,8.0,Budget.InstitutionalBaseSalary.Amount,PHS_Fellowship_Supplemental_8_0.Budget.InstitutionalBaseSalary.Amount,Amount,question,concept:budget:personnel:base-salary,concept:budget:personnel:base-salary,question:sha256:69f0310ac356d38032fd2d37edbeac06fbc2b8cf0b91afeb893703f8656af32b,agent_proposed,,,semantic-domain-budget,number,xsd_declared_type,globLib:BudgetAmountDataType,https://apply07.grants.gov/apply/forms/schemas/PHS_Fellowship_Supplemental_8_0-V8.0.xsd,85f8e33df4641c56f3b6b96108690f89d214de8b5c864b1d6bd1e6bf8c7cc7bc,sha256:85f8e33df4641c56f3b6b96108690f89d214de8b5c864b1d6bd1e6bf8c7cc7bc,false
PHSFellowshipSupplemental,[Draft] PHS Fellowship Supplemental Form,8.0,Budget.InstitutionalBaseSalary.NumberOfMonths,PHS_Fellowship_Supplemental_8_0.Budget.InstitutionalBaseSalary.NumberOfMonths,Number Of Months,question,concept:fellowship-budget:institutional-base-salary-months,concept:fellowship-budget:institutional-base-salary-months,question:sha256:600054d5d0701896959a800a2fd93a989f32a4143b59a8461ae8f0384f0de6f0,agent_proposed,,,semantic-domain-fellowship-budget,number,normalized_source_type,decimal,https://apply07.grants.gov/apply/forms/schemas/PHS_Fellowship_Supplemental_8_0-V8.0.xsd,85f8e33df4641c56f3b6b96108690f89d214de8b5c864b1d6bd1e6bf8c7cc7bc,sha256:85f8e33df4641c56f3b6b96108690f89d214de8b5c864b1d6bd1e6bf8c7cc7bc,false
PHSFellowshipSupplemental,[Draft] PHS Fellowship Supplemental Form,8.0,Budget.SupplementationFromOtherSources,PHS_Fellowship_Supplemental_8_0.Budget.SupplementationFromOtherSources,SupplementationFromOtherSources,technical_field,,source-question:question:sha256:03cbf545b760456a33df53d79855837acbe789f9745de029e02abddd2f77671c,question:sha256:03cbf545b760456a33df53d79855837acbe789f9745de029e02abddd2f77671c,agent_proposed,,,form-structure,object,normalized_source_type,FieldSet,https://apply07.grants.gov/apply/forms/schemas/PHS_Fellowship_Supplemental_8_0-V8.0.xsd,85f8e33df4641c56f3b6b96108690f89d214de8b5c864b1d6bd1e6bf8c7cc7bc,sha256:85f8e33df4641c56f3b6b96108690f89d214de8b5c864b1d6bd1e6bf8c7cc7bc,false
PHSFellowshipSupplemental,[Draft] PHS Fellowship Supplemental Form,8.0,Budget.SupplementationFromOtherSources.Amount,PHS_Fellowship_Supplemental_8_0.Budget.SupplementationFromOtherSources.Amount,Amount,question,concept:fellowship-budget:supplementation-amount,concept:fellowship-budget:supplementation-amount,question:sha256:aa860dc6a26a15f18a8183d604e4b5da392b20f4bc757225f477c8511c299d2a,agent_proposed,,,semantic-domain-fellowship-budget,number,xsd_declared_type,globLib:BudgetAmountDataType,https://apply07.grants.gov/apply/forms/schemas/PHS_Fellowship_Supplemental_8_0-V8.0.xsd,85f8e33df4641c56f3b6b96108690f89d214de8b5c864b1d6bd1e6bf8c7cc7bc,sha256:85f8e33df4641c56f3b6b96108690f89d214de8b5c864b1d6bd1e6bf8c7cc7bc,false
PHSFellowshipSupplemental,[Draft] PHS Fellowship Supplemental Form,8.0,Budget.SupplementationFromOtherSources.NumberOfMonths,PHS_Fellowship_Supplemental_8_0.Budget.SupplementationFromOtherSources.NumberOfMonths,Number Of Months,question,concept:fellowship-budget:supplementation-months,concept:fellowship-budget:supplementation-months,question:sha256:535e8e572423748906028a063794151430cbecc6381c45c705b1c081858fed88,agent_proposed,,,semantic-domain-fellowship-budget,number,normalized_source_type,decimal,https://apply07.grants.gov/apply/forms/schemas/PHS_Fellowship_Supplemental_8_0-V8.0.xsd,85f8e33df4641c56f3b6b96108690f89d214de8b5c864b1d6bd1e6bf8c7cc7bc,sha256:85f8e33df4641c56f3b6b96108690f89d214de8b5c864b1d6bd1e6bf8c7cc7bc,false
PHSFellowshipSupplemental,[Draft] PHS Fellowship Supplemental Form,8.0,Budget.SupplementationFromOtherSources.Source,PHS_Fellowship_Supplemental_8_0.Budget.SupplementationFromOtherSources.Source,Source,question,concept:fellowship-budget:supplementation-source,concept:fellowship-budget:supplementation-source,question:sha256:676f1703dbdedf5d0c0b59f23646e2791c5f66ede1ac749da8f430d3beeb899d,agent_proposed,,,semantic-domain-fellowship-budget,string,normalized_source_type,string,https://apply07.grants.gov/apply/forms/schemas/PHS_Fellowship_Supplemental_8_0-V8.0.xsd,85f8e33df4641c56f3b6b96108690f89d214de8b5c864b1d6bd1e6bf8c7cc7bc,sha256:85f8e33df4641c56f3b6b96108690f89d214de8b5c864b1d6bd1e6bf8c7cc7bc,false
PHSFellowshipSupplemental,[Draft] PHS Fellowship Supplemental Form,8.0,Budget.SupplementationFromOtherSources.Type,PHS_Fellowship_Supplemental_8_0.Budget.SupplementationFromOtherSources.Type,Type,question,concept:fellowship-budget:supplementation-type,concept:fellowship-budget:supplementation-type,question:sha256:128a8b2d9dc397ded56a6ceb3c6274da8810fc8ef830280516d125fb849ffbe6,agent_proposed,,,semantic-domain-fellowship-budget,string,normalized_source_type,string,https://apply07.grants.gov/apply/forms/schemas/PHS_Fellowship_Supplemental_8_0-V8.0.xsd,85f8e33df4641c56f3b6b96108690f89d214de8b5c864b1d6bd1e6bf8c7cc7bc,sha256:85f8e33df4641c56f3b6b96108690f89d214de8b5c864b1d6bd1e6bf8c7cc7bc,false
PHSFellowshipSupplemental,[Draft] PHS Fellowship Supplemental Form,8.0,Budget.TuitionAndFeesRequested,PHS_Fellowship_Supplemental_8_0.Budget.TuitionAndFeesRequested,Tuition And Fees Requested,question,concept:fellowship-budget:tuition-fees-requested,concept:fellowship-budget:tuition-fees-requested,question:sha256:358e703a40c6bc40100a80d99535896c323374de63c831b1441207a0323610c2,agent_proposed,,,semantic-domain-fellowship-budget,string,xsd_declared_type,globLib:YesNoDataType,https://apply07.grants.gov/apply/forms/schemas/PHS_Fellowship_Supplemental_8_0-V8.0.xsd,85f8e33df4641c56f3b6b96108690f89d214de8b5c864b1d6bd1e6bf8c7cc7bc,sha256:85f8e33df4641c56f3b6b96108690f89d214de8b5c864b1d6bd1e6bf8c7cc7bc,false
PHSFellowshipSupplemental,[Draft] PHS Fellowship Supplemental Form,8.0,Budget.TuitionRequestedTotal,PHS_Fellowship_Supplemental_8_0.Budget.TuitionRequestedTotal,Tuition Requested Total,calculation,,concept:fellowship-budget:tuition-requested-total,question:sha256:6e33fdc345f2f820cd49a77485b7cefc55530cc4d5f762351791cab8f49282d1,agent_proposed,,,semantic-domain-fellowship-budget,string,xsd_declared_type,globLib:BudgetTotalAmountDataType,https://apply07.grants.gov/apply/forms/schemas/PHS_Fellowship_Supplemental_8_0-V8.0.xsd,85f8e33df4641c56f3b6b96108690f89d214de8b5c864b1d6bd1e6bf8c7cc7bc,sha256:85f8e33df4641c56f3b6b96108690f89d214de8b5c864b1d6bd1e6bf8c7cc7bc,false
PHSFellowshipSupplemental,[Draft] PHS Fellowship Supplemental Form,8.0,Budget.TuitionRequestedYear1,PHS_Fellowship_Supplemental_8_0.Budget.TuitionRequestedYear1,Tuition Requested Year1,question,concept:budget:trainee:tuition-fees-insurance,concept:budget:trainee:tuition-fees-insurance,question:sha256:c1283d409a5267f9f9f466a2275450bde09012da0c1de6329b9bfd1f931a9400,agent_proposed,,,semantic-domain-budget,string,xsd_declared_type,globLib:BudgetAmountDataType,https://apply07.grants.gov/apply/forms/schemas/PHS_Fellowship_Supplemental_8_0-V8.0.xsd,85f8e33df4641c56f3b6b96108690f89d214de8b5c864b1d6bd1e6bf8c7cc7bc,sha256:85f8e33df4641c56f3b6b96108690f89d214de8b5c864b1d6bd1e6bf8c7cc7bc,false
PHSFellowshipSupplemental,[Draft] PHS Fellowship Supplemental Form,8.0,Budget.TuitionRequestedYear2,PHS_Fellowship_Supplemental_8_0.Budget.TuitionRequestedYear2,Tuition Requested Year2,question,concept:budget:trainee:tuition-fees-insurance,concept:budget:trainee:tuition-fees-insurance,question:sha256:4e8675ffc68d5d1d36b41e36d68b3d4138410795dc6d8441d425ce8ccdbc7230,agent_proposed,,,semantic-domain-budget,string,xsd_declared_type,globLib:BudgetAmountDataType,https://apply07.grants.gov/apply/forms/schemas/PHS_Fellowship_Supplemental_8_0-V8.0.xsd,85f8e33df4641c56f3b6b96108690f89d214de8b5c864b1d6bd1e6bf8c7cc7bc,sha256:85f8e33df4641c56f3b6b96108690f89d214de8b5c864b1d6bd1e6bf8c7cc7bc,false
PHSFellowshipSupplemental,[Draft] PHS Fellowship Supplemental Form,8.0,Budget.TuitionRequestedYear3,PHS_Fellowship_Supplemental_8_0.Budget.TuitionRequestedYear3,Tuition Requested Year3,question,concept:budget:trainee:tuition-fees-insurance,concept:budget:trainee:tuition-fees-insurance,question:sha256:7af8b62c5206510dd3207c76bebb22858651aca1c9e270005488974832a4addd,agent_proposed,,,semantic-domain-budget,string,xsd_declared_type,globLib:BudgetAmountDataType,https://apply07.grants.gov/apply/forms/schemas/PHS_Fellowship_Supplemental_8_0-V8.0.xsd,85f8e33df4641c56f3b6b96108690f89d214de8b5c864b1d6bd1e6bf8c7cc7bc,sha256:85f8e33df4641c56f3b6b96108690f89d214de8b5c864b1d6bd1e6bf8c7cc7bc,false
PHSFellowshipSupplemental,[Draft] PHS Fellowship Supplemental Form,8.0,Budget.TuitionRequestedYear4,PHS_Fellowship_Supplemental_8_0.Budget.TuitionRequestedYear4,Tuition Requested Year4,question,concept:budget:trainee:tuition-fees-insurance,concept:budget:trainee:tuition-fees-insurance,question:sha256:cf912cfd194f5c687d85511b2d8b16282749de34d31d171529c13f654b0f5e58,agent_proposed,,,semantic-domain-budget,string,xsd_declared_type,globLib:BudgetAmountDataType,https://apply07.grants.gov/apply/forms/schemas/PHS_Fellowship_Supplemental_8_0-V8.0.xsd,85f8e33df4641c56f3b6b96108690f89d214de8b5c864b1d6bd1e6bf8c7cc7bc,sha256:85f8e33df4641c56f3b6b96108690f89d214de8b5c864b1d6bd1e6bf8c7cc7bc,false
PHSFellowshipSupplemental,[Draft] PHS Fellowship Supplemental Form,8.0,Budget.TuitionRequestedYear5,PHS_Fellowship_Supplemental_8_0.Budget.TuitionRequestedYear5,Tuition Requested Year5,question,concept:budget:trainee:tuition-fees-insurance,concept:budget:trainee:tuition-fees-insurance,question:sha256:afb20f1c55b538dd9f6e33742d8e8dfb6088a5187bc2e9070aa82261e7b8f612,agent_proposed,,,semantic-domain-budget,string,xsd_declared_type,globLib:BudgetAmountDataType,https://apply07.grants.gov/apply/forms/schemas/PHS_Fellowship_Supplemental_8_0-V8.0.xsd,85f8e33df4641c56f3b6b96108690f89d214de8b5c864b1d6bd1e6bf8c7cc7bc,sha256:85f8e33df4641c56f3b6b96108690f89d214de8b5c864b1d6bd1e6bf8c7cc7bc,false
PHSFellowshipSupplemental,[Draft] PHS Fellowship Supplemental Form,8.0,Budget.TuitionRequestedYear6,PHS_Fellowship_Supplemental_8_0.Budget.TuitionRequestedYear6,Tuition Requested Year6,question,concept:budget:trainee:tuition-fees-insurance,concept:budget:trainee:tuition-fees-insurance,question:sha256:b9cbc5e008e5f027a64351a65b1eee3b1d7fc2f56548066fc4e4b18a1b18f656,agent_proposed,,,semantic-domain-budget,string,xsd_declared_type,globLib:BudgetAmountDataType,https://apply07.grants.gov/apply/forms/schemas/PHS_Fellowship_Supplemental_8_0-V8.0.xsd,85f8e33df4641c56f3b6b96108690f89d214de8b5c864b1d6bd1e6bf8c7cc7bc,sha256:85f8e33df4641c56f3b6b96108690f89d214de8b5c864b1d6bd1e6bf8c7cc7bc,false
PHSFellowshipSupplemental,[Draft] PHS Fellowship Supplemental Form,8.0,CandidateSection,PHS_Fellowship_Supplemental_8_0.CandidateSection,CandidateSection,technical_field,,source-question:question:sha256:1ce7a35ef6e01cfa76629d3bd1904931d42951366358802baa3721436c37c943,question:sha256:1ce7a35ef6e01cfa76629d3bd1904931d42951366358802baa3721436c37c943,agent_proposed,,,form-structure,object,normalized_source_type,FieldSet,https://apply07.grants.gov/apply/forms/schemas/PHS_Fellowship_Supplemental_8_0-V8.0.xsd,85f8e33df4641c56f3b6b96108690f89d214de8b5c864b1d6bd1e6bf8c7cc7bc,sha256:85f8e33df4641c56f3b6b96108690f89d214de8b5c864b1d6bd1e6bf8c7cc7bc,false
PHSFellowshipSupplemental,[Draft] PHS Fellowship Supplemental Form,8.0,CandidateSection.Goals,PHS_Fellowship_Supplemental_8_0.CandidateSection.Goals,Goals,technical_field,,source-question:question:sha256:36cfbc5cb4d3f49288555d2da6be3823ada1764a33fbbdb3ebf01783b53ce175,question:sha256:36cfbc5cb4d3f49288555d2da6be3823ada1764a33fbbdb3ebf01783b53ce175,agent_proposed,,,form-structure,object,normalized_source_type,FieldSet,https://apply07.grants.gov/apply/forms/schemas/PHS_Fellowship_Supplemental_8_0-V8.0.xsd,85f8e33df4641c56f3b6b96108690f89d214de8b5c864b1d6bd1e6bf8c7cc7bc,sha256:85f8e33df4641c56f3b6b96108690f89d214de8b5c864b1d6bd1e6bf8c7cc7bc,false
PHSFellowshipSupplemental,[Draft] PHS Fellowship Supplemental Form,8.0,CandidateSection.Goals.attFile,PHS_Fellowship_Supplemental_8_0.CandidateSection.Goals.attFile,att File,attachment,,concept:attachment:fellowship:candidate-goals,question:sha256:1f798e00b6b8a5efa42026a785ea1605f1c1eadc0fea40fab1c287cf858ba8d3,agent_proposed,,,attachment-content|semantic-domain-attachment,,xsd_declared_type,att:AttachedFileDataType,https://apply07.grants.gov/apply/forms/schemas/PHS_Fellowship_Supplemental_8_0-V8.0.xsd,85f8e33df4641c56f3b6b96108690f89d214de8b5c864b1d6bd1e6bf8c7cc7bc,sha256:85f8e33df4641c56f3b6b96108690f89d214de8b5c864b1d6bd1e6bf8c7cc7bc,false
PHSFellowshipSupplemental,[Draft] PHS Fellowship Supplemental Form,8.0,,PHS_Fellowship_Supplemental_8_0.CandidateSection.Goals.attFile.FileLocation,PHSFellowshipSupplemental,technical_field,,source-question:question:sha256:b2e2122e839e1a0463c904d755bbe0ec4f936bd82bd2403a5e84f3f7ab6e11ac,question:sha256:b2e2122e839e1a0463c904d755bbe0ec4f936bd82bd2403a5e84f3f7ab6e11ac,agent_proposed,,,technical-metadata,object,normalized_source_type,,https://apply07.grants.gov/apply/system/schemas/Attachments-V1.0.xsd,85f8e33df4641c56f3b6b96108690f89d214de8b5c864b1d6bd1e6bf8c7cc7bc,sha256:85f8e33df4641c56f3b6b96108690f89d214de8b5c864b1d6bd1e6bf8c7cc7bc,false
PHSFellowshipSupplemental,[Draft] PHS Fellowship Supplemental Form,8.0,,PHS_Fellowship_Supplemental_8_0.CandidateSection.Goals.attFile.FileName,PHSFellowshipSupplemental,technical_field,,source-question:question:sha256:1dfc0d54d9072464448fcb5bed83e9f5a4349cda4d9a57ff133c4372c90c5fb0,question:sha256:1dfc0d54d9072464448fcb5bed83e9f5a4349cda4d9a57ff133c4372c90c5fb0,agent_proposed,,,technical-metadata,object,xsd_declared_type,glob:StringMin1Max255Type,https://apply07.grants.gov/apply/system/schemas/Attachments-V1.0.xsd,85f8e33df4641c56f3b6b96108690f89d214de8b5c864b1d6bd1e6bf8c7cc7bc,sha256:85f8e33df4641c56f3b6b96108690f89d214de8b5c864b1d6bd1e6bf8c7cc7bc,false
PHSFellowshipSupplemental,[Draft] PHS Fellowship Supplemental Form,8.0,,PHS_Fellowship_Supplemental_8_0.CandidateSection.Goals.attFile.HashValue,PHSFellowshipSupplemental,technical_field,,source-question:question:sha256:98612c663e7e418ec28ecd48180c1923c2c3bab17ddb8d0ec53d7737083c7252,question:sha256:98612c663e7e418ec28ecd48180c1923c2c3bab17ddb8d0ec53d7737083c7252,agent_proposed,,,technical-metadata,object,normalized_source_type,base64Binary,https://apply07.grants.gov/apply/system/schemas/Global-V1.0.xsd,85f8e33df4641c56f3b6b96108690f89d214de8b5c864b1d6bd1e6bf8c7cc7bc,sha256:85f8e33df4641c56f3b6b96108690f89d214de8b5c864b1d6bd1e6bf8c7cc7bc,false
PHSFellowshipSupplemental,[Draft] PHS Fellowship Supplemental Form,8.0,,PHS_Fellowship_Supplemental_8_0.CandidateSection.Goals.attFile.MimeType,PHSFellowshipSupplemental,technical_field,,source-question:question:sha256:7a861e8fefb4d35ec805580323d0d706871637fcd1e1374e1faed6b0cb8fa17b,question:sha256:7a861e8fefb4d35ec805580323d0d706871637fcd1e1374e1faed6b0cb8fa17b,agent_proposed,,,technical-metadata,object,xsd_declared_type,glob:StringMin1Max255Type,https://apply07.grants.gov/apply/system/schemas/Attachments-V1.0.xsd,85f8e33df4641c56f3b6b96108690f89d214de8b5c864b1d6bd1e6bf8c7cc7bc,sha256:85f8e33df4641c56f3b6b96108690f89d214de8b5c864b1d6bd1e6bf8c7cc7bc,false
PHSFellowshipSupplemental,[Draft] PHS Fellowship Supplemental Form,8.0,CommitmentSection,PHS_Fellowship_Supplemental_8_0.CommitmentSection,CommitmentSection,technical_field,,source-question:question:sha256:43ab9f6f2c8b3132552fdfda6534697fff650bffee723c5cc834ef42bf1f7fe1,question:sha256:43ab9f6f2c8b3132552fdfda6534697fff650bffee723c5cc834ef42bf1f7fe1,agent_proposed,,,form-structure,object,normalized_source_type,FieldSet,https://apply07.grants.gov/apply/forms/schemas/PHS_Fellowship_Supplemental_8_0-V8.0.xsd,85f8e33df4641c56f3b6b96108690f89d214de8b5c864b1d6bd1e6bf8c7cc7bc,sha256:85f8e33df4641c56f3b6b96108690f89d214de8b5c864b1d6bd1e6bf8c7cc7bc,false
PHSFellowshipSupplemental,[Draft] PHS Fellowship Supplemental Form,8.0,CommitmentSection.CandidateContribution,PHS_Fellowship_Supplemental_8_0.CommitmentSection.CandidateContribution,CandidateContribution,technical_field,,source-question:question:sha256:deed017e6c271beb4e221e14588c7ed8ddd38f38c734b809b78fd832f23d8e67,question:sha256:deed017e6c271beb4e221e14588c7ed8ddd38f38c734b809b78fd832f23d8e67,agent_proposed,,,form-structure,object,normalized_source_type,FieldSet,https://apply07.grants.gov/apply/forms/schemas/PHS_Fellowship_Supplemental_8_0-V8.0.xsd,85f8e33df4641c56f3b6b96108690f89d214de8b5c864b1d6bd1e6bf8c7cc7bc,sha256:85f8e33df4641c56f3b6b96108690f89d214de8b5c864b1d6bd1e6bf8c7cc7bc,false
PHSFellowshipSupplemental,[Draft] PHS Fellowship Supplemental Form,8.0,CommitmentSection.CandidateContribution.attFile,PHS_Fellowship_Supplemental_8_0.CommitmentSection.CandidateContribution.attFile,att File,attachment,,concept:attachment:fellowship:candidate-contribution,question:sha256:8c3a4fcd5307eaf9d65813becd080bde54b9db1864281bf5c4d6c367f55d5867,agent_proposed,,,attachment-content|semantic-domain-attachment,,xsd_declared_type,att:AttachedFileDataType,https://apply07.grants.gov/apply/forms/schemas/PHS_Fellowship_Supplemental_8_0-V8.0.xsd,85f8e33df4641c56f3b6b96108690f89d214de8b5c864b1d6bd1e6bf8c7cc7bc,sha256:85f8e33df4641c56f3b6b96108690f89d214de8b5c864b1d6bd1e6bf8c7cc7bc,false
PHSFellowshipSupplemental,[Draft] PHS Fellowship Supplemental Form,8.0,,PHS_Fellowship_Supplemental_8_0.CommitmentSection.CandidateContribution.attFile.FileLocation,PHSFellowshipSupplemental,technical_field,,source-question:question:sha256:1a7fb27e0c97c7e85912cb48b674effceb48e5b2a9465a0495cc96cd97b9c149,question:sha256:1a7fb27e0c97c7e85912cb48b674effceb48e5b2a9465a0495cc96cd97b9c149,agent_proposed,,,technical-metadata,object,normalized_source_type,,https://apply07.grants.gov/apply/system/schemas/Attachments-V1.0.xsd,85f8e33df4641c56f3b6b96108690f89d214de8b5c864b1d6bd1e6bf8c7cc7bc,sha256:85f8e33df4641c56f3b6b96108690f89d214de8b5c864b1d6bd1e6bf8c7cc7bc,false
PHSFellowshipSupplemental,[Draft] PHS Fellowship Supplemental Form,8.0,,PHS_Fellowship_Supplemental_8_0.CommitmentSection.CandidateContribution.attFile.FileName,PHSFellowshipSupplemental,technical_field,,source-question:question:sha256:3391f600483ee35c53aa01b709c95e25dbd41601178cc591a5d5e09323aaa155,question:sha256:3391f600483ee35c53aa01b709c95e25dbd41601178cc591a5d5e09323aaa155,agent_proposed,,,technical-metadata,object,xsd_declared_type,glob:StringMin1Max255Type,https://apply07.grants.gov/apply/system/schemas/Attachments-V1.0.xsd,85f8e33df4641c56f3b6b96108690f89d214de8b5c864b1d6bd1e6bf8c7cc7bc,sha256:85f8e33df4641c56f3b6b96108690f89d214de8b5c864b1d6bd1e6bf8c7cc7bc,false
PHSFellowshipSupplemental,[Draft] PHS Fellowship Supplemental Form,8.0,,PHS_Fellowship_Supplemental_8_0.CommitmentSection.CandidateContribution.attFile.HashValue,PHSFellowshipSupplemental,technical_field,,source-question:question:sha256:d71d7ff623a2052980cb2d6462a21ae4fe9fa843933b6b9f74b491d822950ec7,question:sha256:d71d7ff623a2052980cb2d6462a21ae4fe9fa843933b6b9f74b491d822950ec7,agent_proposed,,,technical-metadata,object,normalized_source_type,base64Binary,https://apply07.grants.gov/apply/system/schemas/Global-V1.0.xsd,85f8e33df4641c56f3b6b96108690f89d214de8b5c864b1d6bd1e6bf8c7cc7bc,sha256:85f8e33df4641c56f3b6b96108690f89d214de8b5c864b1d6bd1e6bf8c7cc7bc,false
PHSFellowshipSupplemental,[Draft] PHS Fellowship Supplemental Form,8.0,,PHS_Fellowship_Supplemental_8_0.CommitmentSection.CandidateContribution.attFile.MimeType,PHSFellowshipSupplemental,technical_field,,source-question:question:sha256:0b8a842e9d4f461bafe10b8f79112538f482bc4b84f9f9d3880433dee0662715,question:sha256:0b8a842e9d4f461bafe10b8f79112538f482bc4b84f9f9d3880433dee0662715,agent_proposed,,,technical-metadata,object,xsd_declared_type,glob:StringMin1Max255Type,https://apply07.grants.gov/apply/system/schemas/Attachments-V1.0.xsd,85f8e33df4641c56f3b6b96108690f89d214de8b5c864b1d6bd1e6bf8c7cc7bc,sha256:85f8e33df4641c56f3b6b96108690f89d214de8b5c864b1d6bd1e6bf8c7cc7bc,false
PHSFellowshipSupplemental,[Draft] PHS Fellowship Supplemental Form,8.0,CommitmentSection.LettersOfSupport,PHS_Fellowship_Supplemental_8_0.CommitmentSection.LettersOfSupport,LettersOfSupport,technical_field,,source-question:question:sha256:295d4171c12ef4c8c2b69344d208c95804829fb2940ec1a45e17979b83a980fd,question:sha256:295d4171c12ef4c8c2b69344d208c95804829fb2940ec1a45e17979b83a980fd,agent_proposed,,,form-structure,object,normalized_source_type,FieldSet,https://apply07.grants.gov/apply/forms/schemas/PHS_Fellowship_Supplemental_8_0-V8.0.xsd,85f8e33df4641c56f3b6b96108690f89d214de8b5c864b1d6bd1e6bf8c7cc7bc,sha256:85f8e33df4641c56f3b6b96108690f89d214de8b5c864b1d6bd1e6bf8c7cc7bc,false
PHSFellowshipSupplemental,[Draft] PHS Fellowship Supplemental Form,8.0,CommitmentSection.LettersOfSupport.attFile,PHS_Fellowship_Supplemental_8_0.CommitmentSection.LettersOfSupport.attFile,att File,attachment,,concept:attachment:research-plan:letters-of-support,question:sha256:84ccf32d0e60b6b204cf1050f837b4fc61f3dcebc9efbc7f8374beb21658bf4e,agent_proposed,,,attachment-content|semantic-domain-attachment,,xsd_declared_type,att:AttachedFileDataType,https://apply07.grants.gov/apply/forms/schemas/PHS_Fellowship_Supplemental_8_0-V8.0.xsd,85f8e33df4641c56f3b6b96108690f89d214de8b5c864b1d6bd1e6bf8c7cc7bc,sha256:85f8e33df4641c56f3b6b96108690f89d214de8b5c864b1d6bd1e6bf8c7cc7bc,false
PHSFellowshipSupplemental,[Draft] PHS Fellowship Supplemental Form,8.0,,PHS_Fellowship_Supplemental_8_0.CommitmentSection.LettersOfSupport.attFile.FileLocation,PHSFellowshipSupplemental,technical_field,,source-question:question:sha256:53034fdb14e6d5aff9b160a45d094650c27f6edfebff2c6710ee83f47aabec93,question:sha256:53034fdb14e6d5aff9b160a45d094650c27f6edfebff2c6710ee83f47aabec93,agent_proposed,,,technical-metadata,object,normalized_source_type,,https://apply07.grants.gov/apply/system/schemas/Attachments-V1.0.xsd,85f8e33df4641c56f3b6b96108690f89d214de8b5c864b1d6bd1e6bf8c7cc7bc,sha256:85f8e33df4641c56f3b6b96108690f89d214de8b5c864b1d6bd1e6bf8c7cc7bc,false
PHSFellowshipSupplemental,[Draft] PHS Fellowship Supplemental Form,8.0,,PHS_Fellowship_Supplemental_8_0.CommitmentSection.LettersOfSupport.attFile.FileName,PHSFellowshipSupplemental,technical_field,,source-question:question:sha256:ec55b8edc27634b0bb9fff5ff92d37d3e090e8d8bad1b447ca47daa7273a8e27,question:sha256:ec55b8edc27634b0bb9fff5ff92d37d3e090e8d8bad1b447ca47daa7273a8e27,agent_proposed,,,technical-metadata,object,xsd_declared_type,glob:StringMin1Max255Type,https://apply07.grants.gov/apply/system/schemas/Attachments-V1.0.xsd,85f8e33df4641c56f3b6b96108690f89d214de8b5c864b1d6bd1e6bf8c7cc7bc,sha256:85f8e33df4641c56f3b6b96108690f89d214de8b5c864b1d6bd1e6bf8c7cc7bc,false
PHSFellowshipSupplemental,[Draft] PHS Fellowship Supplemental Form,8.0,,PHS_Fellowship_Supplemental_8_0.CommitmentSection.LettersOfSupport.attFile.HashValue,PHSFellowshipSupplemental,technical_field,,source-question:question:sha256:b36617b957b0bd7731b3f6ba2c29d96e60e130085cbe4b8d335b3261e35ef9ed,question:sha256:b36617b957b0bd7731b3f6ba2c29d96e60e130085cbe4b8d335b3261e35ef9ed,agent_proposed,,,technical-metadata,object,normalized_source_type,base64Binary,https://apply07.grants.gov/apply/system/schemas/Global-V1.0.xsd,85f8e33df4641c56f3b6b96108690f89d214de8b5c864b1d6bd1e6bf8c7cc7bc,sha256:85f8e33df4641c56f3b6b96108690f89d214de8b5c864b1d6bd1e6bf8c7cc7bc,false
PHSFellowshipSupplemental,[Draft] PHS Fellowship Supplemental Form,8.0,,PHS_Fellowship_Supplemental_8_0.CommitmentSection.LettersOfSupport.attFile.MimeType,PHSFellowshipSupplemental,technical_field,,source-question:question:sha256:26b623cba50bc7e74660f20fe0119b2f96b5f2360890dc57e0d32bc06fd8ff9c,question:sha256:26b623cba50bc7e74660f20fe0119b2f96b5f2360890dc57e0d32bc06fd8ff9c,agent_proposed,,,technical-metadata,object,xsd_declared_type,glob:StringMin1Max255Type,https://apply07.grants.gov/apply/system/schemas/Attachments-V1.0.xsd,85f8e33df4641c56f3b6b96108690f89d214de8b5c864b1d6bd1e6bf8c7cc7bc,sha256:85f8e33df4641c56f3b6b96108690f89d214de8b5c864b1d6bd1e6bf8c7cc7bc,false
PHSFellowshipSupplemental,[Draft] PHS Fellowship Supplemental Form,8.0,CommitmentSection.SponsorsCommitment,PHS_Fellowship_Supplemental_8_0.CommitmentSection.SponsorsCommitment,SponsorsCommitment,technical_field,,source-question:question:sha256:8fced9c3b7a842d878ad2a13db69cce5f804f04a28bfc785ca59dfaa2c07789c,question:sha256:8fced9c3b7a842d878ad2a13db69cce5f804f04a28bfc785ca59dfaa2c07789c,agent_proposed,,,form-structure,object,normalized_source_type,FieldSet,https://apply07.grants.gov/apply/forms/schemas/PHS_Fellowship_Supplemental_8_0-V8.0.xsd,85f8e33df4641c56f3b6b96108690f89d214de8b5c864b1d6bd1e6bf8c7cc7bc,sha256:85f8e33df4641c56f3b6b96108690f89d214de8b5c864b1d6bd1e6bf8c7cc7bc,false
PHSFellowshipSupplemental,[Draft] PHS Fellowship Supplemental Form,8.0,CommitmentSection.SponsorsCommitment.attFile,PHS_Fellowship_Supplemental_8_0.CommitmentSection.SponsorsCommitment.attFile,att File,attachment,,concept:attachment:fellowship:sponsor-commitment,question:sha256:d41833c0ac4530de5c73f99478966936888afc657155c632048027cd35c77dd9,agent_proposed,,,attachment-content|semantic-domain-attachment,,xsd_declared_type,att:AttachedFileDataType,https://apply07.grants.gov/apply/forms/schemas/PHS_Fellowship_Supplemental_8_0-V8.0.xsd,85f8e33df4641c56f3b6b96108690f89d214de8b5c864b1d6bd1e6bf8c7cc7bc,sha256:85f8e33df4641c56f3b6b96108690f89d214de8b5c864b1d6bd1e6bf8c7cc7bc,false
PHSFellowshipSupplemental,[Draft] PHS Fellowship Supplemental Form,8.0,,PHS_Fellowship_Supplemental_8_0.CommitmentSection.SponsorsCommitment.attFile.FileLocation,PHSFellowshipSupplemental,technical_field,,source-question:question:sha256:522bf0c5f56d6a282893277c1f53234fc5aa4c3f19385e880c265d4ab69b3cf8,question:sha256:522bf0c5f56d6a282893277c1f53234fc5aa4c3f19385e880c265d4ab69b3cf8,agent_proposed,,,technical-metadata,object,normalized_source_type,,https://apply07.grants.gov/apply/system/schemas/Attachments-V1.0.xsd,85f8e33df4641c56f3b6b96108690f89d214de8b5c864b1d6bd1e6bf8c7cc7bc,sha256:85f8e33df4641c56f3b6b96108690f89d214de8b5c864b1d6bd1e6bf8c7cc7bc,false
PHSFellowshipSupplemental,[Draft] PHS Fellowship Supplemental Form,8.0,,PHS_Fellowship_Supplemental_8_0.CommitmentSection.SponsorsCommitment.attFile.FileName,PHSFellowshipSupplemental,technical_field,,source-question:question:sha256:d771eb42dbe4cdeacadae96114974da1333e81a669dcb7d64410c169a9897942,question:sha256:d771eb42dbe4cdeacadae96114974da1333e81a669dcb7d64410c169a9897942,agent_proposed,,,technical-metadata,object,xsd_declared_type,glob:StringMin1Max255Type,https://apply07.grants.gov/apply/system/schemas/Attachments-V1.0.xsd,85f8e33df4641c56f3b6b96108690f89d214de8b5c864b1d6bd1e6bf8c7cc7bc,sha256:85f8e33df4641c56f3b6b96108690f89d214de8b5c864b1d6bd1e6bf8c7cc7bc,false
PHSFellowshipSupplemental,[Draft] PHS Fellowship Supplemental Form,8.0,,PHS_Fellowship_Supplemental_8_0.CommitmentSection.SponsorsCommitment.attFile.HashValue,PHSFellowshipSupplemental,technical_field,,source-question:question:sha256:2b2e80782f9b6bc5902068b11c7ed05dee2fbadaffd3dcd71b9c0329eff2fbeb,question:sha256:2b2e80782f9b6bc5902068b11c7ed05dee2fbadaffd3dcd71b9c0329eff2fbeb,agent_proposed,,,technical-metadata,object,normalized_source_type,base64Binary,https://apply07.grants.gov/apply/system/schemas/Global-V1.0.xsd,85f8e33df4641c56f3b6b96108690f89d214de8b5c864b1d6bd1e6bf8c7cc7bc,sha256:85f8e33df4641c56f3b6b96108690f89d214de8b5c864b1d6bd1e6bf8c7cc7bc,false
PHSFellowshipSupplemental,[Draft] PHS Fellowship Supplemental Form,8.0,,PHS_Fellowship_Supplemental_8_0.CommitmentSection.SponsorsCommitment.attFile.MimeType,PHSFellowshipSupplemental,technical_field,,source-question:question:sha256:c1b13324071217d471acff0ad871c70c3dd41c12ca3210cd040f6ff4d39eb2de,question:sha256:c1b13324071217d471acff0ad871c70c3dd41c12ca3210cd040f6ff4d39eb2de,agent_proposed,,,technical-metadata,object,xsd_declared_type,glob:StringMin1Max255Type,https://apply07.grants.gov/apply/system/schemas/Attachments-V1.0.xsd,85f8e33df4641c56f3b6b96108690f89d214de8b5c864b1d6bd1e6bf8c7cc7bc,sha256:85f8e33df4641c56f3b6b96108690f89d214de8b5c864b1d6bd1e6bf8c7cc7bc,false
PHSFellowshipSupplemental,[Draft] PHS Fellowship Supplemental Form,8.0,Introduction,PHS_Fellowship_Supplemental_8_0.Introduction,Introduction,technical_field,,source-question:question:sha256:0e7cc0b751872fd703a88cc78d19ab9736f09eac4713b33b1bd2589b1670ee9a,question:sha256:0e7cc0b751872fd703a88cc78d19ab9736f09eac4713b33b1bd2589b1670ee9a,agent_proposed,,,form-structure,object,normalized_source_type,FieldSet,https://apply07.grants.gov/apply/forms/schemas/PHS_Fellowship_Supplemental_8_0-V8.0.xsd,85f8e33df4641c56f3b6b96108690f89d214de8b5c864b1d6bd1e6bf8c7cc7bc,sha256:85f8e33df4641c56f3b6b96108690f89d214de8b5c864b1d6bd1e6bf8c7cc7bc,false
PHSFellowshipSupplemental,[Draft] PHS Fellowship Supplemental Form,8.0,Introduction.IntroductionToApplication,PHS_Fellowship_Supplemental_8_0.Introduction.IntroductionToApplication,IntroductionToApplication,technical_field,,source-question:question:sha256:c2d0109527bdd85eb71c355c5148b459cfc8171c630caba12fb5e007956526c0,question:sha256:c2d0109527bdd85eb71c355c5148b459cfc8171c630caba12fb5e007956526c0,agent_proposed,,,form-structure,object,normalized_source_type,FieldSet,https://apply07.grants.gov/apply/forms/schemas/PHS_Fellowship_Supplemental_8_0-V8.0.xsd,85f8e33df4641c56f3b6b96108690f89d214de8b5c864b1d6bd1e6bf8c7cc7bc,sha256:85f8e33df4641c56f3b6b96108690f89d214de8b5c864b1d6bd1e6bf8c7cc7bc,false
PHSFellowshipSupplemental,[Draft] PHS Fellowship Supplemental Form,8.0,Introduction.IntroductionToApplication.attFile,PHS_Fellowship_Supplemental_8_0.Introduction.IntroductionToApplication.attFile,att File,attachment,,concept:attachment:research-plan:introduction-to-application,question:sha256:8c10c151f59d2ad88056ca64123d9af89ecb6120d5f0083a291cbe728da37f04,agent_proposed,,,attachment-content|semantic-domain-attachment,,xsd_declared_type,att:AttachedFileDataType,https://apply07.grants.gov/apply/forms/schemas/PHS_Fellowship_Supplemental_8_0-V8.0.xsd,85f8e33df4641c56f3b6b96108690f89d214de8b5c864b1d6bd1e6bf8c7cc7bc,sha256:85f8e33df4641c56f3b6b96108690f89d214de8b5c864b1d6bd1e6bf8c7cc7bc,false
PHSFellowshipSupplemental,[Draft] PHS Fellowship Supplemental Form,8.0,,PHS_Fellowship_Supplemental_8_0.Introduction.IntroductionToApplication.attFile.FileLocation,PHSFellowshipSupplemental,technical_field,,source-question:question:sha256:b96db7dc7c07beae237379cddcc472438b96f8bd029abf44c4a224ef3edb885c,question:sha256:b96db7dc7c07beae237379cddcc472438b96f8bd029abf44c4a224ef3edb885c,agent_proposed,,,technical-metadata,object,normalized_source_type,,https://apply07.grants.gov/apply/system/schemas/Attachments-V1.0.xsd,85f8e33df4641c56f3b6b96108690f89d214de8b5c864b1d6bd1e6bf8c7cc7bc,sha256:85f8e33df4641c56f3b6b96108690f89d214de8b5c864b1d6bd1e6bf8c7cc7bc,false
PHSFellowshipSupplemental,[Draft] PHS Fellowship Supplemental Form,8.0,,PHS_Fellowship_Supplemental_8_0.Introduction.IntroductionToApplication.attFile.FileName,PHSFellowshipSupplemental,technical_field,,source-question:question:sha256:8e7b95dbd4551e86b1803758faf62d9b2a2136f1c77c4c6763b941bbcf9aa6e7,question:sha256:8e7b95dbd4551e86b1803758faf62d9b2a2136f1c77c4c6763b941bbcf9aa6e7,agent_proposed,,,technical-metadata,object,xsd_declared_type,glob:StringMin1Max255Type,https://apply07.grants.gov/apply/system/schemas/Attachments-V1.0.xsd,85f8e33df4641c56f3b6b96108690f89d214de8b5c864b1d6bd1e6bf8c7cc7bc,sha256:85f8e33df4641c56f3b6b96108690f89d214de8b5c864b1d6bd1e6bf8c7cc7bc,false
PHSFellowshipSupplemental,[Draft] PHS Fellowship Supplemental Form,8.0,,PHS_Fellowship_Supplemental_8_0.Introduction.IntroductionToApplication.attFile.HashValue,PHSFellowshipSupplemental,technical_field,,source-question:question:sha256:496197a49433a719df16494bb8cc4f5fe27f7c08479d946997cb39ee04a4c474,question:sha256:496197a49433a719df16494bb8cc4f5fe27f7c08479d946997cb39ee04a4c474,agent_proposed,,,technical-metadata,object,normalized_source_type,base64Binary,https://apply07.grants.gov/apply/system/schemas/Global-V1.0.xsd,85f8e33df4641c56f3b6b96108690f89d214de8b5c864b1d6bd1e6bf8c7cc7bc,sha256:85f8e33df4641c56f3b6b96108690f89d214de8b5c864b1d6bd1e6bf8c7cc7bc,false
PHSFellowshipSupplemental,[Draft] PHS Fellowship Supplemental Form,8.0,,PHS_Fellowship_Supplemental_8_0.Introduction.IntroductionToApplication.attFile.MimeType,PHSFellowshipSupplemental,technical_field,,source-question:question:sha256:3371273e01b527b4488507c4bf5816e80cf7f95878b5b94a9cc2d3acbe90a3a0,question:sha256:3371273e01b527b4488507c4bf5816e80cf7f95878b5b94a9cc2d3acbe90a3a0,agent_proposed,,,technical-metadata,object,xsd_declared_type,glob:StringMin1Max255Type,https://apply07.grants.gov/apply/system/schemas/Attachments-V1.0.xsd,85f8e33df4641c56f3b6b96108690f89d214de8b5c864b1d6bd1e6bf8c7cc7bc,sha256:85f8e33df4641c56f3b6b96108690f89d214de8b5c864b1d6bd1e6bf8c7cc7bc,false
PHSFellowshipSupplemental,[Draft] PHS Fellowship Supplemental Form,8.0,OtherResearchTrainingPlan,PHS_Fellowship_Supplemental_8_0.OtherResearchTrainingPlan,OtherResearchTrainingPlan,technical_field,,source-question:question:sha256:ad47daca6aa645db728ad0f668b2618ecbb5ef18ff78a8f3e7eec487ab9d3807,question:sha256:ad47daca6aa645db728ad0f668b2618ecbb5ef18ff78a8f3e7eec487ab9d3807,agent_proposed,,,form-structure,object,normalized_source_type,FieldSet,https://apply07.grants.gov/apply/forms/schemas/PHS_Fellowship_Supplemental_8_0-V8.0.xsd,85f8e33df4641c56f3b6b96108690f89d214de8b5c864b1d6bd1e6bf8c7cc7bc,sha256:85f8e33df4641c56f3b6b96108690f89d214de8b5c864b1d6bd1e6bf8c7cc7bc,false
PHSFellowshipSupplemental,[Draft] PHS Fellowship Supplemental Form,8.0,OtherResearchTrainingPlan.AVMAConsistentIndicator,PHS_Fellowship_Supplemental_8_0.OtherResearchTrainingPlan.AVMAConsistentIndicator,AVMAConsistent Indicator,question,concept:hhs-research-policy:euthanasia-avma-consistent,concept:hhs-research-policy:euthanasia-avma-consistent,question:sha256:4c5f439bf8ff4994052ebf96e2ce2ece638ae75f03a9bc33df5690fb1c49e9bd,agent_proposed,,,semantic-domain-hhs-research-policy,string,xsd_declared_type,globLib:YesNoDataType,https://apply07.grants.gov/apply/forms/schemas/PHS_Fellowship_Supplemental_8_0-V8.0.xsd,85f8e33df4641c56f3b6b96108690f89d214de8b5c864b1d6bd1e6bf8c7cc7bc,sha256:85f8e33df4641c56f3b6b96108690f89d214de8b5c864b1d6bd1e6bf8c7cc7bc,false
PHSFellowshipSupplemental,[Draft] PHS Fellowship Supplemental Form,8.0,OtherResearchTrainingPlan.AreAnimalsEuthanized,PHS_Fellowship_Supplemental_8_0.OtherResearchTrainingPlan.AreAnimalsEuthanized,Are Animals Euthanized,question,concept:hhs-research-policy:animal-euthanasia,concept:hhs-research-policy:animal-euthanasia,question:sha256:51c9aaa50191204b29fce1e23c3c3c3734fbbc2aa172d3d92616794deb5532e1,agent_proposed,,,semantic-domain-hhs-research-policy,string,xsd_declared_type,globLib:YesNoDataType,https://apply07.grants.gov/apply/forms/schemas/PHS_Fellowship_Supplemental_8_0-V8.0.xsd,85f8e33df4641c56f3b6b96108690f89d214de8b5c864b1d6bd1e6bf8c7cc7bc,sha256:85f8e33df4641c56f3b6b96108690f89d214de8b5c864b1d6bd1e6bf8c7cc7bc,false
PHSFellowshipSupplemental,[Draft] PHS Fellowship Supplemental Form,8.0,OtherResearchTrainingPlan.EuthanasiaMethodDescription,PHS_Fellowship_Supplemental_8_0.OtherResearchTrainingPlan.EuthanasiaMethodDescription,Euthanasia Method Description,question,concept:hhs-research-policy:euthanasia-method-justification,concept:hhs-research-policy:euthanasia-method-justification,question:sha256:fdcf4ba922d6a1ea00db0219d81054eaa6ece4ecceb988decae47a8f63284e70,agent_proposed,,,semantic-domain-hhs-research-policy,string,normalized_source_type,string,https://apply07.grants.gov/apply/forms/schemas/PHS_Fellowship_Supplemental_8_0-V8.0.xsd,85f8e33df4641c56f3b6b96108690f89d214de8b5c864b1d6bd1e6bf8c7cc7bc,sha256:85f8e33df4641c56f3b6b96108690f89d214de8b5c864b1d6bd1e6bf8c7cc7bc,false
PHSFellowshipSupplemental,[Draft] PHS Fellowship Supplemental Form,8.0,OtherResearchTrainingPlan.KeyBiologicalAndOrChemicalResources,PHS_Fellowship_Supplemental_8_0.OtherResearchTrainingPlan.KeyBiologicalAndOrChemicalResources,KeyBiologicalAndOrChemicalResources,technical_field,,source-question:question:sha256:4f88836279e3e1e140efdd5b8f34693beb5277d1ccb85cbca769923f3e0b224e,question:sha256:4f88836279e3e1e140efdd5b8f34693beb5277d1ccb85cbca769923f3e0b224e,agent_proposed,,,form-structure,object,normalized_source_type,FieldSet,https://apply07.grants.gov/apply/forms/schemas/PHS_Fellowship_Supplemental_8_0-V8.0.xsd,85f8e33df4641c56f3b6b96108690f89d214de8b5c864b1d6bd1e6bf8c7cc7bc,sha256:85f8e33df4641c56f3b6b96108690f89d214de8b5c864b1d6bd1e6bf8c7cc7bc,false
PHSFellowshipSupplemental,[Draft] PHS Fellowship Supplemental Form,8.0,OtherResearchTrainingPlan.KeyBiologicalAndOrChemicalResources.attFile,PHS_Fellowship_Supplemental_8_0.OtherResearchTrainingPlan.KeyBiologicalAndOrChemicalResources.attFile,att File,attachment,,concept:attachment:research-plan:key-biological-chemical-resources,question:sha256:3eb95be42655ed3bb62d5e35e79d36bff4664dbd53b7d031fd7863b3cf0d8f0d,agent_proposed,,,attachment-content|semantic-domain-attachment,,xsd_declared_type,att:AttachedFileDataType,https://apply07.grants.gov/apply/forms/schemas/PHS_Fellowship_Supplemental_8_0-V8.0.xsd,85f8e33df4641c56f3b6b96108690f89d214de8b5c864b1d6bd1e6bf8c7cc7bc,sha256:85f8e33df4641c56f3b6b96108690f89d214de8b5c864b1d6bd1e6bf8c7cc7bc,false
PHSFellowshipSupplemental,[Draft] PHS Fellowship Supplemental Form,8.0,,PHS_Fellowship_Supplemental_8_0.OtherResearchTrainingPlan.KeyBiologicalAndOrChemicalResources.attFile.FileLocation,PHSFellowshipSupplemental,technical_field,,source-question:question:sha256:8078b14130f28090521ac2f4f94e9d1cbd809e62467c90d0028a66c99ff3d8db,question:sha256:8078b14130f28090521ac2f4f94e9d1cbd809e62467c90d0028a66c99ff3d8db,agent_proposed,,,technical-metadata,object,normalized_source_type,,https://apply07.grants.gov/apply/system/schemas/Attachments-V1.0.xsd,85f8e33df4641c56f3b6b96108690f89d214de8b5c864b1d6bd1e6bf8c7cc7bc,sha256:85f8e33df4641c56f3b6b96108690f89d214de8b5c864b1d6bd1e6bf8c7cc7bc,false
PHSFellowshipSupplemental,[Draft] PHS Fellowship Supplemental Form,8.0,,PHS_Fellowship_Supplemental_8_0.OtherResearchTrainingPlan.KeyBiologicalAndOrChemicalResources.attFile.FileName,PHSFellowshipSupplemental,technical_field,,source-question:question:sha256:242a5dc7e8569fa2be15d41782905413663f557cf9e0d8a846706ddc7c491638,question:sha256:242a5dc7e8569fa2be15d41782905413663f557cf9e0d8a846706ddc7c491638,agent_proposed,,,technical-metadata,object,xsd_declared_type,glob:StringMin1Max255Type,https://apply07.grants.gov/apply/system/schemas/Attachments-V1.0.xsd,85f8e33df4641c56f3b6b96108690f89d214de8b5c864b1d6bd1e6bf8c7cc7bc,sha256:85f8e33df4641c56f3b6b96108690f89d214de8b5c864b1d6bd1e6bf8c7cc7bc,false
PHSFellowshipSupplemental,[Draft] PHS Fellowship Supplemental Form,8.0,,PHS_Fellowship_Supplemental_8_0.OtherResearchTrainingPlan.KeyBiologicalAndOrChemicalResources.attFile.HashValue,PHSFellowshipSupplemental,technical_field,,source-question:question:sha256:f7e3a65584985ea7311413def599c0408ddf9ad49d5f8bb853c67e9278c88e85,question:sha256:f7e3a65584985ea7311413def599c0408ddf9ad49d5f8bb853c67e9278c88e85,agent_proposed,,,technical-metadata,object,normalized_source_type,base64Binary,https://apply07.grants.gov/apply/system/schemas/Global-V1.0.xsd,85f8e33df4641c56f3b6b96108690f89d214de8b5c864b1d6bd1e6bf8c7cc7bc,sha256:85f8e33df4641c56f3b6b96108690f89d214de8b5c864b1d6bd1e6bf8c7cc7bc,false
PHSFellowshipSupplemental,[Draft] PHS Fellowship Supplemental Form,8.0,,PHS_Fellowship_Supplemental_8_0.OtherResearchTrainingPlan.KeyBiologicalAndOrChemicalResources.attFile.MimeType,PHSFellowshipSupplemental,technical_field,,source-question:question:sha256:374ef619ec2437e1909dee9a4448ece96d9586f0d3b3ee491993e94aec8db563,question:sha256:374ef619ec2437e1909dee9a4448ece96d9586f0d3b3ee491993e94aec8db563,agent_proposed,,,technical-metadata,object,xsd_declared_type,glob:StringMin1Max255Type,https://apply07.grants.gov/apply/system/schemas/Attachments-V1.0.xsd,85f8e33df4641c56f3b6b96108690f89d214de8b5c864b1d6bd1e6bf8c7cc7bc,sha256:85f8e33df4641c56f3b6b96108690f89d214de8b5c864b1d6bd1e6bf8c7cc7bc,false
PHSFellowshipSupplemental,[Draft] PHS Fellowship Supplemental Form,8.0,OtherResearchTrainingPlan.OtherPlans,PHS_Fellowship_Supplemental_8_0.OtherResearchTrainingPlan.OtherPlans,OtherPlans,technical_field,,source-question:question:sha256:b1b24ae905a70c197f58c04eb837b00e3b12a5ce705d6f8c99902a2ebdaff5ac,question:sha256:b1b24ae905a70c197f58c04eb837b00e3b12a5ce705d6f8c99902a2ebdaff5ac,agent_proposed,,,form-structure,object,normalized_source_type,FieldSet,https://apply07.grants.gov/apply/forms/schemas/PHS_Fellowship_Supplemental_8_0-V8.0.xsd,85f8e33df4641c56f3b6b96108690f89d214de8b5c864b1d6bd1e6bf8c7cc7bc,sha256:85f8e33df4641c56f3b6b96108690f89d214de8b5c864b1d6bd1e6bf8c7cc7bc,false
PHSFellowshipSupplemental,[Draft] PHS Fellowship Supplemental Form,8.0,OtherResearchTrainingPlan.OtherPlans.attFile,PHS_Fellowship_Supplemental_8_0.OtherResearchTrainingPlan.OtherPlans.attFile,att File,attachment,,concept:attachment:research-plan:other-plans,question:sha256:f50429fcdd3f756c661f891f306b6ea0221866f6044eac5d6d474d98c28c15b1,agent_proposed,,,attachment-content|semantic-domain-attachment,,xsd_declared_type,att:AttachedFileDataType,https://apply07.grants.gov/apply/forms/schemas/PHS_Fellowship_Supplemental_8_0-V8.0.xsd,85f8e33df4641c56f3b6b96108690f89d214de8b5c864b1d6bd1e6bf8c7cc7bc,sha256:85f8e33df4641c56f3b6b96108690f89d214de8b5c864b1d6bd1e6bf8c7cc7bc,false
PHSFellowshipSupplemental,[Draft] PHS Fellowship Supplemental Form,8.0,,PHS_Fellowship_Supplemental_8_0.OtherResearchTrainingPlan.OtherPlans.attFile.FileLocation,PHSFellowshipSupplemental,technical_field,,source-question:question:sha256:af324bd3a443216e2cdad98a8ff2ac0ff8ba46c2b42d43221a7f8381984be3ef,question:sha256:af324bd3a443216e2cdad98a8ff2ac0ff8ba46c2b42d43221a7f8381984be3ef,agent_proposed,,,technical-metadata,object,normalized_source_type,,https://apply07.grants.gov/apply/system/schemas/Attachments-V1.0.xsd,85f8e33df4641c56f3b6b96108690f89d214de8b5c864b1d6bd1e6bf8c7cc7bc,sha256:85f8e33df4641c56f3b6b96108690f89d214de8b5c864b1d6bd1e6bf8c7cc7bc,false
PHSFellowshipSupplemental,[Draft] PHS Fellowship Supplemental Form,8.0,,PHS_Fellowship_Supplemental_8_0.OtherResearchTrainingPlan.OtherPlans.attFile.FileName,PHSFellowshipSupplemental,technical_field,,source-question:question:sha256:f297306524d5f22b5afbd7d4f60b6e454d29e6a878b88654067b87c0099b8b34,question:sha256:f297306524d5f22b5afbd7d4f60b6e454d29e6a878b88654067b87c0099b8b34,agent_proposed,,,technical-metadata,object,xsd_declared_type,glob:StringMin1Max255Type,https://apply07.grants.gov/apply/system/schemas/Attachments-V1.0.xsd,85f8e33df4641c56f3b6b96108690f89d214de8b5c864b1d6bd1e6bf8c7cc7bc,sha256:85f8e33df4641c56f3b6b96108690f89d214de8b5c864b1d6bd1e6bf8c7cc7bc,false
PHSFellowshipSupplemental,[Draft] PHS Fellowship Supplemental Form,8.0,,PHS_Fellowship_Supplemental_8_0.OtherResearchTrainingPlan.OtherPlans.attFile.HashValue,PHSFellowshipSupplemental,technical_field,,source-question:question:sha256:99029b06a589f72a5a7218efe8954c9799e097ff666a5af7101ab9e75f398f90,question:sha256:99029b06a589f72a5a7218efe8954c9799e097ff666a5af7101ab9e75f398f90,agent_proposed,,,technical-metadata,object,normalized_source_type,base64Binary,https://apply07.grants.gov/apply/system/schemas/Global-V1.0.xsd,85f8e33df4641c56f3b6b96108690f89d214de8b5c864b1d6bd1e6bf8c7cc7bc,sha256:85f8e33df4641c56f3b6b96108690f89d214de8b5c864b1d6bd1e6bf8c7cc7bc,false
PHSFellowshipSupplemental,[Draft] PHS Fellowship Supplemental Form,8.0,,PHS_Fellowship_Supplemental_8_0.OtherResearchTrainingPlan.OtherPlans.attFile.MimeType,PHSFellowshipSupplemental,technical_field,,source-question:question:sha256:2599192ee82870865551347e1d48c81c32a694ecefe13014da82b7ff2e7c349c,question:sha256:2599192ee82870865551347e1d48c81c32a694ecefe13014da82b7ff2e7c349c,agent_proposed,,,technical-metadata,object,xsd_declared_type,glob:StringMin1Max255Type,https://apply07.grants.gov/apply/system/schemas/Attachments-V1.0.xsd,85f8e33df4641c56f3b6b96108690f89d214de8b5c864b1d6bd1e6bf8c7cc7bc,sha256:85f8e33df4641c56f3b6b96108690f89d214de8b5c864b1d6bd1e6bf8c7cc7bc,false
PHSFellowshipSupplemental,[Draft] PHS Fellowship Supplemental Form,8.0,OtherResearchTrainingPlan.ResourceSharingPlan,PHS_Fellowship_Supplemental_8_0.OtherResearchTrainingPlan.ResourceSharingPlan,ResourceSharingPlan,technical_field,,source-question:question:sha256:b9ac5875adcbf489c86e1cc3101fafcf80c7a8f338c9490c88f1f03435a484f5,question:sha256:b9ac5875adcbf489c86e1cc3101fafcf80c7a8f338c9490c88f1f03435a484f5,agent_proposed,,,form-structure,object,normalized_source_type,FieldSet,https://apply07.grants.gov/apply/forms/schemas/PHS_Fellowship_Supplemental_8_0-V8.0.xsd,85f8e33df4641c56f3b6b96108690f89d214de8b5c864b1d6bd1e6bf8c7cc7bc,sha256:85f8e33df4641c56f3b6b96108690f89d214de8b5c864b1d6bd1e6bf8c7cc7bc,false
PHSFellowshipSupplemental,[Draft] PHS Fellowship Supplemental Form,8.0,OtherResearchTrainingPlan.ResourceSharingPlan.attFile,PHS_Fellowship_Supplemental_8_0.OtherResearchTrainingPlan.ResourceSharingPlan.attFile,att File,attachment,,concept:attachment:research-plan:resource-sharing-plans,question:sha256:24b1906efd016ff6cb5fad4ebaa52bf8215d5613bb1f2cd513a173bdd470155e,agent_proposed,,,attachment-content|semantic-domain-attachment,,xsd_declared_type,att:AttachedFileDataType,https://apply07.grants.gov/apply/forms/schemas/PHS_Fellowship_Supplemental_8_0-V8.0.xsd,85f8e33df4641c56f3b6b96108690f89d214de8b5c864b1d6bd1e6bf8c7cc7bc,sha256:85f8e33df4641c56f3b6b96108690f89d214de8b5c864b1d6bd1e6bf8c7cc7bc,false
PHSFellowshipSupplemental,[Draft] PHS Fellowship Supplemental Form,8.0,,PHS_Fellowship_Supplemental_8_0.OtherResearchTrainingPlan.ResourceSharingPlan.attFile.FileLocation,PHSFellowshipSupplemental,technical_field,,source-question:question:sha256:9b83b70b50964ba558ef98340483bc200de35ee5aca80ad9f34acbdce7a1fe34,question:sha256:9b83b70b50964ba558ef98340483bc200de35ee5aca80ad9f34acbdce7a1fe34,agent_proposed,,,technical-metadata,object,normalized_source_type,,https://apply07.grants.gov/apply/system/schemas/Attachments-V1.0.xsd,85f8e33df4641c56f3b6b96108690f89d214de8b5c864b1d6bd1e6bf8c7cc7bc,sha256:85f8e33df4641c56f3b6b96108690f89d214de8b5c864b1d6bd1e6bf8c7cc7bc,false
PHSFellowshipSupplemental,[Draft] PHS Fellowship Supplemental Form,8.0,,PHS_Fellowship_Supplemental_8_0.OtherResearchTrainingPlan.ResourceSharingPlan.attFile.FileName,PHSFellowshipSupplemental,technical_field,,source-question:question:sha256:a84dd9dc75a95ddafa154185d3a0a65e9be10c71afbcaccba7e5194015afa1e8,question:sha256:a84dd9dc75a95ddafa154185d3a0a65e9be10c71afbcaccba7e5194015afa1e8,agent_proposed,,,technical-metadata,object,xsd_declared_type,glob:StringMin1Max255Type,https://apply07.grants.gov/apply/system/schemas/Attachments-V1.0.xsd,85f8e33df4641c56f3b6b96108690f89d214de8b5c864b1d6bd1e6bf8c7cc7bc,sha256:85f8e33df4641c56f3b6b96108690f89d214de8b5c864b1d6bd1e6bf8c7cc7bc,false
PHSFellowshipSupplemental,[Draft] PHS Fellowship Supplemental Form,8.0,,PHS_Fellowship_Supplemental_8_0.OtherResearchTrainingPlan.ResourceSharingPlan.attFile.HashValue,PHSFellowshipSupplemental,technical_field,,source-question:question:sha256:bde0e5b419c7f8ee201c86f5c4fd3a7902f896679b0e16f40360558060155418,question:sha256:bde0e5b419c7f8ee201c86f5c4fd3a7902f896679b0e16f40360558060155418,agent_proposed,,,technical-metadata,object,normalized_source_type,base64Binary,https://apply07.grants.gov/apply/system/schemas/Global-V1.0.xsd,85f8e33df4641c56f3b6b96108690f89d214de8b5c864b1d6bd1e6bf8c7cc7bc,sha256:85f8e33df4641c56f3b6b96108690f89d214de8b5c864b1d6bd1e6bf8c7cc7bc,false
PHSFellowshipSupplemental,[Draft] PHS Fellowship Supplemental Form,8.0,,PHS_Fellowship_Supplemental_8_0.OtherResearchTrainingPlan.ResourceSharingPlan.attFile.MimeType,PHSFellowshipSupplemental,technical_field,,source-question:question:sha256:a08283ecb45b6c095d8e73a2fc6fb08bc66dad83a56fb16372f6f1b68502d1ec,question:sha256:a08283ecb45b6c095d8e73a2fc6fb08bc66dad83a56fb16372f6f1b68502d1ec,agent_proposed,,,technical-metadata,object,xsd_declared_type,glob:StringMin1Max255Type,https://apply07.grants.gov/apply/system/schemas/Attachments-V1.0.xsd,85f8e33df4641c56f3b6b96108690f89d214de8b5c864b1d6bd1e6bf8c7cc7bc,sha256:85f8e33df4641c56f3b6b96108690f89d214de8b5c864b1d6bd1e6bf8c7cc7bc,false
PHSFellowshipSupplemental,[Draft] PHS Fellowship Supplemental Form,8.0,OtherResearchTrainingPlan.SelectAgentResearch,PHS_Fellowship_Supplemental_8_0.OtherResearchTrainingPlan.SelectAgentResearch,SelectAgentResearch,technical_field,,source-question:question:sha256:e152e17f906a937385a1b8ef26269c88c76217503a70a2d3f1b5e9ccc7fa3a2c,question:sha256:e152e17f906a937385a1b8ef26269c88c76217503a70a2d3f1b5e9ccc7fa3a2c,agent_proposed,,,form-structure,object,normalized_source_type,FieldSet,https://apply07.grants.gov/apply/forms/schemas/PHS_Fellowship_Supplemental_8_0-V8.0.xsd,85f8e33df4641c56f3b6b96108690f89d214de8b5c864b1d6bd1e6bf8c7cc7bc,sha256:85f8e33df4641c56f3b6b96108690f89d214de8b5c864b1d6bd1e6bf8c7cc7bc,false
PHSFellowshipSupplemental,[Draft] PHS Fellowship Supplemental Form,8.0,OtherResearchTrainingPlan.SelectAgentResearch.attFile,PHS_Fellowship_Supplemental_8_0.OtherResearchTrainingPlan.SelectAgentResearch.attFile,att File,attachment,,concept:attachment:research-plan:select-agent-research,question:sha256:94ab9e11c9c3c6e7e0005f63184a4426027ecb8c052c33092991920636dd76b2,agent_proposed,,,attachment-content|semantic-domain-attachment,,xsd_declared_type,att:AttachedFileDataType,https://apply07.grants.gov/apply/forms/schemas/PHS_Fellowship_Supplemental_8_0-V8.0.xsd,85f8e33df4641c56f3b6b96108690f89d214de8b5c864b1d6bd1e6bf8c7cc7bc,sha256:85f8e33df4641c56f3b6b96108690f89d214de8b5c864b1d6bd1e6bf8c7cc7bc,false
PHSFellowshipSupplemental,[Draft] PHS Fellowship Supplemental Form,8.0,,PHS_Fellowship_Supplemental_8_0.OtherResearchTrainingPlan.SelectAgentResearch.attFile.FileLocation,PHSFellowshipSupplemental,technical_field,,source-question:question:sha256:6419375fb734cb24861aae921412a851f822d84fa709ffd358e56242dc298e23,question:sha256:6419375fb734cb24861aae921412a851f822d84fa709ffd358e56242dc298e23,agent_proposed,,,technical-metadata,object,normalized_source_type,,https://apply07.grants.gov/apply/system/schemas/Attachments-V1.0.xsd,85f8e33df4641c56f3b6b96108690f89d214de8b5c864b1d6bd1e6bf8c7cc7bc,sha256:85f8e33df4641c56f3b6b96108690f89d214de8b5c864b1d6bd1e6bf8c7cc7bc,false
PHSFellowshipSupplemental,[Draft] PHS Fellowship Supplemental Form,8.0,,PHS_Fellowship_Supplemental_8_0.OtherResearchTrainingPlan.SelectAgentResearch.attFile.FileName,PHSFellowshipSupplemental,technical_field,,source-question:question:sha256:b30fe4cec9b6b528e85ded99884d521d0385ac0707880690a55795dc1765bc0a,question:sha256:b30fe4cec9b6b528e85ded99884d521d0385ac0707880690a55795dc1765bc0a,agent_proposed,,,technical-metadata,object,xsd_declared_type,glob:StringMin1Max255Type,https://apply07.grants.gov/apply/system/schemas/Attachments-V1.0.xsd,85f8e33df4641c56f3b6b96108690f89d214de8b5c864b1d6bd1e6bf8c7cc7bc,sha256:85f8e33df4641c56f3b6b96108690f89d214de8b5c864b1d6bd1e6bf8c7cc7bc,false
PHSFellowshipSupplemental,[Draft] PHS Fellowship Supplemental Form,8.0,,PHS_Fellowship_Supplemental_8_0.OtherResearchTrainingPlan.SelectAgentResearch.attFile.HashValue,PHSFellowshipSupplemental,technical_field,,source-question:question:sha256:7bce77b7a33a0fa8c3e64bc8f3cd740a18f4b4c3e6443618144aac27aec58349,question:sha256:7bce77b7a33a0fa8c3e64bc8f3cd740a18f4b4c3e6443618144aac27aec58349,agent_proposed,,,technical-metadata,object,normalized_source_type,base64Binary,https://apply07.grants.gov/apply/system/schemas/Global-V1.0.xsd,85f8e33df4641c56f3b6b96108690f89d214de8b5c864b1d6bd1e6bf8c7cc7bc,sha256:85f8e33df4641c56f3b6b96108690f89d214de8b5c864b1d6bd1e6bf8c7cc7bc,false
PHSFellowshipSupplemental,[Draft] PHS Fellowship Supplemental Form,8.0,,PHS_Fellowship_Supplemental_8_0.OtherResearchTrainingPlan.SelectAgentResearch.attFile.MimeType,PHSFellowshipSupplemental,technical_field,,source-question:question:sha256:1ce5a3a50a1d6f714b8fba793bccfc7d231839d352b91b4927291345dbfde961,question:sha256:1ce5a3a50a1d6f714b8fba793bccfc7d231839d352b91b4927291345dbfde961,agent_proposed,,,technical-metadata,object,xsd_declared_type,glob:StringMin1Max255Type,https://apply07.grants.gov/apply/system/schemas/Attachments-V1.0.xsd,85f8e33df4641c56f3b6b96108690f89d214de8b5c864b1d6bd1e6bf8c7cc7bc,sha256:85f8e33df4641c56f3b6b96108690f89d214de8b5c864b1d6bd1e6bf8c7cc7bc,false
PHSFellowshipSupplemental,[Draft] PHS Fellowship Supplemental Form,8.0,OtherResearchTrainingPlan.VertebrateAnimals,PHS_Fellowship_Supplemental_8_0.OtherResearchTrainingPlan.VertebrateAnimals,VertebrateAnimals,technical_field,,source-question:question:sha256:878b035e65923c7a9bb2c8ac751c6118378ec5e8acb9ee290694c7169e2a2f8b,question:sha256:878b035e65923c7a9bb2c8ac751c6118378ec5e8acb9ee290694c7169e2a2f8b,agent_proposed,,,form-structure,object,normalized_source_type,FieldSet,https://apply07.grants.gov/apply/forms/schemas/PHS_Fellowship_Supplemental_8_0-V8.0.xsd,85f8e33df4641c56f3b6b96108690f89d214de8b5c864b1d6bd1e6bf8c7cc7bc,sha256:85f8e33df4641c56f3b6b96108690f89d214de8b5c864b1d6bd1e6bf8c7cc7bc,false
PHSFellowshipSupplemental,[Draft] PHS Fellowship Supplemental Form,8.0,OtherResearchTrainingPlan.VertebrateAnimals.attFile,PHS_Fellowship_Supplemental_8_0.OtherResearchTrainingPlan.VertebrateAnimals.attFile,att File,attachment,,concept:attachment:research-plan:vertebrate-animals,question:sha256:26c9f5cdb9f4c0b6f9a289fa311b338f78e05ef5f185e8085569a6e9551eedb6,agent_proposed,,,attachment-content|semantic-domain-attachment,,xsd_declared_type,att:AttachedFileDataType,https://apply07.grants.gov/apply/forms/schemas/PHS_Fellowship_Supplemental_8_0-V8.0.xsd,85f8e33df4641c56f3b6b96108690f89d214de8b5c864b1d6bd1e6bf8c7cc7bc,sha256:85f8e33df4641c56f3b6b96108690f89d214de8b5c864b1d6bd1e6bf8c7cc7bc,false
PHSFellowshipSupplemental,[Draft] PHS Fellowship Supplemental Form,8.0,,PHS_Fellowship_Supplemental_8_0.OtherResearchTrainingPlan.VertebrateAnimals.attFile.FileLocation,PHSFellowshipSupplemental,technical_field,,source-question:question:sha256:bc985da3682d302060079053096f8d1ae0a2c76563a320e32599527a127ca6fd,question:sha256:bc985da3682d302060079053096f8d1ae0a2c76563a320e32599527a127ca6fd,agent_proposed,,,technical-metadata,object,normalized_source_type,,https://apply07.grants.gov/apply/system/schemas/Attachments-V1.0.xsd,85f8e33df4641c56f3b6b96108690f89d214de8b5c864b1d6bd1e6bf8c7cc7bc,sha256:85f8e33df4641c56f3b6b96108690f89d214de8b5c864b1d6bd1e6bf8c7cc7bc,false
PHSFellowshipSupplemental,[Draft] PHS Fellowship Supplemental Form,8.0,,PHS_Fellowship_Supplemental_8_0.OtherResearchTrainingPlan.VertebrateAnimals.attFile.FileName,PHSFellowshipSupplemental,technical_field,,source-question:question:sha256:dfa7bb18a652dd7ddb00167c6752d9b0489a9c631c861ca7878285305c512f6e,question:sha256:dfa7bb18a652dd7ddb00167c6752d9b0489a9c631c861ca7878285305c512f6e,agent_proposed,,,technical-metadata,object,xsd_declared_type,glob:StringMin1Max255Type,https://apply07.grants.gov/apply/system/schemas/Attachments-V1.0.xsd,85f8e33df4641c56f3b6b96108690f89d214de8b5c864b1d6bd1e6bf8c7cc7bc,sha256:85f8e33df4641c56f3b6b96108690f89d214de8b5c864b1d6bd1e6bf8c7cc7bc,false
PHSFellowshipSupplemental,[Draft] PHS Fellowship Supplemental Form,8.0,,PHS_Fellowship_Supplemental_8_0.OtherResearchTrainingPlan.VertebrateAnimals.attFile.HashValue,PHSFellowshipSupplemental,technical_field,,source-question:question:sha256:adec7f0dca59983eb021aa40af748dc914a9b89a748f7bc8f1908f928b674d74,question:sha256:adec7f0dca59983eb021aa40af748dc914a9b89a748f7bc8f1908f928b674d74,agent_proposed,,,technical-metadata,object,normalized_source_type,base64Binary,https://apply07.grants.gov/apply/system/schemas/Global-V1.0.xsd,85f8e33df4641c56f3b6b96108690f89d214de8b5c864b1d6bd1e6bf8c7cc7bc,sha256:85f8e33df4641c56f3b6b96108690f89d214de8b5c864b1d6bd1e6bf8c7cc7bc,false
PHSFellowshipSupplemental,[Draft] PHS Fellowship Supplemental Form,8.0,,PHS_Fellowship_Supplemental_8_0.OtherResearchTrainingPlan.VertebrateAnimals.attFile.MimeType,PHSFellowshipSupplemental,technical_field,,source-question:question:sha256:2badeea9a1ce4805feb4d4cb970d9571c7b158629e8057b45414b8ef0aa092eb,question:sha256:2badeea9a1ce4805feb4d4cb970d9571c7b158629e8057b45414b8ef0aa092eb,agent_proposed,,,technical-metadata,object,xsd_declared_type,glob:StringMin1Max255Type,https://apply07.grants.gov/apply/system/schemas/Attachments-V1.0.xsd,85f8e33df4641c56f3b6b96108690f89d214de8b5c864b1d6bd1e6bf8c7cc7bc,sha256:85f8e33df4641c56f3b6b96108690f89d214de8b5c864b1d6bd1e6bf8c7cc7bc,false
PHSFellowshipSupplemental,[Draft] PHS Fellowship Supplemental Form,8.0,OtherResearchTrainingPlan.VertebrateAnimalsUsed,PHS_Fellowship_Supplemental_8_0.OtherResearchTrainingPlan.VertebrateAnimalsUsed,Vertebrate Animals Used,question,concept:research-policy:vertebrate-animals-involved,concept:research-policy:vertebrate-animals-involved,question:sha256:7ef245453b8ff2117419a17ca55cb607abe1355ccf392cf3f7d9aa440f18b274,agent_proposed,,,semantic-domain-research-policy,string,xsd_declared_type,globLib:YesNoDataType,https://apply07.grants.gov/apply/forms/schemas/PHS_Fellowship_Supplemental_8_0-V8.0.xsd,85f8e33df4641c56f3b6b96108690f89d214de8b5c864b1d6bd1e6bf8c7cc7bc,sha256:85f8e33df4641c56f3b6b96108690f89d214de8b5c864b1d6bd1e6bf8c7cc7bc,false
PHSFellowshipSupplemental,[Draft] PHS Fellowship Supplemental Form,8.0,ResearchTrainingPlan,PHS_Fellowship_Supplemental_8_0.ResearchTrainingPlan,ResearchTrainingPlan,technical_field,,source-question:question:sha256:ab4feeaf42594a027fd577206a00fb83f87d82d5c355286685f21cda1cf03704,question:sha256:ab4feeaf42594a027fd577206a00fb83f87d82d5c355286685f21cda1cf03704,agent_proposed,,,form-structure,object,normalized_source_type,FieldSet,https://apply07.grants.gov/apply/forms/schemas/PHS_Fellowship_Supplemental_8_0-V8.0.xsd,85f8e33df4641c56f3b6b96108690f89d214de8b5c864b1d6bd1e6bf8c7cc7bc,sha256:85f8e33df4641c56f3b6b96108690f89d214de8b5c864b1d6bd1e6bf8c7cc7bc,false
PHSFellowshipSupplemental,[Draft] PHS Fellowship Supplemental Form,8.0,ResearchTrainingPlan.ProgressReportPublicationList,PHS_Fellowship_Supplemental_8_0.ResearchTrainingPlan.ProgressReportPublicationList,ProgressReportPublicationList,technical_field,,source-question:question:sha256:8fd48f7a4c3cace799eb20c40b99748c8c70f6427501febb9345886770000019,question:sha256:8fd48f7a4c3cace799eb20c40b99748c8c70f6427501febb9345886770000019,agent_proposed,,,form-structure,object,normalized_source_type,FieldSet,https://apply07.grants.gov/apply/forms/schemas/PHS_Fellowship_Supplemental_8_0-V8.0.xsd,85f8e33df4641c56f3b6b96108690f89d214de8b5c864b1d6bd1e6bf8c7cc7bc,sha256:85f8e33df4641c56f3b6b96108690f89d214de8b5c864b1d6bd1e6bf8c7cc7bc,false
PHSFellowshipSupplemental,[Draft] PHS Fellowship Supplemental Form,8.0,ResearchTrainingPlan.ProgressReportPublicationList.attFile,PHS_Fellowship_Supplemental_8_0.ResearchTrainingPlan.ProgressReportPublicationList.attFile,att File,attachment,,concept:attachment:research-plan:progress-report-publication-list,question:sha256:fbf61fa3e1573412bee17b53e9205d941d16b9ee2a7b1229b14e2c6da4578dc8,agent_proposed,,,attachment-content|semantic-domain-attachment,,xsd_declared_type,att:AttachedFileDataType,https://apply07.grants.gov/apply/forms/schemas/PHS_Fellowship_Supplemental_8_0-V8.0.xsd,85f8e33df4641c56f3b6b96108690f89d214de8b5c864b1d6bd1e6bf8c7cc7bc,sha256:85f8e33df4641c56f3b6b96108690f89d214de8b5c864b1d6bd1e6bf8c7cc7bc,false
PHSFellowshipSupplemental,[Draft] PHS Fellowship Supplemental Form,8.0,,PHS_Fellowship_Supplemental_8_0.ResearchTrainingPlan.ProgressReportPublicationList.attFile.FileLocation,PHSFellowshipSupplemental,technical_field,,source-question:question:sha256:15237b8a3d6aab6187802e0afc39134e981749dbb61ad3810d3ac08a9ffbc957,question:sha256:15237b8a3d6aab6187802e0afc39134e981749dbb61ad3810d3ac08a9ffbc957,agent_proposed,,,technical-metadata,object,normalized_source_type,,https://apply07.grants.gov/apply/system/schemas/Attachments-V1.0.xsd,85f8e33df4641c56f3b6b96108690f89d214de8b5c864b1d6bd1e6bf8c7cc7bc,sha256:85f8e33df4641c56f3b6b96108690f89d214de8b5c864b1d6bd1e6bf8c7cc7bc,false
PHSFellowshipSupplemental,[Draft] PHS Fellowship Supplemental Form,8.0,,PHS_Fellowship_Supplemental_8_0.ResearchTrainingPlan.ProgressReportPublicationList.attFile.FileName,PHSFellowshipSupplemental,technical_field,,source-question:question:sha256:ed0ac7042316e50f5f76d2084a58fcc7df127dd16519fcc33722294293213133,question:sha256:ed0ac7042316e50f5f76d2084a58fcc7df127dd16519fcc33722294293213133,agent_proposed,,,technical-metadata,object,xsd_declared_type,glob:StringMin1Max255Type,https://apply07.grants.gov/apply/system/schemas/Attachments-V1.0.xsd,85f8e33df4641c56f3b6b96108690f89d214de8b5c864b1d6bd1e6bf8c7cc7bc,sha256:85f8e33df4641c56f3b6b96108690f89d214de8b5c864b1d6bd1e6bf8c7cc7bc,false
PHSFellowshipSupplemental,[Draft] PHS Fellowship Supplemental Form,8.0,,PHS_Fellowship_Supplemental_8_0.ResearchTrainingPlan.ProgressReportPublicationList.attFile.HashValue,PHSFellowshipSupplemental,technical_field,,source-question:question:sha256:6b552b03c4fbbd83c3dc426170e5b5ed8d379fc9df0a5cea8ef1741519ae3783,question:sha256:6b552b03c4fbbd83c3dc426170e5b5ed8d379fc9df0a5cea8ef1741519ae3783,agent_proposed,,,technical-metadata,object,normalized_source_type,base64Binary,https://apply07.grants.gov/apply/system/schemas/Global-V1.0.xsd,85f8e33df4641c56f3b6b96108690f89d214de8b5c864b1d6bd1e6bf8c7cc7bc,sha256:85f8e33df4641c56f3b6b96108690f89d214de8b5c864b1d6bd1e6bf8c7cc7bc,false
PHSFellowshipSupplemental,[Draft] PHS Fellowship Supplemental Form,8.0,,PHS_Fellowship_Supplemental_8_0.ResearchTrainingPlan.ProgressReportPublicationList.attFile.MimeType,PHSFellowshipSupplemental,technical_field,,source-question:question:sha256:5bda2c0c49bd4db66fe689419c2798a7435929db8e7682a53f23ba777147ab56,question:sha256:5bda2c0c49bd4db66fe689419c2798a7435929db8e7682a53f23ba777147ab56,agent_proposed,,,technical-metadata,object,xsd_declared_type,glob:StringMin1Max255Type,https://apply07.grants.gov/apply/system/schemas/Attachments-V1.0.xsd,85f8e33df4641c56f3b6b96108690f89d214de8b5c864b1d6bd1e6bf8c7cc7bc,sha256:85f8e33df4641c56f3b6b96108690f89d214de8b5c864b1d6bd1e6bf8c7cc7bc,false
PHSFellowshipSupplemental,[Draft] PHS Fellowship Supplemental Form,8.0,ResearchTrainingPlan.ResearchProjectAims,PHS_Fellowship_Supplemental_8_0.ResearchTrainingPlan.ResearchProjectAims,ResearchProjectAims,technical_field,,source-question:question:sha256:6e5822ca7f808ece0633aedfcc06fcbb4293701dde4566ccff72ad08521f3124,question:sha256:6e5822ca7f808ece0633aedfcc06fcbb4293701dde4566ccff72ad08521f3124,agent_proposed,,,form-structure,object,normalized_source_type,FieldSet,https://apply07.grants.gov/apply/forms/schemas/PHS_Fellowship_Supplemental_8_0-V8.0.xsd,85f8e33df4641c56f3b6b96108690f89d214de8b5c864b1d6bd1e6bf8c7cc7bc,sha256:85f8e33df4641c56f3b6b96108690f89d214de8b5c864b1d6bd1e6bf8c7cc7bc,false
PHSFellowshipSupplemental,[Draft] PHS Fellowship Supplemental Form,8.0,ResearchTrainingPlan.ResearchProjectAims.attFile,PHS_Fellowship_Supplemental_8_0.ResearchTrainingPlan.ResearchProjectAims.attFile,att File,attachment,,concept:attachment:research-plan:specific-aims,question:sha256:2c17a0c4fc9d565c882829fc818c81e6b65d9cbea4eeb54dd7a908e12def26bb,agent_proposed,,,attachment-content|semantic-domain-attachment,,xsd_declared_type,att:AttachedFileDataType,https://apply07.grants.gov/apply/forms/schemas/PHS_Fellowship_Supplemental_8_0-V8.0.xsd,85f8e33df4641c56f3b6b96108690f89d214de8b5c864b1d6bd1e6bf8c7cc7bc,sha256:85f8e33df4641c56f3b6b96108690f89d214de8b5c864b1d6bd1e6bf8c7cc7bc,false
PHSFellowshipSupplemental,[Draft] PHS Fellowship Supplemental Form,8.0,,PHS_Fellowship_Supplemental_8_0.ResearchTrainingPlan.ResearchProjectAims.attFile.FileLocation,PHSFellowshipSupplemental,technical_field,,source-question:question:sha256:5b717a7d01500a6183812ede46d554b2554ee77c87074b86ef8e91163af4d5ed,question:sha256:5b717a7d01500a6183812ede46d554b2554ee77c87074b86ef8e91163af4d5ed,agent_proposed,,,technical-metadata,object,normalized_source_type,,https://apply07.grants.gov/apply/system/schemas/Attachments-V1.0.xsd,85f8e33df4641c56f3b6b96108690f89d214de8b5c864b1d6bd1e6bf8c7cc7bc,sha256:85f8e33df4641c56f3b6b96108690f89d214de8b5c864b1d6bd1e6bf8c7cc7bc,false
PHSFellowshipSupplemental,[Draft] PHS Fellowship Supplemental Form,8.0,,PHS_Fellowship_Supplemental_8_0.ResearchTrainingPlan.ResearchProjectAims.attFile.FileName,PHSFellowshipSupplemental,technical_field,,source-question:question:sha256:51a12eb7bb1ec027e134c35fa3476742348a6d732974eabaa44dd28a302916d9,question:sha256:51a12eb7bb1ec027e134c35fa3476742348a6d732974eabaa44dd28a302916d9,agent_proposed,,,technical-metadata,object,xsd_declared_type,glob:StringMin1Max255Type,https://apply07.grants.gov/apply/system/schemas/Attachments-V1.0.xsd,85f8e33df4641c56f3b6b96108690f89d214de8b5c864b1d6bd1e6bf8c7cc7bc,sha256:85f8e33df4641c56f3b6b96108690f89d214de8b5c864b1d6bd1e6bf8c7cc7bc,false
PHSFellowshipSupplemental,[Draft] PHS Fellowship Supplemental Form,8.0,,PHS_Fellowship_Supplemental_8_0.ResearchTrainingPlan.ResearchProjectAims.attFile.HashValue,PHSFellowshipSupplemental,technical_field,,source-question:question:sha256:856041f552d92fc03c81517144c37cd95c89fd6f904f005fedb29c41fcd8b719,question:sha256:856041f552d92fc03c81517144c37cd95c89fd6f904f005fedb29c41fcd8b719,agent_proposed,,,technical-metadata,object,normalized_source_type,base64Binary,https://apply07.grants.gov/apply/system/schemas/Global-V1.0.xsd,85f8e33df4641c56f3b6b96108690f89d214de8b5c864b1d6bd1e6bf8c7cc7bc,sha256:85f8e33df4641c56f3b6b96108690f89d214de8b5c864b1d6bd1e6bf8c7cc7bc,false
PHSFellowshipSupplemental,[Draft] PHS Fellowship Supplemental Form,8.0,,PHS_Fellowship_Supplemental_8_0.ResearchTrainingPlan.ResearchProjectAims.attFile.MimeType,PHSFellowshipSupplemental,technical_field,,source-question:question:sha256:b18aae5c6d60aea0a63b015aac69aac28c09e7c0f3af2eef94b52f418cd5cfe0,question:sha256:b18aae5c6d60aea0a63b015aac69aac28c09e7c0f3af2eef94b52f418cd5cfe0,agent_proposed,,,technical-metadata,object,xsd_declared_type,glob:StringMin1Max255Type,https://apply07.grants.gov/apply/system/schemas/Attachments-V1.0.xsd,85f8e33df4641c56f3b6b96108690f89d214de8b5c864b1d6bd1e6bf8c7cc7bc,sha256:85f8e33df4641c56f3b6b96108690f89d214de8b5c864b1d6bd1e6bf8c7cc7bc,false
PHSFellowshipSupplemental,[Draft] PHS Fellowship Supplemental Form,8.0,ResearchTrainingPlan.ResearchProjectStrategy,PHS_Fellowship_Supplemental_8_0.ResearchTrainingPlan.ResearchProjectStrategy,ResearchProjectStrategy,technical_field,,source-question:question:sha256:5fd92af5489f5409ab6e29731105a2d494c1b1e91d6f2b9e292bbf51b0b082df,question:sha256:5fd92af5489f5409ab6e29731105a2d494c1b1e91d6f2b9e292bbf51b0b082df,agent_proposed,,,form-structure,object,normalized_source_type,FieldSet,https://apply07.grants.gov/apply/forms/schemas/PHS_Fellowship_Supplemental_8_0-V8.0.xsd,85f8e33df4641c56f3b6b96108690f89d214de8b5c864b1d6bd1e6bf8c7cc7bc,sha256:85f8e33df4641c56f3b6b96108690f89d214de8b5c864b1d6bd1e6bf8c7cc7bc,false
PHSFellowshipSupplemental,[Draft] PHS Fellowship Supplemental Form,8.0,ResearchTrainingPlan.ResearchProjectStrategy.attFile,PHS_Fellowship_Supplemental_8_0.ResearchTrainingPlan.ResearchProjectStrategy.attFile,att File,attachment,,concept:attachment:research-plan:research-strategy,question:sha256:2abba7c0f8826c34d24eacfab6f6e911e6a89c8d50ecf26f4436ad6091961cd7,agent_proposed,,,attachment-content|semantic-domain-attachment,,xsd_declared_type,att:AttachedFileDataType,https://apply07.grants.gov/apply/forms/schemas/PHS_Fellowship_Supplemental_8_0-V8.0.xsd,85f8e33df4641c56f3b6b96108690f89d214de8b5c864b1d6bd1e6bf8c7cc7bc,sha256:85f8e33df4641c56f3b6b96108690f89d214de8b5c864b1d6bd1e6bf8c7cc7bc,false
PHSFellowshipSupplemental,[Draft] PHS Fellowship Supplemental Form,8.0,,PHS_Fellowship_Supplemental_8_0.ResearchTrainingPlan.ResearchProjectStrategy.attFile.FileLocation,PHSFellowshipSupplemental,technical_field,,source-question:question:sha256:b6f2a1751c208364fee1015695f8c244c08c3fb39cf9eecb3ff7ffafa2d5e4aa,question:sha256:b6f2a1751c208364fee1015695f8c244c08c3fb39cf9eecb3ff7ffafa2d5e4aa,agent_proposed,,,technical-metadata,object,normalized_source_type,,https://apply07.grants.gov/apply/system/schemas/Attachments-V1.0.xsd,85f8e33df4641c56f3b6b96108690f89d214de8b5c864b1d6bd1e6bf8c7cc7bc,sha256:85f8e33df4641c56f3b6b96108690f89d214de8b5c864b1d6bd1e6bf8c7cc7bc,false
PHSFellowshipSupplemental,[Draft] PHS Fellowship Supplemental Form,8.0,,PHS_Fellowship_Supplemental_8_0.ResearchTrainingPlan.ResearchProjectStrategy.attFile.FileName,PHSFellowshipSupplemental,technical_field,,source-question:question:sha256:95673295a8ae30b511f3cd7eb9168de929dd351436974dccede79fc52c4b62be,question:sha256:95673295a8ae30b511f3cd7eb9168de929dd351436974dccede79fc52c4b62be,agent_proposed,,,technical-metadata,object,xsd_declared_type,glob:StringMin1Max255Type,https://apply07.grants.gov/apply/system/schemas/Attachments-V1.0.xsd,85f8e33df4641c56f3b6b96108690f89d214de8b5c864b1d6bd1e6bf8c7cc7bc,sha256:85f8e33df4641c56f3b6b96108690f89d214de8b5c864b1d6bd1e6bf8c7cc7bc,false
PHSFellowshipSupplemental,[Draft] PHS Fellowship Supplemental Form,8.0,,PHS_Fellowship_Supplemental_8_0.ResearchTrainingPlan.ResearchProjectStrategy.attFile.HashValue,PHSFellowshipSupplemental,technical_field,,source-question:question:sha256:3784476f7a5749e4a7a123c0cf088cdf03d44472aee3a2bd59423686822c5a5a,question:sha256:3784476f7a5749e4a7a123c0cf088cdf03d44472aee3a2bd59423686822c5a5a,agent_proposed,,,technical-metadata,object,normalized_source_type,base64Binary,https://apply07.grants.gov/apply/system/schemas/Global-V1.0.xsd,85f8e33df4641c56f3b6b96108690f89d214de8b5c864b1d6bd1e6bf8c7cc7bc,sha256:85f8e33df4641c56f3b6b96108690f89d214de8b5c864b1d6bd1e6bf8c7cc7bc,false
PHSFellowshipSupplemental,[Draft] PHS Fellowship Supplemental Form,8.0,,PHS_Fellowship_Supplemental_8_0.ResearchTrainingPlan.ResearchProjectStrategy.attFile.MimeType,PHSFellowshipSupplemental,technical_field,,source-question:question:sha256:89a6daded6405f13e5e1d397dc566dfc47bbe1b7262bd797fe0b4af146c18e4d,question:sha256:89a6daded6405f13e5e1d397dc566dfc47bbe1b7262bd797fe0b4af146c18e4d,agent_proposed,,,technical-metadata,object,xsd_declared_type,glob:StringMin1Max255Type,https://apply07.grants.gov/apply/system/schemas/Attachments-V1.0.xsd,85f8e33df4641c56f3b6b96108690f89d214de8b5c864b1d6bd1e6bf8c7cc7bc,sha256:85f8e33df4641c56f3b6b96108690f89d214de8b5c864b1d6bd1e6bf8c7cc7bc,false
PHSFellowshipSupplemental,[Draft] PHS Fellowship Supplemental Form,8.0,ResearchTrainingPlan.TrainingActivities,PHS_Fellowship_Supplemental_8_0.ResearchTrainingPlan.TrainingActivities,TrainingActivities,technical_field,,source-question:question:sha256:1664a0e883e882da2cf483d1a615910234f37d906cd5d71e91f4fc10dca45809,question:sha256:1664a0e883e882da2cf483d1a615910234f37d906cd5d71e91f4fc10dca45809,agent_proposed,,,form-structure,object,normalized_source_type,FieldSet,https://apply07.grants.gov/apply/forms/schemas/PHS_Fellowship_Supplemental_8_0-V8.0.xsd,85f8e33df4641c56f3b6b96108690f89d214de8b5c864b1d6bd1e6bf8c7cc7bc,sha256:85f8e33df4641c56f3b6b96108690f89d214de8b5c864b1d6bd1e6bf8c7cc7bc,false
PHSFellowshipSupplemental,[Draft] PHS Fellowship Supplemental Form,8.0,ResearchTrainingPlan.TrainingActivities.attFile,PHS_Fellowship_Supplemental_8_0.ResearchTrainingPlan.TrainingActivities.attFile,att File,attachment,,concept:attachment:fellowship:training-activities,question:sha256:d240c0d2c2d8bf8678777bc094058f7909f7a5b2e87d60e804127dacd7d16f21,agent_proposed,,,attachment-content|semantic-domain-attachment,,xsd_declared_type,att:AttachedFileDataType,https://apply07.grants.gov/apply/forms/schemas/PHS_Fellowship_Supplemental_8_0-V8.0.xsd,85f8e33df4641c56f3b6b96108690f89d214de8b5c864b1d6bd1e6bf8c7cc7bc,sha256:85f8e33df4641c56f3b6b96108690f89d214de8b5c864b1d6bd1e6bf8c7cc7bc,false
PHSFellowshipSupplemental,[Draft] PHS Fellowship Supplemental Form,8.0,,PHS_Fellowship_Supplemental_8_0.ResearchTrainingPlan.TrainingActivities.attFile.FileLocation,PHSFellowshipSupplemental,technical_field,,source-question:question:sha256:95025c764871b526d58c1bb1219d92a6e4776a29194e55888a7d476b955e91cc,question:sha256:95025c764871b526d58c1bb1219d92a6e4776a29194e55888a7d476b955e91cc,agent_proposed,,,technical-metadata,object,normalized_source_type,,https://apply07.grants.gov/apply/system/schemas/Attachments-V1.0.xsd,85f8e33df4641c56f3b6b96108690f89d214de8b5c864b1d6bd1e6bf8c7cc7bc,sha256:85f8e33df4641c56f3b6b96108690f89d214de8b5c864b1d6bd1e6bf8c7cc7bc,false
PHSFellowshipSupplemental,[Draft] PHS Fellowship Supplemental Form,8.0,,PHS_Fellowship_Supplemental_8_0.ResearchTrainingPlan.TrainingActivities.attFile.FileName,PHSFellowshipSupplemental,technical_field,,source-question:question:sha256:afd1baa78605379f975ef55a6684aa05c9756ea29cbbd6577cedeb1aa15b6218,question:sha256:afd1baa78605379f975ef55a6684aa05c9756ea29cbbd6577cedeb1aa15b6218,agent_proposed,,,technical-metadata,object,xsd_declared_type,glob:StringMin1Max255Type,https://apply07.grants.gov/apply/system/schemas/Attachments-V1.0.xsd,85f8e33df4641c56f3b6b96108690f89d214de8b5c864b1d6bd1e6bf8c7cc7bc,sha256:85f8e33df4641c56f3b6b96108690f89d214de8b5c864b1d6bd1e6bf8c7cc7bc,false
PHSFellowshipSupplemental,[Draft] PHS Fellowship Supplemental Form,8.0,,PHS_Fellowship_Supplemental_8_0.ResearchTrainingPlan.TrainingActivities.attFile.HashValue,PHSFellowshipSupplemental,technical_field,,source-question:question:sha256:7e6710fd331fb7a3f5a8efeb18facf9fef0b6f2dc8c045e66b05136ebb16699a,question:sha256:7e6710fd331fb7a3f5a8efeb18facf9fef0b6f2dc8c045e66b05136ebb16699a,agent_proposed,,,technical-metadata,object,normalized_source_type,base64Binary,https://apply07.grants.gov/apply/system/schemas/Global-V1.0.xsd,85f8e33df4641c56f3b6b96108690f89d214de8b5c864b1d6bd1e6bf8c7cc7bc,sha256:85f8e33df4641c56f3b6b96108690f89d214de8b5c864b1d6bd1e6bf8c7cc7bc,false
PHSFellowshipSupplemental,[Draft] PHS Fellowship Supplemental Form,8.0,,PHS_Fellowship_Supplemental_8_0.ResearchTrainingPlan.TrainingActivities.attFile.MimeType,PHSFellowshipSupplemental,technical_field,,source-question:question:sha256:daf269142286e4790d955a2d587ec719acb036ba7214504585920f221efc4e05,question:sha256:daf269142286e4790d955a2d587ec719acb036ba7214504585920f221efc4e05,agent_proposed,,,technical-metadata,object,xsd_declared_type,glob:StringMin1Max255Type,https://apply07.grants.gov/apply/system/schemas/Attachments-V1.0.xsd,85f8e33df4641c56f3b6b96108690f89d214de8b5c864b1d6bd1e6bf8c7cc7bc,sha256:85f8e33df4641c56f3b6b96108690f89d214de8b5c864b1d6bd1e6bf8c7cc7bc,false
PHSFellowshipSupplemental,[Draft] PHS Fellowship Supplemental Form,8.0,ResearchTrainingPlan.TrainingInResponsibleConductOfResearch,PHS_Fellowship_Supplemental_8_0.ResearchTrainingPlan.TrainingInResponsibleConductOfResearch,TrainingInResponsibleConductOfResearch,technical_field,,source-question:question:sha256:909f54500b3591afb5ba9027171a4a4baac0a0b769280ad2a102700dfe3b6210,question:sha256:909f54500b3591afb5ba9027171a4a4baac0a0b769280ad2a102700dfe3b6210,agent_proposed,,,form-structure,object,normalized_source_type,FieldSet,https://apply07.grants.gov/apply/forms/schemas/PHS_Fellowship_Supplemental_8_0-V8.0.xsd,85f8e33df4641c56f3b6b96108690f89d214de8b5c864b1d6bd1e6bf8c7cc7bc,sha256:85f8e33df4641c56f3b6b96108690f89d214de8b5c864b1d6bd1e6bf8c7cc7bc,false
PHSFellowshipSupplemental,[Draft] PHS Fellowship Supplemental Form,8.0,ResearchTrainingPlan.TrainingInResponsibleConductOfResearch.attFile,PHS_Fellowship_Supplemental_8_0.ResearchTrainingPlan.TrainingInResponsibleConductOfResearch.attFile,att File,attachment,,concept:attachment:fellowship:responsible-conduct-training,question:sha256:e7b0b6219315e827902f3a3c3041afc848c657e1faaf94b6e1a7d95fe1aa4f97,agent_proposed,,,attachment-content|semantic-domain-attachment,,xsd_declared_type,att:AttachedFileDataType,https://apply07.grants.gov/apply/forms/schemas/PHS_Fellowship_Supplemental_8_0-V8.0.xsd,85f8e33df4641c56f3b6b96108690f89d214de8b5c864b1d6bd1e6bf8c7cc7bc,sha256:85f8e33df4641c56f3b6b96108690f89d214de8b5c864b1d6bd1e6bf8c7cc7bc,false
PHSFellowshipSupplemental,[Draft] PHS Fellowship Supplemental Form,8.0,,PHS_Fellowship_Supplemental_8_0.ResearchTrainingPlan.TrainingInResponsibleConductOfResearch.attFile.FileLocation,PHSFellowshipSupplemental,technical_field,,source-question:question:sha256:bedac45d8670860e02778abfbc78efe49ea80c90798ea34bf5c3402f870625a6,question:sha256:bedac45d8670860e02778abfbc78efe49ea80c90798ea34bf5c3402f870625a6,agent_proposed,,,technical-metadata,object,normalized_source_type,,https://apply07.grants.gov/apply/system/schemas/Attachments-V1.0.xsd,85f8e33df4641c56f3b6b96108690f89d214de8b5c864b1d6bd1e6bf8c7cc7bc,sha256:85f8e33df4641c56f3b6b96108690f89d214de8b5c864b1d6bd1e6bf8c7cc7bc,false
PHSFellowshipSupplemental,[Draft] PHS Fellowship Supplemental Form,8.0,,PHS_Fellowship_Supplemental_8_0.ResearchTrainingPlan.TrainingInResponsibleConductOfResearch.attFile.FileName,PHSFellowshipSupplemental,technical_field,,source-question:question:sha256:87c60c750c6a5683f182c52b70dabd2c18ace19a46d123ef838d7d473911d1e1,question:sha256:87c60c750c6a5683f182c52b70dabd2c18ace19a46d123ef838d7d473911d1e1,agent_proposed,,,technical-metadata,object,xsd_declared_type,glob:StringMin1Max255Type,https://apply07.grants.gov/apply/system/schemas/Attachments-V1.0.xsd,85f8e33df4641c56f3b6b96108690f89d214de8b5c864b1d6bd1e6bf8c7cc7bc,sha256:85f8e33df4641c56f3b6b96108690f89d214de8b5c864b1d6bd1e6bf8c7cc7bc,false
PHSFellowshipSupplemental,[Draft] PHS Fellowship Supplemental Form,8.0,,PHS_Fellowship_Supplemental_8_0.ResearchTrainingPlan.TrainingInResponsibleConductOfResearch.attFile.HashValue,PHSFellowshipSupplemental,technical_field,,source-question:question:sha256:e2f57b0d702f0a9d420c7869fd67bdc30832d5d93a80e50c7560360eeb7eb9d3,question:sha256:e2f57b0d702f0a9d420c7869fd67bdc30832d5d93a80e50c7560360eeb7eb9d3,agent_proposed,,,technical-metadata,object,normalized_source_type,base64Binary,https://apply07.grants.gov/apply/system/schemas/Global-V1.0.xsd,85f8e33df4641c56f3b6b96108690f89d214de8b5c864b1d6bd1e6bf8c7cc7bc,sha256:85f8e33df4641c56f3b6b96108690f89d214de8b5c864b1d6bd1e6bf8c7cc7bc,false
PHSFellowshipSupplemental,[Draft] PHS Fellowship Supplemental Form,8.0,,PHS_Fellowship_Supplemental_8_0.ResearchTrainingPlan.TrainingInResponsibleConductOfResearch.attFile.MimeType,PHSFellowshipSupplemental,technical_field,,source-question:question:sha256:89fe149ba69b3ca17b729ca393af58ad2a898756eb7aa689e0ccac800bcad0cd,question:sha256:89fe149ba69b3ca17b729ca393af58ad2a898756eb7aa689e0ccac800bcad0cd,agent_proposed,,,technical-metadata,object,xsd_declared_type,glob:StringMin1Max255Type,https://apply07.grants.gov/apply/system/schemas/Attachments-V1.0.xsd,85f8e33df4641c56f3b6b96108690f89d214de8b5c864b1d6bd1e6bf8c7cc7bc,sha256:85f8e33df4641c56f3b6b96108690f89d214de8b5c864b1d6bd1e6bf8c7cc7bc,false
RRBudget,[Draft] Research & Related Budget,3.0,budget_justification_attachment,RR_Budget_3_0.BudgetJustificationAttachment,L. Budget Justification (Only attach one file.),question,concept:attachment:budget-narrative,concept:attachment:budget-narrative,question:sha256:ec3e5402d25b65f7947669e108b27e913d30f2012c6cb5678bfeabf65adb9013,agent_proposed,,,,,,,https://apply07.grants.gov/apply/forms/schemas/RR_Budget_3_0-V3.0.xsd,d474010f85819549990de65fc51292bed08ba98ac0895d0dde9513fbe855cdbc,,false
RRBudget,[Draft] Research & Related Budget,3.0,budget_summary.cumulative_adp_computer_services,RR_Budget_3_0.BudgetSummary.CumulativeADPComputerServices,4. ADP/Computer Services,calculation,,,question:sha256:964913076f9a6b26dcc1c2711bdc3899b1a54aaf4861573acd4725bc2c4a4fa4,unmapped,,,,string,,,https://apply07.grants.gov/apply/forms/schemas/RR_Budget_3_0-V3.0.xsd,d474010f85819549990de65fc51292bed08ba98ac0895d0dde9513fbe855cdbc,,false
RRBudget,[Draft] Research & Related Budget,3.0,budget_summary.cumulative_alterations_and_renovations,RR_Budget_3_0.BudgetSummary.CumulativeAlterationsAndRenovations,7. Alterations and Renovations,calculation,,,question:sha256:867bc24bb7f82d847f1727b8c6a5fdd40b3a13b3d8ef1f862676299eb180578c,unmapped,,,,string,,,https://apply07.grants.gov/apply/forms/schemas/RR_Budget_3_0-V3.0.xsd,d474010f85819549990de65fc51292bed08ba98ac0895d0dde9513fbe855cdbc,,false
RRBudget,[Draft] Research & Related Budget,3.0,budget_summary.cumulative_consultant_services,RR_Budget_3_0.BudgetSummary.CumulativeConsultantServices,3. Consultant Services,calculation,,,question:sha256:91c436ff4dd98553348a0d115899ef7d6b1c72abc2d0e1496fac29d0a29468e3,unmapped,,,,string,,,https://apply07.grants.gov/apply/forms/schemas/RR_Budget_3_0-V3.0.xsd,d474010f85819549990de65fc51292bed08ba98ac0895d0dde9513fbe855cdbc,,false
RRBudget,[Draft] Research & Related Budget,3.0,budget_summary.cumulative_domestic_travel_costs,RR_Budget_3_0.BudgetSummary.CumulativeDomesticTravelCosts,1. Domestic,calculation,,,question:sha256:27367b468b418eaa94b39a71508b6c8c5442b09413164d12cdac1d7e2bfe452f,unmapped,,,,string,,,https://apply07.grants.gov/apply/forms/schemas/RR_Budget_3_0-V3.0.xsd,d474010f85819549990de65fc51292bed08ba98ac0895d0dde9513fbe855cdbc,,false
RRBudget,[Draft] Research & Related Budget,3.0,budget_summary.cumulative_equipment_facility_rental_fees,RR_Budget_3_0.BudgetSummary.CumulativeEquipmentFacilityRentalFees,6. Equipment or Facility Rental/User Fees,calculation,,,question:sha256:83792514222c3708a8bdf29bebfe86b507d4771db58e4d8888d844784e75adc0,unmapped,,,,string,,,https://apply07.grants.gov/apply/forms/schemas/RR_Budget_3_0-V3.0.xsd,d474010f85819549990de65fc51292bed08ba98ac0895d0dde9513fbe855cdbc,,false
RRBudget,[Draft] Research & Related Budget,3.0,budget_summary.cumulative_fee,RR_Budget_3_0.BudgetSummary.CumulativeFee,"Section J, Fee",calculation,,,question:sha256:78f6f7db3800913dff39f6c9cd32c7a98480e6bfd5d849d1cfe7fc5acfb190f8,unmapped,,,,string,,,https://apply07.grants.gov/apply/forms/schemas/RR_Budget_3_0-V3.0.xsd,d474010f85819549990de65fc51292bed08ba98ac0895d0dde9513fbe855cdbc,,false
RRBudget,[Draft] Research & Related Budget,3.0,budget_summary.cumulative_foreign_travel_costs,RR_Budget_3_0.BudgetSummary.CumulativeForeignTravelCosts,2. Foreign,calculation,,,question:sha256:00452722eab886308a28478a39298d3946f34890761b687e506b6ed3ed2999fd,unmapped,,,,string,,,https://apply07.grants.gov/apply/forms/schemas/RR_Budget_3_0-V3.0.xsd,d474010f85819549990de65fc51292bed08ba98ac0895d0dde9513fbe855cdbc,,false
RRBudget,[Draft] Research & Related Budget,3.0,budget_summary.cumulative_material_and_supplies,RR_Budget_3_0.BudgetSummary.CumulativeMaterialAndSupplies,1. Materials and Supplies,calculation,,,question:sha256:ec34c6757d63b68e17bd9e517bc02df88912c48648dcbc5cea146271db8c3ba6,unmapped,,,,string,,,https://apply07.grants.gov/apply/forms/schemas/RR_Budget_3_0-V3.0.xsd,d474010f85819549990de65fc51292bed08ba98ac0895d0dde9513fbe855cdbc,,false
RRBudget,[Draft] Research & Related Budget,3.0,budget_summary.cumulative_noof_trainees,RR_Budget_3_0.BudgetSummary.CumulativeNoofTrainees,6. Number of Participants/Trainees,calculation,,,question:sha256:fc543a22d22b7ccd65e9ddb91941493c2d60c921b1e0875e66e6bc51c47db77f,unmapped,,,,integer,,,https://apply07.grants.gov/apply/forms/schemas/RR_Budget_3_0-V3.0.xsd,d474010f85819549990de65fc51292bed08ba98ac0895d0dde9513fbe855cdbc,,false
RRBudget,[Draft] Research & Related Budget,3.0,budget_summary.cumulative_other_10_direct_cost,RR_Budget_3_0.BudgetSummary.CumulativeOther10DirectCost,17. Other 10,calculation,,,question:sha256:5289ea92548f9bfa0db6538f9747acde46a61a55d19d5f8883c527112168ebec,unmapped,,,,string,,,https://apply07.grants.gov/apply/forms/schemas/RR_Budget_3_0-V3.0.xsd,d474010f85819549990de65fc51292bed08ba98ac0895d0dde9513fbe855cdbc,,false
RRBudget,[Draft] Research & Related Budget,3.0,budget_summary.cumulative_other_1_direct_cost,RR_Budget_3_0.BudgetSummary.CumulativeOther1DirectCost,8. Other 1,calculation,,,question:sha256:4e99e1a48562264e37170a18d501238687818476207044fbed13670eaea4804f,unmapped,,,,string,,,https://apply07.grants.gov/apply/forms/schemas/RR_Budget_3_0-V3.0.xsd,d474010f85819549990de65fc51292bed08ba98ac0895d0dde9513fbe855cdbc,,false
RRBudget,[Draft] Research & Related Budget,3.0,budget_summary.cumulative_other_2_direct_cost,RR_Budget_3_0.BudgetSummary.CumulativeOther2DirectCost,9. Other 2,calculation,,,question:sha256:31d20cd5e0e5395fbf3ac9a8d4d7587b540bf2d282443dee79eadd5436c486ac,unmapped,,,,string,,,https://apply07.grants.gov/apply/forms/schemas/RR_Budget_3_0-V3.0.xsd,d474010f85819549990de65fc51292bed08ba98ac0895d0dde9513fbe855cdbc,,false
RRBudget,[Draft] Research & Related Budget,3.0,budget_summary.cumulative_other_3_direct_cost,RR_Budget_3_0.BudgetSummary.CumulativeOther3DirectCost,10. Other 3,calculation,,,question:sha256:6d59f5a7cdf6c295e281d7ab923a4844930f34b20941a87d4816bfd8ba03e3e9,unmapped,,,,string,,,https://apply07.grants.gov/apply/forms/schemas/RR_Budget_3_0-V3.0.xsd,d474010f85819549990de65fc51292bed08ba98ac0895d0dde9513fbe855cdbc,,false
RRBudget,[Draft] Research & Related Budget,3.0,budget_summary.cumulative_other_4_direct_cost,RR_Budget_3_0.BudgetSummary.CumulativeOther4DirectCost,11. Other 4,calculation,,,question:sha256:d20cfe63ee21e3dd308f366aa2dae0daa829bf388536022b2dfb201463fe2801,unmapped,,,,string,,,https://apply07.grants.gov/apply/forms/schemas/RR_Budget_3_0-V3.0.xsd,d474010f85819549990de65fc51292bed08ba98ac0895d0dde9513fbe855cdbc,,false
RRBudget,[Draft] Research & Related Budget,3.0,budget_summary.cumulative_other_5_direct_cost,RR_Budget_3_0.BudgetSummary.CumulativeOther5DirectCost,12. Other 5,calculation,,,question:sha256:b06d989c53ba18313da085153b08e59f471d94831e12118fd857ff6690bbbfdd,unmapped,,,,string,,,https://apply07.grants.gov/apply/forms/schemas/RR_Budget_3_0-V3.0.xsd,d474010f85819549990de65fc51292bed08ba98ac0895d0dde9513fbe855cdbc,,false
RRBudget,[Draft] Research & Related Budget,3.0,budget_summary.cumulative_other_6_direct_cost,RR_Budget_3_0.BudgetSummary.CumulativeOther6DirectCost,13. Other 6,calculation,,,question:sha256:f2e7818030d65cd0ce6e3f23c65c8e20d3d0275be78e7efa27affaae946bc617,unmapped,,,,string,,,https://apply07.grants.gov/apply/forms/schemas/RR_Budget_3_0-V3.0.xsd,d474010f85819549990de65fc51292bed08ba98ac0895d0dde9513fbe855cdbc,,false
RRBudget,[Draft] Research & Related Budget,3.0,budget_summary.cumulative_other_7_direct_cost,RR_Budget_3_0.BudgetSummary.CumulativeOther7DirectCost,14. Other 7,calculation,,,question:sha256:ab93eb401c211e882e7421842cc00b1071ce34742ebf2e4e51c19c8caea1ab13,unmapped,,,,string,,,https://apply07.grants.gov/apply/forms/schemas/RR_Budget_3_0-V3.0.xsd,d474010f85819549990de65fc51292bed08ba98ac0895d0dde9513fbe855cdbc,,false
RRBudget,[Draft] Research & Related Budget,3.0,budget_summary.cumulative_other_8_direct_cost,RR_Budget_3_0.BudgetSummary.CumulativeOther8DirectCost,15. Other 8,calculation,,,question:sha256:a0f554e655f16af273daf2c751c225e5a7e1a9b94ba337d95cc1a918e85b33f6,unmapped,,,,string,,,https://apply07.grants.gov/apply/forms/schemas/RR_Budget_3_0-V3.0.xsd,d474010f85819549990de65fc51292bed08ba98ac0895d0dde9513fbe855cdbc,,false
RRBudget,[Draft] Research & Related Budget,3.0,budget_summary.cumulative_other_9_direct_cost,RR_Budget_3_0.BudgetSummary.CumulativeOther9DirectCost,16. Other 9,calculation,,,question:sha256:e7f6e5ae53d3361c6748fa217d00be51184ff88fc755a45bc6638d56a3cb293f,unmapped,,,,string,,,https://apply07.grants.gov/apply/forms/schemas/RR_Budget_3_0-V3.0.xsd,d474010f85819549990de65fc51292bed08ba98ac0895d0dde9513fbe855cdbc,,false
RRBudget,[Draft] Research & Related Budget,3.0,budget_summary.cumulative_other_trainee_cost,RR_Budget_3_0.BudgetSummary.CumulativeOtherTraineeCost,5. Other,calculation,,,question:sha256:fedb76773be76e4bc28650ea638eae09d75898cd0f819164414049fdd2ea962b,unmapped,,,,string,,,https://apply07.grants.gov/apply/forms/schemas/RR_Budget_3_0-V3.0.xsd,d474010f85819549990de65fc51292bed08ba98ac0895d0dde9513fbe855cdbc,,false
RRBudget,[Draft] Research & Related Budget,3.0,budget_summary.cumulative_publication_costs,RR_Budget_3_0.BudgetSummary.CumulativePublicationCosts,2. Publication Costs,calculation,,,question:sha256:c6beeaec4f660a0d04db7c4875d56a00585cff83a59bc2330901534fb80ed9b9,unmapped,,,,string,,,https://apply07.grants.gov/apply/forms/schemas/RR_Budget_3_0-V3.0.xsd,d474010f85819549990de65fc51292bed08ba98ac0895d0dde9513fbe855cdbc,,false
RRBudget,[Draft] Research & Related Budget,3.0,budget_summary.cumulative_subaward_consortium_contractual_costs,RR_Budget_3_0.BudgetSummary.CumulativeSubawardConsortiumContractualCosts,5. Subawards/Consortium/Contractual Costs,calculation,,,question:sha256:e43b96d92bf3e372860353ff9398f6d9a4f034da7df601a23fb521dc80f51c30,unmapped,,,,string,,,https://apply07.grants.gov/apply/forms/schemas/RR_Budget_3_0-V3.0.xsd,d474010f85819549990de65fc51292bed08ba98ac0895d0dde9513fbe855cdbc,,false
RRBudget,[Draft] Research & Related Budget,3.0,budget_summary.cumulative_total_costs_fee,RR_Budget_3_0.BudgetSummary.CumulativeTotalCostsFee,"Section K, Total Costs and Fee (I + J)",calculation,,,question:sha256:43f5a2aa43ec002564e2d55b2216a0c67512dbf17503cbda5bbc9e2b41399648,unmapped,,,,string,,,https://apply07.grants.gov/apply/forms/schemas/RR_Budget_3_0-V3.0.xsd,d474010f85819549990de65fc51292bed08ba98ac0895d0dde9513fbe855cdbc,,false
RRBudget,[Draft] Research & Related Budget,3.0,budget_summary.cumulative_total_funds_requested_direct_costs,RR_Budget_3_0.BudgetSummary.CumulativeTotalFundsRequestedDirectCosts,"Section G, Direct Costs (A thru F)",calculation,,,question:sha256:d2997bbc17ff7eed0832783ea25d36b177a6f4e1fb2cfb29a8e83aa567cceacb,unmapped,,,,string,,,https://apply07.grants.gov/apply/forms/schemas/RR_Budget_3_0-V3.0.xsd,d474010f85819549990de65fc51292bed08ba98ac0895d0dde9513fbe855cdbc,,false
RRBudget,[Draft] Research & Related Budget,3.0,budget_summary.cumulative_total_funds_requested_direct_indirect_costs,RR_Budget_3_0.BudgetSummary.CumulativeTotalFundsRequestedDirectIndirectCosts,"Section I, Total Direct and Indirect Costs (G + H)",calculation,,,question:sha256:1ff24e00558b06465d04236b271eced3a816197d464a59bfab8de0473709f48e,unmapped,,,,string,,,https://apply07.grants.gov/apply/forms/schemas/RR_Budget_3_0-V3.0.xsd,d474010f85819549990de65fc51292bed08ba98ac0895d0dde9513fbe855cdbc,,false
RRBudget,[Draft] Research & Related Budget,3.0,budget_summary.cumulative_total_funds_requested_equipment,RR_Budget_3_0.BudgetSummary.CumulativeTotalFundsRequestedEquipment,"Section C, Equipment",calculation,,,question:sha256:a5afe4afeaceaba37a6366f54759302bb6a18d025d0e92df090755d1565cbdca,unmapped,,,,string,,,https://apply07.grants.gov/apply/forms/schemas/RR_Budget_3_0-V3.0.xsd,d474010f85819549990de65fc51292bed08ba98ac0895d0dde9513fbe855cdbc,,false
RRBudget,[Draft] Research & Related Budget,3.0,budget_summary.cumulative_total_funds_requested_indirect_cost,RR_Budget_3_0.BudgetSummary.CumulativeTotalFundsRequestedIndirectCost,"Section H, Indirect Costs",calculation,,,question:sha256:de50fc26adb1ac8168e27e5be583532a67b2659b3335f000a24019c7deed59cf,unmapped,,,,string,,,https://apply07.grants.gov/apply/forms/schemas/RR_Budget_3_0-V3.0.xsd,d474010f85819549990de65fc51292bed08ba98ac0895d0dde9513fbe855cdbc,,false
RRBudget,[Draft] Research & Related Budget,3.0,budget_summary.cumulative_total_funds_requested_other_direct_costs,RR_Budget_3_0.BudgetSummary.CumulativeTotalFundsRequestedOtherDirectCosts,"Section F, Other Direct Costs",calculation,,,question:sha256:6917091397c702155bd6f4965d84d034e9c47cc7230be72c0a6f5b0ddd359baf,unmapped,,,,string,,,https://apply07.grants.gov/apply/forms/schemas/RR_Budget_3_0-V3.0.xsd,d474010f85819549990de65fc51292bed08ba98ac0895d0dde9513fbe855cdbc,,false
RRBudget,[Draft] Research & Related Budget,3.0,budget_summary.cumulative_total_funds_requested_other_personnel,RR_Budget_3_0.BudgetSummary.CumulativeTotalFundsRequestedOtherPersonnel,"Section B, Other Personnel",calculation,,,question:sha256:886d3301cec5c016a25abcf1fb8bdbb1dedb734d7f203d315988743de46940e5,unmapped,,,,string,,,https://apply07.grants.gov/apply/forms/schemas/RR_Budget_3_0-V3.0.xsd,d474010f85819549990de65fc51292bed08ba98ac0895d0dde9513fbe855cdbc,,false
RRBudget,[Draft] Research & Related Budget,3.0,budget_summary.cumulative_total_funds_requested_personnel,RR_Budget_3_0.BudgetSummary.CumulativeTotalFundsRequestedPersonnel,"Total Salary, Wages and Fringe Benefits (A + B)",calculation,,,question:sha256:4c5634aaf835e0b03d11be232701abe0373768d9371d82f6606a6ff985f99ea5,unmapped,,,,string,,,https://apply07.grants.gov/apply/forms/schemas/RR_Budget_3_0-V3.0.xsd,d474010f85819549990de65fc51292bed08ba98ac0895d0dde9513fbe855cdbc,,false
RRBudget,[Draft] Research & Related Budget,3.0,budget_summary.cumulative_total_funds_requested_senior_key_person,RR_Budget_3_0.BudgetSummary.CumulativeTotalFundsRequestedSeniorKeyPerson,"Section A, Senior/Key Person",calculation,,,question:sha256:1ab25bfd77c7ca7e535fd2582a158f5d3585f74819db68d33512e8a45dcaea63,unmapped,,,,string,,,https://apply07.grants.gov/apply/forms/schemas/RR_Budget_3_0-V3.0.xsd,d474010f85819549990de65fc51292bed08ba98ac0895d0dde9513fbe855cdbc,,false
RRBudget,[Draft] Research & Related Budget,3.0,budget_summary.cumulative_total_funds_requested_trainee_costs,RR_Budget_3_0.BudgetSummary.CumulativeTotalFundsRequestedTraineeCosts,"Section E, Participant/Trainee Support Costs",calculation,,,question:sha256:17a0d32fd88055f73d87538dd8144996b529354ad30a0c087936b904442cacbf,unmapped,,,,string,,,https://apply07.grants.gov/apply/forms/schemas/RR_Budget_3_0-V3.0.xsd,d474010f85819549990de65fc51292bed08ba98ac0895d0dde9513fbe855cdbc,,false
RRBudget,[Draft] Research & Related Budget,3.0,budget_summary.cumulative_total_funds_requested_travel,RR_Budget_3_0.BudgetSummary.CumulativeTotalFundsRequestedTravel,"Section D, Travel",calculation,,,question:sha256:3ff91a3d6a4b82724b79282ad804c0247459bcb533ad1e36d2678e2fe514f693,unmapped,,,,string,,,https://apply07.grants.gov/apply/forms/schemas/RR_Budget_3_0-V3.0.xsd,d474010f85819549990de65fc51292bed08ba98ac0895d0dde9513fbe855cdbc,,false
RRBudget,[Draft] Research & Related Budget,3.0,budget_summary.cumulative_total_no_other_personnel,RR_Budget_3_0.BudgetSummary.CumulativeTotalNoOtherPersonnel,Total Number Other Personnel,calculation,,,question:sha256:41b609be0496a9549327ab274b87a3385c213d7a9c3fb6bacb50cf7ff55c518a,unmapped,,,,integer,,,https://apply07.grants.gov/apply/forms/schemas/RR_Budget_3_0-V3.0.xsd,d474010f85819549990de65fc51292bed08ba98ac0895d0dde9513fbe855cdbc,,false
RRBudget,[Draft] Research & Related Budget,3.0,budget_summary.cumulative_trainee_stipends,RR_Budget_3_0.BudgetSummary.CumulativeTraineeStipends,2. Stipends,calculation,,,question:sha256:c33af90c01304442853575d7c59eb11ec1ba3c584e3aaaeb71ac03e935a324ae,unmapped,,,,string,,,https://apply07.grants.gov/apply/forms/schemas/RR_Budget_3_0-V3.0.xsd,d474010f85819549990de65fc51292bed08ba98ac0895d0dde9513fbe855cdbc,,false
RRBudget,[Draft] Research & Related Budget,3.0,budget_summary.cumulative_trainee_subsistence,RR_Budget_3_0.BudgetSummary.CumulativeTraineeSubsistence,4. Subsistence,calculation,,,question:sha256:34105aa3d8a5000576a4d9b93e0ab3f0cb81b92f65a1947d14d8dafef421891f,unmapped,,,,string,,,https://apply07.grants.gov/apply/forms/schemas/RR_Budget_3_0-V3.0.xsd,d474010f85819549990de65fc51292bed08ba98ac0895d0dde9513fbe855cdbc,,false
RRBudget,[Draft] Research & Related Budget,3.0,budget_summary.cumulative_trainee_travel,RR_Budget_3_0.BudgetSummary.CumulativeTraineeTravel,3. Travel,calculation,,,question:sha256:b44ab7c2ef4b5eb00e095f3602b36af3501b3160a6dde46a60d2ae5e97a33edc,unmapped,,,,string,,,https://apply07.grants.gov/apply/forms/schemas/RR_Budget_3_0-V3.0.xsd,d474010f85819549990de65fc51292bed08ba98ac0895d0dde9513fbe855cdbc,,false
RRBudget,[Draft] Research & Related Budget,3.0,budget_summary.cumulative_trainee_tuition_fees_health_insurance,RR_Budget_3_0.BudgetSummary.CumulativeTraineeTuitionFeesHealthInsurance,1. Tuition/Fees/Health Insurance,calculation,,,question:sha256:d0921546af2c3108c3a7d23527ff31abc7e8b8e15229b86e44202edab25d5a0f,unmapped,,,,string,,,https://apply07.grants.gov/apply/forms/schemas/RR_Budget_3_0-V3.0.xsd,d474010f85819549990de65fc51292bed08ba98ac0895d0dde9513fbe855cdbc,,false
RRBudget,[Draft] Research & Related Budget,3.0,budget_type,RR_Budget_3_0.BudgetType,Budget Type:,question,concept:budget:research:budget-type,concept:budget:research:budget-type,question:sha256:4b46303d0401459e4637c62ea6381f5b27c53f967a7db8c6f814ae795b2512ef,agent_proposed,,,,string,,,https://apply07.grants.gov/apply/forms/schemas/RR_Budget_3_0-V3.0.xsd,d474010f85819549990de65fc51292bed08ba98ac0895d0dde9513fbe855cdbc,,false
RRBudget,[Draft] Research & Related Budget,3.0,budget_year[].budget_period_end_date,RR_Budget_3_0.BudgetYear.BudgetPeriodEndDate,End Date:,question,concept:budget:period:end-date,concept:budget:period:end-date,question:sha256:3da68056e85947646b8c11f66a27fa9a96996173b00caa8d7ca567f206e7468b,agent_proposed,,,,string,,,https://apply07.grants.gov/apply/forms/schemas/RR_Budget_3_0-V3.0.xsd,d474010f85819549990de65fc51292bed08ba98ac0895d0dde9513fbe855cdbc,,false
RRBudget,[Draft] Research & Related Budget,3.0,budget_year[].budget_period_start_date,RR_Budget_3_0.BudgetYear.BudgetPeriodStartDate,Start Date:,question,concept:budget:period:start-date,concept:budget:period:start-date,question:sha256:346b1cd9185e2aed58ae7607f041b4130fb557990030dbb1d6b6fa5af417a17e,agent_proposed,,,,string,,,https://apply07.grants.gov/apply/forms/schemas/RR_Budget_3_0-V3.0.xsd,d474010f85819549990de65fc51292bed08ba98ac0895d0dde9513fbe855cdbc,,false
RRBudget,[Draft] Research & Related Budget,3.0,budget_year[].cognizant_federal_agency,RR_Budget_3_0.BudgetYear.CognizantFederalAgency,"Cognizant Federal Agency (Agency Name, POC Name, and POC Phone Number)",question,concept:budget:indirect:cognizant-agency,concept:budget:indirect:cognizant-agency,question:sha256:437fe4272b22e8d65d80558398e78e536855b36bfc46699cd992a181312d1413,agent_proposed,,,,string,,,https://apply07.grants.gov/apply/forms/schemas/RR_Budget_3_0-V3.0.xsd,d474010f85819549990de65fc51292bed08ba98ac0895d0dde9513fbe855cdbc,,false
RRBudget,[Draft] Research & Related Budget,3.0,budget_year[].direct_costs,RR_Budget_3_0.BudgetYear.DirectCosts,Total Direct Costs (A thru F),calculation,,,question:sha256:fb088a05a87e3f701662695897c5a8dbc489f3bc01f9b140062723dc7c30c501,unmapped,,,,string,,,https://apply07.grants.gov/apply/forms/schemas/RR_Budget_3_0-V3.0.xsd,d474010f85819549990de65fc51292bed08ba98ac0895d0dde9513fbe855cdbc,,false
RRBudget,[Draft] Research & Related Budget,3.0,budget_year[].equipment.additional_equipments_attachment,RR_Budget_3_0.BudgetYear.Equipment.AdditionalEquipmentsAttachment,Additional Equipment:,question,concept:attachment:equipment-list,concept:attachment:equipment-list,question:sha256:7584d2da46facb04747a1df59c53f3e26ecf9a99ade6172a22a34ce7b333f203,agent_proposed,,,,,,,https://apply07.grants.gov/apply/forms/schemas/RR_Budget_3_0-V3.0.xsd,d474010f85819549990de65fc51292bed08ba98ac0895d0dde9513fbe855cdbc,,false
RRBudget,[Draft] Research & Related Budget,3.0,budget_year[].equipment.equipment_list[].equipment_item,RR_Budget_3_0.BudgetYear.Equipment.EquipmentList.EquipmentItem,Equipment Item,question,concept:budget:equipment:item,concept:budget:equipment:item,question:sha256:56c633e193fe06116c918b9b97fd4ad102fee27b646a8c6475c40a33e0980811,agent_proposed,,,,string,,,https://apply07.grants.gov/apply/forms/schemas/RR_Budget_3_0-V3.0.xsd,d474010f85819549990de65fc51292bed08ba98ac0895d0dde9513fbe855cdbc,,false
RRBudget,[Draft] Research & Related Budget,3.0,budget_year[].equipment.equipment_list[].funds_requested,RR_Budget_3_0.BudgetYear.Equipment.EquipmentList.FundsRequested,Equipment Item Funds Requested,question,concept:budget:equipment:funds-requested,concept:budget:equipment:funds-requested,question:sha256:2c567d7c3da18ef49fdc71ecbc91d97341cd4f335922502032d276c9fc736518,agent_proposed,,,,string,,,https://apply07.grants.gov/apply/forms/schemas/RR_Budget_3_0-V3.0.xsd,d474010f85819549990de65fc51292bed08ba98ac0895d0dde9513fbe855cdbc,,false
RRBudget,[Draft] Research & Related Budget,3.0,budget_year[].equipment.total_fund,RR_Budget_3_0.BudgetYear.Equipment.TotalFund,Total Equipment,calculation,,,question:sha256:e8339f6efe4f12f59816dbe8a76cc2859338e8255609cd9dd24a1a03f8e8ef7a,unmapped,,,,string,,,https://apply07.grants.gov/apply/forms/schemas/RR_Budget_3_0-V3.0.xsd,d474010f85819549990de65fc51292bed08ba98ac0895d0dde9513fbe855cdbc,,false
RRBudget,[Draft] Research & Related Budget,3.0,budget_year[].equipment.total_fund_for_attached_equipment,RR_Budget_3_0.BudgetYear.Equipment.TotalFundForAttachedEquipment,Total funds requested for all equipment listed in the attached file,question,concept:budget:research:attached-equipment-total,concept:budget:research:attached-equipment-total,question:sha256:e601e1ea24e5d6f950b5c56e918c9ce1912bb4ff0702fdc33cf75b5f767d4679,agent_proposed,,,,string,,,https://apply07.grants.gov/apply/forms/schemas/RR_Budget_3_0-V3.0.xsd,d474010f85819549990de65fc51292bed08ba98ac0895d0dde9513fbe855cdbc,,false
RRBudget,[Draft] Research & Related Budget,3.0,budget_year[].fee,RR_Budget_3_0.BudgetYear.Fee,Fee,question,concept:budget:fee,concept:budget:fee,question:sha256:a056c3c651763e2085f6be56d533a1d8aa8bf669ee4801c88d7df041019eaf34,agent_proposed,,,,string,,,https://apply07.grants.gov/apply/forms/schemas/RR_Budget_3_0-V3.0.xsd,d474010f85819549990de65fc51292bed08ba98ac0895d0dde9513fbe855cdbc,,false
RRBudget,[Draft] Research & Related Budget,3.0,budget_year[].indirect_costs.indirect_cost[].base,RR_Budget_3_0.BudgetYear.IndirectCosts.IndirectCost.Base,Indirect Cost Base,question,concept:budget:indirect:base,concept:budget:indirect:base,question:sha256:1d21a163a608e488f40de21e1e5672325277deb579047f3e49b07e2a8b07480a,agent_proposed,,,,string,,,https://apply07.grants.gov/apply/forms/schemas/RR_Budget_3_0-V3.0.xsd,d474010f85819549990de65fc51292bed08ba98ac0895d0dde9513fbe855cdbc,,false
RRBudget,[Draft] Research & Related Budget,3.0,budget_year[].indirect_costs.indirect_cost[].cost_type,RR_Budget_3_0.BudgetYear.IndirectCosts.IndirectCost.CostType,Indirect Cost Type,question,concept:budget:indirect:cost-type,concept:budget:indirect:cost-type,question:sha256:465fc30143dcabda5e15ac2b74d3f2073727bd986c39c0fb5f1db061cb7cbdae,agent_proposed,,,,string,,,https://apply07.grants.gov/apply/forms/schemas/RR_Budget_3_0-V3.0.xsd,d474010f85819549990de65fc51292bed08ba98ac0895d0dde9513fbe855cdbc,,false
RRBudget,[Draft] Research & Related Budget,3.0,budget_year[].indirect_costs.indirect_cost[].fund_requested,RR_Budget_3_0.BudgetYear.IndirectCosts.IndirectCost.FundRequested,Indirect Costs Funds Requested,question,concept:budget:indirect:funds-requested,concept:budget:indirect:funds-requested,question:sha256:2e9463db01b406ed453d43d99f9199fa51c220cfde3ea58f740b20c29d3679e5,agent_proposed,,,,string,,,https://apply07.grants.gov/apply/forms/schemas/RR_Budget_3_0-V3.0.xsd,d474010f85819549990de65fc51292bed08ba98ac0895d0dde9513fbe855cdbc,,false
RRBudget,[Draft] Research & Related Budget,3.0,budget_year[].indirect_costs.indirect_cost[].rate,RR_Budget_3_0.BudgetYear.IndirectCosts.IndirectCost.Rate,Indirect Cost Rate,question,concept:budget:indirect:rate,concept:budget:indirect:rate,question:sha256:1367a1de6b866eae6a5924849d675107954a9febe9b8714ff298d120d1d8e883,agent_proposed,,,,string,,,https://apply07.grants.gov/apply/forms/schemas/RR_Budget_3_0-V3.0.xsd,d474010f85819549990de65fc51292bed08ba98ac0895d0dde9513fbe855cdbc,,false
RRBudget,[Draft] Research & Related Budget,3.0,budget_year[].indirect_costs.total_indirect_costs,RR_Budget_3_0.BudgetYear.IndirectCosts.TotalIndirectCosts,Total Indirect Costs,calculation,,,question:sha256:5b9bc4d79e6b7975b3415b6998961bcf1c5879ae1e701ddcbd31b2f70056800b,unmapped,,,,string,,,https://apply07.grants.gov/apply/forms/schemas/RR_Budget_3_0-V3.0.xsd,d474010f85819549990de65fc51292bed08ba98ac0895d0dde9513fbe855cdbc,,false
RRBudget,[Draft] Research & Related Budget,3.0,budget_year[].key_persons.attached_key_persons,RR_Budget_3_0.BudgetYear.KeyPersons.AttachedKeyPersons,Additional Senior Key Persons:,question,concept:attachment:key-person-list,concept:attachment:key-person-list,question:sha256:650dcc49153b813376e50c5b79c73bf9ff81ca41374256ebcc2aa4147d2d5482,agent_proposed,,,,,,,https://apply07.grants.gov/apply/forms/schemas/RR_Budget_3_0-V3.0.xsd,d474010f85819549990de65fc51292bed08ba98ac0895d0dde9513fbe855cdbc,,false
RRBudget,[Draft] Research & Related Budget,3.0,budget_year[].key_persons.key_person[].academic_months,RR_Budget_3_0.BudgetYear.KeyPersons.KeyPerson.AcademicMonths,Senior/Key Person Academic Months,question,concept:budget:personnel:academic-months,concept:budget:personnel:academic-months,question:sha256:8bba63e64e91536964da8cfba3128f1555557806c4f6603c73f491d0cd11f5fb,agent_proposed,,,,string,,,https://apply07.grants.gov/apply/forms/schemas/RR_Budget_3_0-V3.0.xsd,d474010f85819549990de65fc51292bed08ba98ac0895d0dde9513fbe855cdbc,,false
RRBudget,[Draft] Research & Related Budget,3.0,budget_year[].key_persons.key_person[].base_salary,RR_Budget_3_0.BudgetYear.KeyPersons.KeyPerson.BaseSalary,Senior/Key Person Base Salary,question,concept:budget:personnel:base-salary,concept:budget:personnel:base-salary,question:sha256:2a68fe5613e427e4f3dd8caa46b443fb1289885a030e98a2509758419aaa880b,agent_proposed,,,,string,,,https://apply07.grants.gov/apply/forms/schemas/RR_Budget_3_0-V3.0.xsd,d474010f85819549990de65fc51292bed08ba98ac0895d0dde9513fbe855cdbc,,false
RRBudget,[Draft] Research & Related Budget,3.0,budget_year[].key_persons.key_person[].calendar_months,RR_Budget_3_0.BudgetYear.KeyPersons.KeyPerson.CalendarMonths,Senior/Key Person Calendar Months,question,concept:budget:personnel:calendar-months,concept:budget:personnel:calendar-months,question:sha256:b15fbabf40f95bd0bba707f27ce381e8730911b79ce89c528b472350313761fe,agent_proposed,,,,string,,,https://apply07.grants.gov/apply/forms/schemas/RR_Budget_3_0-V3.0.xsd,d474010f85819549990de65fc51292bed08ba98ac0895d0dde9513fbe855cdbc,,false
RRBudget,[Draft] Research & Related Budget,3.0,budget_year[].key_persons.key_person[].fringe_benefits,RR_Budget_3_0.BudgetYear.KeyPersons.KeyPerson.FringeBenefits,Senior/Key Person Fringe Benefits,question,concept:budget:personnel:fringe-benefits,concept:budget:personnel:fringe-benefits,question:sha256:be121844b1c71c24f75b6f551edc6cbd7a7f0396f2507012e58d36f56b229fc5,agent_proposed,,,,string,,,https://apply07.grants.gov/apply/forms/schemas/RR_Budget_3_0-V3.0.xsd,d474010f85819549990de65fc51292bed08ba98ac0895d0dde9513fbe855cdbc,,false
RRBudget,[Draft] Research & Related Budget,3.0,budget_year[].key_persons.key_person[].funds_requested,RR_Budget_3_0.BudgetYear.KeyPersons.KeyPerson.FundsRequested,Senior/Key Person Funds Requested,calculation,,,question:sha256:c71e8264bf938a0f3e10ad662d88becacf271fbff56fa1434bef0cc045dab672,unmapped,,,,string,,,https://apply07.grants.gov/apply/forms/schemas/RR_Budget_3_0-V3.0.xsd,d474010f85819549990de65fc51292bed08ba98ac0895d0dde9513fbe855cdbc,,false
RRBudget,[Draft] Research & Related Budget,3.0,budget_year[].key_persons.key_person[].name.first_name,RR_Budget_3_0.BudgetYear.KeyPersons.KeyPerson.Name.FirstName,First Name,question,concept:role:key-person:name:first,concept:role:key-person:name:first,question:sha256:35d684408447fa77e4df69687c5483463c7fd43f3ca3439403432c259ba8e871,agent_proposed,,,,string,,,https://apply07.grants.gov/apply/forms/schemas/RR_Budget_3_0-V3.0.xsd,d474010f85819549990de65fc51292bed08ba98ac0895d0dde9513fbe855cdbc,,false
RRBudget,[Draft] Research & Related Budget,3.0,budget_year[].key_persons.key_person[].name.last_name,RR_Budget_3_0.BudgetYear.KeyPersons.KeyPerson.Name.LastName,Last Name,question,concept:role:key-person:name:last,concept:role:key-person:name:last,question:sha256:32e121773481d4ee4f3bf2913384a0f7a9dfbc8e2fb449bf0a149316c8f41d17,agent_proposed,,,,string,,,https://apply07.grants.gov/apply/forms/schemas/RR_Budget_3_0-V3.0.xsd,d474010f85819549990de65fc51292bed08ba98ac0895d0dde9513fbe855cdbc,,false
RRBudget,[Draft] Research & Related Budget,3.0,budget_year[].key_persons.key_person[].name.middle_name,RR_Budget_3_0.BudgetYear.KeyPersons.KeyPerson.Name.MiddleName,Middle Name,question,concept:role:key-person:name:middle,concept:role:key-person:name:middle,question:sha256:824af1e10ee6fffce06923755978099616712d985d2ee25cabf44aead44fd479,agent_proposed,,,,string,,,https://apply07.grants.gov/apply/forms/schemas/RR_Budget_3_0-V3.0.xsd,d474010f85819549990de65fc51292bed08ba98ac0895d0dde9513fbe855cdbc,,false
RRBudget,[Draft] Research & Related Budget,3.0,budget_year[].key_persons.key_person[].name.prefix_name,RR_Budget_3_0.BudgetYear.KeyPersons.KeyPerson.Name.PrefixName,Prefix,question,concept:role:key-person:name:prefix,concept:role:key-person:name:prefix,question:sha256:55b5db9d1913687a2c6a14358f9a0cd87abe340bf4c5635bf566f36d9a4e2ecc,agent_proposed,,,,string,,,https://apply07.grants.gov/apply/forms/schemas/RR_Budget_3_0-V3.0.xsd,d474010f85819549990de65fc51292bed08ba98ac0895d0dde9513fbe855cdbc,,false
RRBudget,[Draft] Research & Related Budget,3.0,budget_year[].key_persons.key_person[].name.suffix_name,RR_Budget_3_0.BudgetYear.KeyPersons.KeyPerson.Name.SuffixName,Suffix,question,concept:role:key-person:name:suffix,concept:role:key-person:name:suffix,question:sha256:e6f89d501f1a02f1d1e6a7a131b3bb73137fac6eda2c830a650c3a708a6b2ad2,agent_proposed,,,,string,,,https://apply07.grants.gov/apply/forms/schemas/RR_Budget_3_0-V3.0.xsd,d474010f85819549990de65fc51292bed08ba98ac0895d0dde9513fbe855cdbc,,false
RRBudget,[Draft] Research & Related Budget,3.0,budget_year[].key_persons.key_person[].project_role,RR_Budget_3_0.BudgetYear.KeyPersons.KeyPerson.ProjectRole,Project Role:,question,concept:research-person:project-role,concept:research-person:project-role,question:sha256:3e0f698082f5906b9a2e25af74be349f18f46dc8bedcb0f434094851bbbb6af0,agent_proposed,,,,string,,,https://apply07.grants.gov/apply/forms/schemas/RR_Budget_3_0-V3.0.xsd,d474010f85819549990de65fc51292bed08ba98ac0895d0dde9513fbe855cdbc,,false
RRBudget,[Draft] Research & Related Budget,3.0,budget_year[].key_persons.key_person[].requested_salary,RR_Budget_3_0.BudgetYear.KeyPersons.KeyPerson.RequestedSalary,Senior/Key Person Requested Salary,question,concept:budget:personnel:requested-salary,concept:budget:personnel:requested-salary,question:sha256:c003af85d121bbc507b0a3ffb532b88ca3899d77e7461236711ef42080ab2a63,agent_proposed,,,,string,,,https://apply07.grants.gov/apply/forms/schemas/RR_Budget_3_0-V3.0.xsd,d474010f85819549990de65fc51292bed08ba98ac0895d0dde9513fbe855cdbc,,false
RRBudget,[Draft] Research & Related Budget,3.0,budget_year[].key_persons.key_person[].summer_months,RR_Budget_3_0.BudgetYear.KeyPersons.KeyPerson.SummerMonths,Senior/Key Person Summer Months,question,concept:budget:personnel:summer-months,concept:budget:personnel:summer-months,question:sha256:0d1dcfdb946ee4671089959dce93a136f98e01580ee0d4dde94e26c9f114e3af,agent_proposed,,,,string,,,https://apply07.grants.gov/apply/forms/schemas/RR_Budget_3_0-V3.0.xsd,d474010f85819549990de65fc51292bed08ba98ac0895d0dde9513fbe855cdbc,,false
RRBudget,[Draft] Research & Related Budget,3.0,budget_year[].key_persons.total_fund_for_attached_key_persons,RR_Budget_3_0.BudgetYear.KeyPersons.TotalFundForAttachedKeyPersons,Total Funds requested for all Senior Key Persons in the attached file,question,concept:budget:research:attached-key-person-total,concept:budget:research:attached-key-person-total,question:sha256:d31a037f276008d8f38bb5995d1df7c9a154d9f3abe76fa3d26a7eed6f96b6c8,agent_proposed,,,,string,,,https://apply07.grants.gov/apply/forms/schemas/RR_Budget_3_0-V3.0.xsd,d474010f85819549990de65fc51292bed08ba98ac0895d0dde9513fbe855cdbc,,false
RRBudget,[Draft] Research & Related Budget,3.0,budget_year[].key_persons.total_fund_for_key_persons,RR_Budget_3_0.BudgetYear.KeyPersons.TotalFundForKeyPersons,Total Senior/Key Person,calculation,,,question:sha256:afa90d7a39191933fb83e1e700f5879579624f9e376a025cd325601ceb6f70f3,unmapped,,,,string,,,https://apply07.grants.gov/apply/forms/schemas/RR_Budget_3_0-V3.0.xsd,d474010f85819549990de65fc51292bed08ba98ac0895d0dde9513fbe855cdbc,,false
RRBudget,[Draft] Research & Related Budget,3.0,budget_year[].other_direct_costs.adp_computer_services,RR_Budget_3_0.BudgetYear.OtherDirectCosts.ADPComputerServices,4. ADP/Computer Services,question,concept:budget:other-direct:computer-services,concept:budget:other-direct:computer-services,question:sha256:dd39b3878655050617137f9a0a55d16667724f0fa092d0ed8cdd9242c2f9b443,agent_proposed,,,,string,,,https://apply07.grants.gov/apply/forms/schemas/RR_Budget_3_0-V3.0.xsd,d474010f85819549990de65fc51292bed08ba98ac0895d0dde9513fbe855cdbc,,false
RRBudget,[Draft] Research & Related Budget,3.0,budget_year[].other_direct_costs.alterations_renovations,RR_Budget_3_0.BudgetYear.OtherDirectCosts.AlterationsRenovations,7. Alterations and Renovations,question,concept:budget:other-direct:alterations-renovations,concept:budget:other-direct:alterations-renovations,question:sha256:d424621139468df9d14c879e5f5dd22c10e45bb459d503e3956d8e53b76346df,agent_proposed,,,,string,,,https://apply07.grants.gov/apply/forms/schemas/RR_Budget_3_0-V3.0.xsd,d474010f85819549990de65fc51292bed08ba98ac0895d0dde9513fbe855cdbc,,false
RRBudget,[Draft] Research & Related Budget,3.0,budget_year[].other_direct_costs.consultant_services,RR_Budget_3_0.BudgetYear.OtherDirectCosts.ConsultantServices,3. Consultant Services,question,concept:budget:other-direct:consultant,concept:budget:other-direct:consultant,question:sha256:32fcec38d0a96080c6755fb6f754a62de9f7110099478943ba9236f3c7aedb5e,agent_proposed,,,,string,,,https://apply07.grants.gov/apply/forms/schemas/RR_Budget_3_0-V3.0.xsd,d474010f85819549990de65fc51292bed08ba98ac0895d0dde9513fbe855cdbc,,false
RRBudget,[Draft] Research & Related Budget,3.0,budget_year[].other_direct_costs.equipment_rental_fee,RR_Budget_3_0.BudgetYear.OtherDirectCosts.EquipmentRentalFee,6. Equipment or Facility Rental/User Fees,question,concept:budget:other-direct:equipment-rental,concept:budget:other-direct:equipment-rental,question:sha256:7667d782f53fd910d3b323a48de6b9e45012f181c624b938922414d3ab9267c7,agent_proposed,,,,string,,,https://apply07.grants.gov/apply/forms/schemas/RR_Budget_3_0-V3.0.xsd,d474010f85819549990de65fc51292bed08ba98ac0895d0dde9513fbe855cdbc,,false
RRBudget,[Draft] Research & Related Budget,3.0,budget_year[].other_direct_costs.materials_supplies,RR_Budget_3_0.BudgetYear.OtherDirectCosts.MaterialsSupplies,1. Materials and Supplies,question,concept:budget:other-direct:materials-supplies,concept:budget:other-direct:materials-supplies,question:sha256:18058bdb7ea3f12618ed9fc14a4c49473316eac3148a3ee710a15b499b3812df,agent_proposed,,,,string,,,https://apply07.grants.gov/apply/forms/schemas/RR_Budget_3_0-V3.0.xsd,d474010f85819549990de65fc51292bed08ba98ac0895d0dde9513fbe855cdbc,,false
RRBudget,[Draft] Research & Related Budget,3.0,budget_year[].other_direct_costs.other_direct_cost_1.cost,RR_Budget_3_0.BudgetYear.OtherDirectCosts.OtherDirectCost1.Cost,Additional Other Direct Cost Funds Requested,question,concept:budget:line:cost,concept:budget:line:cost,question:sha256:5f9c3af7a715afed9fea48f38aa43f067013b98c26a5c2ba229a26100f0c2fd4,agent_proposed,,,,string,,,https://apply07.grants.gov/apply/forms/schemas/RR_Budget_3_0-V3.0.xsd,d474010f85819549990de65fc51292bed08ba98ac0895d0dde9513fbe855cdbc,,false
RRBudget,[Draft] Research & Related Budget,3.0,budget_year[].other_direct_costs.other_direct_cost_1.description,RR_Budget_3_0.BudgetYear.OtherDirectCosts.OtherDirectCost1.Description,Additional Other Direct Cost Description,question,concept:budget:line:description,concept:budget:line:description,question:sha256:88b6fac7675ce711681c2ba65fe7a506908f1135621abfc411e4d3848039c0ae,agent_proposed,,,,string,,,https://apply07.grants.gov/apply/forms/schemas/RR_Budget_3_0-V3.0.xsd,d474010f85819549990de65fc51292bed08ba98ac0895d0dde9513fbe855cdbc,,false
RRBudget,[Draft] Research & Related Budget,3.0,budget_year[].other_direct_costs.other_direct_cost_10.cost,RR_Budget_3_0.BudgetYear.OtherDirectCosts.OtherDirectCost10.Cost,Additional Other Direct Cost Funds Requested,question,concept:budget:line:cost,concept:budget:line:cost,question:sha256:474b8f91d74014d14fbdcb69e4fac5c5ceb09bda2f2ee3d1cd97af58af0cab9b,agent_proposed,,,,string,,,https://apply07.grants.gov/apply/forms/schemas/RR_Budget_3_0-V3.0.xsd,d474010f85819549990de65fc51292bed08ba98ac0895d0dde9513fbe855cdbc,,false
RRBudget,[Draft] Research & Related Budget,3.0,budget_year[].other_direct_costs.other_direct_cost_10.description,RR_Budget_3_0.BudgetYear.OtherDirectCosts.OtherDirectCost10.Description,Additional Other Direct Cost Description,question,concept:budget:line:description,concept:budget:line:description,question:sha256:684ecbc50eacf7755b801a73cf49a1be965349ed8d26241be541f154eabbab95,agent_proposed,,,,string,,,https://apply07.grants.gov/apply/forms/schemas/RR_Budget_3_0-V3.0.xsd,d474010f85819549990de65fc51292bed08ba98ac0895d0dde9513fbe855cdbc,,false
RRBudget,[Draft] Research & Related Budget,3.0,budget_year[].other_direct_costs.other_direct_cost_2.cost,RR_Budget_3_0.BudgetYear.OtherDirectCosts.OtherDirectCost2.Cost,Additional Other Direct Cost Funds Requested,question,concept:budget:line:cost,concept:budget:line:cost,question:sha256:0221b63bfe92fd480c669986ccc157f6827aad73645eb897f428b21a54400ece,agent_proposed,,,,string,,,https://apply07.grants.gov/apply/forms/schemas/RR_Budget_3_0-V3.0.xsd,d474010f85819549990de65fc51292bed08ba98ac0895d0dde9513fbe855cdbc,,false
RRBudget,[Draft] Research & Related Budget,3.0,budget_year[].other_direct_costs.other_direct_cost_2.description,RR_Budget_3_0.BudgetYear.OtherDirectCosts.OtherDirectCost2.Description,Additional Other Direct Cost Description,question,concept:budget:line:description,concept:budget:line:description,question:sha256:4382f9c3e8b507b2d6a13de1d1592eac96d0b347939b8118bcd88bd333a525e0,agent_proposed,,,,string,,,https://apply07.grants.gov/apply/forms/schemas/RR_Budget_3_0-V3.0.xsd,d474010f85819549990de65fc51292bed08ba98ac0895d0dde9513fbe855cdbc,,false
RRBudget,[Draft] Research & Related Budget,3.0,budget_year[].other_direct_costs.other_direct_cost_3.cost,RR_Budget_3_0.BudgetYear.OtherDirectCosts.OtherDirectCost3.Cost,Additional Other Direct Cost Funds Requested,question,concept:budget:line:cost,concept:budget:line:cost,question:sha256:f5054928f6884c17aded93662f8da2b8ff14ada1ef68c34c1773a7fa825d0aee,agent_proposed,,,,string,,,https://apply07.grants.gov/apply/forms/schemas/RR_Budget_3_0-V3.0.xsd,d474010f85819549990de65fc51292bed08ba98ac0895d0dde9513fbe855cdbc,,false
RRBudget,[Draft] Research & Related Budget,3.0,budget_year[].other_direct_costs.other_direct_cost_3.description,RR_Budget_3_0.BudgetYear.OtherDirectCosts.OtherDirectCost3.Description,Additional Other Direct Cost Description,question,concept:budget:line:description,concept:budget:line:description,question:sha256:51f4dbe3e433ecc9fa1caba5981a0d367179b65f9876baeb7e8f4de6e76f140c,agent_proposed,,,,string,,,https://apply07.grants.gov/apply/forms/schemas/RR_Budget_3_0-V3.0.xsd,d474010f85819549990de65fc51292bed08ba98ac0895d0dde9513fbe855cdbc,,false
RRBudget,[Draft] Research & Related Budget,3.0,budget_year[].other_direct_costs.other_direct_cost_4.cost,RR_Budget_3_0.BudgetYear.OtherDirectCosts.OtherDirectCost4.Cost,Additional Other Direct Cost Funds Requested,question,concept:budget:line:cost,concept:budget:line:cost,question:sha256:9b5b56359f529f6f1f7bb63fce9ca5590b1b935032c390d9a01620abd5c77848,agent_proposed,,,,string,,,https://apply07.grants.gov/apply/forms/schemas/RR_Budget_3_0-V3.0.xsd,d474010f85819549990de65fc51292bed08ba98ac0895d0dde9513fbe855cdbc,,false
RRBudget,[Draft] Research & Related Budget,3.0,budget_year[].other_direct_costs.other_direct_cost_4.description,RR_Budget_3_0.BudgetYear.OtherDirectCosts.OtherDirectCost4.Description,Additional Other Direct Cost Description,question,concept:budget:line:description,concept:budget:line:description,question:sha256:b9afc7898963e9bb3fb5e29c46b465643a6a5fc789eae8138c3ee54439665ada,agent_proposed,,,,string,,,https://apply07.grants.gov/apply/forms/schemas/RR_Budget_3_0-V3.0.xsd,d474010f85819549990de65fc51292bed08ba98ac0895d0dde9513fbe855cdbc,,false
RRBudget,[Draft] Research & Related Budget,3.0,budget_year[].other_direct_costs.other_direct_cost_5.cost,RR_Budget_3_0.BudgetYear.OtherDirectCosts.OtherDirectCost5.Cost,Additional Other Direct Cost Funds Requested,question,concept:budget:line:cost,concept:budget:line:cost,question:sha256:357ea6681f70dacfa07cbb91a7ca86ba3bf1f3d59fd9fe41c3e767d79c6fe90c,agent_proposed,,,,string,,,https://apply07.grants.gov/apply/forms/schemas/RR_Budget_3_0-V3.0.xsd,d474010f85819549990de65fc51292bed08ba98ac0895d0dde9513fbe855cdbc,,false
RRBudget,[Draft] Research & Related Budget,3.0,budget_year[].other_direct_costs.other_direct_cost_5.description,RR_Budget_3_0.BudgetYear.OtherDirectCosts.OtherDirectCost5.Description,Additional Other Direct Cost Description,question,concept:budget:line:description,concept:budget:line:description,question:sha256:2297cc9e3011434412be38891be7ea762da6248ca26760240553abfe81ccd797,agent_proposed,,,,string,,,https://apply07.grants.gov/apply/forms/schemas/RR_Budget_3_0-V3.0.xsd,d474010f85819549990de65fc51292bed08ba98ac0895d0dde9513fbe855cdbc,,false
RRBudget,[Draft] Research & Related Budget,3.0,budget_year[].other_direct_costs.other_direct_cost_6.cost,RR_Budget_3_0.BudgetYear.OtherDirectCosts.OtherDirectCost6.Cost,Additional Other Direct Cost Funds Requested,question,concept:budget:line:cost,concept:budget:line:cost,question:sha256:cd90d24fa8c9e1ffc8971c9fda6786a080ba23d7ae7d3605af536c04ad22b105,agent_proposed,,,,string,,,https://apply07.grants.gov/apply/forms/schemas/RR_Budget_3_0-V3.0.xsd,d474010f85819549990de65fc51292bed08ba98ac0895d0dde9513fbe855cdbc,,false
RRBudget,[Draft] Research & Related Budget,3.0,budget_year[].other_direct_costs.other_direct_cost_6.description,RR_Budget_3_0.BudgetYear.OtherDirectCosts.OtherDirectCost6.Description,Additional Other Direct Cost Description,question,concept:budget:line:description,concept:budget:line:description,question:sha256:884940ae9c4f2bcc7d45630ff4afc1b051e93c59272a347ec8294749ee48b616,agent_proposed,,,,string,,,https://apply07.grants.gov/apply/forms/schemas/RR_Budget_3_0-V3.0.xsd,d474010f85819549990de65fc51292bed08ba98ac0895d0dde9513fbe855cdbc,,false
RRBudget,[Draft] Research & Related Budget,3.0,budget_year[].other_direct_costs.other_direct_cost_7.cost,RR_Budget_3_0.BudgetYear.OtherDirectCosts.OtherDirectCost7.Cost,Additional Other Direct Cost Funds Requested,question,concept:budget:line:cost,concept:budget:line:cost,question:sha256:aa52f6b2322b074df111305605dbfc1ad41e7aabb431ec43c9887f7801ad24ab,agent_proposed,,,,string,,,https://apply07.grants.gov/apply/forms/schemas/RR_Budget_3_0-V3.0.xsd,d474010f85819549990de65fc51292bed08ba98ac0895d0dde9513fbe855cdbc,,false
RRBudget,[Draft] Research & Related Budget,3.0,budget_year[].other_direct_costs.other_direct_cost_7.description,RR_Budget_3_0.BudgetYear.OtherDirectCosts.OtherDirectCost7.Description,Additional Other Direct Cost Description,question,concept:budget:line:description,concept:budget:line:description,question:sha256:b7c603796637afacfff68b8224f834abab9295dfbfcf1f148c1e1459e3a19681,agent_proposed,,,,string,,,https://apply07.grants.gov/apply/forms/schemas/RR_Budget_3_0-V3.0.xsd,d474010f85819549990de65fc51292bed08ba98ac0895d0dde9513fbe855cdbc,,false
RRBudget,[Draft] Research & Related Budget,3.0,budget_year[].other_direct_costs.other_direct_cost_8.cost,RR_Budget_3_0.BudgetYear.OtherDirectCosts.OtherDirectCost8.Cost,Additional Other Direct Cost Funds Requested,question,concept:budget:line:cost,concept:budget:line:cost,question:sha256:167f8153a407a59d9a932b8c849575a74df6c9a7181f974c5fd414590e2d64d2,agent_proposed,,,,string,,,https://apply07.grants.gov/apply/forms/schemas/RR_Budget_3_0-V3.0.xsd,d474010f85819549990de65fc51292bed08ba98ac0895d0dde9513fbe855cdbc,,false
RRBudget,[Draft] Research & Related Budget,3.0,budget_year[].other_direct_costs.other_direct_cost_8.description,RR_Budget_3_0.BudgetYear.OtherDirectCosts.OtherDirectCost8.Description,Additional Other Direct Cost Description,question,concept:budget:line:description,concept:budget:line:description,question:sha256:f5be98c50f0ee51a89a7ad4f93de22b1391a904b60caf67a8389556eb3d8b640,agent_proposed,,,,string,,,https://apply07.grants.gov/apply/forms/schemas/RR_Budget_3_0-V3.0.xsd,d474010f85819549990de65fc51292bed08ba98ac0895d0dde9513fbe855cdbc,,false
RRBudget,[Draft] Research & Related Budget,3.0,budget_year[].other_direct_costs.other_direct_cost_9.cost,RR_Budget_3_0.BudgetYear.OtherDirectCosts.OtherDirectCost9.Cost,Additional Other Direct Cost Funds Requested,question,concept:budget:line:cost,concept:budget:line:cost,question:sha256:447dae9212ecb26fab44d328b8b097b170a4a648df3e2a16ebe1247aebb4f588,agent_proposed,,,,string,,,https://apply07.grants.gov/apply/forms/schemas/RR_Budget_3_0-V3.0.xsd,d474010f85819549990de65fc51292bed08ba98ac0895d0dde9513fbe855cdbc,,false
RRBudget,[Draft] Research & Related Budget,3.0,budget_year[].other_direct_costs.other_direct_cost_9.description,RR_Budget_3_0.BudgetYear.OtherDirectCosts.OtherDirectCost9.Description,Additional Other Direct Cost Description,question,concept:budget:line:description,concept:budget:line:description,question:sha256:46fe9d458dfef5c1033d613a8a3e9764f1e7e1454992bc43f81250843c059ebd,agent_proposed,,,,string,,,https://apply07.grants.gov/apply/forms/schemas/RR_Budget_3_0-V3.0.xsd,d474010f85819549990de65fc51292bed08ba98ac0895d0dde9513fbe855cdbc,,false
RRBudget,[Draft] Research & Related Budget,3.0,budget_year[].other_direct_costs.publication_costs,RR_Budget_3_0.BudgetYear.OtherDirectCosts.PublicationCosts,2. Publication Costs,question,concept:budget:other-direct:publication,concept:budget:other-direct:publication,question:sha256:120b91762a5d481405c0b9ea1fbce0292fd70839d9d4664fa9ef04a405528886,agent_proposed,,,,string,,,https://apply07.grants.gov/apply/forms/schemas/RR_Budget_3_0-V3.0.xsd,d474010f85819549990de65fc51292bed08ba98ac0895d0dde9513fbe855cdbc,,false
RRBudget,[Draft] Research & Related Budget,3.0,budget_year[].other_direct_costs.subaward_consortium_contractual_costs,RR_Budget_3_0.BudgetYear.OtherDirectCosts.SubawardConsortiumContractualCosts,5. Subawards/Consortium/Contractual Costs,question,concept:budget:other-direct:subaward-contractual,concept:budget:other-direct:subaward-contractual,question:sha256:3b7c3678353c47f10c340e71ed26a7aee05afad8ba7fb7c049c232d5e56637a0,agent_proposed,,,,string,,,https://apply07.grants.gov/apply/forms/schemas/RR_Budget_3_0-V3.0.xsd,d474010f85819549990de65fc51292bed08ba98ac0895d0dde9513fbe855cdbc,,false
RRBudget,[Draft] Research & Related Budget,3.0,budget_year[].other_direct_costs.total_other_direct_cost,RR_Budget_3_0.BudgetYear.OtherDirectCosts.TotalOtherDirectCost,Total Other Direct Costs,calculation,,,question:sha256:9a71f894a8f7c53bddf38e234b38b48d487226ec3b7f9d65d95d81fb8d12b877,unmapped,,,,string,,,https://apply07.grants.gov/apply/forms/schemas/RR_Budget_3_0-V3.0.xsd,d474010f85819549990de65fc51292bed08ba98ac0895d0dde9513fbe855cdbc,,false
RRBudget,[Draft] Research & Related Budget,3.0,budget_year[].other_personnel.graduate_students.academic_months,RR_Budget_3_0.BudgetYear.OtherPersonnel.GraduateStudents.AcademicMonths,Academic Months Graduate Students,question,concept:budget:personnel:academic-months,concept:budget:personnel:academic-months,question:sha256:a7f527c90c600ec682a5954777230fc5fb2e7760513aef915effd864d8f0ae91,agent_proposed,,,,string,,,https://apply07.grants.gov/apply/forms/schemas/RR_Budget_3_0-V3.0.xsd,d474010f85819549990de65fc51292bed08ba98ac0895d0dde9513fbe855cdbc,,false
RRBudget,[Draft] Research & Related Budget,3.0,budget_year[].other_personnel.graduate_students.calendar_months,RR_Budget_3_0.BudgetYear.OtherPersonnel.GraduateStudents.CalendarMonths,Calendar Months Graduate Students,question,concept:budget:personnel:calendar-months,concept:budget:personnel:calendar-months,question:sha256:d495902ead64875624b21827a8b42b0532eeb4080c58949de76e414b0a7efb15,agent_proposed,,,,string,,,https://apply07.grants.gov/apply/forms/schemas/RR_Budget_3_0-V3.0.xsd,d474010f85819549990de65fc51292bed08ba98ac0895d0dde9513fbe855cdbc,,false
RRBudget,[Draft] Research & Related Budget,3.0,budget_year[].other_personnel.graduate_students.fringe_benefits,RR_Budget_3_0.BudgetYear.OtherPersonnel.GraduateStudents.FringeBenefits,Fringe Benefits Graduate Students,question,concept:budget:personnel:fringe-benefits,concept:budget:personnel:fringe-benefits,question:sha256:fce8e5bd98a4ed31fae06cc2f4404c1b80d0deb50afedb6583916232d5b8e966,agent_proposed,,,,string,,,https://apply07.grants.gov/apply/forms/schemas/RR_Budget_3_0-V3.0.xsd,d474010f85819549990de65fc51292bed08ba98ac0895d0dde9513fbe855cdbc,,false
RRBudget,[Draft] Research & Related Budget,3.0,budget_year[].other_personnel.graduate_students.funds_requested,RR_Budget_3_0.BudgetYear.OtherPersonnel.GraduateStudents.FundsRequested,Funds Requested Graduate Students,calculation,,,question:sha256:32b4788b3ff659cf4d6b81e29105df9a96eac1c1cada6581ee70a695081eae62,unmapped,,,,string,,,https://apply07.grants.gov/apply/forms/schemas/RR_Budget_3_0-V3.0.xsd,d474010f85819549990de65fc51292bed08ba98ac0895d0dde9513fbe855cdbc,,false
RRBudget,[Draft] Research & Related Budget,3.0,budget_year[].other_personnel.graduate_students.number_of_personnel,RR_Budget_3_0.BudgetYear.OtherPersonnel.GraduateStudents.NumberOfPersonnel,Number of Personnel Graduate Students,question,concept:budget:personnel:count,concept:budget:personnel:count,question:sha256:91dda16b88559cee29dc8ac6e70aeb49b78c9a77b30f0d02b57eb120118bc4aa,agent_proposed,,,,integer,,,https://apply07.grants.gov/apply/forms/schemas/RR_Budget_3_0-V3.0.xsd,d474010f85819549990de65fc51292bed08ba98ac0895d0dde9513fbe855cdbc,,false
RRBudget,[Draft] Research & Related Budget,3.0,budget_year[].other_personnel.graduate_students.project_role,RR_Budget_3_0.BudgetYear.OtherPersonnel.GraduateStudents.ProjectRole,Project Role Graduate Students,unmapped_field,,,question:sha256:d9d1fd383a3e006b8891cad04cd60d69dbb280277dfd8e00d9894ade25566d3e,unmapped,,,,string,,,https://apply07.grants.gov/apply/forms/schemas/RR_Budget_3_0-V3.0.xsd,d474010f85819549990de65fc51292bed08ba98ac0895d0dde9513fbe855cdbc,,false
RRBudget,[Draft] Research & Related Budget,3.0,budget_year[].other_personnel.graduate_students.requested_salary,RR_Budget_3_0.BudgetYear.OtherPersonnel.GraduateStudents.RequestedSalary,Requested Salary Graduate Students,question,concept:budget:personnel:requested-salary,concept:budget:personnel:requested-salary,question:sha256:1b69e28d334d94cf90e87352ebff81fcc16abff8812478d39beaaf458ee871c4,agent_proposed,,,,string,,,https://apply07.grants.gov/apply/forms/schemas/RR_Budget_3_0-V3.0.xsd,d474010f85819549990de65fc51292bed08ba98ac0895d0dde9513fbe855cdbc,,false
RRBudget,[Draft] Research & Related Budget,3.0,budget_year[].other_personnel.graduate_students.summer_months,RR_Budget_3_0.BudgetYear.OtherPersonnel.GraduateStudents.SummerMonths,Summer Months Graduate Students,question,concept:budget:personnel:summer-months,concept:budget:personnel:summer-months,question:sha256:86c4282b209a5999cbfefad4275f2501e064a4513040c0f2179b3d93b93b46d6,agent_proposed,,,,string,,,https://apply07.grants.gov/apply/forms/schemas/RR_Budget_3_0-V3.0.xsd,d474010f85819549990de65fc51292bed08ba98ac0895d0dde9513fbe855cdbc,,false
RRBudget,[Draft] Research & Related Budget,3.0,budget_year[].other_personnel.other[].academic_months,RR_Budget_3_0.BudgetYear.OtherPersonnel.Other.AcademicMonths,Academic Months Additional Project Role,question,concept:budget:personnel:academic-months,concept:budget:personnel:academic-months,question:sha256:7314058afca0ca32241852b8228ad1c81ad01d3622bca6501d57be279e92fe3f,agent_proposed,,,,string,,,https://apply07.grants.gov/apply/forms/schemas/RR_Budget_3_0-V3.0.xsd,d474010f85819549990de65fc51292bed08ba98ac0895d0dde9513fbe855cdbc,,false
RRBudget,[Draft] Research & Related Budget,3.0,budget_year[].other_personnel.other[].calendar_months,RR_Budget_3_0.BudgetYear.OtherPersonnel.Other.CalendarMonths,Calendar Months Additional Project Role,question,concept:budget:personnel:calendar-months,concept:budget:personnel:calendar-months,question:sha256:061364e2d5b98419b83a6ec07c7416c1020d794777e36f8797781874db2e64d6,agent_proposed,,,,string,,,https://apply07.grants.gov/apply/forms/schemas/RR_Budget_3_0-V3.0.xsd,d474010f85819549990de65fc51292bed08ba98ac0895d0dde9513fbe855cdbc,,false
RRBudget,[Draft] Research & Related Budget,3.0,budget_year[].other_personnel.other[].fringe_benefits,RR_Budget_3_0.BudgetYear.OtherPersonnel.Other.FringeBenefits,Fringe Benefits Additional Project Role,question,concept:budget:personnel:fringe-benefits,concept:budget:personnel:fringe-benefits,question:sha256:04679b43891ab78e392ffa039dc8fae71ac4cddc1cff212a9ba41c47d5c5537d,agent_proposed,,,,string,,,https://apply07.grants.gov/apply/forms/schemas/RR_Budget_3_0-V3.0.xsd,d474010f85819549990de65fc51292bed08ba98ac0895d0dde9513fbe855cdbc,,false
RRBudget,[Draft] Research & Related Budget,3.0,budget_year[].other_personnel.other[].funds_requested,RR_Budget_3_0.BudgetYear.OtherPersonnel.Other.FundsRequested,Funds Requested Additional Project Role,calculation,,,question:sha256:497ea03320184f02766252a7101314b18ab77ca6cc39b85724c1d448698ad159,unmapped,,,,string,,,https://apply07.grants.gov/apply/forms/schemas/RR_Budget_3_0-V3.0.xsd,d474010f85819549990de65fc51292bed08ba98ac0895d0dde9513fbe855cdbc,,false
RRBudget,[Draft] Research & Related Budget,3.0,budget_year[].other_personnel.other[].number_of_personnel,RR_Budget_3_0.BudgetYear.OtherPersonnel.Other.NumberOfPersonnel,Number of Personnel Additional Project Role,question,concept:budget:personnel:count,concept:budget:personnel:count,question:sha256:272f4d82e8f7fc64aa68a4b8f0a48d318f611e7f8d969f622ffa6a5e2feb1f0b,agent_proposed,,,,integer,,,https://apply07.grants.gov/apply/forms/schemas/RR_Budget_3_0-V3.0.xsd,d474010f85819549990de65fc51292bed08ba98ac0895d0dde9513fbe855cdbc,,false
RRBudget,[Draft] Research & Related Budget,3.0,budget_year[].other_personnel.other[].project_role,RR_Budget_3_0.BudgetYear.OtherPersonnel.Other.ProjectRole,Additional Project Role Description,question,concept:research-person:project-role,concept:research-person:project-role,question:sha256:7774a1dbe19e18780f9d855754d07b1a1b49d34123829275528dfd7495678398,agent_proposed,,,,string,,,https://apply07.grants.gov/apply/forms/schemas/RR_Budget_3_0-V3.0.xsd,d474010f85819549990de65fc51292bed08ba98ac0895d0dde9513fbe855cdbc,,false
RRBudget,[Draft] Research & Related Budget,3.0,budget_year[].other_personnel.other[].requested_salary,RR_Budget_3_0.BudgetYear.OtherPersonnel.Other.RequestedSalary,Requested Salary Additional Project Role,question,concept:budget:personnel:requested-salary,concept:budget:personnel:requested-salary,question:sha256:3dc5a1e71395e4d462d9654964caa03b2eb6bc5f598fa4960e22d8525399533e,agent_proposed,,,,string,,,https://apply07.grants.gov/apply/forms/schemas/RR_Budget_3_0-V3.0.xsd,d474010f85819549990de65fc51292bed08ba98ac0895d0dde9513fbe855cdbc,,false
RRBudget,[Draft] Research & Related Budget,3.0,budget_year[].other_personnel.other[].summer_months,RR_Budget_3_0.BudgetYear.OtherPersonnel.Other.SummerMonths,Summer Months Additional Project Role,question,concept:budget:personnel:summer-months,concept:budget:personnel:summer-months,question:sha256:a721b9c892a2063e7f05196dcd15933922de2ad0fa58f74c3bf80bd81372bf23,agent_proposed,,,,string,,,https://apply07.grants.gov/apply/forms/schemas/RR_Budget_3_0-V3.0.xsd,d474010f85819549990de65fc51292bed08ba98ac0895d0dde9513fbe855cdbc,,false
RRBudget,[Draft] Research & Related Budget,3.0,budget_year[].other_personnel.other_personnel_total_number,RR_Budget_3_0.BudgetYear.OtherPersonnel.OtherPersonnelTotalNumber,Total Number Other Personnel,calculation,,,question:sha256:5dd06d8f37c1b90fe9b1c8b607bd5cd0291886853a2800bb2131f4aab3bc73a9,unmapped,,,,integer,,,https://apply07.grants.gov/apply/forms/schemas/RR_Budget_3_0-V3.0.xsd,d474010f85819549990de65fc51292bed08ba98ac0895d0dde9513fbe855cdbc,,false
RRBudget,[Draft] Research & Related Budget,3.0,budget_year[].other_personnel.post_doc_associates.academic_months,RR_Budget_3_0.BudgetYear.OtherPersonnel.PostDocAssociates.AcademicMonths,Academic Months Post Doctoral Associates,question,concept:budget:personnel:academic-months,concept:budget:personnel:academic-months,question:sha256:ef80423fb6b7889093f2747a63a1def846e0ac17e87f8e0a24339a2aed551f47,agent_proposed,,,,string,,,https://apply07.grants.gov/apply/forms/schemas/RR_Budget_3_0-V3.0.xsd,d474010f85819549990de65fc51292bed08ba98ac0895d0dde9513fbe855cdbc,,false
RRBudget,[Draft] Research & Related Budget,3.0,budget_year[].other_personnel.post_doc_associates.calendar_months,RR_Budget_3_0.BudgetYear.OtherPersonnel.PostDocAssociates.CalendarMonths,Calendar Months Post Doctoral Associates,question,concept:budget:personnel:calendar-months,concept:budget:personnel:calendar-months,question:sha256:54d3a68e197d64f8bb8ae9b859dcc1879042057a8b934e6f5ff771c433c88fa4,agent_proposed,,,,string,,,https://apply07.grants.gov/apply/forms/schemas/RR_Budget_3_0-V3.0.xsd,d474010f85819549990de65fc51292bed08ba98ac0895d0dde9513fbe855cdbc,,false
RRBudget,[Draft] Research & Related Budget,3.0,budget_year[].other_personnel.post_doc_associates.fringe_benefits,RR_Budget_3_0.BudgetYear.OtherPersonnel.PostDocAssociates.FringeBenefits,Fringe Benefits Post Doctoral Associates,question,concept:budget:personnel:fringe-benefits,concept:budget:personnel:fringe-benefits,question:sha256:982d428092bd5ff9a231fbed78396b0124f7799e00bff065e873b447b56efc94,agent_proposed,,,,string,,,https://apply07.grants.gov/apply/forms/schemas/RR_Budget_3_0-V3.0.xsd,d474010f85819549990de65fc51292bed08ba98ac0895d0dde9513fbe855cdbc,,false
RRBudget,[Draft] Research & Related Budget,3.0,budget_year[].other_personnel.post_doc_associates.funds_requested,RR_Budget_3_0.BudgetYear.OtherPersonnel.PostDocAssociates.FundsRequested,Funds Requested Post Doctoral Associates,calculation,,,question:sha256:9554189c077a955da65ee184d89cea1cdee866e3381e0c7c62d1bdd29b97237e,unmapped,,,,string,,,https://apply07.grants.gov/apply/forms/schemas/RR_Budget_3_0-V3.0.xsd,d474010f85819549990de65fc51292bed08ba98ac0895d0dde9513fbe855cdbc,,false
RRBudget,[Draft] Research & Related Budget,3.0,budget_year[].other_personnel.post_doc_associates.number_of_personnel,RR_Budget_3_0.BudgetYear.OtherPersonnel.PostDocAssociates.NumberOfPersonnel,Number of Personnel Post Doctoral Associates,question,concept:budget:personnel:count,concept:budget:personnel:count,question:sha256:51c14fb0af4aa31147c3800d9c89b7b1491a89ff8af1ba87e993520ff5986c57,agent_proposed,,,,integer,,,https://apply07.grants.gov/apply/forms/schemas/RR_Budget_3_0-V3.0.xsd,d474010f85819549990de65fc51292bed08ba98ac0895d0dde9513fbe855cdbc,,false
RRBudget,[Draft] Research & Related Budget,3.0,budget_year[].other_personnel.post_doc_associates.project_role,RR_Budget_3_0.BudgetYear.OtherPersonnel.PostDocAssociates.ProjectRole,Project Role Post Doctoral Associates,unmapped_field,,,question:sha256:193b4a0faafea948b3713e9607e375f31fad26820a335871cc766853ad1e67bb,unmapped,,,,string,,,https://apply07.grants.gov/apply/forms/schemas/RR_Budget_3_0-V3.0.xsd,d474010f85819549990de65fc51292bed08ba98ac0895d0dde9513fbe855cdbc,,false
RRBudget,[Draft] Research & Related Budget,3.0,budget_year[].other_personnel.post_doc_associates.requested_salary,RR_Budget_3_0.BudgetYear.OtherPersonnel.PostDocAssociates.RequestedSalary,Requested Salary Post Doctoral Associates,question,concept:budget:personnel:requested-salary,concept:budget:personnel:requested-salary,question:sha256:c93eeea3d639e84e6a5682860b06fbca2bf5b04d9df34dcefabc44ebad7dbec1,agent_proposed,,,,string,,,https://apply07.grants.gov/apply/forms/schemas/RR_Budget_3_0-V3.0.xsd,d474010f85819549990de65fc51292bed08ba98ac0895d0dde9513fbe855cdbc,,false
RRBudget,[Draft] Research & Related Budget,3.0,budget_year[].other_personnel.post_doc_associates.summer_months,RR_Budget_3_0.BudgetYear.OtherPersonnel.PostDocAssociates.SummerMonths,Summer Months Post Doctoral Associates,question,concept:budget:personnel:summer-months,concept:budget:personnel:summer-months,question:sha256:e957d98a2e2d8262993b621e82c992e4f9684fc6c19dcad6bfd02c64e1426de2,agent_proposed,,,,string,,,https://apply07.grants.gov/apply/forms/schemas/RR_Budget_3_0-V3.0.xsd,d474010f85819549990de65fc51292bed08ba98ac0895d0dde9513fbe855cdbc,,false
RRBudget,[Draft] Research & Related Budget,3.0,budget_year[].other_personnel.secretarial_clerical.academic_months,RR_Budget_3_0.BudgetYear.OtherPersonnel.SecretarialClerical.AcademicMonths,Academic Months Secretarial/Clerical,question,concept:budget:personnel:academic-months,concept:budget:personnel:academic-months,question:sha256:1d758529c84b04bb6ff985165ddd6fdb3cbf722d3d924962242c909d5481ef8b,agent_proposed,,,,string,,,https://apply07.grants.gov/apply/forms/schemas/RR_Budget_3_0-V3.0.xsd,d474010f85819549990de65fc51292bed08ba98ac0895d0dde9513fbe855cdbc,,false
RRBudget,[Draft] Research & Related Budget,3.0,budget_year[].other_personnel.secretarial_clerical.calendar_months,RR_Budget_3_0.BudgetYear.OtherPersonnel.SecretarialClerical.CalendarMonths,Calendar Months Secretarial/Clerical,question,concept:budget:personnel:calendar-months,concept:budget:personnel:calendar-months,question:sha256:13514e8e9657c172aa528baaa25a02811b9f9b59f16eccdc0eee6e2158e487c4,agent_proposed,,,,string,,,https://apply07.grants.gov/apply/forms/schemas/RR_Budget_3_0-V3.0.xsd,d474010f85819549990de65fc51292bed08ba98ac0895d0dde9513fbe855cdbc,,false
RRBudget,[Draft] Research & Related Budget,3.0,budget_year[].other_personnel.secretarial_clerical.fringe_benefits,RR_Budget_3_0.BudgetYear.OtherPersonnel.SecretarialClerical.FringeBenefits,Fringe Benefits Secretarial/Clerical,question,concept:budget:personnel:fringe-benefits,concept:budget:personnel:fringe-benefits,question:sha256:6b1ce39067b08d1a7be67b690f521cf9ab0c64f5683594ef2c2bb773cb947a92,agent_proposed,,,,string,,,https://apply07.grants.gov/apply/forms/schemas/RR_Budget_3_0-V3.0.xsd,d474010f85819549990de65fc51292bed08ba98ac0895d0dde9513fbe855cdbc,,false
RRBudget,[Draft] Research & Related Budget,3.0,budget_year[].other_personnel.secretarial_clerical.funds_requested,RR_Budget_3_0.BudgetYear.OtherPersonnel.SecretarialClerical.FundsRequested,Funds Requested Secretarial/Clerical,calculation,,,question:sha256:3fe614edc252b3dada2e2e7b32fffd9c2183175ea044498f0dc1b6719422a542,unmapped,,,,string,,,https://apply07.grants.gov/apply/forms/schemas/RR_Budget_3_0-V3.0.xsd,d474010f85819549990de65fc51292bed08ba98ac0895d0dde9513fbe855cdbc,,false
RRBudget,[Draft] Research & Related Budget,3.0,budget_year[].other_personnel.secretarial_clerical.number_of_personnel,RR_Budget_3_0.BudgetYear.OtherPersonnel.SecretarialClerical.NumberOfPersonnel,Number of Personnel Secretarial/Clerical,question,concept:budget:personnel:count,concept:budget:personnel:count,question:sha256:53fa7f92047f80031fd1388a3f440fcd8278be85d7b3c8d1e67d07068dcc20d6,agent_proposed,,,,integer,,,https://apply07.grants.gov/apply/forms/schemas/RR_Budget_3_0-V3.0.xsd,d474010f85819549990de65fc51292bed08ba98ac0895d0dde9513fbe855cdbc,,false
RRBudget,[Draft] Research & Related Budget,3.0,budget_year[].other_personnel.secretarial_clerical.project_role,RR_Budget_3_0.BudgetYear.OtherPersonnel.SecretarialClerical.ProjectRole,Project Role Secretarial/Clerical,unmapped_field,,,question:sha256:7efd34e510cc5e43d64725be1ce6ccc1f5e1c08c9f3223a0f329e5eddb4da591,unmapped,,,,string,,,https://apply07.grants.gov/apply/forms/schemas/RR_Budget_3_0-V3.0.xsd,d474010f85819549990de65fc51292bed08ba98ac0895d0dde9513fbe855cdbc,,false
RRBudget,[Draft] Research & Related Budget,3.0,budget_year[].other_personnel.secretarial_clerical.requested_salary,RR_Budget_3_0.BudgetYear.OtherPersonnel.SecretarialClerical.RequestedSalary,Requested Salary Secretarial/Clerical,question,concept:budget:personnel:requested-salary,concept:budget:personnel:requested-salary,question:sha256:fcbe5f10c9b21110afc318e1570a405aa82737398aff15287df3be75b0fad3e6,agent_proposed,,,,string,,,https://apply07.grants.gov/apply/forms/schemas/RR_Budget_3_0-V3.0.xsd,d474010f85819549990de65fc51292bed08ba98ac0895d0dde9513fbe855cdbc,,false
RRBudget,[Draft] Research & Related Budget,3.0,budget_year[].other_personnel.secretarial_clerical.summer_months,RR_Budget_3_0.BudgetYear.OtherPersonnel.SecretarialClerical.SummerMonths,Summer Months Secretarial/Clerical,question,concept:budget:personnel:summer-months,concept:budget:personnel:summer-months,question:sha256:e509327c4c4f62152bf1f67fe0e1940eca3351f394a2ea145dfe952c7433407d,agent_proposed,,,,string,,,https://apply07.grants.gov/apply/forms/schemas/RR_Budget_3_0-V3.0.xsd,d474010f85819549990de65fc51292bed08ba98ac0895d0dde9513fbe855cdbc,,false
RRBudget,[Draft] Research & Related Budget,3.0,budget_year[].other_personnel.total_other_personnel_fund,RR_Budget_3_0.BudgetYear.OtherPersonnel.TotalOtherPersonnelFund,Total Other Personnel,calculation,,,question:sha256:87b2e209a69eda6682584816260de8cc090d4c4f9e6c5d2d71d7d7b24276b187,unmapped,,,,string,,,https://apply07.grants.gov/apply/forms/schemas/RR_Budget_3_0-V3.0.xsd,d474010f85819549990de65fc51292bed08ba98ac0895d0dde9513fbe855cdbc,,false
RRBudget,[Draft] Research & Related Budget,3.0,budget_year[].other_personnel.undergraduate_students.academic_months,RR_Budget_3_0.BudgetYear.OtherPersonnel.UndergraduateStudents.AcademicMonths,Academic Months Undergraduate Students,question,concept:budget:personnel:academic-months,concept:budget:personnel:academic-months,question:sha256:34b1ec770a1a4c9160d216ea7ae7e3be0d8550c64900a43a814b8899bf45e8ea,agent_proposed,,,,string,,,https://apply07.grants.gov/apply/forms/schemas/RR_Budget_3_0-V3.0.xsd,d474010f85819549990de65fc51292bed08ba98ac0895d0dde9513fbe855cdbc,,false
RRBudget,[Draft] Research & Related Budget,3.0,budget_year[].other_personnel.undergraduate_students.calendar_months,RR_Budget_3_0.BudgetYear.OtherPersonnel.UndergraduateStudents.CalendarMonths,Calendar Months Undergraduate Students,question,concept:budget:personnel:calendar-months,concept:budget:personnel:calendar-months,question:sha256:e4481446512be046feb998f17072a0e0ceb74fbc578f3c4143c22b1b956ae460,agent_proposed,,,,string,,,https://apply07.grants.gov/apply/forms/schemas/RR_Budget_3_0-V3.0.xsd,d474010f85819549990de65fc51292bed08ba98ac0895d0dde9513fbe855cdbc,,false
RRBudget,[Draft] Research & Related Budget,3.0,budget_year[].other_personnel.undergraduate_students.fringe_benefits,RR_Budget_3_0.BudgetYear.OtherPersonnel.UndergraduateStudents.FringeBenefits,Fringe Benefits Undergraduate Students,question,concept:budget:personnel:fringe-benefits,concept:budget:personnel:fringe-benefits,question:sha256:4f8364b6ff7c8934737dc9388d8282befa9f530e940b5a6f4604244d508b46a4,agent_proposed,,,,string,,,https://apply07.grants.gov/apply/forms/schemas/RR_Budget_3_0-V3.0.xsd,d474010f85819549990de65fc51292bed08ba98ac0895d0dde9513fbe855cdbc,,false
RRBudget,[Draft] Research & Related Budget,3.0,budget_year[].other_personnel.undergraduate_students.funds_requested,RR_Budget_3_0.BudgetYear.OtherPersonnel.UndergraduateStudents.FundsRequested,Funds Requested Undergraduate Students,calculation,,,question:sha256:0f4534a2ca4e9a9a4cbe8ad991bcf828694bc767174ecb16e6cfc9bb8a96835a,unmapped,,,,string,,,https://apply07.grants.gov/apply/forms/schemas/RR_Budget_3_0-V3.0.xsd,d474010f85819549990de65fc51292bed08ba98ac0895d0dde9513fbe855cdbc,,false
RRBudget,[Draft] Research & Related Budget,3.0,budget_year[].other_personnel.undergraduate_students.number_of_personnel,RR_Budget_3_0.BudgetYear.OtherPersonnel.UndergraduateStudents.NumberOfPersonnel,Number of Personnel Undergraduate Students,question,concept:budget:personnel:count,concept:budget:personnel:count,question:sha256:88f169d0bdd93896489200f2c382804460b2100e6cbcea91b966ded309313d11,agent_proposed,,,,integer,,,https://apply07.grants.gov/apply/forms/schemas/RR_Budget_3_0-V3.0.xsd,d474010f85819549990de65fc51292bed08ba98ac0895d0dde9513fbe855cdbc,,false
RRBudget,[Draft] Research & Related Budget,3.0,budget_year[].other_personnel.undergraduate_students.project_role,RR_Budget_3_0.BudgetYear.OtherPersonnel.UndergraduateStudents.ProjectRole,Project Role Undergraduate Students,unmapped_field,,,question:sha256:6a1b8dbd7d6516baf3970b8414318721bc6cca37cbf29a533c997c8c2b6323c0,unmapped,,,,string,,,https://apply07.grants.gov/apply/forms/schemas/RR_Budget_3_0-V3.0.xsd,d474010f85819549990de65fc51292bed08ba98ac0895d0dde9513fbe855cdbc,,false
RRBudget,[Draft] Research & Related Budget,3.0,budget_year[].other_personnel.undergraduate_students.requested_salary,RR_Budget_3_0.BudgetYear.OtherPersonnel.UndergraduateStudents.RequestedSalary,Requested Salary Undergraduate Students,question,concept:budget:personnel:requested-salary,concept:budget:personnel:requested-salary,question:sha256:7b855f0940ddc00d062bc3a1bf1503c89306588346b82a999a89487f068eee0f,agent_proposed,,,,string,,,https://apply07.grants.gov/apply/forms/schemas/RR_Budget_3_0-V3.0.xsd,d474010f85819549990de65fc51292bed08ba98ac0895d0dde9513fbe855cdbc,,false
RRBudget,[Draft] Research & Related Budget,3.0,budget_year[].other_personnel.undergraduate_students.summer_months,RR_Budget_3_0.BudgetYear.OtherPersonnel.UndergraduateStudents.SummerMonths,Summer Months Undergraduate Students,question,concept:budget:personnel:summer-months,concept:budget:personnel:summer-months,question:sha256:c6802b8a7018de4d703f74c9d15b4f845bae3e708cd634ef684b63c9e42cb598,agent_proposed,,,,string,,,https://apply07.grants.gov/apply/forms/schemas/RR_Budget_3_0-V3.0.xsd,d474010f85819549990de65fc51292bed08ba98ac0895d0dde9513fbe855cdbc,,false
RRBudget,[Draft] Research & Related Budget,3.0,budget_year[].participant_trainee_support_costs.other.cost,RR_Budget_3_0.BudgetYear.ParticipantTraineeSupportCosts.Other.Cost,Other Participant/Trainee Costs,question,concept:budget:line:cost,concept:budget:line:cost,question:sha256:bc4a4146cd4a669e9ab268d2136ea42cf68646e8312c12db3f167c06cc6140c4,agent_proposed,,,,string,,,https://apply07.grants.gov/apply/forms/schemas/RR_Budget_3_0-V3.0.xsd,d474010f85819549990de65fc51292bed08ba98ac0895d0dde9513fbe855cdbc,,false
RRBudget,[Draft] Research & Related Budget,3.0,budget_year[].participant_trainee_support_costs.other.description,RR_Budget_3_0.BudgetYear.ParticipantTraineeSupportCosts.Other.Description,5. Other,question,concept:budget:line:description,concept:budget:line:description,question:sha256:d9db81c4cc7269cc3dde4a9f5ef70ff87356cfa2573793894eef31f06c1d0bd5,agent_proposed,,,,string,,,https://apply07.grants.gov/apply/forms/schemas/RR_Budget_3_0-V3.0.xsd,d474010f85819549990de65fc51292bed08ba98ac0895d0dde9513fbe855cdbc,,false
RRBudget,[Draft] Research & Related Budget,3.0,budget_year[].participant_trainee_support_costs.participant_trainee_number,RR_Budget_3_0.BudgetYear.ParticipantTraineeSupportCosts.ParticipantTraineeNumber,Number of Participants/Trainees,question,concept:budget:trainee:count,concept:budget:trainee:count,question:sha256:dbdb3dc98f47c01d1386c91cc931e394fb3c0df1c1299d6ef464cbefd1fa2e10,agent_proposed,,,,integer,,,https://apply07.grants.gov/apply/forms/schemas/RR_Budget_3_0-V3.0.xsd,d474010f85819549990de65fc51292bed08ba98ac0895d0dde9513fbe855cdbc,,false
RRBudget,[Draft] Research & Related Budget,3.0,budget_year[].participant_trainee_support_costs.stipends,RR_Budget_3_0.BudgetYear.ParticipantTraineeSupportCosts.Stipends,2. Stipends,question,concept:budget:trainee:stipends,concept:budget:trainee:stipends,question:sha256:34023cced12cac48d49745758b51fb738c3d7c3569548f01ab73d6e44a5539b1,agent_proposed,,,,string,,,https://apply07.grants.gov/apply/forms/schemas/RR_Budget_3_0-V3.0.xsd,d474010f85819549990de65fc51292bed08ba98ac0895d0dde9513fbe855cdbc,,false
RRBudget,[Draft] Research & Related Budget,3.0,budget_year[].participant_trainee_support_costs.subsistence,RR_Budget_3_0.BudgetYear.ParticipantTraineeSupportCosts.Subsistence,4. Subsistence,question,concept:budget:trainee:subsistence,concept:budget:trainee:subsistence,question:sha256:0a3768821475a99902dd5bd5f1f2b743c0c135c50db61042217fb8501343b59a,agent_proposed,,,,string,,,https://apply07.grants.gov/apply/forms/schemas/RR_Budget_3_0-V3.0.xsd,d474010f85819549990de65fc51292bed08ba98ac0895d0dde9513fbe855cdbc,,false
RRBudget,[Draft] Research & Related Budget,3.0,budget_year[].participant_trainee_support_costs.total_cost,RR_Budget_3_0.BudgetYear.ParticipantTraineeSupportCosts.TotalCost,Total Participant/Trainee Support Costs,calculation,,,question:sha256:d5dcbc008ee7e3d9b485d2ee3f7d7e4372644a9a765d4d18b6b2221d7bef01d4,unmapped,,,,string,,,https://apply07.grants.gov/apply/forms/schemas/RR_Budget_3_0-V3.0.xsd,d474010f85819549990de65fc51292bed08ba98ac0895d0dde9513fbe855cdbc,,false
RRBudget,[Draft] Research & Related Budget,3.0,budget_year[].participant_trainee_support_costs.travel,RR_Budget_3_0.BudgetYear.ParticipantTraineeSupportCosts.Travel,3. Travel,question,concept:budget:trainee:travel,concept:budget:trainee:travel,question:sha256:6441408d5199a795b1fdfae9c48d34f70b02d5346f8f1614349bfac077bd1f2c,agent_proposed,,,,string,,,https://apply07.grants.gov/apply/forms/schemas/RR_Budget_3_0-V3.0.xsd,d474010f85819549990de65fc51292bed08ba98ac0895d0dde9513fbe855cdbc,,false
RRBudget,[Draft] Research & Related Budget,3.0,budget_year[].participant_trainee_support_costs.tuition_fee_health_insurance,RR_Budget_3_0.BudgetYear.ParticipantTraineeSupportCosts.TuitionFeeHealthInsurance,1. Tuition/Fees/Health Insurance,question,concept:budget:trainee:tuition-fees-insurance,concept:budget:trainee:tuition-fees-insurance,question:sha256:0b9b07b0aa9d2a27a0c28e4573335e10f2dbe553119cf5bc352b3b1b4cf608f5,agent_proposed,,,,string,,,https://apply07.grants.gov/apply/forms/schemas/RR_Budget_3_0-V3.0.xsd,d474010f85819549990de65fc51292bed08ba98ac0895d0dde9513fbe855cdbc,,false
RRBudget,[Draft] Research & Related Budget,3.0,budget_year[].total_compensation,RR_Budget_3_0.BudgetYear.TotalCompensation,"Total Salary, Wages and Fringe Benefits (A+B)",calculation,,,question:sha256:99a4c5ffc67d76daadb1d9ad417dee64c3902e56944364169d754cd4e7bbad67,unmapped,,,,string,,,https://apply07.grants.gov/apply/forms/schemas/RR_Budget_3_0-V3.0.xsd,d474010f85819549990de65fc51292bed08ba98ac0895d0dde9513fbe855cdbc,,false
RRBudget,[Draft] Research & Related Budget,3.0,budget_year[].total_costs,RR_Budget_3_0.BudgetYear.TotalCosts,Total Direct and Indirect Institutional Costs (G + H),calculation,,,question:sha256:f75d19eb15703c965284fb0ae61a06430318270dd9117481c75a53ebcfb1f1f5,unmapped,,,,string,,,https://apply07.grants.gov/apply/forms/schemas/RR_Budget_3_0-V3.0.xsd,d474010f85819549990de65fc51292bed08ba98ac0895d0dde9513fbe855cdbc,,false
RRBudget,[Draft] Research & Related Budget,3.0,budget_year[].total_costs_fee,RR_Budget_3_0.BudgetYear.TotalCostsFee,Total Costs and Fee (I + J),calculation,,,question:sha256:e1bf434b54dc06090829e5bb3f776ce05f1c8ae5017d4c56a421b0a449238284,unmapped,,,,string,,,https://apply07.grants.gov/apply/forms/schemas/RR_Budget_3_0-V3.0.xsd,d474010f85819549990de65fc51292bed08ba98ac0895d0dde9513fbe855cdbc,,false
RRBudget,[Draft] Research & Related Budget,3.0,budget_year[].travel.domestic_travel_cost,RR_Budget_3_0.BudgetYear.Travel.DomesticTravelCost,"1. Domestic Travel Costs ( Incl. Canada, Mexico and U.S. Possessions)",question,concept:budget:travel:domestic,concept:budget:travel:domestic,question:sha256:d2944dd7a554635547648bf318339d9bd561988131b7cb7c874007ebe1b3e0f2,agent_proposed,,,,string,,,https://apply07.grants.gov/apply/forms/schemas/RR_Budget_3_0-V3.0.xsd,d474010f85819549990de65fc51292bed08ba98ac0895d0dde9513fbe855cdbc,,false
RRBudget,[Draft] Research & Related Budget,3.0,budget_year[].travel.foreign_travel_cost,RR_Budget_3_0.BudgetYear.Travel.ForeignTravelCost,2. Foreign Travel Costs,question,concept:budget:travel:foreign,concept:budget:travel:foreign,question:sha256:51dcc8c4487bf0d8b47f81acb085c3cbd23ade1aee18603b70bfb3463a894a5a,agent_proposed,,,,string,,,https://apply07.grants.gov/apply/forms/schemas/RR_Budget_3_0-V3.0.xsd,d474010f85819549990de65fc51292bed08ba98ac0895d0dde9513fbe855cdbc,,false
RRBudget,[Draft] Research & Related Budget,3.0,budget_year[].travel.total_travel_cost,RR_Budget_3_0.BudgetYear.Travel.TotalTravelCost,Total Travel Cost,calculation,,,question:sha256:99d2d3338f4b354852761563398d014c1fed948c041decb70f56867bb4fb0971,unmapped,,,,string,,,https://apply07.grants.gov/apply/forms/schemas/RR_Budget_3_0-V3.0.xsd,d474010f85819549990de65fc51292bed08ba98ac0895d0dde9513fbe855cdbc,,false
RRBudget,[Draft] Research & Related Budget,3.0,organization_name,RR_Budget_3_0.OrganizationName,Enter name of Organization:,question,concept:role:applicant-organization:name,concept:role:applicant-organization:name,question:sha256:04a0d545d68065561a5aa48c2deb619c2d9220c9649f901088d9557d78e29346,agent_proposed,,,,string,,,https://apply07.grants.gov/apply/forms/schemas/RR_Budget_3_0-V3.0.xsd,d474010f85819549990de65fc51292bed08ba98ac0895d0dde9513fbe855cdbc,,false
RRBudget,[Draft] Research & Related Budget,3.0,samuei,RR_Budget_3_0.SAMUEI,UEI:,question,concept:role:applicant-organization:sam-uei,concept:role:applicant-organization:sam-uei,question:sha256:ec555684403c6a4c6ed74aedb946de6152ad5bffd6b787885d053e0c1b67990d,agent_proposed,,,,string,,,https://apply07.grants.gov/apply/forms/schemas/RR_Budget_3_0-V3.0.xsd,d474010f85819549990de65fc51292bed08ba98ac0895d0dde9513fbe855cdbc,,false
RRBudget10,[Draft] Research & Related Budget 10YR,3.0,budget_justification_attachment,RR_Budget10_3_0.BudgetJustificationAttachment,L. Budget Justification (Only attach one file.),question,concept:attachment:budget-narrative,concept:attachment:budget-narrative,question:sha256:e1f8fdb121cbb9e6fdcb0c95c8796c004d268681d6820deb42e157ab29b3b1bf,agent_proposed,,,,,,,https://apply07.grants.gov/apply/forms/schemas/RR_Budget10_3_0-V3.0.xsd,cccce03554424d59b5958e4443a54db12a5a10780fbdc5df2ec25955d443fc9d,,false
RRBudget10,[Draft] Research & Related Budget 10YR,3.0,budget_summary.cumulative_adp_computer_services,RR_Budget10_3_0.BudgetSummary.CumulativeADPComputerServices,4. ADP/Computer Services,calculation,,,question:sha256:719ecfd79bb3416dbbc90d62932976ff8b842814875d2041edcf329ce67fab21,unmapped,,,,string,,,https://apply07.grants.gov/apply/forms/schemas/RR_Budget10_3_0-V3.0.xsd,cccce03554424d59b5958e4443a54db12a5a10780fbdc5df2ec25955d443fc9d,,false
RRBudget10,[Draft] Research & Related Budget 10YR,3.0,budget_summary.cumulative_alterations_and_renovations,RR_Budget10_3_0.BudgetSummary.CumulativeAlterationsAndRenovations,7. Alterations and Renovations,calculation,,,question:sha256:b2ff530f37b92dcaca9028b7007093c447ed420207d71b83f009f03618926e4e,unmapped,,,,string,,,https://apply07.grants.gov/apply/forms/schemas/RR_Budget10_3_0-V3.0.xsd,cccce03554424d59b5958e4443a54db12a5a10780fbdc5df2ec25955d443fc9d,,false
RRBudget10,[Draft] Research & Related Budget 10YR,3.0,budget_summary.cumulative_consultant_services,RR_Budget10_3_0.BudgetSummary.CumulativeConsultantServices,3. Consultant Services,calculation,,,question:sha256:301a18927e0dd72a3edfdb1b474a6151036c3bcafb7fb42b70fc82a3e220f38c,unmapped,,,,string,,,https://apply07.grants.gov/apply/forms/schemas/RR_Budget10_3_0-V3.0.xsd,cccce03554424d59b5958e4443a54db12a5a10780fbdc5df2ec25955d443fc9d,,false
RRBudget10,[Draft] Research & Related Budget 10YR,3.0,budget_summary.cumulative_domestic_travel_costs,RR_Budget10_3_0.BudgetSummary.CumulativeDomesticTravelCosts,1. Domestic,calculation,,,question:sha256:3df079a9c5a5b1d1cc7ec81eb4979f727867d391ccc0f0c83aa555a3f14cfdac,unmapped,,,,string,,,https://apply07.grants.gov/apply/forms/schemas/RR_Budget10_3_0-V3.0.xsd,cccce03554424d59b5958e4443a54db12a5a10780fbdc5df2ec25955d443fc9d,,false
RRBudget10,[Draft] Research & Related Budget 10YR,3.0,budget_summary.cumulative_equipment_facility_rental_fees,RR_Budget10_3_0.BudgetSummary.CumulativeEquipmentFacilityRentalFees,6. Equipment or Facility Rental/User Fees,calculation,,,question:sha256:ff1ec7d1eda26dd410a011a67f420ac5e0fb6bb865f7471785e2e6e6f216754a,unmapped,,,,string,,,https://apply07.grants.gov/apply/forms/schemas/RR_Budget10_3_0-V3.0.xsd,cccce03554424d59b5958e4443a54db12a5a10780fbdc5df2ec25955d443fc9d,,false
RRBudget10,[Draft] Research & Related Budget 10YR,3.0,budget_summary.cumulative_fee,RR_Budget10_3_0.BudgetSummary.CumulativeFee,"Section J, Fee",calculation,,,question:sha256:949d6b5d388b4e4eab125bdf353bac3c4ced05beee6ec8a52d58fb6b0b9bc0a6,unmapped,,,,string,,,https://apply07.grants.gov/apply/forms/schemas/RR_Budget10_3_0-V3.0.xsd,cccce03554424d59b5958e4443a54db12a5a10780fbdc5df2ec25955d443fc9d,,false
RRBudget10,[Draft] Research & Related Budget 10YR,3.0,budget_summary.cumulative_foreign_travel_costs,RR_Budget10_3_0.BudgetSummary.CumulativeForeignTravelCosts,2. Foreign,calculation,,,question:sha256:4449a7773f04025bf1843bb17b6fa635f46aa0758ff281054a4a0c1a60eb4adf,unmapped,,,,string,,,https://apply07.grants.gov/apply/forms/schemas/RR_Budget10_3_0-V3.0.xsd,cccce03554424d59b5958e4443a54db12a5a10780fbdc5df2ec25955d443fc9d,,false
RRBudget10,[Draft] Research & Related Budget 10YR,3.0,budget_summary.cumulative_material_and_supplies,RR_Budget10_3_0.BudgetSummary.CumulativeMaterialAndSupplies,1. Materials and Supplies,calculation,,,question:sha256:2ba0b84bad3639ffbed544ac7c29fb78c850462358f4ecf524be861e3409e9d2,unmapped,,,,string,,,https://apply07.grants.gov/apply/forms/schemas/RR_Budget10_3_0-V3.0.xsd,cccce03554424d59b5958e4443a54db12a5a10780fbdc5df2ec25955d443fc9d,,false
RRBudget10,[Draft] Research & Related Budget 10YR,3.0,budget_summary.cumulative_noof_trainees,RR_Budget10_3_0.BudgetSummary.CumulativeNoofTrainees,6. Number of Participants/Trainees,calculation,,,question:sha256:3a9d2e5787174caee1d3f0dce0d3c83ba3e6eac29c902e44be9bdd8d9a2d561b,unmapped,,,,integer,,,https://apply07.grants.gov/apply/forms/schemas/RR_Budget10_3_0-V3.0.xsd,cccce03554424d59b5958e4443a54db12a5a10780fbdc5df2ec25955d443fc9d,,false
RRBudget10,[Draft] Research & Related Budget 10YR,3.0,budget_summary.cumulative_other_10_direct_cost,RR_Budget10_3_0.BudgetSummary.CumulativeOther10DirectCost,17. Other 10,calculation,,,question:sha256:d5a9e569e49b24f5ce29d699c18fc563d8cd52a7ff04571b4c66eca2debdc1c6,unmapped,,,,string,,,https://apply07.grants.gov/apply/forms/schemas/RR_Budget10_3_0-V3.0.xsd,cccce03554424d59b5958e4443a54db12a5a10780fbdc5df2ec25955d443fc9d,,false
RRBudget10,[Draft] Research & Related Budget 10YR,3.0,budget_summary.cumulative_other_1_direct_cost,RR_Budget10_3_0.BudgetSummary.CumulativeOther1DirectCost,8. Other 1,calculation,,,question:sha256:d78385fffffae503a325e78dc10486199b10e4aa18bff84901daa396326cd1e9,unmapped,,,,string,,,https://apply07.grants.gov/apply/forms/schemas/RR_Budget10_3_0-V3.0.xsd,cccce03554424d59b5958e4443a54db12a5a10780fbdc5df2ec25955d443fc9d,,false
RRBudget10,[Draft] Research & Related Budget 10YR,3.0,budget_summary.cumulative_other_2_direct_cost,RR_Budget10_3_0.BudgetSummary.CumulativeOther2DirectCost,9. Other 2,calculation,,,question:sha256:7213af3ea75882e0ded470f06fd6ab280164c7be826bee7584ef13078e6d38f8,unmapped,,,,string,,,https://apply07.grants.gov/apply/forms/schemas/RR_Budget10_3_0-V3.0.xsd,cccce03554424d59b5958e4443a54db12a5a10780fbdc5df2ec25955d443fc9d,,false
RRBudget10,[Draft] Research & Related Budget 10YR,3.0,budget_summary.cumulative_other_3_direct_cost,RR_Budget10_3_0.BudgetSummary.CumulativeOther3DirectCost,10. Other 3,calculation,,,question:sha256:8a5e1b0811c7993ffc52170e62b0c49965ebe5e1ed1b0ece54fbbb1dde1d2321,unmapped,,,,string,,,https://apply07.grants.gov/apply/forms/schemas/RR_Budget10_3_0-V3.0.xsd,cccce03554424d59b5958e4443a54db12a5a10780fbdc5df2ec25955d443fc9d,,false
RRBudget10,[Draft] Research & Related Budget 10YR,3.0,budget_summary.cumulative_other_4_direct_cost,RR_Budget10_3_0.BudgetSummary.CumulativeOther4DirectCost,11. Other 4,calculation,,,question:sha256:7842d6c0ba5dcd1b8c18bf2a196032e7436f4b2ae16e779b5e42ba54bccedff1,unmapped,,,,string,,,https://apply07.grants.gov/apply/forms/schemas/RR_Budget10_3_0-V3.0.xsd,cccce03554424d59b5958e4443a54db12a5a10780fbdc5df2ec25955d443fc9d,,false
RRBudget10,[Draft] Research & Related Budget 10YR,3.0,budget_summary.cumulative_other_5_direct_cost,RR_Budget10_3_0.BudgetSummary.CumulativeOther5DirectCost,12. Other 5,calculation,,,question:sha256:663607d6901c1c1e3ea62bdaacc6870d2df3cc73b196cb58a3043a5fe0d3041a,unmapped,,,,string,,,https://apply07.grants.gov/apply/forms/schemas/RR_Budget10_3_0-V3.0.xsd,cccce03554424d59b5958e4443a54db12a5a10780fbdc5df2ec25955d443fc9d,,false
RRBudget10,[Draft] Research & Related Budget 10YR,3.0,budget_summary.cumulative_other_6_direct_cost,RR_Budget10_3_0.BudgetSummary.CumulativeOther6DirectCost,13. Other 6,calculation,,,question:sha256:c501bfd8293bbe14e185ce8cb855b5670f179d088a435ddcd317b189349dede2,unmapped,,,,string,,,https://apply07.grants.gov/apply/forms/schemas/RR_Budget10_3_0-V3.0.xsd,cccce03554424d59b5958e4443a54db12a5a10780fbdc5df2ec25955d443fc9d,,false
RRBudget10,[Draft] Research & Related Budget 10YR,3.0,budget_summary.cumulative_other_7_direct_cost,RR_Budget10_3_0.BudgetSummary.CumulativeOther7DirectCost,14. Other 7,calculation,,,question:sha256:e3a7ecffe4bcef4ae874a6bd9f796e4260d037bde4e00c5bf7ad4e82f7905e73,unmapped,,,,string,,,https://apply07.grants.gov/apply/forms/schemas/RR_Budget10_3_0-V3.0.xsd,cccce03554424d59b5958e4443a54db12a5a10780fbdc5df2ec25955d443fc9d,,false
RRBudget10,[Draft] Research & Related Budget 10YR,3.0,budget_summary.cumulative_other_8_direct_cost,RR_Budget10_3_0.BudgetSummary.CumulativeOther8DirectCost,15. Other 8,calculation,,,question:sha256:5d949801f39bf7e4ac7a1506bcbfbda96bd3d6dcda3cd867b7161769284aafcf,unmapped,,,,string,,,https://apply07.grants.gov/apply/forms/schemas/RR_Budget10_3_0-V3.0.xsd,cccce03554424d59b5958e4443a54db12a5a10780fbdc5df2ec25955d443fc9d,,false
RRBudget10,[Draft] Research & Related Budget 10YR,3.0,budget_summary.cumulative_other_9_direct_cost,RR_Budget10_3_0.BudgetSummary.CumulativeOther9DirectCost,16. Other 9,calculation,,,question:sha256:cd32ec306f494ee726a12c00311a35272dd45a89085004f3608d58a817daf0d7,unmapped,,,,string,,,https://apply07.grants.gov/apply/forms/schemas/RR_Budget10_3_0-V3.0.xsd,cccce03554424d59b5958e4443a54db12a5a10780fbdc5df2ec25955d443fc9d,,false
RRBudget10,[Draft] Research & Related Budget 10YR,3.0,budget_summary.cumulative_other_trainee_cost,RR_Budget10_3_0.BudgetSummary.CumulativeOtherTraineeCost,5. Other,calculation,,,question:sha256:5af028afe5a630eb19e1dab61ea96d5d838b2e44a0b6ee2b26e340e618855940,unmapped,,,,string,,,https://apply07.grants.gov/apply/forms/schemas/RR_Budget10_3_0-V3.0.xsd,cccce03554424d59b5958e4443a54db12a5a10780fbdc5df2ec25955d443fc9d,,false
RRBudget10,[Draft] Research & Related Budget 10YR,3.0,budget_summary.cumulative_publication_costs,RR_Budget10_3_0.BudgetSummary.CumulativePublicationCosts,2. Publication Costs,calculation,,,question:sha256:d2e6b4c778b38fb595375a317d4996b87eb3d9532e5e27e123196d33a622da8f,unmapped,,,,string,,,https://apply07.grants.gov/apply/forms/schemas/RR_Budget10_3_0-V3.0.xsd,cccce03554424d59b5958e4443a54db12a5a10780fbdc5df2ec25955d443fc9d,,false
RRBudget10,[Draft] Research & Related Budget 10YR,3.0,budget_summary.cumulative_subaward_consortium_contractual_costs,RR_Budget10_3_0.BudgetSummary.CumulativeSubawardConsortiumContractualCosts,5. Subawards/Consortium/Contractual Costs,calculation,,,question:sha256:45f99212588f48b1eac2359716ce09b4424000832ddde49d78982663da2c36ba,unmapped,,,,string,,,https://apply07.grants.gov/apply/forms/schemas/RR_Budget10_3_0-V3.0.xsd,cccce03554424d59b5958e4443a54db12a5a10780fbdc5df2ec25955d443fc9d,,false
RRBudget10,[Draft] Research & Related Budget 10YR,3.0,budget_summary.cumulative_total_costs_fee,RR_Budget10_3_0.BudgetSummary.CumulativeTotalCostsFee,"Section K, Total Costs and Fee (I + J)",calculation,,,question:sha256:66bf74242c073e570fd1f0c0d37b34f488a67ebf21fa0292abe6f472078ec49c,unmapped,,,,string,,,https://apply07.grants.gov/apply/forms/schemas/RR_Budget10_3_0-V3.0.xsd,cccce03554424d59b5958e4443a54db12a5a10780fbdc5df2ec25955d443fc9d,,false
RRBudget10,[Draft] Research & Related Budget 10YR,3.0,budget_summary.cumulative_total_funds_requested_direct_costs,RR_Budget10_3_0.BudgetSummary.CumulativeTotalFundsRequestedDirectCosts,"Section G, Direct Costs (A thru F)",calculation,,,question:sha256:290f5e73e5848a135c9b714beff40e9ce75f46df28e6fe9f3b6de759cd16aa2f,unmapped,,,,string,,,https://apply07.grants.gov/apply/forms/schemas/RR_Budget10_3_0-V3.0.xsd,cccce03554424d59b5958e4443a54db12a5a10780fbdc5df2ec25955d443fc9d,,false
RRBudget10,[Draft] Research & Related Budget 10YR,3.0,budget_summary.cumulative_total_funds_requested_direct_indirect_costs,RR_Budget10_3_0.BudgetSummary.CumulativeTotalFundsRequestedDirectIndirectCosts,"Section I, Total Direct and Indirect Costs (G + H)",calculation,,,question:sha256:2f506cb28658b2f142613ad71607483e269ea79fee946c7a6a37b1ac3fb75020,unmapped,,,,string,,,https://apply07.grants.gov/apply/forms/schemas/RR_Budget10_3_0-V3.0.xsd,cccce03554424d59b5958e4443a54db12a5a10780fbdc5df2ec25955d443fc9d,,false
RRBudget10,[Draft] Research & Related Budget 10YR,3.0,budget_summary.cumulative_total_funds_requested_equipment,RR_Budget10_3_0.BudgetSummary.CumulativeTotalFundsRequestedEquipment,"Section C, Equipment",calculation,,,question:sha256:0c885977a5bb4982a5d83b20fdb34dc2cf723c1d88fae2943ce6036bc252a178,unmapped,,,,string,,,https://apply07.grants.gov/apply/forms/schemas/RR_Budget10_3_0-V3.0.xsd,cccce03554424d59b5958e4443a54db12a5a10780fbdc5df2ec25955d443fc9d,,false
RRBudget10,[Draft] Research & Related Budget 10YR,3.0,budget_summary.cumulative_total_funds_requested_indirect_cost,RR_Budget10_3_0.BudgetSummary.CumulativeTotalFundsRequestedIndirectCost,"Section H, Indirect Costs",calculation,,,question:sha256:c05946a0fae3a76e1f01433f861875323d9d5245cbb53d823c007fdca1ccb2b5,unmapped,,,,string,,,https://apply07.grants.gov/apply/forms/schemas/RR_Budget10_3_0-V3.0.xsd,cccce03554424d59b5958e4443a54db12a5a10780fbdc5df2ec25955d443fc9d,,false
RRBudget10,[Draft] Research & Related Budget 10YR,3.0,budget_summary.cumulative_total_funds_requested_other_direct_costs,RR_Budget10_3_0.BudgetSummary.CumulativeTotalFundsRequestedOtherDirectCosts,"Section F, Other Direct Costs",calculation,,,question:sha256:fe4768d4ecb4fba77d730f9a2aa07feadbb9192e7553910f6c5669bbb8290d6b,unmapped,,,,string,,,https://apply07.grants.gov/apply/forms/schemas/RR_Budget10_3_0-V3.0.xsd,cccce03554424d59b5958e4443a54db12a5a10780fbdc5df2ec25955d443fc9d,,false
RRBudget10,[Draft] Research & Related Budget 10YR,3.0,budget_summary.cumulative_total_funds_requested_other_personnel,RR_Budget10_3_0.BudgetSummary.CumulativeTotalFundsRequestedOtherPersonnel,"Section B, Other Personnel",calculation,,,question:sha256:85913463cc433a599962f118e18e064b3aa9c60cf16a380d789b9635dfa26325,unmapped,,,,string,,,https://apply07.grants.gov/apply/forms/schemas/RR_Budget10_3_0-V3.0.xsd,cccce03554424d59b5958e4443a54db12a5a10780fbdc5df2ec25955d443fc9d,,false
RRBudget10,[Draft] Research & Related Budget 10YR,3.0,budget_summary.cumulative_total_funds_requested_personnel,RR_Budget10_3_0.BudgetSummary.CumulativeTotalFundsRequestedPersonnel,"Total Salary, Wages and Fringe Benefits (A + B)",calculation,,,question:sha256:7d68bbb8d9ae7ec7e61581b35b2c51aa21bec208da420e2ef521125be7191904,unmapped,,,,string,,,https://apply07.grants.gov/apply/forms/schemas/RR_Budget10_3_0-V3.0.xsd,cccce03554424d59b5958e4443a54db12a5a10780fbdc5df2ec25955d443fc9d,,false
RRBudget10,[Draft] Research & Related Budget 10YR,3.0,budget_summary.cumulative_total_funds_requested_senior_key_person,RR_Budget10_3_0.BudgetSummary.CumulativeTotalFundsRequestedSeniorKeyPerson,"Section A, Senior/Key Person",calculation,,,question:sha256:f9ca48c10baaa23ba2f7ede0f2e5fc0baf27b78d3fefb4dd1af0f1991d32c6ae,unmapped,,,,string,,,https://apply07.grants.gov/apply/forms/schemas/RR_Budget10_3_0-V3.0.xsd,cccce03554424d59b5958e4443a54db12a5a10780fbdc5df2ec25955d443fc9d,,false
RRBudget10,[Draft] Research & Related Budget 10YR,3.0,budget_summary.cumulative_total_funds_requested_trainee_costs,RR_Budget10_3_0.BudgetSummary.CumulativeTotalFundsRequestedTraineeCosts,"Section E, Participant/Trainee Support Costs",calculation,,,question:sha256:385e41ee36bfb38ba3fd495e4096fa3b0d3cca3b18a695d6f10cf974db5fd485,unmapped,,,,string,,,https://apply07.grants.gov/apply/forms/schemas/RR_Budget10_3_0-V3.0.xsd,cccce03554424d59b5958e4443a54db12a5a10780fbdc5df2ec25955d443fc9d,,false
RRBudget10,[Draft] Research & Related Budget 10YR,3.0,budget_summary.cumulative_total_funds_requested_travel,RR_Budget10_3_0.BudgetSummary.CumulativeTotalFundsRequestedTravel,"Section D, Travel",calculation,,,question:sha256:bb9340a64e368fc0cd41411e4498d86fbe234c016b7355a0f7e1ad7fed6d22c4,unmapped,,,,string,,,https://apply07.grants.gov/apply/forms/schemas/RR_Budget10_3_0-V3.0.xsd,cccce03554424d59b5958e4443a54db12a5a10780fbdc5df2ec25955d443fc9d,,false
RRBudget10,[Draft] Research & Related Budget 10YR,3.0,budget_summary.cumulative_total_no_other_personnel,RR_Budget10_3_0.BudgetSummary.CumulativeTotalNoOtherPersonnel,Total Number Other Personnel,calculation,,,question:sha256:adaa3615d2d72bf186ab61ab57080e01d757784137243b8bd09a11eb45500da8,unmapped,,,,integer,,,https://apply07.grants.gov/apply/forms/schemas/RR_Budget10_3_0-V3.0.xsd,cccce03554424d59b5958e4443a54db12a5a10780fbdc5df2ec25955d443fc9d,,false
RRBudget10,[Draft] Research & Related Budget 10YR,3.0,budget_summary.cumulative_trainee_stipends,RR_Budget10_3_0.BudgetSummary.CumulativeTraineeStipends,2. Stipends,calculation,,,question:sha256:e69c0f4d888d7c072d3ebbae0912fa6a897db25bea925b670e20c40e2240e5d5,unmapped,,,,string,,,https://apply07.grants.gov/apply/forms/schemas/RR_Budget10_3_0-V3.0.xsd,cccce03554424d59b5958e4443a54db12a5a10780fbdc5df2ec25955d443fc9d,,false
RRBudget10,[Draft] Research & Related Budget 10YR,3.0,budget_summary.cumulative_trainee_subsistence,RR_Budget10_3_0.BudgetSummary.CumulativeTraineeSubsistence,4. Subsistence,calculation,,,question:sha256:936b64f73f9d1f7cdcf1aef33a191dd34131174cb1678363d321e8fb48cf4524,unmapped,,,,string,,,https://apply07.grants.gov/apply/forms/schemas/RR_Budget10_3_0-V3.0.xsd,cccce03554424d59b5958e4443a54db12a5a10780fbdc5df2ec25955d443fc9d,,false
RRBudget10,[Draft] Research & Related Budget 10YR,3.0,budget_summary.cumulative_trainee_travel,RR_Budget10_3_0.BudgetSummary.CumulativeTraineeTravel,3. Travel,calculation,,,question:sha256:5a18a02cac22b45f7ad5fd5f5fa92fcbc672133c911254e739e74b582911476a,unmapped,,,,string,,,https://apply07.grants.gov/apply/forms/schemas/RR_Budget10_3_0-V3.0.xsd,cccce03554424d59b5958e4443a54db12a5a10780fbdc5df2ec25955d443fc9d,,false
RRBudget10,[Draft] Research & Related Budget 10YR,3.0,budget_summary.cumulative_trainee_tuition_fees_health_insurance,RR_Budget10_3_0.BudgetSummary.CumulativeTraineeTuitionFeesHealthInsurance,1. Tuition/Fees/Health Insurance,calculation,,,question:sha256:1f3322e093ed5124cc9f453ff33ac318ca9540b152ca07887e539f382c8298b4,unmapped,,,,string,,,https://apply07.grants.gov/apply/forms/schemas/RR_Budget10_3_0-V3.0.xsd,cccce03554424d59b5958e4443a54db12a5a10780fbdc5df2ec25955d443fc9d,,false
RRBudget10,[Draft] Research & Related Budget 10YR,3.0,budget_type,RR_Budget10_3_0.BudgetType,Budget Type:,question,concept:budget:research:budget-type,concept:budget:research:budget-type,question:sha256:0a469b592b8bf31fa451c380d43740d43c697d98489777c466a0fcbbb7450626,agent_proposed,,,,string,,,https://apply07.grants.gov/apply/forms/schemas/RR_Budget10_3_0-V3.0.xsd,cccce03554424d59b5958e4443a54db12a5a10780fbdc5df2ec25955d443fc9d,,false
RRBudget10,[Draft] Research & Related Budget 10YR,3.0,budget_year[].budget_period_end_date,RR_Budget10_3_0.BudgetYear.BudgetPeriodEndDate,End Date:,question,concept:budget:period:end-date,concept:budget:period:end-date,question:sha256:7cd7d97db44a29ed37ee496dc64fab467218e62af22f62a3c9aee19a0d302271,agent_proposed,,,,string,,,https://apply07.grants.gov/apply/forms/schemas/RR_Budget10_3_0-V3.0.xsd,cccce03554424d59b5958e4443a54db12a5a10780fbdc5df2ec25955d443fc9d,,false
RRBudget10,[Draft] Research & Related Budget 10YR,3.0,budget_year[].budget_period_start_date,RR_Budget10_3_0.BudgetYear.BudgetPeriodStartDate,Start Date:,question,concept:budget:period:start-date,concept:budget:period:start-date,question:sha256:08a29103397a1aaed544e65cce70036289e9e7b5f51a0bb12b860c5ed2e9be8a,agent_proposed,,,,string,,,https://apply07.grants.gov/apply/forms/schemas/RR_Budget10_3_0-V3.0.xsd,cccce03554424d59b5958e4443a54db12a5a10780fbdc5df2ec25955d443fc9d,,false
RRBudget10,[Draft] Research & Related Budget 10YR,3.0,budget_year[].cognizant_federal_agency,RR_Budget10_3_0.BudgetYear.CognizantFederalAgency,"Cognizant Federal Agency (Agency Name, POC Name, and POC Phone Number)",question,concept:budget:indirect:cognizant-agency,concept:budget:indirect:cognizant-agency,question:sha256:1c4ff69120897dac49b66f4f4263f470c47a07177c1dca838280bf8ffef0bb1d,agent_proposed,,,,string,,,https://apply07.grants.gov/apply/forms/schemas/RR_Budget10_3_0-V3.0.xsd,cccce03554424d59b5958e4443a54db12a5a10780fbdc5df2ec25955d443fc9d,,false
RRBudget10,[Draft] Research & Related Budget 10YR,3.0,budget_year[].direct_costs,RR_Budget10_3_0.BudgetYear.DirectCosts,Total Direct Costs (A thru F),calculation,,,question:sha256:829ff55db8560dc1945cf2cfae1d0bee25dfef51921409b9b37bdace6a1b56f0,unmapped,,,,string,,,https://apply07.grants.gov/apply/forms/schemas/RR_Budget10_3_0-V3.0.xsd,cccce03554424d59b5958e4443a54db12a5a10780fbdc5df2ec25955d443fc9d,,false
RRBudget10,[Draft] Research & Related Budget 10YR,3.0,budget_year[].equipment.additional_equipments_attachment,RR_Budget10_3_0.BudgetYear.Equipment.AdditionalEquipmentsAttachment,Additional Equipment:,question,concept:attachment:equipment-list,concept:attachment:equipment-list,question:sha256:0c9aabcaafb05a47e7daf4648b8adc50b8f8912996bb764f3526278776d9a76d,agent_proposed,,,,,,,https://apply07.grants.gov/apply/forms/schemas/RR_Budget10_3_0-V3.0.xsd,cccce03554424d59b5958e4443a54db12a5a10780fbdc5df2ec25955d443fc9d,,false
RRBudget10,[Draft] Research & Related Budget 10YR,3.0,budget_year[].equipment.equipment_list[].equipment_item,RR_Budget10_3_0.BudgetYear.Equipment.EquipmentList.EquipmentItem,Equipment Item,question,concept:budget:equipment:item,concept:budget:equipment:item,question:sha256:db4eece3c6bf67f5f91a736c86dd7e248052165fffc64817ab4407d2c20075f9,agent_proposed,,,,string,,,https://apply07.grants.gov/apply/forms/schemas/RR_Budget10_3_0-V3.0.xsd,cccce03554424d59b5958e4443a54db12a5a10780fbdc5df2ec25955d443fc9d,,false
RRBudget10,[Draft] Research & Related Budget 10YR,3.0,budget_year[].equipment.equipment_list[].funds_requested,RR_Budget10_3_0.BudgetYear.Equipment.EquipmentList.FundsRequested,Equipment Item Funds Requested,question,concept:budget:funds-requested,concept:budget:funds-requested,question:sha256:f86395189b7aff155c9826976242c9fd78577a3776a63950b4ad7a73e46af8b2,agent_proposed,,,,string,,,https://apply07.grants.gov/apply/forms/schemas/RR_Budget10_3_0-V3.0.xsd,cccce03554424d59b5958e4443a54db12a5a10780fbdc5df2ec25955d443fc9d,,false
RRBudget10,[Draft] Research & Related Budget 10YR,3.0,budget_year[].equipment.total_fund,RR_Budget10_3_0.BudgetYear.Equipment.TotalFund,Total Equipment,calculation,,,question:sha256:5c4dbb0c99c24752818b23676b8dbf5b28acf091b09de3ae88b9ccc6b03653c7,unmapped,,,,string,,,https://apply07.grants.gov/apply/forms/schemas/RR_Budget10_3_0-V3.0.xsd,cccce03554424d59b5958e4443a54db12a5a10780fbdc5df2ec25955d443fc9d,,false
RRBudget10,[Draft] Research & Related Budget 10YR,3.0,budget_year[].equipment.total_fund_for_attached_equipment,RR_Budget10_3_0.BudgetYear.Equipment.TotalFundForAttachedEquipment,Total funds requested for all equipment listed in the attached file,question,concept:budget:research:attached-equipment-total,concept:budget:research:attached-equipment-total,question:sha256:0edee650bb7d869dd7586b36ec57647120d582537f8fe9fa0dda7bb8e04d6869,agent_proposed,,,,string,,,https://apply07.grants.gov/apply/forms/schemas/RR_Budget10_3_0-V3.0.xsd,cccce03554424d59b5958e4443a54db12a5a10780fbdc5df2ec25955d443fc9d,,false
RRBudget10,[Draft] Research & Related Budget 10YR,3.0,budget_year[].fee,RR_Budget10_3_0.BudgetYear.Fee,Fee,question,concept:budget:fee,concept:budget:fee,question:sha256:b0537182c738912c6b58b18a058c017b912eb3000a7a24c7dd38563b9b14a024,agent_proposed,,,,string,,,https://apply07.grants.gov/apply/forms/schemas/RR_Budget10_3_0-V3.0.xsd,cccce03554424d59b5958e4443a54db12a5a10780fbdc5df2ec25955d443fc9d,,false
RRBudget10,[Draft] Research & Related Budget 10YR,3.0,budget_year[].indirect_costs.indirect_cost[].base,RR_Budget10_3_0.BudgetYear.IndirectCosts.IndirectCost.Base,Indirect Cost Base,question,concept:budget:indirect:base,concept:budget:indirect:base,question:sha256:ec1e56281fa6e552c00ff94ee6fc672a0c9d9ab913b1497c0d5950b4135e210f,agent_proposed,,,,string,,,https://apply07.grants.gov/apply/forms/schemas/RR_Budget10_3_0-V3.0.xsd,cccce03554424d59b5958e4443a54db12a5a10780fbdc5df2ec25955d443fc9d,,false
RRBudget10,[Draft] Research & Related Budget 10YR,3.0,budget_year[].indirect_costs.indirect_cost[].cost_type,RR_Budget10_3_0.BudgetYear.IndirectCosts.IndirectCost.CostType,Indirect Cost Type,question,concept:budget:indirect:cost-type,concept:budget:indirect:cost-type,question:sha256:21d892b8ed4a9100df07d31377644fc921a9a37624ea990edd110fdc69985be4,agent_proposed,,,,string,,,https://apply07.grants.gov/apply/forms/schemas/RR_Budget10_3_0-V3.0.xsd,cccce03554424d59b5958e4443a54db12a5a10780fbdc5df2ec25955d443fc9d,,false
RRBudget10,[Draft] Research & Related Budget 10YR,3.0,budget_year[].indirect_costs.indirect_cost[].fund_requested,RR_Budget10_3_0.BudgetYear.IndirectCosts.IndirectCost.FundRequested,Indirect Costs Funds Requested,question,concept:budget:funds-requested,concept:budget:funds-requested,question:sha256:dcf5e58888a65d1c03a0cf9c7a086feec3c01c33d2920ccc112fb2ab56360526,agent_proposed,,,,string,,,https://apply07.grants.gov/apply/forms/schemas/RR_Budget10_3_0-V3.0.xsd,cccce03554424d59b5958e4443a54db12a5a10780fbdc5df2ec25955d443fc9d,,false
RRBudget10,[Draft] Research & Related Budget 10YR,3.0,budget_year[].indirect_costs.indirect_cost[].rate,RR_Budget10_3_0.BudgetYear.IndirectCosts.IndirectCost.Rate,Indirect Cost Rate,question,concept:budget:indirect:rate,concept:budget:indirect:rate,question:sha256:7770064684a3a6abec4f60a833ba1a444a7bb3ab2ff74ce04ef6085459f31d20,agent_proposed,,,,string,,,https://apply07.grants.gov/apply/forms/schemas/RR_Budget10_3_0-V3.0.xsd,cccce03554424d59b5958e4443a54db12a5a10780fbdc5df2ec25955d443fc9d,,false
RRBudget10,[Draft] Research & Related Budget 10YR,3.0,budget_year[].indirect_costs.total_indirect_costs,RR_Budget10_3_0.BudgetYear.IndirectCosts.TotalIndirectCosts,Total Indirect Costs,calculation,,,question:sha256:a6c6164e00f4460df6c79415bf00dd7a10592df9393dbb7859d5bb72e732b712,unmapped,,,,string,,,https://apply07.grants.gov/apply/forms/schemas/RR_Budget10_3_0-V3.0.xsd,cccce03554424d59b5958e4443a54db12a5a10780fbdc5df2ec25955d443fc9d,,false
RRBudget10,[Draft] Research & Related Budget 10YR,3.0,budget_year[].key_persons.attached_key_persons,RR_Budget10_3_0.BudgetYear.KeyPersons.AttachedKeyPersons,Additional Senior Key Persons:,question,concept:attachment:key-person-list,concept:attachment:key-person-list,question:sha256:afafbffd6163f133fc1308bc966802d62247df078421061994282e54c0bbff39,agent_proposed,,,,,,,https://apply07.grants.gov/apply/forms/schemas/RR_Budget10_3_0-V3.0.xsd,cccce03554424d59b5958e4443a54db12a5a10780fbdc5df2ec25955d443fc9d,,false
RRBudget10,[Draft] Research & Related Budget 10YR,3.0,budget_year[].key_persons.key_person[].academic_months,RR_Budget10_3_0.BudgetYear.KeyPersons.KeyPerson.AcademicMonths,Senior/Key Person Academic Months,question,concept:budget:personnel:academic-months,concept:budget:personnel:academic-months,question:sha256:989fe4b26d105969876a75d34e4f263f6f2048e0804a4434bfdf2691c45088ab,agent_proposed,,,,string,,,https://apply07.grants.gov/apply/forms/schemas/RR_Budget10_3_0-V3.0.xsd,cccce03554424d59b5958e4443a54db12a5a10780fbdc5df2ec25955d443fc9d,,false
RRBudget10,[Draft] Research & Related Budget 10YR,3.0,budget_year[].key_persons.key_person[].base_salary,RR_Budget10_3_0.BudgetYear.KeyPersons.KeyPerson.BaseSalary,Senior/Key Person Base Salary,question,concept:budget:personnel:base-salary,concept:budget:personnel:base-salary,question:sha256:0f9a8b69fb7e28abbe47aae61df070501e1991ba007c96511efda69a2f0d5fe4,agent_proposed,,,,string,,,https://apply07.grants.gov/apply/forms/schemas/RR_Budget10_3_0-V3.0.xsd,cccce03554424d59b5958e4443a54db12a5a10780fbdc5df2ec25955d443fc9d,,false
RRBudget10,[Draft] Research & Related Budget 10YR,3.0,budget_year[].key_persons.key_person[].calendar_months,RR_Budget10_3_0.BudgetYear.KeyPersons.KeyPerson.CalendarMonths,Senior/Key Person Calendar Months,question,concept:budget:personnel:calendar-months,concept:budget:personnel:calendar-months,question:sha256:6380a3b55b07cd7f67d447cde956853aa364723d3073ad2bb5548b5cff319e32,agent_proposed,,,,string,,,https://apply07.grants.gov/apply/forms/schemas/RR_Budget10_3_0-V3.0.xsd,cccce03554424d59b5958e4443a54db12a5a10780fbdc5df2ec25955d443fc9d,,false
RRBudget10,[Draft] Research & Related Budget 10YR,3.0,budget_year[].key_persons.key_person[].fringe_benefits,RR_Budget10_3_0.BudgetYear.KeyPersons.KeyPerson.FringeBenefits,Senior/Key Person Fringe Benefits,question,concept:budget:personnel:fringe-benefits,concept:budget:personnel:fringe-benefits,question:sha256:a290c49e9cb67439e96570913b5062415c8ae3f84bb8d1b9c8fab70a0dedb228,agent_proposed,,,,string,,,https://apply07.grants.gov/apply/forms/schemas/RR_Budget10_3_0-V3.0.xsd,cccce03554424d59b5958e4443a54db12a5a10780fbdc5df2ec25955d443fc9d,,false
RRBudget10,[Draft] Research & Related Budget 10YR,3.0,budget_year[].key_persons.key_person[].funds_requested,RR_Budget10_3_0.BudgetYear.KeyPersons.KeyPerson.FundsRequested,Senior/Key Person Funds Requested,calculation,,concept:budget:funds-requested,question:sha256:f79b3c98d37260446ada7fcc4d711a3f8e410281412d1310ba27feda8ac3c940,excluded_non_question,,,,string,,,https://apply07.grants.gov/apply/forms/schemas/RR_Budget10_3_0-V3.0.xsd,cccce03554424d59b5958e4443a54db12a5a10780fbdc5df2ec25955d443fc9d,,false
RRBudget10,[Draft] Research & Related Budget 10YR,3.0,budget_year[].key_persons.key_person[].name.first_name,RR_Budget10_3_0.BudgetYear.KeyPersons.KeyPerson.Name.FirstName,First Name,question,concept:role:key-person:name:first,concept:role:key-person:name:first,question:sha256:86ce0386da2907eb3d10a38e0ee3b110f92b6923c5d5f4c389eb1d3d30b3798f,agent_proposed,,,,string,,,https://apply07.grants.gov/apply/forms/schemas/RR_Budget10_3_0-V3.0.xsd,cccce03554424d59b5958e4443a54db12a5a10780fbdc5df2ec25955d443fc9d,,false
RRBudget10,[Draft] Research & Related Budget 10YR,3.0,budget_year[].key_persons.key_person[].name.last_name,RR_Budget10_3_0.BudgetYear.KeyPersons.KeyPerson.Name.LastName,Last Name,question,concept:role:key-person:name:last,concept:role:key-person:name:last,question:sha256:adfe0d9c76186024b9250b49311d252727b0d2ac65b93a2192b513c1d4895776,agent_proposed,,,,string,,,https://apply07.grants.gov/apply/forms/schemas/RR_Budget10_3_0-V3.0.xsd,cccce03554424d59b5958e4443a54db12a5a10780fbdc5df2ec25955d443fc9d,,false
RRBudget10,[Draft] Research & Related Budget 10YR,3.0,budget_year[].key_persons.key_person[].name.middle_name,RR_Budget10_3_0.BudgetYear.KeyPersons.KeyPerson.Name.MiddleName,Middle Name,question,concept:role:key-person:name:middle,concept:role:key-person:name:middle,question:sha256:3e598d58a1258664f7dddd82459aac5330953446bd7488aba5cef75ee5f45f72,agent_proposed,,,,string,,,https://apply07.grants.gov/apply/forms/schemas/RR_Budget10_3_0-V3.0.xsd,cccce03554424d59b5958e4443a54db12a5a10780fbdc5df2ec25955d443fc9d,,false
RRBudget10,[Draft] Research & Related Budget 10YR,3.0,budget_year[].key_persons.key_person[].name.prefix_name,RR_Budget10_3_0.BudgetYear.KeyPersons.KeyPerson.Name.PrefixName,Prefix,question,concept:role:key-person:name:prefix,concept:role:key-person:name:prefix,question:sha256:db4c73c9d082c6d4cb01feb9547e5328d7b56ef44f265083dce371bda32f3ba7,agent_proposed,,,,string,,,https://apply07.grants.gov/apply/forms/schemas/RR_Budget10_3_0-V3.0.xsd,cccce03554424d59b5958e4443a54db12a5a10780fbdc5df2ec25955d443fc9d,,false
RRBudget10,[Draft] Research & Related Budget 10YR,3.0,budget_year[].key_persons.key_person[].name.suffix_name,RR_Budget10_3_0.BudgetYear.KeyPersons.KeyPerson.Name.SuffixName,Suffix,question,concept:role:key-person:name:suffix,concept:role:key-person:name:suffix,question:sha256:16ffd25dbae1dae05dbe227c7af8498d312a966f7ae7082a2bbd4921eb78da45,agent_proposed,,,,string,,,https://apply07.grants.gov/apply/forms/schemas/RR_Budget10_3_0-V3.0.xsd,cccce03554424d59b5958e4443a54db12a5a10780fbdc5df2ec25955d443fc9d,,false
RRBudget10,[Draft] Research & Related Budget 10YR,3.0,budget_year[].key_persons.key_person[].project_role,RR_Budget10_3_0.BudgetYear.KeyPersons.KeyPerson.ProjectRole,Project Role:,question,concept:research-person:project-role,concept:research-person:project-role,question:sha256:790a919fb63ecc97970f4baecc56ba1a8f9fb2d74baa2cc1e4ee587600684954,agent_proposed,,,,string,,,https://apply07.grants.gov/apply/forms/schemas/RR_Budget10_3_0-V3.0.xsd,cccce03554424d59b5958e4443a54db12a5a10780fbdc5df2ec25955d443fc9d,,false
RRBudget10,[Draft] Research & Related Budget 10YR,3.0,budget_year[].key_persons.key_person[].requested_salary,RR_Budget10_3_0.BudgetYear.KeyPersons.KeyPerson.RequestedSalary,Senior/Key Person Requested Salary,question,concept:budget:personnel:requested-salary,concept:budget:personnel:requested-salary,question:sha256:5f69da0723a1027d6e749734e46546488c49c198d2c3021b4b6b053a9f9b278d,agent_proposed,,,,string,,,https://apply07.grants.gov/apply/forms/schemas/RR_Budget10_3_0-V3.0.xsd,cccce03554424d59b5958e4443a54db12a5a10780fbdc5df2ec25955d443fc9d,,false
RRBudget10,[Draft] Research & Related Budget 10YR,3.0,budget_year[].key_persons.key_person[].summer_months,RR_Budget10_3_0.BudgetYear.KeyPersons.KeyPerson.SummerMonths,Senior/Key Person Summer Months,question,concept:budget:personnel:summer-months,concept:budget:personnel:summer-months,question:sha256:3f5dd3d19212d5abca433e179d57082d00da8d1f7f682a0e7c8160001218d16e,agent_proposed,,,,string,,,https://apply07.grants.gov/apply/forms/schemas/RR_Budget10_3_0-V3.0.xsd,cccce03554424d59b5958e4443a54db12a5a10780fbdc5df2ec25955d443fc9d,,false
RRBudget10,[Draft] Research & Related Budget 10YR,3.0,budget_year[].key_persons.total_fund_for_attached_key_persons,RR_Budget10_3_0.BudgetYear.KeyPersons.TotalFundForAttachedKeyPersons,Total Funds requested for all Senior Key Persons in the attached file,question,concept:budget:research:attached-key-person-total,concept:budget:research:attached-key-person-total,question:sha256:40a0a37a7a45f05cb54e83b53840f964978be26323b9338cea03f1365238e4db,agent_proposed,,,,string,,,https://apply07.grants.gov/apply/forms/schemas/RR_Budget10_3_0-V3.0.xsd,cccce03554424d59b5958e4443a54db12a5a10780fbdc5df2ec25955d443fc9d,,false
RRBudget10,[Draft] Research & Related Budget 10YR,3.0,budget_year[].key_persons.total_fund_for_key_persons,RR_Budget10_3_0.BudgetYear.KeyPersons.TotalFundForKeyPersons,Total Senior/Key Person,calculation,,,question:sha256:0d201665cc3da375ba005ec6121550d4301c86213e792e05c9a174d4675f06fc,unmapped,,,,string,,,https://apply07.grants.gov/apply/forms/schemas/RR_Budget10_3_0-V3.0.xsd,cccce03554424d59b5958e4443a54db12a5a10780fbdc5df2ec25955d443fc9d,,false
RRBudget10,[Draft] Research & Related Budget 10YR,3.0,budget_year[].other_direct_costs.adp_computer_services,RR_Budget10_3_0.BudgetYear.OtherDirectCosts.ADPComputerServices,4. ADP/Computer Services,question,concept:budget:other-direct:computer-services,concept:budget:other-direct:computer-services,question:sha256:30f6bd36d62092bbd6a5c1e78615663fccb8c8c1d4caeb471cf4e4bd58e9e16f,agent_proposed,,,,string,,,https://apply07.grants.gov/apply/forms/schemas/RR_Budget10_3_0-V3.0.xsd,cccce03554424d59b5958e4443a54db12a5a10780fbdc5df2ec25955d443fc9d,,false
RRBudget10,[Draft] Research & Related Budget 10YR,3.0,budget_year[].other_direct_costs.alterations_renovations,RR_Budget10_3_0.BudgetYear.OtherDirectCosts.AlterationsRenovations,7. Alterations and Renovations,question,concept:budget:other-direct:alterations-renovations,concept:budget:other-direct:alterations-renovations,question:sha256:af95aeca1d842ce4a93a9345c2d7fa3f1de3e2530a15342891de102f4d7d1019,agent_proposed,,,,string,,,https://apply07.grants.gov/apply/forms/schemas/RR_Budget10_3_0-V3.0.xsd,cccce03554424d59b5958e4443a54db12a5a10780fbdc5df2ec25955d443fc9d,,false
RRBudget10,[Draft] Research & Related Budget 10YR,3.0,budget_year[].other_direct_costs.consultant_services,RR_Budget10_3_0.BudgetYear.OtherDirectCosts.ConsultantServices,3. Consultant Services,question,concept:budget:other-direct:consultant,concept:budget:other-direct:consultant,question:sha256:5b7b1174891a8b7f25f1c7e26f44eb5ff523a33a7c6dea085cc4867d93705a30,agent_proposed,,,,string,,,https://apply07.grants.gov/apply/forms/schemas/RR_Budget10_3_0-V3.0.xsd,cccce03554424d59b5958e4443a54db12a5a10780fbdc5df2ec25955d443fc9d,,false
RRBudget10,[Draft] Research & Related Budget 10YR,3.0,budget_year[].other_direct_costs.equipment_rental_fee,RR_Budget10_3_0.BudgetYear.OtherDirectCosts.EquipmentRentalFee,6. Equipment or Facility Rental/User Fees,question,concept:budget:other-direct:equipment-rental,concept:budget:other-direct:equipment-rental,question:sha256:1537a725666419c450b65eef1e971efe31951aeb4b4a23d8255d70b7a866c7e4,agent_proposed,,,,string,,,https://apply07.grants.gov/apply/forms/schemas/RR_Budget10_3_0-V3.0.xsd,cccce03554424d59b5958e4443a54db12a5a10780fbdc5df2ec25955d443fc9d,,false
RRBudget10,[Draft] Research & Related Budget 10YR,3.0,budget_year[].other_direct_costs.materials_supplies,RR_Budget10_3_0.BudgetYear.OtherDirectCosts.MaterialsSupplies,1. Materials and Supplies,question,concept:budget:other-direct:materials-supplies,concept:budget:other-direct:materials-supplies,question:sha256:6089a32231067ce78a90d8f1de7bfe22865696b29427820af1c2bd91d8297ffc,agent_proposed,,,,string,,,https://apply07.grants.gov/apply/forms/schemas/RR_Budget10_3_0-V3.0.xsd,cccce03554424d59b5958e4443a54db12a5a10780fbdc5df2ec25955d443fc9d,,false
RRBudget10,[Draft] Research & Related Budget 10YR,3.0,budget_year[].other_direct_costs.other_direct_cost_1.cost,RR_Budget10_3_0.BudgetYear.OtherDirectCosts.OtherDirectCost1.Cost,Additional Other Direct Cost Funds Requested,question,concept:budget:line:cost,concept:budget:line:cost,question:sha256:46e62251b5bb6f63e1d967d38cf84929aa6e43b4bebb7cb996f966cd4e5cb30c,agent_proposed,,,,string,,,https://apply07.grants.gov/apply/forms/schemas/RR_Budget10_3_0-V3.0.xsd,cccce03554424d59b5958e4443a54db12a5a10780fbdc5df2ec25955d443fc9d,,false
RRBudget10,[Draft] Research & Related Budget 10YR,3.0,budget_year[].other_direct_costs.other_direct_cost_1.description,RR_Budget10_3_0.BudgetYear.OtherDirectCosts.OtherDirectCost1.Description,Additional Other Direct Cost Description,question,concept:budget:line:description,concept:budget:line:description,question:sha256:b1d32a18e0906227113a2f99fb968f0b317ed35a80c7228b56d1fd8b2dc653e6,agent_proposed,,,,string,,,https://apply07.grants.gov/apply/forms/schemas/RR_Budget10_3_0-V3.0.xsd,cccce03554424d59b5958e4443a54db12a5a10780fbdc5df2ec25955d443fc9d,,false
RRBudget10,[Draft] Research & Related Budget 10YR,3.0,budget_year[].other_direct_costs.other_direct_cost_10.cost,RR_Budget10_3_0.BudgetYear.OtherDirectCosts.OtherDirectCost10.Cost,Additional Other Direct Cost Funds Requested,question,concept:budget:line:cost,concept:budget:line:cost,question:sha256:ba21538102aa405893cf7ec6b9ba4ddc4b139ff1a9a2935bb0788e32db0b1959,agent_proposed,,,,string,,,https://apply07.grants.gov/apply/forms/schemas/RR_Budget10_3_0-V3.0.xsd,cccce03554424d59b5958e4443a54db12a5a10780fbdc5df2ec25955d443fc9d,,false
RRBudget10,[Draft] Research & Related Budget 10YR,3.0,budget_year[].other_direct_costs.other_direct_cost_10.description,RR_Budget10_3_0.BudgetYear.OtherDirectCosts.OtherDirectCost10.Description,Additional Other Direct Cost Description,question,concept:budget:line:description,concept:budget:line:description,question:sha256:5f8076ead08edbb1a3928e1a83f4f7d263fe4bdf9e9039847b242416db651d7f,agent_proposed,,,,string,,,https://apply07.grants.gov/apply/forms/schemas/RR_Budget10_3_0-V3.0.xsd,cccce03554424d59b5958e4443a54db12a5a10780fbdc5df2ec25955d443fc9d,,false
RRBudget10,[Draft] Research & Related Budget 10YR,3.0,budget_year[].other_direct_costs.other_direct_cost_2.cost,RR_Budget10_3_0.BudgetYear.OtherDirectCosts.OtherDirectCost2.Cost,Additional Other Direct Cost Funds Requested,question,concept:budget:line:cost,concept:budget:line:cost,question:sha256:4cce5f27ad51657fbe4bf67ca288c47c0dc3b3180ccff801d512f06e7b295a0e,agent_proposed,,,,string,,,https://apply07.grants.gov/apply/forms/schemas/RR_Budget10_3_0-V3.0.xsd,cccce03554424d59b5958e4443a54db12a5a10780fbdc5df2ec25955d443fc9d,,false
RRBudget10,[Draft] Research & Related Budget 10YR,3.0,budget_year[].other_direct_costs.other_direct_cost_2.description,RR_Budget10_3_0.BudgetYear.OtherDirectCosts.OtherDirectCost2.Description,Additional Other Direct Cost Description,question,concept:budget:line:description,concept:budget:line:description,question:sha256:f2040126c4ed4604839275c6c6ae619519fe40e5d4540fc6d80f88959dc407ca,agent_proposed,,,,string,,,https://apply07.grants.gov/apply/forms/schemas/RR_Budget10_3_0-V3.0.xsd,cccce03554424d59b5958e4443a54db12a5a10780fbdc5df2ec25955d443fc9d,,false
RRBudget10,[Draft] Research & Related Budget 10YR,3.0,budget_year[].other_direct_costs.other_direct_cost_3.cost,RR_Budget10_3_0.BudgetYear.OtherDirectCosts.OtherDirectCost3.Cost,Additional Other Direct Cost Funds Requested,question,concept:budget:line:cost,concept:budget:line:cost,question:sha256:8245bf3177602b1548bd38e6f788cd9725702b74e622db17c1ddaa3659804442,agent_proposed,,,,string,,,https://apply07.grants.gov/apply/forms/schemas/RR_Budget10_3_0-V3.0.xsd,cccce03554424d59b5958e4443a54db12a5a10780fbdc5df2ec25955d443fc9d,,false
RRBudget10,[Draft] Research & Related Budget 10YR,3.0,budget_year[].other_direct_costs.other_direct_cost_3.description,RR_Budget10_3_0.BudgetYear.OtherDirectCosts.OtherDirectCost3.Description,Additional Other Direct Cost Description,question,concept:budget:line:description,concept:budget:line:description,question:sha256:d60118ea717a74c3aa4f3552970cd1144e7f65ebb490304799d3ce043ecb0a45,agent_proposed,,,,string,,,https://apply07.grants.gov/apply/forms/schemas/RR_Budget10_3_0-V3.0.xsd,cccce03554424d59b5958e4443a54db12a5a10780fbdc5df2ec25955d443fc9d,,false
RRBudget10,[Draft] Research & Related Budget 10YR,3.0,budget_year[].other_direct_costs.other_direct_cost_4.cost,RR_Budget10_3_0.BudgetYear.OtherDirectCosts.OtherDirectCost4.Cost,Additional Other Direct Cost Funds Requested,question,concept:budget:line:cost,concept:budget:line:cost,question:sha256:22943689a1841b7472820336984c57191ccbec1a5acee134801b875ce2dd3768,agent_proposed,,,,string,,,https://apply07.grants.gov/apply/forms/schemas/RR_Budget10_3_0-V3.0.xsd,cccce03554424d59b5958e4443a54db12a5a10780fbdc5df2ec25955d443fc9d,,false
RRBudget10,[Draft] Research & Related Budget 10YR,3.0,budget_year[].other_direct_costs.other_direct_cost_4.description,RR_Budget10_3_0.BudgetYear.OtherDirectCosts.OtherDirectCost4.Description,Additional Other Direct Cost Description,question,concept:budget:line:description,concept:budget:line:description,question:sha256:f302273a92224056a55408defc39e881feab6da34dfec9658761688fcacd1b01,agent_proposed,,,,string,,,https://apply07.grants.gov/apply/forms/schemas/RR_Budget10_3_0-V3.0.xsd,cccce03554424d59b5958e4443a54db12a5a10780fbdc5df2ec25955d443fc9d,,false
RRBudget10,[Draft] Research & Related Budget 10YR,3.0,budget_year[].other_direct_costs.other_direct_cost_5.cost,RR_Budget10_3_0.BudgetYear.OtherDirectCosts.OtherDirectCost5.Cost,Additional Other Direct Cost Funds Requested,question,concept:budget:line:cost,concept:budget:line:cost,question:sha256:7b5f189ba75aabf059fa2798181cc1182d539fdbf9f9b4b91764796352b5cd53,agent_proposed,,,,string,,,https://apply07.grants.gov/apply/forms/schemas/RR_Budget10_3_0-V3.0.xsd,cccce03554424d59b5958e4443a54db12a5a10780fbdc5df2ec25955d443fc9d,,false
RRBudget10,[Draft] Research & Related Budget 10YR,3.0,budget_year[].other_direct_costs.other_direct_cost_5.description,RR_Budget10_3_0.BudgetYear.OtherDirectCosts.OtherDirectCost5.Description,Additional Other Direct Cost Description,question,concept:budget:line:description,concept:budget:line:description,question:sha256:4a38344e25d07d9cfa021a49185117e4c80098d8b8b4dd82ff0c9db8fa03b30e,agent_proposed,,,,string,,,https://apply07.grants.gov/apply/forms/schemas/RR_Budget10_3_0-V3.0.xsd,cccce03554424d59b5958e4443a54db12a5a10780fbdc5df2ec25955d443fc9d,,false
RRBudget10,[Draft] Research & Related Budget 10YR,3.0,budget_year[].other_direct_costs.other_direct_cost_6.cost,RR_Budget10_3_0.BudgetYear.OtherDirectCosts.OtherDirectCost6.Cost,Additional Other Direct Cost Funds Requested,question,concept:budget:line:cost,concept:budget:line:cost,question:sha256:3edadc239cfa5dd887afc82f35cb68454ac979174a10eb27a0a440e1d41cfd6f,agent_proposed,,,,string,,,https://apply07.grants.gov/apply/forms/schemas/RR_Budget10_3_0-V3.0.xsd,cccce03554424d59b5958e4443a54db12a5a10780fbdc5df2ec25955d443fc9d,,false
RRBudget10,[Draft] Research & Related Budget 10YR,3.0,budget_year[].other_direct_costs.other_direct_cost_6.description,RR_Budget10_3_0.BudgetYear.OtherDirectCosts.OtherDirectCost6.Description,Additional Other Direct Cost Description,question,concept:budget:line:description,concept:budget:line:description,question:sha256:d85b0a84770d8c139e5224f3dbd41816e92384c213c429cfd9fbca888f4fad9d,agent_proposed,,,,string,,,https://apply07.grants.gov/apply/forms/schemas/RR_Budget10_3_0-V3.0.xsd,cccce03554424d59b5958e4443a54db12a5a10780fbdc5df2ec25955d443fc9d,,false
RRBudget10,[Draft] Research & Related Budget 10YR,3.0,budget_year[].other_direct_costs.other_direct_cost_7.cost,RR_Budget10_3_0.BudgetYear.OtherDirectCosts.OtherDirectCost7.Cost,Additional Other Direct Cost Funds Requested,question,concept:budget:line:cost,concept:budget:line:cost,question:sha256:6b0973ae0c895c6902a09a88df99355f2443029ce13c4d8f3df1f4fac4adcc13,agent_proposed,,,,string,,,https://apply07.grants.gov/apply/forms/schemas/RR_Budget10_3_0-V3.0.xsd,cccce03554424d59b5958e4443a54db12a5a10780fbdc5df2ec25955d443fc9d,,false
RRBudget10,[Draft] Research & Related Budget 10YR,3.0,budget_year[].other_direct_costs.other_direct_cost_7.description,RR_Budget10_3_0.BudgetYear.OtherDirectCosts.OtherDirectCost7.Description,Additional Other Direct Cost Description,question,concept:budget:line:description,concept:budget:line:description,question:sha256:c5f6ec068370c264592c0a18385ce62fabe99f755c4083fd5696fa6b60fd66d9,agent_proposed,,,,string,,,https://apply07.grants.gov/apply/forms/schemas/RR_Budget10_3_0-V3.0.xsd,cccce03554424d59b5958e4443a54db12a5a10780fbdc5df2ec25955d443fc9d,,false
RRBudget10,[Draft] Research & Related Budget 10YR,3.0,budget_year[].other_direct_costs.other_direct_cost_8.cost,RR_Budget10_3_0.BudgetYear.OtherDirectCosts.OtherDirectCost8.Cost,Additional Other Direct Cost Funds Requested,question,concept:budget:line:cost,concept:budget:line:cost,question:sha256:5aec980042090e27c0ee464568e1b083dd04b25f6e2f98f349ec684b9582b321,agent_proposed,,,,string,,,https://apply07.grants.gov/apply/forms/schemas/RR_Budget10_3_0-V3.0.xsd,cccce03554424d59b5958e4443a54db12a5a10780fbdc5df2ec25955d443fc9d,,false
RRBudget10,[Draft] Research & Related Budget 10YR,3.0,budget_year[].other_direct_costs.other_direct_cost_8.description,RR_Budget10_3_0.BudgetYear.OtherDirectCosts.OtherDirectCost8.Description,Additional Other Direct Cost Description,question,concept:budget:line:description,concept:budget:line:description,question:sha256:8274f484b9eb4246cf7f5c51e6c5cd38a43e340d339896ee228fd3d51b997a72,agent_proposed,,,,string,,,https://apply07.grants.gov/apply/forms/schemas/RR_Budget10_3_0-V3.0.xsd,cccce03554424d59b5958e4443a54db12a5a10780fbdc5df2ec25955d443fc9d,,false
RRBudget10,[Draft] Research & Related Budget 10YR,3.0,budget_year[].other_direct_costs.other_direct_cost_9.cost,RR_Budget10_3_0.BudgetYear.OtherDirectCosts.OtherDirectCost9.Cost,Additional Other Direct Cost Funds Requested,question,concept:budget:line:cost,concept:budget:line:cost,question:sha256:5f6cf13a18d476c295d3bd18c4ad7ecb7942499ed25cf23fbae0ecc2fc5c79d4,agent_proposed,,,,string,,,https://apply07.grants.gov/apply/forms/schemas/RR_Budget10_3_0-V3.0.xsd,cccce03554424d59b5958e4443a54db12a5a10780fbdc5df2ec25955d443fc9d,,false
RRBudget10,[Draft] Research & Related Budget 10YR,3.0,budget_year[].other_direct_costs.other_direct_cost_9.description,RR_Budget10_3_0.BudgetYear.OtherDirectCosts.OtherDirectCost9.Description,Additional Other Direct Cost Description,question,concept:budget:line:description,concept:budget:line:description,question:sha256:926c7c3b6b3d81c4414cf04f46e99ec636131e1774fbab9eb3b1c84435fe5646,agent_proposed,,,,string,,,https://apply07.grants.gov/apply/forms/schemas/RR_Budget10_3_0-V3.0.xsd,cccce03554424d59b5958e4443a54db12a5a10780fbdc5df2ec25955d443fc9d,,false
RRBudget10,[Draft] Research & Related Budget 10YR,3.0,budget_year[].other_direct_costs.publication_costs,RR_Budget10_3_0.BudgetYear.OtherDirectCosts.PublicationCosts,2. Publication Costs,question,concept:budget:other-direct:publication,concept:budget:other-direct:publication,question:sha256:47fd0829903c4626db3b8a66081d0329fe1ac1c96ab915f50870261981c39d86,agent_proposed,,,,string,,,https://apply07.grants.gov/apply/forms/schemas/RR_Budget10_3_0-V3.0.xsd,cccce03554424d59b5958e4443a54db12a5a10780fbdc5df2ec25955d443fc9d,,false
RRBudget10,[Draft] Research & Related Budget 10YR,3.0,budget_year[].other_direct_costs.subaward_consortium_contractual_costs,RR_Budget10_3_0.BudgetYear.OtherDirectCosts.SubawardConsortiumContractualCosts,5. Subawards/Consortium/Contractual Costs,question,concept:budget:other-direct:subaward-contractual,concept:budget:other-direct:subaward-contractual,question:sha256:443dab983a0e854dbdac85c9b2d203fef7b7630159f7d225a735feac7018a23d,agent_proposed,,,,string,,,https://apply07.grants.gov/apply/forms/schemas/RR_Budget10_3_0-V3.0.xsd,cccce03554424d59b5958e4443a54db12a5a10780fbdc5df2ec25955d443fc9d,,false
RRBudget10,[Draft] Research & Related Budget 10YR,3.0,budget_year[].other_direct_costs.total_other_direct_cost,RR_Budget10_3_0.BudgetYear.OtherDirectCosts.TotalOtherDirectCost,Total Other Direct Costs,calculation,,,question:sha256:2708b84bff0e9a0b435a25242da89855aa59dd523b4bfc716e8a11e9d5b5f8e6,unmapped,,,,string,,,https://apply07.grants.gov/apply/forms/schemas/RR_Budget10_3_0-V3.0.xsd,cccce03554424d59b5958e4443a54db12a5a10780fbdc5df2ec25955d443fc9d,,false
RRBudget10,[Draft] Research & Related Budget 10YR,3.0,budget_year[].other_personnel.graduate_students.academic_months,RR_Budget10_3_0.BudgetYear.OtherPersonnel.GraduateStudents.AcademicMonths,Academic Months Graduate Students,question,concept:budget:personnel:academic-months,concept:budget:personnel:academic-months,question:sha256:5eaf33caf44ff05909cd69aa72d2ae0767059789114febe6f6b0fb1a2c70f17f,agent_proposed,,,,string,,,https://apply07.grants.gov/apply/forms/schemas/RR_Budget10_3_0-V3.0.xsd,cccce03554424d59b5958e4443a54db12a5a10780fbdc5df2ec25955d443fc9d,,false
RRBudget10,[Draft] Research & Related Budget 10YR,3.0,budget_year[].other_personnel.graduate_students.calendar_months,RR_Budget10_3_0.BudgetYear.OtherPersonnel.GraduateStudents.CalendarMonths,Calendar Months Graduate Students,question,concept:budget:personnel:calendar-months,concept:budget:personnel:calendar-months,question:sha256:a80ba06a0cf492e75155a99e6b732480d6e07873a17b189cc2d4dde159ca0793,agent_proposed,,,,string,,,https://apply07.grants.gov/apply/forms/schemas/RR_Budget10_3_0-V3.0.xsd,cccce03554424d59b5958e4443a54db12a5a10780fbdc5df2ec25955d443fc9d,,false
RRBudget10,[Draft] Research & Related Budget 10YR,3.0,budget_year[].other_personnel.graduate_students.fringe_benefits,RR_Budget10_3_0.BudgetYear.OtherPersonnel.GraduateStudents.FringeBenefits,Fringe Benefits Graduate Students,question,concept:budget:personnel:fringe-benefits,concept:budget:personnel:fringe-benefits,question:sha256:39b4e3c60033bc31044e400b2fb14561738fd0ba87403606fdb5a3ff2997f8ea,agent_proposed,,,,string,,,https://apply07.grants.gov/apply/forms/schemas/RR_Budget10_3_0-V3.0.xsd,cccce03554424d59b5958e4443a54db12a5a10780fbdc5df2ec25955d443fc9d,,false
RRBudget10,[Draft] Research & Related Budget 10YR,3.0,budget_year[].other_personnel.graduate_students.funds_requested,RR_Budget10_3_0.BudgetYear.OtherPersonnel.GraduateStudents.FundsRequested,Funds Requested Graduate Students,calculation,,concept:budget:funds-requested,question:sha256:89b700814df1e229cf08aed77a07ddde11f82df51da5429aaca9f1d08ba5140e,excluded_non_question,,,,string,,,https://apply07.grants.gov/apply/forms/schemas/RR_Budget10_3_0-V3.0.xsd,cccce03554424d59b5958e4443a54db12a5a10780fbdc5df2ec25955d443fc9d,,false
RRBudget10,[Draft] Research & Related Budget 10YR,3.0,budget_year[].other_personnel.graduate_students.number_of_personnel,RR_Budget10_3_0.BudgetYear.OtherPersonnel.GraduateStudents.NumberOfPersonnel,Number of Personnel Graduate Students,question,concept:budget:personnel:count,concept:budget:personnel:count,question:sha256:67438c225895b9f17353b09811de04df589a7a670b07eab70b391bbe4d3f3b5b,agent_proposed,,,,integer,,,https://apply07.grants.gov/apply/forms/schemas/RR_Budget10_3_0-V3.0.xsd,cccce03554424d59b5958e4443a54db12a5a10780fbdc5df2ec25955d443fc9d,,false
RRBudget10,[Draft] Research & Related Budget 10YR,3.0,budget_year[].other_personnel.graduate_students.project_role,RR_Budget10_3_0.BudgetYear.OtherPersonnel.GraduateStudents.ProjectRole,Project Role Graduate Students,question,concept:research-person:project-role,concept:research-person:project-role,question:sha256:ba805e76670a18cdbbc02b50b1b78ee517f38778835576a2fd11dd0769b77536,agent_proposed,,,,string,,,https://apply07.grants.gov/apply/forms/schemas/RR_Budget10_3_0-V3.0.xsd,cccce03554424d59b5958e4443a54db12a5a10780fbdc5df2ec25955d443fc9d,,false
RRBudget10,[Draft] Research & Related Budget 10YR,3.0,budget_year[].other_personnel.graduate_students.requested_salary,RR_Budget10_3_0.BudgetYear.OtherPersonnel.GraduateStudents.RequestedSalary,Requested Salary Graduate Students,question,concept:budget:personnel:requested-salary,concept:budget:personnel:requested-salary,question:sha256:255621b606447da7ed5f0dad55ac7cc9d1b9413914c502de5d0758f83796a690,agent_proposed,,,,string,,,https://apply07.grants.gov/apply/forms/schemas/RR_Budget10_3_0-V3.0.xsd,cccce03554424d59b5958e4443a54db12a5a10780fbdc5df2ec25955d443fc9d,,false
RRBudget10,[Draft] Research & Related Budget 10YR,3.0,budget_year[].other_personnel.graduate_students.summer_months,RR_Budget10_3_0.BudgetYear.OtherPersonnel.GraduateStudents.SummerMonths,Summer Months Graduate Students,question,concept:budget:personnel:summer-months,concept:budget:personnel:summer-months,question:sha256:b6bb4fc8360819e1a4dd4d69baffaf6466198b29997c4f9817c8f0a60fea4cfb,agent_proposed,,,,string,,,https://apply07.grants.gov/apply/forms/schemas/RR_Budget10_3_0-V3.0.xsd,cccce03554424d59b5958e4443a54db12a5a10780fbdc5df2ec25955d443fc9d,,false
RRBudget10,[Draft] Research & Related Budget 10YR,3.0,budget_year[].other_personnel.other[].academic_months,RR_Budget10_3_0.BudgetYear.OtherPersonnel.Other.AcademicMonths,Academic Months Additional Project Role,question,concept:budget:personnel:academic-months,concept:budget:personnel:academic-months,question:sha256:aa15506e53711e4bcff3bef8f9e7e70237279e6a98a46459edd2baa002ce21de,agent_proposed,,,,string,,,https://apply07.grants.gov/apply/forms/schemas/RR_Budget10_3_0-V3.0.xsd,cccce03554424d59b5958e4443a54db12a5a10780fbdc5df2ec25955d443fc9d,,false
RRBudget10,[Draft] Research & Related Budget 10YR,3.0,budget_year[].other_personnel.other[].calendar_months,RR_Budget10_3_0.BudgetYear.OtherPersonnel.Other.CalendarMonths,Calendar Months Additional Project Role,question,concept:budget:personnel:calendar-months,concept:budget:personnel:calendar-months,question:sha256:65b1528a6cde004ea006ddcfad35398cadfd22aafc1539cf5546b3c450d71c4f,agent_proposed,,,,string,,,https://apply07.grants.gov/apply/forms/schemas/RR_Budget10_3_0-V3.0.xsd,cccce03554424d59b5958e4443a54db12a5a10780fbdc5df2ec25955d443fc9d,,false
RRBudget10,[Draft] Research & Related Budget 10YR,3.0,budget_year[].other_personnel.other[].fringe_benefits,RR_Budget10_3_0.BudgetYear.OtherPersonnel.Other.FringeBenefits,Fringe Benefits Additional Project Role,question,concept:budget:personnel:fringe-benefits,concept:budget:personnel:fringe-benefits,question:sha256:f9b1e628bf94dc039c2adaeec3ca816b1dd2a32547ef16c2ee600eb6de9d84a4,agent_proposed,,,,string,,,https://apply07.grants.gov/apply/forms/schemas/RR_Budget10_3_0-V3.0.xsd,cccce03554424d59b5958e4443a54db12a5a10780fbdc5df2ec25955d443fc9d,,false
RRBudget10,[Draft] Research & Related Budget 10YR,3.0,budget_year[].other_personnel.other[].funds_requested,RR_Budget10_3_0.BudgetYear.OtherPersonnel.Other.FundsRequested,Funds Requested Additional Project Role,calculation,,concept:budget:funds-requested,question:sha256:6a0ec1bcb336e7b5539a08097d029de8580a017b7b838e0de3d79cf0224c010e,excluded_non_question,,,,string,,,https://apply07.grants.gov/apply/forms/schemas/RR_Budget10_3_0-V3.0.xsd,cccce03554424d59b5958e4443a54db12a5a10780fbdc5df2ec25955d443fc9d,,false
RRBudget10,[Draft] Research & Related Budget 10YR,3.0,budget_year[].other_personnel.other[].number_of_personnel,RR_Budget10_3_0.BudgetYear.OtherPersonnel.Other.NumberOfPersonnel,Number of Personnel Additional Project Role,question,concept:budget:personnel:count,concept:budget:personnel:count,question:sha256:16c525f84bd390ba755296eb306cb2eea8533f2327fdfd7828155f88bb69064f,agent_proposed,,,,integer,,,https://apply07.grants.gov/apply/forms/schemas/RR_Budget10_3_0-V3.0.xsd,cccce03554424d59b5958e4443a54db12a5a10780fbdc5df2ec25955d443fc9d,,false
RRBudget10,[Draft] Research & Related Budget 10YR,3.0,budget_year[].other_personnel.other[].project_role,RR_Budget10_3_0.BudgetYear.OtherPersonnel.Other.ProjectRole,Additional Project Role Description,question,concept:research-person:project-role,concept:research-person:project-role,question:sha256:13756e3f9f412ea71ad8f40b8d9f0a9804aab9c80d7cfe8e7d171f0e70815cb2,agent_proposed,,,,string,,,https://apply07.grants.gov/apply/forms/schemas/RR_Budget10_3_0-V3.0.xsd,cccce03554424d59b5958e4443a54db12a5a10780fbdc5df2ec25955d443fc9d,,false
RRBudget10,[Draft] Research & Related Budget 10YR,3.0,budget_year[].other_personnel.other[].requested_salary,RR_Budget10_3_0.BudgetYear.OtherPersonnel.Other.RequestedSalary,Requested Salary Additional Project Role,question,concept:budget:personnel:requested-salary,concept:budget:personnel:requested-salary,question:sha256:c93ed7c4e345249755542eeece68ce6a79b9e578b8544ede3e2888a936bff815,agent_proposed,,,,string,,,https://apply07.grants.gov/apply/forms/schemas/RR_Budget10_3_0-V3.0.xsd,cccce03554424d59b5958e4443a54db12a5a10780fbdc5df2ec25955d443fc9d,,false
RRBudget10,[Draft] Research & Related Budget 10YR,3.0,budget_year[].other_personnel.other[].summer_months,RR_Budget10_3_0.BudgetYear.OtherPersonnel.Other.SummerMonths,Summer Months Additional Project Role,question,concept:budget:personnel:summer-months,concept:budget:personnel:summer-months,question:sha256:dd61d523e49d884dce36fbae96027484e0d9e44c1a053218834d190205769c00,agent_proposed,,,,string,,,https://apply07.grants.gov/apply/forms/schemas/RR_Budget10_3_0-V3.0.xsd,cccce03554424d59b5958e4443a54db12a5a10780fbdc5df2ec25955d443fc9d,,false
RRBudget10,[Draft] Research & Related Budget 10YR,3.0,budget_year[].other_personnel.other_personnel_total_number,RR_Budget10_3_0.BudgetYear.OtherPersonnel.OtherPersonnelTotalNumber,Total Number Other Personnel,calculation,,,question:sha256:ceef9ead8bb78e5dea64d8b2ff1f66cba7bbd4c9af5fba7ce60256e397782d44,unmapped,,,,integer,,,https://apply07.grants.gov/apply/forms/schemas/RR_Budget10_3_0-V3.0.xsd,cccce03554424d59b5958e4443a54db12a5a10780fbdc5df2ec25955d443fc9d,,false
RRBudget10,[Draft] Research & Related Budget 10YR,3.0,budget_year[].other_personnel.post_doc_associates.academic_months,RR_Budget10_3_0.BudgetYear.OtherPersonnel.PostDocAssociates.AcademicMonths,Academic Months Post Doctoral Associates,question,concept:budget:personnel:academic-months,concept:budget:personnel:academic-months,question:sha256:379ba175cc42b194e375798c7ca9abe6e18c4d018261b7b6fe1069626148034b,agent_proposed,,,,string,,,https://apply07.grants.gov/apply/forms/schemas/RR_Budget10_3_0-V3.0.xsd,cccce03554424d59b5958e4443a54db12a5a10780fbdc5df2ec25955d443fc9d,,false
RRBudget10,[Draft] Research & Related Budget 10YR,3.0,budget_year[].other_personnel.post_doc_associates.calendar_months,RR_Budget10_3_0.BudgetYear.OtherPersonnel.PostDocAssociates.CalendarMonths,Calendar Months Post Doctoral Associates,question,concept:budget:personnel:calendar-months,concept:budget:personnel:calendar-months,question:sha256:bae3247873f31a72b35ecd9f2b2ca270e79dbb2c3407b4a944624473996e9d38,agent_proposed,,,,string,,,https://apply07.grants.gov/apply/forms/schemas/RR_Budget10_3_0-V3.0.xsd,cccce03554424d59b5958e4443a54db12a5a10780fbdc5df2ec25955d443fc9d,,false
RRBudget10,[Draft] Research & Related Budget 10YR,3.0,budget_year[].other_personnel.post_doc_associates.fringe_benefits,RR_Budget10_3_0.BudgetYear.OtherPersonnel.PostDocAssociates.FringeBenefits,Fringe Benefits Post Doctoral Associates,question,concept:budget:personnel:fringe-benefits,concept:budget:personnel:fringe-benefits,question:sha256:35b0a9187502238f432774c8ac01cb5382ed66b5e8c3287c34a7c16370c55e9e,agent_proposed,,,,string,,,https://apply07.grants.gov/apply/forms/schemas/RR_Budget10_3_0-V3.0.xsd,cccce03554424d59b5958e4443a54db12a5a10780fbdc5df2ec25955d443fc9d,,false
RRBudget10,[Draft] Research & Related Budget 10YR,3.0,budget_year[].other_personnel.post_doc_associates.funds_requested,RR_Budget10_3_0.BudgetYear.OtherPersonnel.PostDocAssociates.FundsRequested,Funds Requested Post Doctoral Associates,calculation,,concept:budget:funds-requested,question:sha256:ecc6a1886e53095584899be1d3a2758afb743e1795a72dc2381f664a552e0a45,excluded_non_question,,,,string,,,https://apply07.grants.gov/apply/forms/schemas/RR_Budget10_3_0-V3.0.xsd,cccce03554424d59b5958e4443a54db12a5a10780fbdc5df2ec25955d443fc9d,,false
RRBudget10,[Draft] Research & Related Budget 10YR,3.0,budget_year[].other_personnel.post_doc_associates.number_of_personnel,RR_Budget10_3_0.BudgetYear.OtherPersonnel.PostDocAssociates.NumberOfPersonnel,Number of Personnel Post Doctoral Associates,question,concept:budget:personnel:count,concept:budget:personnel:count,question:sha256:e8bcfd3483dc31a8d88fc88c401ee9edd648743c8a005a3db6fb137c46578568,agent_proposed,,,,integer,,,https://apply07.grants.gov/apply/forms/schemas/RR_Budget10_3_0-V3.0.xsd,cccce03554424d59b5958e4443a54db12a5a10780fbdc5df2ec25955d443fc9d,,false
RRBudget10,[Draft] Research & Related Budget 10YR,3.0,budget_year[].other_personnel.post_doc_associates.project_role,RR_Budget10_3_0.BudgetYear.OtherPersonnel.PostDocAssociates.ProjectRole,Project Role Post Doctoral Associates,question,concept:research-person:project-role,concept:research-person:project-role,question:sha256:cb490f4e9c3c90e37dbab0cda5cb9cf7687bfbd31de8d871033ed0e462876429,agent_proposed,,,,string,,,https://apply07.grants.gov/apply/forms/schemas/RR_Budget10_3_0-V3.0.xsd,cccce03554424d59b5958e4443a54db12a5a10780fbdc5df2ec25955d443fc9d,,false
RRBudget10,[Draft] Research & Related Budget 10YR,3.0,budget_year[].other_personnel.post_doc_associates.requested_salary,RR_Budget10_3_0.BudgetYear.OtherPersonnel.PostDocAssociates.RequestedSalary,Requested Salary Post Doctoral Associates,question,concept:budget:personnel:requested-salary,concept:budget:personnel:requested-salary,question:sha256:e9d50a3c6926305f9d95a03cbbfb1d5ceb5ced5a59a36a2b9f7e62e99f45d9c3,agent_proposed,,,,string,,,https://apply07.grants.gov/apply/forms/schemas/RR_Budget10_3_0-V3.0.xsd,cccce03554424d59b5958e4443a54db12a5a10780fbdc5df2ec25955d443fc9d,,false
RRBudget10,[Draft] Research & Related Budget 10YR,3.0,budget_year[].other_personnel.post_doc_associates.summer_months,RR_Budget10_3_0.BudgetYear.OtherPersonnel.PostDocAssociates.SummerMonths,Summer Months Post Doctoral Associates,question,concept:budget:personnel:summer-months,concept:budget:personnel:summer-months,question:sha256:ea22a4ab8906cf19e01cc44022f01c4d231d86cef238ae847b40129609bd9168,agent_proposed,,,,string,,,https://apply07.grants.gov/apply/forms/schemas/RR_Budget10_3_0-V3.0.xsd,cccce03554424d59b5958e4443a54db12a5a10780fbdc5df2ec25955d443fc9d,,false
RRBudget10,[Draft] Research & Related Budget 10YR,3.0,budget_year[].other_personnel.secretarial_clerical.academic_months,RR_Budget10_3_0.BudgetYear.OtherPersonnel.SecretarialClerical.AcademicMonths,Academic Months Secretarial/Clerical,question,concept:budget:personnel:academic-months,concept:budget:personnel:academic-months,question:sha256:68190ea6633364bc3256997c1e66e66883c06119cd477a7d329d3608bb567bfe,agent_proposed,,,,string,,,https://apply07.grants.gov/apply/forms/schemas/RR_Budget10_3_0-V3.0.xsd,cccce03554424d59b5958e4443a54db12a5a10780fbdc5df2ec25955d443fc9d,,false
RRBudget10,[Draft] Research & Related Budget 10YR,3.0,budget_year[].other_personnel.secretarial_clerical.calendar_months,RR_Budget10_3_0.BudgetYear.OtherPersonnel.SecretarialClerical.CalendarMonths,Calendar Months Secretarial/Clerical,question,concept:budget:personnel:calendar-months,concept:budget:personnel:calendar-months,question:sha256:9196ba8234e63d8867365533202d0863ca750aeb80dbcac6e8796e7efbf6805b,agent_proposed,,,,string,,,https://apply07.grants.gov/apply/forms/schemas/RR_Budget10_3_0-V3.0.xsd,cccce03554424d59b5958e4443a54db12a5a10780fbdc5df2ec25955d443fc9d,,false
RRBudget10,[Draft] Research & Related Budget 10YR,3.0,budget_year[].other_personnel.secretarial_clerical.fringe_benefits,RR_Budget10_3_0.BudgetYear.OtherPersonnel.SecretarialClerical.FringeBenefits,Fringe Benefits Secretarial/Clerical,question,concept:budget:personnel:fringe-benefits,concept:budget:personnel:fringe-benefits,question:sha256:299650f425924b88685357a6c8606ef92edcd9da8709a442a20089cf0a3b4139,agent_proposed,,,,string,,,https://apply07.grants.gov/apply/forms/schemas/RR_Budget10_3_0-V3.0.xsd,cccce03554424d59b5958e4443a54db12a5a10780fbdc5df2ec25955d443fc9d,,false
RRBudget10,[Draft] Research & Related Budget 10YR,3.0,budget_year[].other_personnel.secretarial_clerical.funds_requested,RR_Budget10_3_0.BudgetYear.OtherPersonnel.SecretarialClerical.FundsRequested,Funds Requested Secretarial/Clerical,calculation,,concept:budget:funds-requested,question:sha256:cf1288cee76ba9f7951ec1d170d37e7082902a532e0fff9c4e0f98075cc5cd9a,excluded_non_question,,,,string,,,https://apply07.grants.gov/apply/forms/schemas/RR_Budget10_3_0-V3.0.xsd,cccce03554424d59b5958e4443a54db12a5a10780fbdc5df2ec25955d443fc9d,,false
RRBudget10,[Draft] Research & Related Budget 10YR,3.0,budget_year[].other_personnel.secretarial_clerical.number_of_personnel,RR_Budget10_3_0.BudgetYear.OtherPersonnel.SecretarialClerical.NumberOfPersonnel,Number of Personnel Secretarial/Clerical,question,concept:budget:personnel:count,concept:budget:personnel:count,question:sha256:fa6971f3e54f54b5463ad3baf6084b531f4369346699bb10e6387eb8f2a440f0,agent_proposed,,,,integer,,,https://apply07.grants.gov/apply/forms/schemas/RR_Budget10_3_0-V3.0.xsd,cccce03554424d59b5958e4443a54db12a5a10780fbdc5df2ec25955d443fc9d,,false
RRBudget10,[Draft] Research & Related Budget 10YR,3.0,budget_year[].other_personnel.secretarial_clerical.project_role,RR_Budget10_3_0.BudgetYear.OtherPersonnel.SecretarialClerical.ProjectRole,Project Role Secretarial/Clerical,question,concept:research-person:project-role,concept:research-person:project-role,question:sha256:08fdd38fbb9cf98caff37fb557915d721808991d7e38d9dd082d0cde2c229b92,agent_proposed,,,,string,,,https://apply07.grants.gov/apply/forms/schemas/RR_Budget10_3_0-V3.0.xsd,cccce03554424d59b5958e4443a54db12a5a10780fbdc5df2ec25955d443fc9d,,false
RRBudget10,[Draft] Research & Related Budget 10YR,3.0,budget_year[].other_personnel.secretarial_clerical.requested_salary,RR_Budget10_3_0.BudgetYear.OtherPersonnel.SecretarialClerical.RequestedSalary,Requested Salary Secretarial/Clerical,question,concept:budget:personnel:requested-salary,concept:budget:personnel:requested-salary,question:sha256:c42efc0ec11ec15647a78c25ced4cb3e7401400511bf532fc130b399beb4e986,agent_proposed,,,,string,,,https://apply07.grants.gov/apply/forms/schemas/RR_Budget10_3_0-V3.0.xsd,cccce03554424d59b5958e4443a54db12a5a10780fbdc5df2ec25955d443fc9d,,false
RRBudget10,[Draft] Research & Related Budget 10YR,3.0,budget_year[].other_personnel.secretarial_clerical.summer_months,RR_Budget10_3_0.BudgetYear.OtherPersonnel.SecretarialClerical.SummerMonths,Summer Months Secretarial/Clerical,question,concept:budget:personnel:summer-months,concept:budget:personnel:summer-months,question:sha256:ea49c367647daf47527980a81a910927d485bf2b9f4c04a29858412a15c1d2e1,agent_proposed,,,,string,,,https://apply07.grants.gov/apply/forms/schemas/RR_Budget10_3_0-V3.0.xsd,cccce03554424d59b5958e4443a54db12a5a10780fbdc5df2ec25955d443fc9d,,false
RRBudget10,[Draft] Research & Related Budget 10YR,3.0,budget_year[].other_personnel.total_other_personnel_fund,RR_Budget10_3_0.BudgetYear.OtherPersonnel.TotalOtherPersonnelFund,Total Other Personnel,calculation,,,question:sha256:d9169fcef9d1b17359f33346d47b0e393be3de61b35f77d555a375417e12e0d5,unmapped,,,,string,,,https://apply07.grants.gov/apply/forms/schemas/RR_Budget10_3_0-V3.0.xsd,cccce03554424d59b5958e4443a54db12a5a10780fbdc5df2ec25955d443fc9d,,false
RRBudget10,[Draft] Research & Related Budget 10YR,3.0,budget_year[].other_personnel.undergraduate_students.academic_months,RR_Budget10_3_0.BudgetYear.OtherPersonnel.UndergraduateStudents.AcademicMonths,Academic Months Undergraduate Students,question,concept:budget:personnel:academic-months,concept:budget:personnel:academic-months,question:sha256:549d3250420c391ed66da4e0f2d17599e58d4f320c865b269c31e95066fe0ca8,agent_proposed,,,,string,,,https://apply07.grants.gov/apply/forms/schemas/RR_Budget10_3_0-V3.0.xsd,cccce03554424d59b5958e4443a54db12a5a10780fbdc5df2ec25955d443fc9d,,false
RRBudget10,[Draft] Research & Related Budget 10YR,3.0,budget_year[].other_personnel.undergraduate_students.calendar_months,RR_Budget10_3_0.BudgetYear.OtherPersonnel.UndergraduateStudents.CalendarMonths,Calendar Months Undergraduate Students,question,concept:budget:personnel:calendar-months,concept:budget:personnel:calendar-months,question:sha256:bcad5ae031945743364a4032b217230aae8eaba45c81645e0fbc2c147dd0625c,agent_proposed,,,,string,,,https://apply07.grants.gov/apply/forms/schemas/RR_Budget10_3_0-V3.0.xsd,cccce03554424d59b5958e4443a54db12a5a10780fbdc5df2ec25955d443fc9d,,false
RRBudget10,[Draft] Research & Related Budget 10YR,3.0,budget_year[].other_personnel.undergraduate_students.fringe_benefits,RR_Budget10_3_0.BudgetYear.OtherPersonnel.UndergraduateStudents.FringeBenefits,Fringe Benefits Undergraduate Students,question,concept:budget:personnel:fringe-benefits,concept:budget:personnel:fringe-benefits,question:sha256:28ea954f4792f3708feecd22a67292d38c8abf9c5589bf894048b5089e14122c,agent_proposed,,,,string,,,https://apply07.grants.gov/apply/forms/schemas/RR_Budget10_3_0-V3.0.xsd,cccce03554424d59b5958e4443a54db12a5a10780fbdc5df2ec25955d443fc9d,,false
RRBudget10,[Draft] Research & Related Budget 10YR,3.0,budget_year[].other_personnel.undergraduate_students.funds_requested,RR_Budget10_3_0.BudgetYear.OtherPersonnel.UndergraduateStudents.FundsRequested,Funds Requested Undergraduate Students,calculation,,concept:budget:funds-requested,question:sha256:20f4487bf2ded9093b6017dc9c0558b87dd9c785cb6051c47aecd0b075eec9f4,excluded_non_question,,,,string,,,https://apply07.grants.gov/apply/forms/schemas/RR_Budget10_3_0-V3.0.xsd,cccce03554424d59b5958e4443a54db12a5a10780fbdc5df2ec25955d443fc9d,,false
RRBudget10,[Draft] Research & Related Budget 10YR,3.0,budget_year[].other_personnel.undergraduate_students.number_of_personnel,RR_Budget10_3_0.BudgetYear.OtherPersonnel.UndergraduateStudents.NumberOfPersonnel,Number of Personnel Undergraduate Students,question,concept:budget:personnel:count,concept:budget:personnel:count,question:sha256:907d48de5ca5114f948e7db4250ee289ebbb16b3722da4a36b5ff4cccb02b82f,agent_proposed,,,,integer,,,https://apply07.grants.gov/apply/forms/schemas/RR_Budget10_3_0-V3.0.xsd,cccce03554424d59b5958e4443a54db12a5a10780fbdc5df2ec25955d443fc9d,,false
RRBudget10,[Draft] Research & Related Budget 10YR,3.0,budget_year[].other_personnel.undergraduate_students.project_role,RR_Budget10_3_0.BudgetYear.OtherPersonnel.UndergraduateStudents.ProjectRole,Project Role Undergraduate Students,question,concept:research-person:project-role,concept:research-person:project-role,question:sha256:8e30e6cdfa21d27c43cdcc4c0b5bd6497c6b8d4ae14fe5a36583744a78ea030a,agent_proposed,,,,string,,,https://apply07.grants.gov/apply/forms/schemas/RR_Budget10_3_0-V3.0.xsd,cccce03554424d59b5958e4443a54db12a5a10780fbdc5df2ec25955d443fc9d,,false
RRBudget10,[Draft] Research & Related Budget 10YR,3.0,budget_year[].other_personnel.undergraduate_students.requested_salary,RR_Budget10_3_0.BudgetYear.OtherPersonnel.UndergraduateStudents.RequestedSalary,Requested Salary Undergraduate Students,question,concept:budget:personnel:requested-salary,concept:budget:personnel:requested-salary,question:sha256:879530e00f111e274bdd2015c200917dc4d316812608e84f8011950413891e13,agent_proposed,,,,string,,,https://apply07.grants.gov/apply/forms/schemas/RR_Budget10_3_0-V3.0.xsd,cccce03554424d59b5958e4443a54db12a5a10780fbdc5df2ec25955d443fc9d,,false
RRBudget10,[Draft] Research & Related Budget 10YR,3.0,budget_year[].other_personnel.undergraduate_students.summer_months,RR_Budget10_3_0.BudgetYear.OtherPersonnel.UndergraduateStudents.SummerMonths,Summer Months Undergraduate Students,question,concept:budget:personnel:summer-months,concept:budget:personnel:summer-months,question:sha256:bd4b7be509c51ae25013a89f40accedb144ff6401f1d99ac831b2ae81eea5776,agent_proposed,,,,string,,,https://apply07.grants.gov/apply/forms/schemas/RR_Budget10_3_0-V3.0.xsd,cccce03554424d59b5958e4443a54db12a5a10780fbdc5df2ec25955d443fc9d,,false
RRBudget10,[Draft] Research & Related Budget 10YR,3.0,budget_year[].participant_trainee_support_costs.other.cost,RR_Budget10_3_0.BudgetYear.ParticipantTraineeSupportCosts.Other.Cost,Other Participant/Trainee Costs,question,concept:budget:line:cost,concept:budget:line:cost,question:sha256:089b2e019c2fa7c94835f6d27df624e3be043454fa197ae1bb202dfdc576b600,agent_proposed,,,,string,,,https://apply07.grants.gov/apply/forms/schemas/RR_Budget10_3_0-V3.0.xsd,cccce03554424d59b5958e4443a54db12a5a10780fbdc5df2ec25955d443fc9d,,false
RRBudget10,[Draft] Research & Related Budget 10YR,3.0,budget_year[].participant_trainee_support_costs.other.description,RR_Budget10_3_0.BudgetYear.ParticipantTraineeSupportCosts.Other.Description,5. Other,question,concept:budget:line:description,concept:budget:line:description,question:sha256:48cc1145fed31f4f23fe5d84cb15840d004bc51624d974b51b83678f18abce2b,agent_proposed,,,,string,,,https://apply07.grants.gov/apply/forms/schemas/RR_Budget10_3_0-V3.0.xsd,cccce03554424d59b5958e4443a54db12a5a10780fbdc5df2ec25955d443fc9d,,false
RRBudget10,[Draft] Research & Related Budget 10YR,3.0,budget_year[].participant_trainee_support_costs.participant_trainee_number,RR_Budget10_3_0.BudgetYear.ParticipantTraineeSupportCosts.ParticipantTraineeNumber,Number of Participants/Trainees,question,concept:budget:trainee:count,concept:budget:trainee:count,question:sha256:9280ed415090e433354681cc2a57b6b681a3913db6cc38a22ecb1cf18bda997d,agent_proposed,,,,integer,,,https://apply07.grants.gov/apply/forms/schemas/RR_Budget10_3_0-V3.0.xsd,cccce03554424d59b5958e4443a54db12a5a10780fbdc5df2ec25955d443fc9d,,false
RRBudget10,[Draft] Research & Related Budget 10YR,3.0,budget_year[].participant_trainee_support_costs.stipends,RR_Budget10_3_0.BudgetYear.ParticipantTraineeSupportCosts.Stipends,2. Stipends,question,concept:budget:trainee:stipends,concept:budget:trainee:stipends,question:sha256:daefa69bab04632b9fa2ac836e6f4fbeedd3a3f54ba0d931b9fbae12cc04cb2d,agent_proposed,,,,string,,,https://apply07.grants.gov/apply/forms/schemas/RR_Budget10_3_0-V3.0.xsd,cccce03554424d59b5958e4443a54db12a5a10780fbdc5df2ec25955d443fc9d,,false
RRBudget10,[Draft] Research & Related Budget 10YR,3.0,budget_year[].participant_trainee_support_costs.subsistence,RR_Budget10_3_0.BudgetYear.ParticipantTraineeSupportCosts.Subsistence,4. Subsistence,question,concept:budget:trainee:subsistence,concept:budget:trainee:subsistence,question:sha256:2cc757cecf57f41af65ad2fb2a7e0bce48eaa7c0329ff2d4787a2cea29f8e7a1,agent_proposed,,,,string,,,https://apply07.grants.gov/apply/forms/schemas/RR_Budget10_3_0-V3.0.xsd,cccce03554424d59b5958e4443a54db12a5a10780fbdc5df2ec25955d443fc9d,,false
RRBudget10,[Draft] Research & Related Budget 10YR,3.0,budget_year[].participant_trainee_support_costs.total_cost,RR_Budget10_3_0.BudgetYear.ParticipantTraineeSupportCosts.TotalCost,Total Participant/Trainee Support Costs,calculation,,,question:sha256:53a749571a809f9f163e755c76ac522f34f2a30b068135fd3475b780b9d45f3c,unmapped,,,,string,,,https://apply07.grants.gov/apply/forms/schemas/RR_Budget10_3_0-V3.0.xsd,cccce03554424d59b5958e4443a54db12a5a10780fbdc5df2ec25955d443fc9d,,false
RRBudget10,[Draft] Research & Related Budget 10YR,3.0,budget_year[].participant_trainee_support_costs.travel,RR_Budget10_3_0.BudgetYear.ParticipantTraineeSupportCosts.Travel,3. Travel,question,concept:budget:trainee:travel,concept:budget:trainee:travel,question:sha256:cc8f88cab02237a971a98dfe8e50efe83ee5068c4acc880c788b86011e105eea,agent_proposed,,,,string,,,https://apply07.grants.gov/apply/forms/schemas/RR_Budget10_3_0-V3.0.xsd,cccce03554424d59b5958e4443a54db12a5a10780fbdc5df2ec25955d443fc9d,,false
RRBudget10,[Draft] Research & Related Budget 10YR,3.0,budget_year[].participant_trainee_support_costs.tuition_fee_health_insurance,RR_Budget10_3_0.BudgetYear.ParticipantTraineeSupportCosts.TuitionFeeHealthInsurance,1. Tuition/Fees/Health Insurance,question,concept:budget:trainee:tuition-fees-insurance,concept:budget:trainee:tuition-fees-insurance,question:sha256:4973ddeee42991948badf620e378d40042179829f756682d8c53ceb1df4e5dc7,agent_proposed,,,,string,,,https://apply07.grants.gov/apply/forms/schemas/RR_Budget10_3_0-V3.0.xsd,cccce03554424d59b5958e4443a54db12a5a10780fbdc5df2ec25955d443fc9d,,false
RRBudget10,[Draft] Research & Related Budget 10YR,3.0,budget_year[].total_compensation,RR_Budget10_3_0.BudgetYear.TotalCompensation,"Total Salary, Wages and Fringe Benefits (A+B)",calculation,,,question:sha256:52e23b4aa37c58b61b0c9ef8a059de6938c23f13810339345df0692779cbef6d,unmapped,,,,string,,,https://apply07.grants.gov/apply/forms/schemas/RR_Budget10_3_0-V3.0.xsd,cccce03554424d59b5958e4443a54db12a5a10780fbdc5df2ec25955d443fc9d,,false
RRBudget10,[Draft] Research & Related Budget 10YR,3.0,budget_year[].total_costs,RR_Budget10_3_0.BudgetYear.TotalCosts,Total Direct and Indirect Institutional Costs (G + H),calculation,,,question:sha256:21c6a185876373b29422ea228c69ca841d5d821ea7f268110766a4caa16b21f7,unmapped,,,,string,,,https://apply07.grants.gov/apply/forms/schemas/RR_Budget10_3_0-V3.0.xsd,cccce03554424d59b5958e4443a54db12a5a10780fbdc5df2ec25955d443fc9d,,false
RRBudget10,[Draft] Research & Related Budget 10YR,3.0,budget_year[].total_costs_fee,RR_Budget10_3_0.BudgetYear.TotalCostsFee,Total Costs and Fee (I + J),calculation,,,question:sha256:734efb048fe0feea0876c5897968d734c7b7054bd4563039e36a1f776f6cd117,unmapped,,,,string,,,https://apply07.grants.gov/apply/forms/schemas/RR_Budget10_3_0-V3.0.xsd,cccce03554424d59b5958e4443a54db12a5a10780fbdc5df2ec25955d443fc9d,,false
RRBudget10,[Draft] Research & Related Budget 10YR,3.0,budget_year[].travel.domestic_travel_cost,RR_Budget10_3_0.BudgetYear.Travel.DomesticTravelCost,"1. Domestic Travel Costs ( Incl. Canada, Mexico and U.S. Possessions)",question,concept:budget:travel:domestic,concept:budget:travel:domestic,question:sha256:024f4d5490b5e8fd460fce61c545a4b65b0124cb44330b753ca9f28146872b70,agent_proposed,,,,string,,,https://apply07.grants.gov/apply/forms/schemas/RR_Budget10_3_0-V3.0.xsd,cccce03554424d59b5958e4443a54db12a5a10780fbdc5df2ec25955d443fc9d,,false
RRBudget10,[Draft] Research & Related Budget 10YR,3.0,budget_year[].travel.foreign_travel_cost,RR_Budget10_3_0.BudgetYear.Travel.ForeignTravelCost,2. Foreign Travel Costs,question,concept:budget:travel:foreign,concept:budget:travel:foreign,question:sha256:33d02c1e60a084ec2927b4e6a8e3271e6c143af36a8e27a5b63e5c4db33ee37e,agent_proposed,,,,string,,,https://apply07.grants.gov/apply/forms/schemas/RR_Budget10_3_0-V3.0.xsd,cccce03554424d59b5958e4443a54db12a5a10780fbdc5df2ec25955d443fc9d,,false
RRBudget10,[Draft] Research & Related Budget 10YR,3.0,budget_year[].travel.total_travel_cost,RR_Budget10_3_0.BudgetYear.Travel.TotalTravelCost,Total Travel Cost,calculation,,,question:sha256:6bd6baed0e6c8816bae84c8bcf4c48c5a829f73dea584f96edab81bef1fffb28,unmapped,,,,string,,,https://apply07.grants.gov/apply/forms/schemas/RR_Budget10_3_0-V3.0.xsd,cccce03554424d59b5958e4443a54db12a5a10780fbdc5df2ec25955d443fc9d,,false
RRBudget10,[Draft] Research & Related Budget 10YR,3.0,organization_name,RR_Budget10_3_0.OrganizationName,Enter name of Organization:,question,concept:role:applicant-organization:name,concept:role:applicant-organization:name,question:sha256:37d77d8cda9ca4243fe1775e32052017f667a53e5f09dde66a06db6abefadf3a,agent_proposed,,,,string,,,https://apply07.grants.gov/apply/forms/schemas/RR_Budget10_3_0-V3.0.xsd,cccce03554424d59b5958e4443a54db12a5a10780fbdc5df2ec25955d443fc9d,,false
RRBudget10,[Draft] Research & Related Budget 10YR,3.0,samuei,RR_Budget10_3_0.SAMUEI,UEI:,question,concept:role:applicant-organization:sam-uei,concept:role:applicant-organization:sam-uei,question:sha256:311991ff8ce7179ca30fc71883cba0f475e5821b5b47dc8589ffb85252d6e584,agent_proposed,,,,string,,,https://apply07.grants.gov/apply/forms/schemas/RR_Budget10_3_0-V3.0.xsd,cccce03554424d59b5958e4443a54db12a5a10780fbdc5df2ec25955d443fc9d,,false
RRMPBudget,[Draft] Research & Related Multi-Project Budget Form,3.0,budget_justification_attachment,RR_MP_Budget_3_0.BudgetJustificationAttachment,BudgetJustificationAttachment,question,question-candidate:sha256:e40ed386003cba05deb038e53ce973a9dc3a8641b0e36dd249f8d8489e3ca841,question-candidate:sha256:e40ed386003cba05deb038e53ce973a9dc3a8641b0e36dd249f8d8489e3ca841,question:sha256:dcfe6d3432cc0402424da7cf01a820dd82fb7c57c1b4d1530fa301cf62fa3c23,agent_proposed,unqualified,,budget-attachments|subaward-budget-collection,,,,https://apply07.grants.gov/apply/forms/schemas/RR_MP_Budget_3_0-V3.0.xsd,8ee3867971d4030582ff4c4cd906cd1a086c2d2491fb6f05b33cdd07ae435846,sha256:8ee3867971d4030582ff4c4cd906cd1a086c2d2491fb6f05b33cdd07ae435846,false
RRMPBudget,[Draft] Research & Related Multi-Project Budget Form,3.0,budget_summary.cumulative_adp_computer_services,RR_MP_Budget_3_0.BudgetSummary.CumulativeADPComputerServices,CumulativeADPComputerServices,calculation,,question-candidate:sha256:3b1d37f932cec940d6d90454484dc0ad89c39e1a6217d64b7a053c497b2f8099,question:sha256:786ca518c20095d4459a4575d9d210921d0370b5a38ee43bcf89ba0c1c141734,excluded_non_question,unqualified,,budget-calculation|subaward-budget-collection,string,,,https://apply07.grants.gov/apply/forms/schemas/RR_MP_Budget_3_0-V3.0.xsd,8ee3867971d4030582ff4c4cd906cd1a086c2d2491fb6f05b33cdd07ae435846,sha256:8ee3867971d4030582ff4c4cd906cd1a086c2d2491fb6f05b33cdd07ae435846,false
RRMPBudget,[Draft] Research & Related Multi-Project Budget Form,3.0,budget_summary.cumulative_alterations_and_renovations,RR_MP_Budget_3_0.BudgetSummary.CumulativeAlterationsAndRenovations,CumulativeAlterationsAndRenovations,calculation,,question-candidate:sha256:70062032d09181819a5c3049e842ba8259361bade292976f2b9059daa19dd3bd,question:sha256:d44d681075ac08dcae5d692ae3562a1993654e025b662ff56ba4d992b65a27ba,excluded_non_question,unqualified,,budget-calculation|subaward-budget-collection,string,,,https://apply07.grants.gov/apply/forms/schemas/RR_MP_Budget_3_0-V3.0.xsd,8ee3867971d4030582ff4c4cd906cd1a086c2d2491fb6f05b33cdd07ae435846,sha256:8ee3867971d4030582ff4c4cd906cd1a086c2d2491fb6f05b33cdd07ae435846,false
RRMPBudget,[Draft] Research & Related Multi-Project Budget Form,3.0,budget_summary.cumulative_consultant_services,RR_MP_Budget_3_0.BudgetSummary.CumulativeConsultantServices,CumulativeConsultantServices,calculation,,question-candidate:sha256:23fac51d4158a0faddd23fcaccdff171fe1a3c6ffc0eec65dd32c28c0baeb77f,question:sha256:dc01254a365c073b6141bebe7729cf85c219fe7fc5f82e0be62f953e726281aa,excluded_non_question,unqualified,,budget-calculation|subaward-budget-collection,string,,,https://apply07.grants.gov/apply/forms/schemas/RR_MP_Budget_3_0-V3.0.xsd,8ee3867971d4030582ff4c4cd906cd1a086c2d2491fb6f05b33cdd07ae435846,sha256:8ee3867971d4030582ff4c4cd906cd1a086c2d2491fb6f05b33cdd07ae435846,false
RRMPBudget,[Draft] Research & Related Multi-Project Budget Form,3.0,budget_summary.cumulative_domestic_travel_costs,RR_MP_Budget_3_0.BudgetSummary.CumulativeDomesticTravelCosts,CumulativeDomesticTravelCosts,calculation,,question-candidate:sha256:75d01fc1e13dc43e8e1b74f2ee9585dfec2c422684e636b4700c391f61e95cbb,question:sha256:b1bec3d4e5dbb684c43711ae21e9fbe5c66616e214fe6ff764e33f716f6cc544,excluded_non_question,unqualified,,budget-calculation|budget-travel|subaward-budget-collection,string,,,https://apply07.grants.gov/apply/forms/schemas/RR_MP_Budget_3_0-V3.0.xsd,8ee3867971d4030582ff4c4cd906cd1a086c2d2491fb6f05b33cdd07ae435846,sha256:8ee3867971d4030582ff4c4cd906cd1a086c2d2491fb6f05b33cdd07ae435846,false
RRMPBudget,[Draft] Research & Related Multi-Project Budget Form,3.0,budget_summary.cumulative_equipment_facility_rental_fees,RR_MP_Budget_3_0.BudgetSummary.CumulativeEquipmentFacilityRentalFees,CumulativeEquipmentFacilityRentalFees,calculation,,question-candidate:sha256:ed42d5c86fe1a2dad19d010c2fb312315adc7cbc642c1d57f18869aacb759611,question:sha256:b23063f3d76f84f77d6c1cf4c72fdd6ad134ddf7d8b5abd334ab0981a6db07ae,excluded_non_question,unqualified,,budget-calculation|budget-equipment|subaward-budget-collection,string,,,https://apply07.grants.gov/apply/forms/schemas/RR_MP_Budget_3_0-V3.0.xsd,8ee3867971d4030582ff4c4cd906cd1a086c2d2491fb6f05b33cdd07ae435846,sha256:8ee3867971d4030582ff4c4cd906cd1a086c2d2491fb6f05b33cdd07ae435846,false
RRMPBudget,[Draft] Research & Related Multi-Project Budget Form,3.0,budget_summary.cumulative_fee,RR_MP_Budget_3_0.BudgetSummary.CumulativeFee,CumulativeFee,calculation,,question-candidate:sha256:b0d99ec3c2e439f25f654767ac769ffe72e86bef63ee1e3b1c12e3d4f9f15f91,question:sha256:87b54d775fc0ebf9dcfa74d9683a3430bad837681ccf280091670a14d04efb0c,excluded_non_question,unqualified,,budget-calculation|subaward-budget-collection,string,,,https://apply07.grants.gov/apply/forms/schemas/RR_MP_Budget_3_0-V3.0.xsd,8ee3867971d4030582ff4c4cd906cd1a086c2d2491fb6f05b33cdd07ae435846,sha256:8ee3867971d4030582ff4c4cd906cd1a086c2d2491fb6f05b33cdd07ae435846,false
RRMPBudget,[Draft] Research & Related Multi-Project Budget Form,3.0,budget_summary.cumulative_foreign_travel_costs,RR_MP_Budget_3_0.BudgetSummary.CumulativeForeignTravelCosts,CumulativeForeignTravelCosts,calculation,,question-candidate:sha256:f1432cb8d5d6ea2e3f2cea62b4f6c32073d5c1ec24b6ba80812754cc0a64219a,question:sha256:ff1d4cc06b104e9db7d4eff662b8f11eb9879bbf330cb44ea3d41bc66bc7e63c,excluded_non_question,unqualified,,budget-calculation|budget-travel|subaward-budget-collection,string,,,https://apply07.grants.gov/apply/forms/schemas/RR_MP_Budget_3_0-V3.0.xsd,8ee3867971d4030582ff4c4cd906cd1a086c2d2491fb6f05b33cdd07ae435846,sha256:8ee3867971d4030582ff4c4cd906cd1a086c2d2491fb6f05b33cdd07ae435846,false
RRMPBudget,[Draft] Research & Related Multi-Project Budget Form,3.0,budget_summary.cumulative_material_and_supplies,RR_MP_Budget_3_0.BudgetSummary.CumulativeMaterialAndSupplies,CumulativeMaterialAndSupplies,calculation,,question-candidate:sha256:4f23a1c6d70667c89bdeeae848a356084620b6a948e1e7ac64993431faf94214,question:sha256:639237f4e3c6fb70403efbf6190ba458e0721e1a12afa6a22374a81b6c6fb581,excluded_non_question,unqualified,,budget-calculation|subaward-budget-collection,string,,,https://apply07.grants.gov/apply/forms/schemas/RR_MP_Budget_3_0-V3.0.xsd,8ee3867971d4030582ff4c4cd906cd1a086c2d2491fb6f05b33cdd07ae435846,sha256:8ee3867971d4030582ff4c4cd906cd1a086c2d2491fb6f05b33cdd07ae435846,false
RRMPBudget,[Draft] Research & Related Multi-Project Budget Form,3.0,budget_summary.cumulative_noof_trainees,RR_MP_Budget_3_0.BudgetSummary.CumulativeNoofTrainees,CumulativeNoofTrainees,calculation,,question-candidate:sha256:db33d0f975360db20f97d2eb6fc2f9dbe72b7f25f479b2c98e7c773ff3e8370b,question:sha256:129fe5814e6e2185b9033898b4c7d7d01269159b37c545bf8b15fe178d149f78,excluded_non_question,unqualified,,budget-calculation|budget-participant-support|subaward-budget-collection,integer,,,https://apply07.grants.gov/apply/forms/schemas/RR_MP_Budget_3_0-V3.0.xsd,8ee3867971d4030582ff4c4cd906cd1a086c2d2491fb6f05b33cdd07ae435846,sha256:8ee3867971d4030582ff4c4cd906cd1a086c2d2491fb6f05b33cdd07ae435846,false
RRMPBudget,[Draft] Research & Related Multi-Project Budget Form,3.0,budget_summary.cumulative_other_10_direct_cost,RR_MP_Budget_3_0.BudgetSummary.CumulativeOther10DirectCost,CumulativeOther10DirectCost,calculation,,question-candidate:sha256:b6ddc2c77daf04864e5c8aaa954e695068b4a10dddd1270e3af05a91743707a9,question:sha256:4999017e83ee745a4d80cff207801e73f75d18081baaa3ee7e1c2ccad53de38f,excluded_non_question,unqualified,,budget-calculation|budget-other-direct-cost|subaward-budget-collection,string,,,https://apply07.grants.gov/apply/forms/schemas/RR_MP_Budget_3_0-V3.0.xsd,8ee3867971d4030582ff4c4cd906cd1a086c2d2491fb6f05b33cdd07ae435846,sha256:8ee3867971d4030582ff4c4cd906cd1a086c2d2491fb6f05b33cdd07ae435846,false
RRMPBudget,[Draft] Research & Related Multi-Project Budget Form,3.0,budget_summary.cumulative_other_1_direct_cost,RR_MP_Budget_3_0.BudgetSummary.CumulativeOther1DirectCost,CumulativeOther1DirectCost,calculation,,question-candidate:sha256:f8823721d566609c8d76e302949566b481e3594d7e53c7b2dcc66e0a591a566b,question:sha256:428682a58cae1c8905cc49f3680b1813eb733d7bf169d7805c47975f24e04e84,excluded_non_question,unqualified,,budget-calculation|budget-other-direct-cost|subaward-budget-collection,string,,,https://apply07.grants.gov/apply/forms/schemas/RR_MP_Budget_3_0-V3.0.xsd,8ee3867971d4030582ff4c4cd906cd1a086c2d2491fb6f05b33cdd07ae435846,sha256:8ee3867971d4030582ff4c4cd906cd1a086c2d2491fb6f05b33cdd07ae435846,false
RRMPBudget,[Draft] Research & Related Multi-Project Budget Form,3.0,budget_summary.cumulative_other_2_direct_cost,RR_MP_Budget_3_0.BudgetSummary.CumulativeOther2DirectCost,CumulativeOther2DirectCost,calculation,,question-candidate:sha256:8b0607b0abd92b00c5884eefa4d4913af51b9e78f08981b65885b2bda25d3003,question:sha256:24aa76cf184c2e92b281fe8f996f9aa1e6f0a460b54a697547cb0438c94456aa,excluded_non_question,unqualified,,budget-calculation|budget-other-direct-cost|subaward-budget-collection,string,,,https://apply07.grants.gov/apply/forms/schemas/RR_MP_Budget_3_0-V3.0.xsd,8ee3867971d4030582ff4c4cd906cd1a086c2d2491fb6f05b33cdd07ae435846,sha256:8ee3867971d4030582ff4c4cd906cd1a086c2d2491fb6f05b33cdd07ae435846,false
RRMPBudget,[Draft] Research & Related Multi-Project Budget Form,3.0,budget_summary.cumulative_other_3_direct_cost,RR_MP_Budget_3_0.BudgetSummary.CumulativeOther3DirectCost,CumulativeOther3DirectCost,calculation,,question-candidate:sha256:bbf4dfb6cb2c187928679bb11aa98df9dd83b9629b6bbf425aae3160a92e5804,question:sha256:96a2245a2f91df545d58ddeada4a82596e1a6762586ce6bdd22dfbdc59157f54,excluded_non_question,unqualified,,budget-calculation|budget-other-direct-cost|subaward-budget-collection,string,,,https://apply07.grants.gov/apply/forms/schemas/RR_MP_Budget_3_0-V3.0.xsd,8ee3867971d4030582ff4c4cd906cd1a086c2d2491fb6f05b33cdd07ae435846,sha256:8ee3867971d4030582ff4c4cd906cd1a086c2d2491fb6f05b33cdd07ae435846,false
RRMPBudget,[Draft] Research & Related Multi-Project Budget Form,3.0,budget_summary.cumulative_other_4_direct_cost,RR_MP_Budget_3_0.BudgetSummary.CumulativeOther4DirectCost,CumulativeOther4DirectCost,calculation,,question-candidate:sha256:bdd969a68aa4af4109e36fad5d013f1455c7122fca1391553a0cc112ecc325ea,question:sha256:8f8b267a128809b5989862e3d636d09d9466f407da1f213c357dea9e3cee77f8,excluded_non_question,unqualified,,budget-calculation|budget-other-direct-cost|subaward-budget-collection,string,,,https://apply07.grants.gov/apply/forms/schemas/RR_MP_Budget_3_0-V3.0.xsd,8ee3867971d4030582ff4c4cd906cd1a086c2d2491fb6f05b33cdd07ae435846,sha256:8ee3867971d4030582ff4c4cd906cd1a086c2d2491fb6f05b33cdd07ae435846,false
RRMPBudget,[Draft] Research & Related Multi-Project Budget Form,3.0,budget_summary.cumulative_other_5_direct_cost,RR_MP_Budget_3_0.BudgetSummary.CumulativeOther5DirectCost,CumulativeOther5DirectCost,calculation,,question-candidate:sha256:230d04dc0e0ef5955be0b8971c1f04e4788c6da6576b7f71baec1499a3c0dcdd,question:sha256:ef1e26b51a29a13ed9fe69d3eb57539b62df8fc3567618a6c39a91ccdd6e9bce,excluded_non_question,unqualified,,budget-calculation|budget-other-direct-cost|subaward-budget-collection,string,,,https://apply07.grants.gov/apply/forms/schemas/RR_MP_Budget_3_0-V3.0.xsd,8ee3867971d4030582ff4c4cd906cd1a086c2d2491fb6f05b33cdd07ae435846,sha256:8ee3867971d4030582ff4c4cd906cd1a086c2d2491fb6f05b33cdd07ae435846,false
RRMPBudget,[Draft] Research & Related Multi-Project Budget Form,3.0,budget_summary.cumulative_other_6_direct_cost,RR_MP_Budget_3_0.BudgetSummary.CumulativeOther6DirectCost,CumulativeOther6DirectCost,calculation,,question-candidate:sha256:057817acd30d5c0bc0f1098ff70d58dcf9238af2a72a159e97c7ce58d6fcc61e,question:sha256:b5d5057060b21ec1b78bc335eed3beebbbbac51edc4712c69acdccb75b7e1d38,excluded_non_question,unqualified,,budget-calculation|budget-other-direct-cost|subaward-budget-collection,string,,,https://apply07.grants.gov/apply/forms/schemas/RR_MP_Budget_3_0-V3.0.xsd,8ee3867971d4030582ff4c4cd906cd1a086c2d2491fb6f05b33cdd07ae435846,sha256:8ee3867971d4030582ff4c4cd906cd1a086c2d2491fb6f05b33cdd07ae435846,false
RRMPBudget,[Draft] Research & Related Multi-Project Budget Form,3.0,budget_summary.cumulative_other_7_direct_cost,RR_MP_Budget_3_0.BudgetSummary.CumulativeOther7DirectCost,CumulativeOther7DirectCost,calculation,,question-candidate:sha256:226989227022652e86b32182718dbe932fd282dd5da740185547f8eb55f86908,question:sha256:24a10bc5865bec98f9e339356d3fa771a97ebdb8036bdcaa8f9e89064e05a287,excluded_non_question,unqualified,,budget-calculation|budget-other-direct-cost|subaward-budget-collection,string,,,https://apply07.grants.gov/apply/forms/schemas/RR_MP_Budget_3_0-V3.0.xsd,8ee3867971d4030582ff4c4cd906cd1a086c2d2491fb6f05b33cdd07ae435846,sha256:8ee3867971d4030582ff4c4cd906cd1a086c2d2491fb6f05b33cdd07ae435846,false
RRMPBudget,[Draft] Research & Related Multi-Project Budget Form,3.0,budget_summary.cumulative_other_8_direct_cost,RR_MP_Budget_3_0.BudgetSummary.CumulativeOther8DirectCost,CumulativeOther8DirectCost,calculation,,question-candidate:sha256:091d24f93021995c57a1b9603e4805f29432acdd61a7deb1b4681f24c1e6c399,question:sha256:ddf35addb61b1023666f053492e7d16c9296a70165903e9950abecf9ee5457bf,excluded_non_question,unqualified,,budget-calculation|budget-other-direct-cost|subaward-budget-collection,string,,,https://apply07.grants.gov/apply/forms/schemas/RR_MP_Budget_3_0-V3.0.xsd,8ee3867971d4030582ff4c4cd906cd1a086c2d2491fb6f05b33cdd07ae435846,sha256:8ee3867971d4030582ff4c4cd906cd1a086c2d2491fb6f05b33cdd07ae435846,false
RRMPBudget,[Draft] Research & Related Multi-Project Budget Form,3.0,budget_summary.cumulative_other_9_direct_cost,RR_MP_Budget_3_0.BudgetSummary.CumulativeOther9DirectCost,CumulativeOther9DirectCost,calculation,,question-candidate:sha256:dd0b1d66fdef74dd8f5a3bf3662198bfbca5ef0ced7063ff0cca01268d5d61e6,question:sha256:56e486bce6104db6cd6a7131d33a728a95057f61a68a5c812338809a2b4b503b,excluded_non_question,unqualified,,budget-calculation|budget-other-direct-cost|subaward-budget-collection,string,,,https://apply07.grants.gov/apply/forms/schemas/RR_MP_Budget_3_0-V3.0.xsd,8ee3867971d4030582ff4c4cd906cd1a086c2d2491fb6f05b33cdd07ae435846,sha256:8ee3867971d4030582ff4c4cd906cd1a086c2d2491fb6f05b33cdd07ae435846,false
RRMPBudget,[Draft] Research & Related Multi-Project Budget Form,3.0,budget_summary.cumulative_other_trainee_cost,RR_MP_Budget_3_0.BudgetSummary.CumulativeOtherTraineeCost,CumulativeOtherTraineeCost,calculation,,question-candidate:sha256:8a964b7c884d246e18f9b3b435c5391396fd760ed38a1f595f4b9ea957ab1644,question:sha256:2d8256166a3a60918be310ab6b5a785b1e325c32addb921ef3b01c6be45fe47a,excluded_non_question,unqualified,,budget-calculation|budget-participant-support|subaward-budget-collection,string,,,https://apply07.grants.gov/apply/forms/schemas/RR_MP_Budget_3_0-V3.0.xsd,8ee3867971d4030582ff4c4cd906cd1a086c2d2491fb6f05b33cdd07ae435846,sha256:8ee3867971d4030582ff4c4cd906cd1a086c2d2491fb6f05b33cdd07ae435846,false
RRMPBudget,[Draft] Research & Related Multi-Project Budget Form,3.0,budget_summary.cumulative_publication_costs,RR_MP_Budget_3_0.BudgetSummary.CumulativePublicationCosts,CumulativePublicationCosts,calculation,,question-candidate:sha256:87b35aac3b2214e8987b789f6537a0d1a1c25ac1fbdbab36dfeca307357a93e0,question:sha256:69986b81feffa56bcebaf90e0439695694d4c0ec43d0ae2f10cf2ad1f5da8ba0,excluded_non_question,unqualified,,budget-calculation|subaward-budget-collection,string,,,https://apply07.grants.gov/apply/forms/schemas/RR_MP_Budget_3_0-V3.0.xsd,8ee3867971d4030582ff4c4cd906cd1a086c2d2491fb6f05b33cdd07ae435846,sha256:8ee3867971d4030582ff4c4cd906cd1a086c2d2491fb6f05b33cdd07ae435846,false
RRMPBudget,[Draft] Research & Related Multi-Project Budget Form,3.0,budget_summary.cumulative_subaward_consortium_contractual_costs,RR_MP_Budget_3_0.BudgetSummary.CumulativeSubawardConsortiumContractualCosts,CumulativeSubawardConsortiumContractualCosts,calculation,,question-candidate:sha256:e7e220ebd04fb582a0fa68614dd18234919ebd1fa50fe9d12aeff2cc4be60974,question:sha256:d5046f1cc20e2106f4adc81d6ad1ee11a13f887adc9bce8d4ccf2f404e61f6af,excluded_non_question,unqualified,,budget-calculation|subaward-budget-collection,string,,,https://apply07.grants.gov/apply/forms/schemas/RR_MP_Budget_3_0-V3.0.xsd,8ee3867971d4030582ff4c4cd906cd1a086c2d2491fb6f05b33cdd07ae435846,sha256:8ee3867971d4030582ff4c4cd906cd1a086c2d2491fb6f05b33cdd07ae435846,false
RRMPBudget,[Draft] Research & Related Multi-Project Budget Form,3.0,budget_summary.cumulative_total_costs_fee,RR_MP_Budget_3_0.BudgetSummary.CumulativeTotalCostsFee,CumulativeTotalCostsFee,calculation,,question-candidate:sha256:3aea6f01bbed603371600992a220ce4ba2d69cb30279466539c473ae9b987685,question:sha256:c7dc52ef288af4c5a4c4963d84852d47ef58160add28b1054e5f2c6ee77ac33f,excluded_non_question,unqualified,,budget-calculation|subaward-budget-collection,string,,,https://apply07.grants.gov/apply/forms/schemas/RR_MP_Budget_3_0-V3.0.xsd,8ee3867971d4030582ff4c4cd906cd1a086c2d2491fb6f05b33cdd07ae435846,sha256:8ee3867971d4030582ff4c4cd906cd1a086c2d2491fb6f05b33cdd07ae435846,false
RRMPBudget,[Draft] Research & Related Multi-Project Budget Form,3.0,budget_summary.cumulative_total_funds_requested_direct_costs,RR_MP_Budget_3_0.BudgetSummary.CumulativeTotalFundsRequestedDirectCosts,CumulativeTotalFundsRequestedDirectCosts,calculation,,question-candidate:sha256:3274a46a210c73994b77e6e934651caed0d066040d7ec21b5b5ae6674a209a52,question:sha256:c9420a34cc0f2443af7ed93e99828cf332f64e5e1acf20092e7d4ae115bd49cd,excluded_non_question,unqualified,,budget-calculation|budget-other-direct-cost|money-and-effort-primitives|subaward-budget-collection,string,,,https://apply07.grants.gov/apply/forms/schemas/RR_MP_Budget_3_0-V3.0.xsd,8ee3867971d4030582ff4c4cd906cd1a086c2d2491fb6f05b33cdd07ae435846,sha256:8ee3867971d4030582ff4c4cd906cd1a086c2d2491fb6f05b33cdd07ae435846,false
RRMPBudget,[Draft] Research & Related Multi-Project Budget Form,3.0,budget_summary.cumulative_total_funds_requested_direct_indirect_costs,RR_MP_Budget_3_0.BudgetSummary.CumulativeTotalFundsRequestedDirectIndirectCosts,CumulativeTotalFundsRequestedDirectIndirectCosts,calculation,,question-candidate:sha256:a7073e3769e6e79d439dc2c8d3b227b1e922e00bce7475f7368a8c0b7a4fbac8,question:sha256:5da2732df08ddce26b725f2d1da1620ed313375d5adaabaae7900bec187c3d9b,excluded_non_question,unqualified,,budget-calculation|budget-indirect-cost|money-and-effort-primitives|subaward-budget-collection,string,,,https://apply07.grants.gov/apply/forms/schemas/RR_MP_Budget_3_0-V3.0.xsd,8ee3867971d4030582ff4c4cd906cd1a086c2d2491fb6f05b33cdd07ae435846,sha256:8ee3867971d4030582ff4c4cd906cd1a086c2d2491fb6f05b33cdd07ae435846,false
RRMPBudget,[Draft] Research & Related Multi-Project Budget Form,3.0,budget_summary.cumulative_total_funds_requested_equipment,RR_MP_Budget_3_0.BudgetSummary.CumulativeTotalFundsRequestedEquipment,CumulativeTotalFundsRequestedEquipment,calculation,,question-candidate:sha256:5e1747adc58afcbf4bcc880059127c9bc30c0a5c1069adb52635b74d6a75e87b,question:sha256:ad52e508577c3be1c0025dc78c56aa149633f7a81524c6ba75b2b8d980efff58,excluded_non_question,unqualified,,budget-calculation|budget-equipment|money-and-effort-primitives|subaward-budget-collection,string,,,https://apply07.grants.gov/apply/forms/schemas/RR_MP_Budget_3_0-V3.0.xsd,8ee3867971d4030582ff4c4cd906cd1a086c2d2491fb6f05b33cdd07ae435846,sha256:8ee3867971d4030582ff4c4cd906cd1a086c2d2491fb6f05b33cdd07ae435846,false
RRMPBudget,[Draft] Research & Related Multi-Project Budget Form,3.0,budget_summary.cumulative_total_funds_requested_indirect_cost,RR_MP_Budget_3_0.BudgetSummary.CumulativeTotalFundsRequestedIndirectCost,CumulativeTotalFundsRequestedIndirectCost,calculation,,question-candidate:sha256:53a9e94fb129a9116992cb2082b69844634f44669d27f2cf09057fc9f37a81e4,question:sha256:3e9727b40bcb71d42a077a2eb1f012dac480aae7dbe68c14c9c0b61af4fae820,excluded_non_question,unqualified,,budget-calculation|budget-indirect-cost|money-and-effort-primitives|subaward-budget-collection,string,,,https://apply07.grants.gov/apply/forms/schemas/RR_MP_Budget_3_0-V3.0.xsd,8ee3867971d4030582ff4c4cd906cd1a086c2d2491fb6f05b33cdd07ae435846,sha256:8ee3867971d4030582ff4c4cd906cd1a086c2d2491fb6f05b33cdd07ae435846,false
RRMPBudget,[Draft] Research & Related Multi-Project Budget Form,3.0,budget_summary.cumulative_total_funds_requested_other_direct_costs,RR_MP_Budget_3_0.BudgetSummary.CumulativeTotalFundsRequestedOtherDirectCosts,CumulativeTotalFundsRequestedOtherDirectCosts,calculation,,question-candidate:sha256:c1552be704e582db3b4a6d4ae2e781dbb2e39be5f8e55673177c24d7ba3f9a9f,question:sha256:7d3618cb4c42ae42ebc52f916367a0815a901ffd9198d9adbed15fa8817767f9,excluded_non_question,unqualified,,budget-calculation|budget-other-direct-cost|money-and-effort-primitives|subaward-budget-collection,string,,,https://apply07.grants.gov/apply/forms/schemas/RR_MP_Budget_3_0-V3.0.xsd,8ee3867971d4030582ff4c4cd906cd1a086c2d2491fb6f05b33cdd07ae435846,sha256:8ee3867971d4030582ff4c4cd906cd1a086c2d2491fb6f05b33cdd07ae435846,false
RRMPBudget,[Draft] Research & Related Multi-Project Budget Form,3.0,budget_summary.cumulative_total_funds_requested_other_personnel,RR_MP_Budget_3_0.BudgetSummary.CumulativeTotalFundsRequestedOtherPersonnel,CumulativeTotalFundsRequestedOtherPersonnel,calculation,,question-candidate:sha256:00bdaa7c47b25cb88b8216f1ce833ba18b1a195d8f4866c2fef2926b38603fc5,question:sha256:304aba491fb9bd2c8b7761574200ba49e371f2cc122fc15deed48eb9035aa4c3,excluded_non_question,unqualified,,budget-calculation|budget-personnel|money-and-effort-primitives|subaward-budget-collection,string,,,https://apply07.grants.gov/apply/forms/schemas/RR_MP_Budget_3_0-V3.0.xsd,8ee3867971d4030582ff4c4cd906cd1a086c2d2491fb6f05b33cdd07ae435846,sha256:8ee3867971d4030582ff4c4cd906cd1a086c2d2491fb6f05b33cdd07ae435846,false
RRMPBudget,[Draft] Research & Related Multi-Project Budget Form,3.0,budget_summary.cumulative_total_funds_requested_personnel,RR_MP_Budget_3_0.BudgetSummary.CumulativeTotalFundsRequestedPersonnel,CumulativeTotalFundsRequestedPersonnel,calculation,,question-candidate:sha256:c7506bd23ac0eef068a535b05d44d9cc84a8a595c8a234b60a9b34cf4d475595,question:sha256:5cf8232b81e61a51d9e2f9b1dded8e5c44fdeaea59016ec279b181a145076f37,excluded_non_question,unqualified,,budget-calculation|budget-personnel|money-and-effort-primitives|subaward-budget-collection,string,,,https://apply07.grants.gov/apply/forms/schemas/RR_MP_Budget_3_0-V3.0.xsd,8ee3867971d4030582ff4c4cd906cd1a086c2d2491fb6f05b33cdd07ae435846,sha256:8ee3867971d4030582ff4c4cd906cd1a086c2d2491fb6f05b33cdd07ae435846,false
RRMPBudget,[Draft] Research & Related Multi-Project Budget Form,3.0,budget_summary.cumulative_total_funds_requested_senior_key_person,RR_MP_Budget_3_0.BudgetSummary.CumulativeTotalFundsRequestedSeniorKeyPerson,CumulativeTotalFundsRequestedSeniorKeyPerson,calculation,,question-candidate:sha256:540dc3ca1be2453728abb4d1aea999974af4c38c595f22656b624a5bcb468a63,question:sha256:8ea46dd35cb0c01d721953d0df6fef9cb11667d70e022ad398628b7477a7d087,excluded_non_question,unqualified,,budget-calculation|budget-personnel|money-and-effort-primitives|subaward-budget-collection,string,,,https://apply07.grants.gov/apply/forms/schemas/RR_MP_Budget_3_0-V3.0.xsd,8ee3867971d4030582ff4c4cd906cd1a086c2d2491fb6f05b33cdd07ae435846,sha256:8ee3867971d4030582ff4c4cd906cd1a086c2d2491fb6f05b33cdd07ae435846,false
RRMPBudget,[Draft] Research & Related Multi-Project Budget Form,3.0,budget_summary.cumulative_total_funds_requested_trainee_costs,RR_MP_Budget_3_0.BudgetSummary.CumulativeTotalFundsRequestedTraineeCosts,CumulativeTotalFundsRequestedTraineeCosts,calculation,,question-candidate:sha256:61cefae042ee485a71e2b955c7d51c79646fd79a0fc5abf6820b78099f640d79,question:sha256:3bc5e5ea18acee1f30e521699599c92896df617624c50f5569cf1da9e04aa969,excluded_non_question,unqualified,,budget-calculation|budget-participant-support|money-and-effort-primitives|subaward-budget-collection,string,,,https://apply07.grants.gov/apply/forms/schemas/RR_MP_Budget_3_0-V3.0.xsd,8ee3867971d4030582ff4c4cd906cd1a086c2d2491fb6f05b33cdd07ae435846,sha256:8ee3867971d4030582ff4c4cd906cd1a086c2d2491fb6f05b33cdd07ae435846,false
RRMPBudget,[Draft] Research & Related Multi-Project Budget Form,3.0,budget_summary.cumulative_total_funds_requested_travel,RR_MP_Budget_3_0.BudgetSummary.CumulativeTotalFundsRequestedTravel,CumulativeTotalFundsRequestedTravel,calculation,,question-candidate:sha256:acdfd84afec1d1ddfe2662fe0a2b16f2e1d119e124fa2e8638f39da625fa5684,question:sha256:62125c9367981260acefa38db58c3cc614e25f99945604a02e01e851ea1ec14c,excluded_non_question,unqualified,,budget-calculation|budget-travel|money-and-effort-primitives|subaward-budget-collection,string,,,https://apply07.grants.gov/apply/forms/schemas/RR_MP_Budget_3_0-V3.0.xsd,8ee3867971d4030582ff4c4cd906cd1a086c2d2491fb6f05b33cdd07ae435846,sha256:8ee3867971d4030582ff4c4cd906cd1a086c2d2491fb6f05b33cdd07ae435846,false
RRMPBudget,[Draft] Research & Related Multi-Project Budget Form,3.0,budget_summary.cumulative_total_no_other_personnel,RR_MP_Budget_3_0.BudgetSummary.CumulativeTotalNoOtherPersonnel,CumulativeTotalNoOtherPersonnel,calculation,,question-candidate:sha256:f71b14435e01153f45dbc046f032aba6b55af6146420076a70aed4c3bbf76a8c,question:sha256:17bc4d95d90cca80a51197bf4b65e0602a78e0aa90f94ceee6cf29c40717fdaa,excluded_non_question,unqualified,,budget-calculation|budget-personnel|subaward-budget-collection,integer,,,https://apply07.grants.gov/apply/forms/schemas/RR_MP_Budget_3_0-V3.0.xsd,8ee3867971d4030582ff4c4cd906cd1a086c2d2491fb6f05b33cdd07ae435846,sha256:8ee3867971d4030582ff4c4cd906cd1a086c2d2491fb6f05b33cdd07ae435846,false
RRMPBudget,[Draft] Research & Related Multi-Project Budget Form,3.0,budget_summary.cumulative_trainee_stipends,RR_MP_Budget_3_0.BudgetSummary.CumulativeTraineeStipends,CumulativeTraineeStipends,calculation,,question-candidate:sha256:bd060e491e4b4cf51ab15af777e8b3dc0f1f3553a6909196f659c1cabfff7a80,question:sha256:be9eab3559c69b4473616ec4706c09df5e1ddf70d2dfc3e2b21d3413683e622a,excluded_non_question,unqualified,,budget-calculation|budget-participant-support|subaward-budget-collection,string,,,https://apply07.grants.gov/apply/forms/schemas/RR_MP_Budget_3_0-V3.0.xsd,8ee3867971d4030582ff4c4cd906cd1a086c2d2491fb6f05b33cdd07ae435846,sha256:8ee3867971d4030582ff4c4cd906cd1a086c2d2491fb6f05b33cdd07ae435846,false
RRMPBudget,[Draft] Research & Related Multi-Project Budget Form,3.0,budget_summary.cumulative_trainee_subsistence,RR_MP_Budget_3_0.BudgetSummary.CumulativeTraineeSubsistence,CumulativeTraineeSubsistence,calculation,,question-candidate:sha256:3467600ad3e6230b3a305a7ea1374a8ceb14bed78c98776a6c48cc33280454b1,question:sha256:f833a2341d5ea92921154ea8e1b3eb4f8aa1d6febf6268b19c2ddde32eb6ad68,excluded_non_question,unqualified,,budget-calculation|budget-participant-support|subaward-budget-collection,string,,,https://apply07.grants.gov/apply/forms/schemas/RR_MP_Budget_3_0-V3.0.xsd,8ee3867971d4030582ff4c4cd906cd1a086c2d2491fb6f05b33cdd07ae435846,sha256:8ee3867971d4030582ff4c4cd906cd1a086c2d2491fb6f05b33cdd07ae435846,false
RRMPBudget,[Draft] Research & Related Multi-Project Budget Form,3.0,budget_summary.cumulative_trainee_travel,RR_MP_Budget_3_0.BudgetSummary.CumulativeTraineeTravel,CumulativeTraineeTravel,calculation,,question-candidate:sha256:47f19bb9af5094ae297e9ea37ce684294d47a743bebc5b9b74e72d40174f0345,question:sha256:74199fbc72dd16bf73481a76b0ffc47a01e6b20c1f642a9ff97de8cf00531b87,excluded_non_question,unqualified,,budget-calculation|budget-participant-support|budget-travel|subaward-budget-collection,string,,,https://apply07.grants.gov/apply/forms/schemas/RR_MP_Budget_3_0-V3.0.xsd,8ee3867971d4030582ff4c4cd906cd1a086c2d2491fb6f05b33cdd07ae435846,sha256:8ee3867971d4030582ff4c4cd906cd1a086c2d2491fb6f05b33cdd07ae435846,false
RRMPBudget,[Draft] Research & Related Multi-Project Budget Form,3.0,budget_summary.cumulative_trainee_tuition_fees_health_insurance,RR_MP_Budget_3_0.BudgetSummary.CumulativeTraineeTuitionFeesHealthInsurance,CumulativeTraineeTuitionFeesHealthInsurance,calculation,,question-candidate:sha256:3c5651334d9a2fd17324ecaad63d705f1b708b19cf45157ae02ed92e7a0ba7ec,question:sha256:ef71ebfc2198f45f330617138318842aeffe3d4b813deb4db768078581f45c3e,excluded_non_question,unqualified,,budget-calculation|budget-participant-support|subaward-budget-collection,string,,,https://apply07.grants.gov/apply/forms/schemas/RR_MP_Budget_3_0-V3.0.xsd,8ee3867971d4030582ff4c4cd906cd1a086c2d2491fb6f05b33cdd07ae435846,sha256:8ee3867971d4030582ff4c4cd906cd1a086c2d2491fb6f05b33cdd07ae435846,false
RRMPBudget,[Draft] Research & Related Multi-Project Budget Form,3.0,budget_type,RR_MP_Budget_3_0.BudgetType,BudgetType,question,question-candidate:sha256:8e72fd3b03a47a6ae26363144bac39dd0b25255090ef4da24efa552e9c87ae51,question-candidate:sha256:8e72fd3b03a47a6ae26363144bac39dd0b25255090ef4da24efa552e9c87ae51,question:sha256:22d5b0d939a499ff9b900a8aec545fef0c64ec0f82ccf2c539c83c2d1501a645,agent_proposed,unqualified,,budget-header|subaward-budget-collection,string,,,https://apply07.grants.gov/apply/forms/schemas/RR_MP_Budget_3_0-V3.0.xsd,8ee3867971d4030582ff4c4cd906cd1a086c2d2491fb6f05b33cdd07ae435846,sha256:8ee3867971d4030582ff4c4cd906cd1a086c2d2491fb6f05b33cdd07ae435846,false
RRMPBudget,[Draft] Research & Related Multi-Project Budget Form,3.0,budget_year[].budget_period_end_date,RR_MP_Budget_3_0.BudgetYear.BudgetPeriodEndDate,BudgetPeriodEndDate,question,question-candidate:sha256:be6526afa2e7a602eb8521e1643e17f4eaf4f483bce0ae942634de07a91f32ac,question-candidate:sha256:be6526afa2e7a602eb8521e1643e17f4eaf4f483bce0ae942634de07a91f32ac,question:sha256:fda94f2b447889b4385b124e7ad7d7344e4feca764ff6da35ddc48187bd0dd33,agent_proposed,unqualified,,budget-period|subaward-budget-collection,string,,,https://apply07.grants.gov/apply/forms/schemas/RR_MP_Budget_3_0-V3.0.xsd,8ee3867971d4030582ff4c4cd906cd1a086c2d2491fb6f05b33cdd07ae435846,sha256:8ee3867971d4030582ff4c4cd906cd1a086c2d2491fb6f05b33cdd07ae435846,false
RRMPBudget,[Draft] Research & Related Multi-Project Budget Form,3.0,budget_year[].budget_period_start_date,RR_MP_Budget_3_0.BudgetYear.BudgetPeriodStartDate,BudgetPeriodStartDate,question,question-candidate:sha256:2bffec3347fd639fe46c7bd6be51ad4ecb5c283eb09d4bf4428496407b1c5d1a,question-candidate:sha256:2bffec3347fd639fe46c7bd6be51ad4ecb5c283eb09d4bf4428496407b1c5d1a,question:sha256:6952d214fd5c3dba05ee20ef076e444ae7086b2dbace197eb621f45fa20c9185,agent_proposed,unqualified,,budget-period|subaward-budget-collection,string,,,https://apply07.grants.gov/apply/forms/schemas/RR_MP_Budget_3_0-V3.0.xsd,8ee3867971d4030582ff4c4cd906cd1a086c2d2491fb6f05b33cdd07ae435846,sha256:8ee3867971d4030582ff4c4cd906cd1a086c2d2491fb6f05b33cdd07ae435846,false
RRMPBudget,[Draft] Research & Related Multi-Project Budget Form,3.0,budget_year[].cognizant_federal_agency,RR_MP_Budget_3_0.BudgetYear.CognizantFederalAgency,CognizantFederalAgency,question,question-candidate:sha256:78fffc3b915e3b8e5e6252a8b6db89237c4a9382de97f955de56acc91cf8a0f2,question-candidate:sha256:78fffc3b915e3b8e5e6252a8b6db89237c4a9382de97f955de56acc91cf8a0f2,question:sha256:20d93472b4c135b3e92f9e656029e1fbe9ad4d44b44558fe11c809b48d8dc081,agent_proposed,unqualified,,budget-indirect-cost|budget-period|subaward-budget-collection,string,,,https://apply07.grants.gov/apply/forms/schemas/RR_MP_Budget_3_0-V3.0.xsd,8ee3867971d4030582ff4c4cd906cd1a086c2d2491fb6f05b33cdd07ae435846,sha256:8ee3867971d4030582ff4c4cd906cd1a086c2d2491fb6f05b33cdd07ae435846,false
RRMPBudget,[Draft] Research & Related Multi-Project Budget Form,3.0,budget_year[].direct_costs,RR_MP_Budget_3_0.BudgetYear.DirectCosts,DirectCosts,question,question-candidate:sha256:7c0a3d79d71cb3ee83064e4c23380e550f8d3b81cc1f5a8fd9637f4c335c2e0c,question-candidate:sha256:7c0a3d79d71cb3ee83064e4c23380e550f8d3b81cc1f5a8fd9637f4c335c2e0c,question:sha256:03bd61054f0280435aca63133e5065826c806ba1346c7a94ed973b8a68af4aad,agent_proposed,unqualified,,budget-other-direct-cost|budget-period|subaward-budget-collection,string,,,https://apply07.grants.gov/apply/forms/schemas/RR_MP_Budget_3_0-V3.0.xsd,8ee3867971d4030582ff4c4cd906cd1a086c2d2491fb6f05b33cdd07ae435846,sha256:8ee3867971d4030582ff4c4cd906cd1a086c2d2491fb6f05b33cdd07ae435846,false
RRMPBudget,[Draft] Research & Related Multi-Project Budget Form,3.0,budget_year[].equipment.additional_equipments_attachment,RR_MP_Budget_3_0.BudgetYear.Equipment.AdditionalEquipmentsAttachment,AdditionalEquipmentsAttachment,question,question-candidate:sha256:6fa0b7fd51d34877f4eec7412dc4603caa75b584fa6152084b3929d9015f5600,question-candidate:sha256:6fa0b7fd51d34877f4eec7412dc4603caa75b584fa6152084b3929d9015f5600,question:sha256:863e5b413e423f3ee6d54a0b39b4efb1004eec4083b9b5a50e3199cf023f9b98,agent_proposed,unqualified,,budget-attachments|budget-equipment|budget-period|subaward-budget-collection,,,,https://apply07.grants.gov/apply/forms/schemas/RR_MP_Budget_3_0-V3.0.xsd,8ee3867971d4030582ff4c4cd906cd1a086c2d2491fb6f05b33cdd07ae435846,sha256:8ee3867971d4030582ff4c4cd906cd1a086c2d2491fb6f05b33cdd07ae435846,false
RRMPBudget,[Draft] Research & Related Multi-Project Budget Form,3.0,budget_year[].equipment.equipment_list[].equipment_item,RR_MP_Budget_3_0.BudgetYear.Equipment.EquipmentList.EquipmentItem,EquipmentItem,question,question-candidate:sha256:3b0246202307821b4e3977f57e429a9ccce3879508f890d0a9a1195e22b3d35f,question-candidate:sha256:3b0246202307821b4e3977f57e429a9ccce3879508f890d0a9a1195e22b3d35f,question:sha256:9f8b5870def32d3548b0c71ba23772643abc2dd597200c228709c9681d55b51f,agent_proposed,unqualified,,budget-equipment|budget-period|subaward-budget-collection,string,,,https://apply07.grants.gov/apply/forms/schemas/RR_MP_Budget_3_0-V3.0.xsd,8ee3867971d4030582ff4c4cd906cd1a086c2d2491fb6f05b33cdd07ae435846,sha256:8ee3867971d4030582ff4c4cd906cd1a086c2d2491fb6f05b33cdd07ae435846,false
RRMPBudget,[Draft] Research & Related Multi-Project Budget Form,3.0,budget_year[].equipment.equipment_list[].funds_requested,RR_MP_Budget_3_0.BudgetYear.Equipment.EquipmentList.FundsRequested,FundsRequested,question,question-candidate:sha256:2964d3cdf93a236bf75f57ee25baa742e6d12a877c7d4471dd818216e330b8fa,question-candidate:sha256:2964d3cdf93a236bf75f57ee25baa742e6d12a877c7d4471dd818216e330b8fa,question:sha256:fa5969d700b0f7eaa63050a62ce4e8913cc8c8684ecdcb0b8de5748faea2a723,agent_proposed,unqualified,,budget-equipment|budget-period|money-and-effort-primitives|subaward-budget-collection,string,,,https://apply07.grants.gov/apply/forms/schemas/RR_MP_Budget_3_0-V3.0.xsd,8ee3867971d4030582ff4c4cd906cd1a086c2d2491fb6f05b33cdd07ae435846,sha256:8ee3867971d4030582ff4c4cd906cd1a086c2d2491fb6f05b33cdd07ae435846,false
RRMPBudget,[Draft] Research & Related Multi-Project Budget Form,3.0,budget_year[].equipment.total_fund,RR_MP_Budget_3_0.BudgetYear.Equipment.TotalFund,TotalFund,question,question-candidate:sha256:44f511338eef09868782281a2c82125ba4e8821fe5ab62c655171c0e6fdf1fc5,question-candidate:sha256:44f511338eef09868782281a2c82125ba4e8821fe5ab62c655171c0e6fdf1fc5,question:sha256:a889780e6f597571daf72f1fd5fdf6d5355e7add9f122348162de53c3ba434cb,agent_proposed,unqualified,,budget-equipment|budget-period|subaward-budget-collection,string,,,https://apply07.grants.gov/apply/forms/schemas/RR_MP_Budget_3_0-V3.0.xsd,8ee3867971d4030582ff4c4cd906cd1a086c2d2491fb6f05b33cdd07ae435846,sha256:8ee3867971d4030582ff4c4cd906cd1a086c2d2491fb6f05b33cdd07ae435846,false
RRMPBudget,[Draft] Research & Related Multi-Project Budget Form,3.0,budget_year[].equipment.total_fund_for_attached_equipment,RR_MP_Budget_3_0.BudgetYear.Equipment.TotalFundForAttachedEquipment,TotalFundForAttachedEquipment,question,question-candidate:sha256:b0d7cffd8a7724853482cd47506fe9967cb3ae0c4741a359c9e696084f9c8240,question-candidate:sha256:b0d7cffd8a7724853482cd47506fe9967cb3ae0c4741a359c9e696084f9c8240,question:sha256:8e598285a6462855b1ff700e19416815ff50388879df6862cb0260d3a1465159,agent_proposed,unqualified,,budget-equipment|budget-period|subaward-budget-collection,string,,,https://apply07.grants.gov/apply/forms/schemas/RR_MP_Budget_3_0-V3.0.xsd,8ee3867971d4030582ff4c4cd906cd1a086c2d2491fb6f05b33cdd07ae435846,sha256:8ee3867971d4030582ff4c4cd906cd1a086c2d2491fb6f05b33cdd07ae435846,false
RRMPBudget,[Draft] Research & Related Multi-Project Budget Form,3.0,budget_year[].fee,RR_MP_Budget_3_0.BudgetYear.Fee,Fee,question,question-candidate:sha256:10b942b69e9dd006144edc0c0c34219c141d07105232fda499df4efe235012b9,question-candidate:sha256:10b942b69e9dd006144edc0c0c34219c141d07105232fda499df4efe235012b9,question:sha256:1568949383b0ee3b7b4ee953b29be822b3d4cabc068a45d30e603514a7f15cc9,agent_proposed,unqualified,,budget-period|subaward-budget-collection,string,,,https://apply07.grants.gov/apply/forms/schemas/RR_MP_Budget_3_0-V3.0.xsd,8ee3867971d4030582ff4c4cd906cd1a086c2d2491fb6f05b33cdd07ae435846,sha256:8ee3867971d4030582ff4c4cd906cd1a086c2d2491fb6f05b33cdd07ae435846,false
RRMPBudget,[Draft] Research & Related Multi-Project Budget Form,3.0,budget_year[].indirect_costs.indirect_cost[].base,RR_MP_Budget_3_0.BudgetYear.IndirectCosts.IndirectCost.Base,Base,question,question-candidate:sha256:4395e0eb4eb6fec7de698f2d09d143ea2517be89850414b5bedaecf0d9d801bb,question-candidate:sha256:4395e0eb4eb6fec7de698f2d09d143ea2517be89850414b5bedaecf0d9d801bb,question:sha256:f88e939b0fc87cdb6ccee29ea6b732a3017a2b155728fd2a3010a85e18e95a89,agent_proposed,unqualified,,budget-indirect-cost|budget-period|subaward-budget-collection,string,,,https://apply07.grants.gov/apply/forms/schemas/RR_MP_Budget_3_0-V3.0.xsd,8ee3867971d4030582ff4c4cd906cd1a086c2d2491fb6f05b33cdd07ae435846,sha256:8ee3867971d4030582ff4c4cd906cd1a086c2d2491fb6f05b33cdd07ae435846,false
RRMPBudget,[Draft] Research & Related Multi-Project Budget Form,3.0,budget_year[].indirect_costs.indirect_cost[].cost_type,RR_MP_Budget_3_0.BudgetYear.IndirectCosts.IndirectCost.CostType,CostType,question,question-candidate:sha256:9c8d12d0598677d758c1252b5f19280ffd9258d225a8510dcc832b7fc65bf172,question-candidate:sha256:9c8d12d0598677d758c1252b5f19280ffd9258d225a8510dcc832b7fc65bf172,question:sha256:c82fde23dd6edad0f2532012f89b391212d28cf2e318b865039b91b9fc1128df,agent_proposed,unqualified,,budget-indirect-cost|budget-period|subaward-budget-collection,string,,,https://apply07.grants.gov/apply/forms/schemas/RR_MP_Budget_3_0-V3.0.xsd,8ee3867971d4030582ff4c4cd906cd1a086c2d2491fb6f05b33cdd07ae435846,sha256:8ee3867971d4030582ff4c4cd906cd1a086c2d2491fb6f05b33cdd07ae435846,false
RRMPBudget,[Draft] Research & Related Multi-Project Budget Form,3.0,budget_year[].indirect_costs.indirect_cost[].fund_requested,RR_MP_Budget_3_0.BudgetYear.IndirectCosts.IndirectCost.FundRequested,FundRequested,question,question-candidate:sha256:8a0912164c37e2dc3ef4acdaa7a6fedbe132c58b0e7edac81d0e7e5ed14eef07,question-candidate:sha256:8a0912164c37e2dc3ef4acdaa7a6fedbe132c58b0e7edac81d0e7e5ed14eef07,question:sha256:1af40107539cb6e1ddab47f9a193e916ed4ce79441f0cfa89467cc7349b8f876,agent_proposed,unqualified,,budget-indirect-cost|budget-period|subaward-budget-collection,string,,,https://apply07.grants.gov/apply/forms/schemas/RR_MP_Budget_3_0-V3.0.xsd,8ee3867971d4030582ff4c4cd906cd1a086c2d2491fb6f05b33cdd07ae435846,sha256:8ee3867971d4030582ff4c4cd906cd1a086c2d2491fb6f05b33cdd07ae435846,false
RRMPBudget,[Draft] Research & Related Multi-Project Budget Form,3.0,budget_year[].indirect_costs.indirect_cost[].rate,RR_MP_Budget_3_0.BudgetYear.IndirectCosts.IndirectCost.Rate,Rate,question,question-candidate:sha256:89aa396d04bb51981969419bc18a495c5a8905f5a0475cdc829fb042019e94f8,question-candidate:sha256:89aa396d04bb51981969419bc18a495c5a8905f5a0475cdc829fb042019e94f8,question:sha256:64c8cfe955d39b5b99fbed1f8da63de51f0286d2aff8dd73f69f4f8e5a21716b,agent_proposed,unqualified,,budget-indirect-cost|budget-period|subaward-budget-collection,string,,,https://apply07.grants.gov/apply/forms/schemas/RR_MP_Budget_3_0-V3.0.xsd,8ee3867971d4030582ff4c4cd906cd1a086c2d2491fb6f05b33cdd07ae435846,sha256:8ee3867971d4030582ff4c4cd906cd1a086c2d2491fb6f05b33cdd07ae435846,false
RRMPBudget,[Draft] Research & Related Multi-Project Budget Form,3.0,budget_year[].indirect_costs.total_indirect_costs,RR_MP_Budget_3_0.BudgetYear.IndirectCosts.TotalIndirectCosts,TotalIndirectCosts,calculation,,question-candidate:sha256:cc8dc5b82bb4221da4913f1265e6ebb3806d0969442277583df71e35a7374f43,question:sha256:57d29905f75a44382cd8af23ad687ee940df85ac92a706cf513e9f8eabc82726,excluded_non_question,unqualified,,budget-calculation|budget-indirect-cost|budget-period|subaward-budget-collection,string,,,https://apply07.grants.gov/apply/forms/schemas/RR_MP_Budget_3_0-V3.0.xsd,8ee3867971d4030582ff4c4cd906cd1a086c2d2491fb6f05b33cdd07ae435846,sha256:8ee3867971d4030582ff4c4cd906cd1a086c2d2491fb6f05b33cdd07ae435846,false
RRMPBudget,[Draft] Research & Related Multi-Project Budget Form,3.0,budget_year[].key_persons.attached_key_persons,RR_MP_Budget_3_0.BudgetYear.KeyPersons.AttachedKeyPersons,AttachedKeyPersons,question,question-candidate:sha256:2e5a90a2a1fa6b0705c23f68fa4fcc897ffe925c0c04d5588b22199da4cf168b,question-candidate:sha256:2e5a90a2a1fa6b0705c23f68fa4fcc897ffe925c0c04d5588b22199da4cf168b,question:sha256:245b65fc02292064bfac491380cb010e6166cbb97b8931ecae8989c6a2493e70,agent_proposed,senior_key_person,,budget-period|person-profile|subaward-budget-collection,,,,https://apply07.grants.gov/apply/forms/schemas/RR_MP_Budget_3_0-V3.0.xsd,8ee3867971d4030582ff4c4cd906cd1a086c2d2491fb6f05b33cdd07ae435846,sha256:8ee3867971d4030582ff4c4cd906cd1a086c2d2491fb6f05b33cdd07ae435846,false
RRMPBudget,[Draft] Research & Related Multi-Project Budget Form,3.0,budget_year[].key_persons.key_person[].academic_months,RR_MP_Budget_3_0.BudgetYear.KeyPersons.KeyPerson.AcademicMonths,AcademicMonths,question,question-candidate:sha256:c659661c4c61a576e65b7465db6bf927be987dd3213bfb53902e6d8f76540b15,question-candidate:sha256:c659661c4c61a576e65b7465db6bf927be987dd3213bfb53902e6d8f76540b15,question:sha256:44ba664b559839debd8a444c8d345eb75e9471a519c765065ad61d7e9b39fe81,agent_proposed,senior_key_person,,budget-period|money-and-effort-primitives|person-profile|subaward-budget-collection,string,,,https://apply07.grants.gov/apply/forms/schemas/RR_MP_Budget_3_0-V3.0.xsd,8ee3867971d4030582ff4c4cd906cd1a086c2d2491fb6f05b33cdd07ae435846,sha256:8ee3867971d4030582ff4c4cd906cd1a086c2d2491fb6f05b33cdd07ae435846,false
RRMPBudget,[Draft] Research & Related Multi-Project Budget Form,3.0,budget_year[].key_persons.key_person[].base_salary,RR_MP_Budget_3_0.BudgetYear.KeyPersons.KeyPerson.BaseSalary,BaseSalary,question,question-candidate:sha256:59dfe55d5e66d3ef09031393d923d0c4167f696aa552d09e3123880896a8203e,question-candidate:sha256:59dfe55d5e66d3ef09031393d923d0c4167f696aa552d09e3123880896a8203e,question:sha256:5a124732f6785114075dc68d8a2dde06ef1acb6c31cd95fbcd63790f90b4e185,agent_proposed,senior_key_person,,budget-period|money-and-effort-primitives|person-profile|subaward-budget-collection,string,,,https://apply07.grants.gov/apply/forms/schemas/RR_MP_Budget_3_0-V3.0.xsd,8ee3867971d4030582ff4c4cd906cd1a086c2d2491fb6f05b33cdd07ae435846,sha256:8ee3867971d4030582ff4c4cd906cd1a086c2d2491fb6f05b33cdd07ae435846,false
RRMPBudget,[Draft] Research & Related Multi-Project Budget Form,3.0,budget_year[].key_persons.key_person[].calendar_months,RR_MP_Budget_3_0.BudgetYear.KeyPersons.KeyPerson.CalendarMonths,CalendarMonths,question,question-candidate:sha256:fecb74b8c22574946af7e5d5e9073b4736e46cb21fe378ad1dc9f3a6cdc2629e,question-candidate:sha256:fecb74b8c22574946af7e5d5e9073b4736e46cb21fe378ad1dc9f3a6cdc2629e,question:sha256:1beee5cbd86a23a7f954101c26adad4184215450b8ea641ab6cb7bdce76e69a4,agent_proposed,senior_key_person,,budget-period|money-and-effort-primitives|person-profile|subaward-budget-collection,string,,,https://apply07.grants.gov/apply/forms/schemas/RR_MP_Budget_3_0-V3.0.xsd,8ee3867971d4030582ff4c4cd906cd1a086c2d2491fb6f05b33cdd07ae435846,sha256:8ee3867971d4030582ff4c4cd906cd1a086c2d2491fb6f05b33cdd07ae435846,false
RRMPBudget,[Draft] Research & Related Multi-Project Budget Form,3.0,budget_year[].key_persons.key_person[].fringe_benefits,RR_MP_Budget_3_0.BudgetYear.KeyPersons.KeyPerson.FringeBenefits,FringeBenefits,question,question-candidate:sha256:9b43c94dd4a863e4b2359263f87e3a38cb3127678bbbf5cf53a409388d58f59b,question-candidate:sha256:9b43c94dd4a863e4b2359263f87e3a38cb3127678bbbf5cf53a409388d58f59b,question:sha256:e0e2678024e6244b810c4e15ec171fa4e2680b47817cc0b2fefb69863ed18d31,agent_proposed,senior_key_person,,budget-period|money-and-effort-primitives|person-profile|subaward-budget-collection,string,,,https://apply07.grants.gov/apply/forms/schemas/RR_MP_Budget_3_0-V3.0.xsd,8ee3867971d4030582ff4c4cd906cd1a086c2d2491fb6f05b33cdd07ae435846,sha256:8ee3867971d4030582ff4c4cd906cd1a086c2d2491fb6f05b33cdd07ae435846,false
RRMPBudget,[Draft] Research & Related Multi-Project Budget Form,3.0,budget_year[].key_persons.key_person[].funds_requested,RR_MP_Budget_3_0.BudgetYear.KeyPersons.KeyPerson.FundsRequested,FundsRequested,question,question-candidate:sha256:336123db7396012d576e963bd3b89edcf3fa320e10a09aa8b9e9755a5ac48f77,question-candidate:sha256:336123db7396012d576e963bd3b89edcf3fa320e10a09aa8b9e9755a5ac48f77,question:sha256:810ff47ab9c2e0f64c37c5d40065067f7e318c58f866c2a677c9f0a504249e01,agent_proposed,senior_key_person,,budget-period|money-and-effort-primitives|person-profile|subaward-budget-collection,string,,,https://apply07.grants.gov/apply/forms/schemas/RR_MP_Budget_3_0-V3.0.xsd,8ee3867971d4030582ff4c4cd906cd1a086c2d2491fb6f05b33cdd07ae435846,sha256:8ee3867971d4030582ff4c4cd906cd1a086c2d2491fb6f05b33cdd07ae435846,false
RRMPBudget,[Draft] Research & Related Multi-Project Budget Form,3.0,budget_year[].key_persons.key_person[].name.first_name,RR_MP_Budget_3_0.BudgetYear.KeyPersons.KeyPerson.Name.FirstName,FirstName,question,question-candidate:sha256:c5374ba3613bcf07f3064f3104e92f73740bb9e6ff4982c747e0fd1dc2c598cd,question-candidate:sha256:c5374ba3613bcf07f3064f3104e92f73740bb9e6ff4982c747e0fd1dc2c598cd,question:sha256:ee26bf3a3d42da39609bae9e048f92e2ae6f66137aaba83eb567a94388398e1f,agent_proposed,senior_key_person,,budget-period|person-identity-contact|person-profile|subaward-budget-collection,string,,,https://apply07.grants.gov/apply/system/schemas/GlobalLibrary-V2.0.xsd,8ee3867971d4030582ff4c4cd906cd1a086c2d2491fb6f05b33cdd07ae435846,sha256:8ee3867971d4030582ff4c4cd906cd1a086c2d2491fb6f05b33cdd07ae435846,false
RRMPBudget,[Draft] Research & Related Multi-Project Budget Form,3.0,budget_year[].key_persons.key_person[].name.last_name,RR_MP_Budget_3_0.BudgetYear.KeyPersons.KeyPerson.Name.LastName,LastName,question,question-candidate:sha256:b7696c75ae8c12c0517f7266a72fadbd8370d9ed9ef0195da70167115ed7315b,question-candidate:sha256:b7696c75ae8c12c0517f7266a72fadbd8370d9ed9ef0195da70167115ed7315b,question:sha256:a5344fa782147e8fe5926070eddb4dde8a215f6448c9bbff8301be417c344e4f,agent_proposed,senior_key_person,,budget-period|person-identity-contact|person-profile|subaward-budget-collection,string,,,https://apply07.grants.gov/apply/system/schemas/GlobalLibrary-V2.0.xsd,8ee3867971d4030582ff4c4cd906cd1a086c2d2491fb6f05b33cdd07ae435846,sha256:8ee3867971d4030582ff4c4cd906cd1a086c2d2491fb6f05b33cdd07ae435846,false
RRMPBudget,[Draft] Research & Related Multi-Project Budget Form,3.0,budget_year[].key_persons.key_person[].name.middle_name,RR_MP_Budget_3_0.BudgetYear.KeyPersons.KeyPerson.Name.MiddleName,MiddleName,question,question-candidate:sha256:5332f51530e20271b050f783d47fd875ecc1c32d8807bfc9140982919d216c9e,question-candidate:sha256:5332f51530e20271b050f783d47fd875ecc1c32d8807bfc9140982919d216c9e,question:sha256:b468ae4be2beed989dc136fd9b4d3414b6df8ab07c25b791d7df7c933fc77ecb,agent_proposed,senior_key_person,,budget-period|person-identity-contact|person-profile|subaward-budget-collection,string,,,https://apply07.grants.gov/apply/system/schemas/GlobalLibrary-V2.0.xsd,8ee3867971d4030582ff4c4cd906cd1a086c2d2491fb6f05b33cdd07ae435846,sha256:8ee3867971d4030582ff4c4cd906cd1a086c2d2491fb6f05b33cdd07ae435846,false
RRMPBudget,[Draft] Research & Related Multi-Project Budget Form,3.0,budget_year[].key_persons.key_person[].name.prefix_name,RR_MP_Budget_3_0.BudgetYear.KeyPersons.KeyPerson.Name.PrefixName,PrefixName,question,question-candidate:sha256:8544a4039cdef9bf3dbcb8b11b38f73f27f03f279f832ac8fafc105923e27cda,question-candidate:sha256:8544a4039cdef9bf3dbcb8b11b38f73f27f03f279f832ac8fafc105923e27cda,question:sha256:8873cfc96494d71d539c7eeb791e9e8eb0907dbef015865db240ea1499e2f7a4,agent_proposed,senior_key_person,,budget-period|person-identity-contact|person-profile|subaward-budget-collection,string,,,https://apply07.grants.gov/apply/system/schemas/GlobalLibrary-V2.0.xsd,8ee3867971d4030582ff4c4cd906cd1a086c2d2491fb6f05b33cdd07ae435846,sha256:8ee3867971d4030582ff4c4cd906cd1a086c2d2491fb6f05b33cdd07ae435846,false
RRMPBudget,[Draft] Research & Related Multi-Project Budget Form,3.0,budget_year[].key_persons.key_person[].name.suffix_name,RR_MP_Budget_3_0.BudgetYear.KeyPersons.KeyPerson.Name.SuffixName,SuffixName,question,question-candidate:sha256:870f4a2fb0c24c2b5054d9df39a0617879000a0c22543292d9d1a9d72a0a185f,question-candidate:sha256:870f4a2fb0c24c2b5054d9df39a0617879000a0c22543292d9d1a9d72a0a185f,question:sha256:5afea00db6b3d9ca306a841e74afeaab29db57d98b2b97f23097989890b0b46a,agent_proposed,senior_key_person,,budget-period|person-identity-contact|person-profile|subaward-budget-collection,string,,,https://apply07.grants.gov/apply/system/schemas/GlobalLibrary-V2.0.xsd,8ee3867971d4030582ff4c4cd906cd1a086c2d2491fb6f05b33cdd07ae435846,sha256:8ee3867971d4030582ff4c4cd906cd1a086c2d2491fb6f05b33cdd07ae435846,false
RRMPBudget,[Draft] Research & Related Multi-Project Budget Form,3.0,budget_year[].key_persons.key_person[].project_role,RR_MP_Budget_3_0.BudgetYear.KeyPersons.KeyPerson.ProjectRole,ProjectRole,question,question-candidate:sha256:13a53bf7ada4e8ee77ef2076b64967e0352f7658be9e563a6857f98082823557,question-candidate:sha256:13a53bf7ada4e8ee77ef2076b64967e0352f7658be9e563a6857f98082823557,question:sha256:632afe53293e870044677aabf08bdf7306e935684eb9a4711591ba88f3f6ec58,agent_proposed,senior_key_person,,budget-period|person-profile|project-role|subaward-budget-collection,string,,,https://apply07.grants.gov/apply/forms/schemas/RR_MP_Budget_3_0-V3.0.xsd,8ee3867971d4030582ff4c4cd906cd1a086c2d2491fb6f05b33cdd07ae435846,sha256:8ee3867971d4030582ff4c4cd906cd1a086c2d2491fb6f05b33cdd07ae435846,false
RRMPBudget,[Draft] Research & Related Multi-Project Budget Form,3.0,budget_year[].key_persons.key_person[].requested_salary,RR_MP_Budget_3_0.BudgetYear.KeyPersons.KeyPerson.RequestedSalary,RequestedSalary,question,question-candidate:sha256:032530cbc946d2c171982ecbf8617b493f293faf0588a91a9d8e9be0addfc4a0,question-candidate:sha256:032530cbc946d2c171982ecbf8617b493f293faf0588a91a9d8e9be0addfc4a0,question:sha256:47cf19822b5c5c286975df47bc2f3cb957ce16af22659565f12bc50e0235087d,agent_proposed,senior_key_person,,budget-period|money-and-effort-primitives|person-profile|subaward-budget-collection,string,,,https://apply07.grants.gov/apply/forms/schemas/RR_MP_Budget_3_0-V3.0.xsd,8ee3867971d4030582ff4c4cd906cd1a086c2d2491fb6f05b33cdd07ae435846,sha256:8ee3867971d4030582ff4c4cd906cd1a086c2d2491fb6f05b33cdd07ae435846,false
RRMPBudget,[Draft] Research & Related Multi-Project Budget Form,3.0,budget_year[].key_persons.key_person[].summer_months,RR_MP_Budget_3_0.BudgetYear.KeyPersons.KeyPerson.SummerMonths,SummerMonths,question,question-candidate:sha256:9ce87c22b3614664ff3876992c4e2c6a60597406b146a9263a958d3650fb3ef4,question-candidate:sha256:9ce87c22b3614664ff3876992c4e2c6a60597406b146a9263a958d3650fb3ef4,question:sha256:f054c7d83eff32e3ead857f11e356b9f379300654aae1cd6727b2f48b57f89f9,agent_proposed,senior_key_person,,budget-period|money-and-effort-primitives|person-profile|subaward-budget-collection,string,,,https://apply07.grants.gov/apply/forms/schemas/RR_MP_Budget_3_0-V3.0.xsd,8ee3867971d4030582ff4c4cd906cd1a086c2d2491fb6f05b33cdd07ae435846,sha256:8ee3867971d4030582ff4c4cd906cd1a086c2d2491fb6f05b33cdd07ae435846,false
RRMPBudget,[Draft] Research & Related Multi-Project Budget Form,3.0,budget_year[].key_persons.total_fund_for_attached_key_persons,RR_MP_Budget_3_0.BudgetYear.KeyPersons.TotalFundForAttachedKeyPersons,TotalFundForAttachedKeyPersons,question,question-candidate:sha256:5d30d650839fa4807b567315a7e1e474c6676d078770c2f1c4f23cf3b331282d,question-candidate:sha256:5d30d650839fa4807b567315a7e1e474c6676d078770c2f1c4f23cf3b331282d,question:sha256:0182344348f6983ec82548bec805b274562e9db87e5b312790924e4c43123160,agent_proposed,senior_key_person,,budget-period|person-profile|subaward-budget-collection,string,,,https://apply07.grants.gov/apply/forms/schemas/RR_MP_Budget_3_0-V3.0.xsd,8ee3867971d4030582ff4c4cd906cd1a086c2d2491fb6f05b33cdd07ae435846,sha256:8ee3867971d4030582ff4c4cd906cd1a086c2d2491fb6f05b33cdd07ae435846,false
RRMPBudget,[Draft] Research & Related Multi-Project Budget Form,3.0,budget_year[].key_persons.total_fund_for_key_persons,RR_MP_Budget_3_0.BudgetYear.KeyPersons.TotalFundForKeyPersons,TotalFundForKeyPersons,question,question-candidate:sha256:d6228625f28f9e03c7f0af4d6b86c5db634509e9ce0575ebf167747a8595a63e,question-candidate:sha256:d6228625f28f9e03c7f0af4d6b86c5db634509e9ce0575ebf167747a8595a63e,question:sha256:ddc94e8f84f9a2ed90ebad1b426d40e13a6ef530696cd72d158b1a31bb5af8db,agent_proposed,senior_key_person,,budget-period|person-profile|subaward-budget-collection,string,,,https://apply07.grants.gov/apply/forms/schemas/RR_MP_Budget_3_0-V3.0.xsd,8ee3867971d4030582ff4c4cd906cd1a086c2d2491fb6f05b33cdd07ae435846,sha256:8ee3867971d4030582ff4c4cd906cd1a086c2d2491fb6f05b33cdd07ae435846,false
RRMPBudget,[Draft] Research & Related Multi-Project Budget Form,3.0,budget_year[].other_direct_costs.adp_computer_services,RR_MP_Budget_3_0.BudgetYear.OtherDirectCosts.ADPComputerServices,ADPComputerServices,question,question-candidate:sha256:7306bd366eb9e37c4317cc1737891b4362b50ceeae4d51a76ef0f5303f2b2e82,question-candidate:sha256:7306bd366eb9e37c4317cc1737891b4362b50ceeae4d51a76ef0f5303f2b2e82,question:sha256:0f3bad7a73a0f68e851b919c682616ad4d4947f8008251f73aaeacce62d5fcc7,agent_proposed,unqualified,,budget-other-direct-cost|budget-period|subaward-budget-collection,string,,,https://apply07.grants.gov/apply/forms/schemas/RR_MP_Budget_3_0-V3.0.xsd,8ee3867971d4030582ff4c4cd906cd1a086c2d2491fb6f05b33cdd07ae435846,sha256:8ee3867971d4030582ff4c4cd906cd1a086c2d2491fb6f05b33cdd07ae435846,false
RRMPBudget,[Draft] Research & Related Multi-Project Budget Form,3.0,budget_year[].other_direct_costs.alterations_renovations,RR_MP_Budget_3_0.BudgetYear.OtherDirectCosts.AlterationsRenovations,AlterationsRenovations,question,question-candidate:sha256:7aeba899c4ebb3c01c49284c75be020dbda339b71a5991011141052c717cec58,question-candidate:sha256:7aeba899c4ebb3c01c49284c75be020dbda339b71a5991011141052c717cec58,question:sha256:d935de3ed40fa6c675eba6cbcd06ea5c019d6607c5f87812277d8d4cc31a6469,agent_proposed,unqualified,,budget-other-direct-cost|budget-period|subaward-budget-collection,string,,,https://apply07.grants.gov/apply/forms/schemas/RR_MP_Budget_3_0-V3.0.xsd,8ee3867971d4030582ff4c4cd906cd1a086c2d2491fb6f05b33cdd07ae435846,sha256:8ee3867971d4030582ff4c4cd906cd1a086c2d2491fb6f05b33cdd07ae435846,false
RRMPBudget,[Draft] Research & Related Multi-Project Budget Form,3.0,budget_year[].other_direct_costs.consultant_services,RR_MP_Budget_3_0.BudgetYear.OtherDirectCosts.ConsultantServices,ConsultantServices,question,question-candidate:sha256:9844047f7429272a8a9310211908ba9450222d62f5381375483b1e6f793d0ce7,question-candidate:sha256:9844047f7429272a8a9310211908ba9450222d62f5381375483b1e6f793d0ce7,question:sha256:7666d8058740dff970df15f2259339a806a8e107aa40af33320ac5c1e4982fc4,agent_proposed,unqualified,,budget-other-direct-cost|budget-period|subaward-budget-collection,string,,,https://apply07.grants.gov/apply/forms/schemas/RR_MP_Budget_3_0-V3.0.xsd,8ee3867971d4030582ff4c4cd906cd1a086c2d2491fb6f05b33cdd07ae435846,sha256:8ee3867971d4030582ff4c4cd906cd1a086c2d2491fb6f05b33cdd07ae435846,false
RRMPBudget,[Draft] Research & Related Multi-Project Budget Form,3.0,budget_year[].other_direct_costs.equipment_rental_fee,RR_MP_Budget_3_0.BudgetYear.OtherDirectCosts.EquipmentRentalFee,EquipmentRentalFee,question,question-candidate:sha256:38c876c08cd5d86c3b0a9d912b423eeddae01027a04d25fdc24e2d071549f1a6,question-candidate:sha256:38c876c08cd5d86c3b0a9d912b423eeddae01027a04d25fdc24e2d071549f1a6,question:sha256:f69ff9a2d1a1db0952fc367c4b12cbc8745f2ab2eedd24b872843bcd9784bced,agent_proposed,unqualified,,budget-equipment|budget-other-direct-cost|budget-period|subaward-budget-collection,string,,,https://apply07.grants.gov/apply/forms/schemas/RR_MP_Budget_3_0-V3.0.xsd,8ee3867971d4030582ff4c4cd906cd1a086c2d2491fb6f05b33cdd07ae435846,sha256:8ee3867971d4030582ff4c4cd906cd1a086c2d2491fb6f05b33cdd07ae435846,false
RRMPBudget,[Draft] Research & Related Multi-Project Budget Form,3.0,budget_year[].other_direct_costs.materials_supplies,RR_MP_Budget_3_0.BudgetYear.OtherDirectCosts.MaterialsSupplies,MaterialsSupplies,question,question-candidate:sha256:0d779de766483a4532c2515bc3878527b9b629b37630edae471ea411203a4a2a,question-candidate:sha256:0d779de766483a4532c2515bc3878527b9b629b37630edae471ea411203a4a2a,question:sha256:e427cae8f038237538773d14d1fc699d5d41acc3633352692516a0057a67c145,agent_proposed,unqualified,,budget-other-direct-cost|budget-period|subaward-budget-collection,string,,,https://apply07.grants.gov/apply/forms/schemas/RR_MP_Budget_3_0-V3.0.xsd,8ee3867971d4030582ff4c4cd906cd1a086c2d2491fb6f05b33cdd07ae435846,sha256:8ee3867971d4030582ff4c4cd906cd1a086c2d2491fb6f05b33cdd07ae435846,false
RRMPBudget,[Draft] Research & Related Multi-Project Budget Form,3.0,budget_year[].other_direct_costs.other_direct_cost_1.cost,RR_MP_Budget_3_0.BudgetYear.OtherDirectCosts.OtherDirectCost1.Cost,Cost,question,question-candidate:sha256:e7168193f97ab2d457b1075bab8513ad3a0863dfd52a673f2a84be738c072455,question-candidate:sha256:e7168193f97ab2d457b1075bab8513ad3a0863dfd52a673f2a84be738c072455,question:sha256:01dad60d7e071cca2603407826a2b58abdf14a117ce4d8d358a1b3f6e025f86d,agent_proposed,unqualified,,budget-other-direct-cost|budget-period|subaward-budget-collection,string,,,https://apply07.grants.gov/apply/forms/schemas/RR_MP_Budget_3_0-V3.0.xsd,8ee3867971d4030582ff4c4cd906cd1a086c2d2491fb6f05b33cdd07ae435846,sha256:8ee3867971d4030582ff4c4cd906cd1a086c2d2491fb6f05b33cdd07ae435846,false
RRMPBudget,[Draft] Research & Related Multi-Project Budget Form,3.0,budget_year[].other_direct_costs.other_direct_cost_1.description,RR_MP_Budget_3_0.BudgetYear.OtherDirectCosts.OtherDirectCost1.Description,Description,question,question-candidate:sha256:cc8369e2c62efafd05daa652c21038ac04fbf89f19fead813bee4fc3627e5396,question-candidate:sha256:cc8369e2c62efafd05daa652c21038ac04fbf89f19fead813bee4fc3627e5396,question:sha256:1e93d2b1eaa49c2f3ddb922d245e3596a83e04706b654d7870d806832e48c384,agent_proposed,unqualified,,budget-other-direct-cost|budget-period|subaward-budget-collection,string,,,https://apply07.grants.gov/apply/forms/schemas/RR_MP_Budget_3_0-V3.0.xsd,8ee3867971d4030582ff4c4cd906cd1a086c2d2491fb6f05b33cdd07ae435846,sha256:8ee3867971d4030582ff4c4cd906cd1a086c2d2491fb6f05b33cdd07ae435846,false
RRMPBudget,[Draft] Research & Related Multi-Project Budget Form,3.0,budget_year[].other_direct_costs.other_direct_cost_10.cost,RR_MP_Budget_3_0.BudgetYear.OtherDirectCosts.OtherDirectCost10.Cost,Cost,question,question-candidate:sha256:e7168193f97ab2d457b1075bab8513ad3a0863dfd52a673f2a84be738c072455,question-candidate:sha256:e7168193f97ab2d457b1075bab8513ad3a0863dfd52a673f2a84be738c072455,question:sha256:fd74a3a23c6177740df24b68dc3752aad3f91ba50a293a945cdcc14fa19e76f6,agent_proposed,unqualified,,budget-other-direct-cost|budget-period|subaward-budget-collection,string,,,https://apply07.grants.gov/apply/forms/schemas/RR_MP_Budget_3_0-V3.0.xsd,8ee3867971d4030582ff4c4cd906cd1a086c2d2491fb6f05b33cdd07ae435846,sha256:8ee3867971d4030582ff4c4cd906cd1a086c2d2491fb6f05b33cdd07ae435846,false
RRMPBudget,[Draft] Research & Related Multi-Project Budget Form,3.0,budget_year[].other_direct_costs.other_direct_cost_10.description,RR_MP_Budget_3_0.BudgetYear.OtherDirectCosts.OtherDirectCost10.Description,Description,question,question-candidate:sha256:cc8369e2c62efafd05daa652c21038ac04fbf89f19fead813bee4fc3627e5396,question-candidate:sha256:cc8369e2c62efafd05daa652c21038ac04fbf89f19fead813bee4fc3627e5396,question:sha256:8dca0d0b044885cb79f0cc85aeee2d5f7c94abaafab7b3f7f972a9cafa286212,agent_proposed,unqualified,,budget-other-direct-cost|budget-period|subaward-budget-collection,string,,,https://apply07.grants.gov/apply/forms/schemas/RR_MP_Budget_3_0-V3.0.xsd,8ee3867971d4030582ff4c4cd906cd1a086c2d2491fb6f05b33cdd07ae435846,sha256:8ee3867971d4030582ff4c4cd906cd1a086c2d2491fb6f05b33cdd07ae435846,false
RRMPBudget,[Draft] Research & Related Multi-Project Budget Form,3.0,budget_year[].other_direct_costs.other_direct_cost_2.cost,RR_MP_Budget_3_0.BudgetYear.OtherDirectCosts.OtherDirectCost2.Cost,Cost,question,question-candidate:sha256:e7168193f97ab2d457b1075bab8513ad3a0863dfd52a673f2a84be738c072455,question-candidate:sha256:e7168193f97ab2d457b1075bab8513ad3a0863dfd52a673f2a84be738c072455,question:sha256:aa6f3fed9500ac6b1f17e2d196c780ed0de568110978a1b57927fc4e9979de5e,agent_proposed,unqualified,,budget-other-direct-cost|budget-period|subaward-budget-collection,string,,,https://apply07.grants.gov/apply/forms/schemas/RR_MP_Budget_3_0-V3.0.xsd,8ee3867971d4030582ff4c4cd906cd1a086c2d2491fb6f05b33cdd07ae435846,sha256:8ee3867971d4030582ff4c4cd906cd1a086c2d2491fb6f05b33cdd07ae435846,false
RRMPBudget,[Draft] Research & Related Multi-Project Budget Form,3.0,budget_year[].other_direct_costs.other_direct_cost_2.description,RR_MP_Budget_3_0.BudgetYear.OtherDirectCosts.OtherDirectCost2.Description,Description,question,question-candidate:sha256:cc8369e2c62efafd05daa652c21038ac04fbf89f19fead813bee4fc3627e5396,question-candidate:sha256:cc8369e2c62efafd05daa652c21038ac04fbf89f19fead813bee4fc3627e5396,question:sha256:f2e47c0e6ecfc64809e2bdba2a2db86ebf7ad1a6d5867631107d961a3834bec9,agent_proposed,unqualified,,budget-other-direct-cost|budget-period|subaward-budget-collection,string,,,https://apply07.grants.gov/apply/forms/schemas/RR_MP_Budget_3_0-V3.0.xsd,8ee3867971d4030582ff4c4cd906cd1a086c2d2491fb6f05b33cdd07ae435846,sha256:8ee3867971d4030582ff4c4cd906cd1a086c2d2491fb6f05b33cdd07ae435846,false
RRMPBudget,[Draft] Research & Related Multi-Project Budget Form,3.0,budget_year[].other_direct_costs.other_direct_cost_3.cost,RR_MP_Budget_3_0.BudgetYear.OtherDirectCosts.OtherDirectCost3.Cost,Cost,question,question-candidate:sha256:e7168193f97ab2d457b1075bab8513ad3a0863dfd52a673f2a84be738c072455,question-candidate:sha256:e7168193f97ab2d457b1075bab8513ad3a0863dfd52a673f2a84be738c072455,question:sha256:3989d1ec1953ecfe7464dc242ba8fc01fe07fd58c4c93902bfa7938ca1db136e,agent_proposed,unqualified,,budget-other-direct-cost|budget-period|subaward-budget-collection,string,,,https://apply07.grants.gov/apply/forms/schemas/RR_MP_Budget_3_0-V3.0.xsd,8ee3867971d4030582ff4c4cd906cd1a086c2d2491fb6f05b33cdd07ae435846,sha256:8ee3867971d4030582ff4c4cd906cd1a086c2d2491fb6f05b33cdd07ae435846,false
RRMPBudget,[Draft] Research & Related Multi-Project Budget Form,3.0,budget_year[].other_direct_costs.other_direct_cost_3.description,RR_MP_Budget_3_0.BudgetYear.OtherDirectCosts.OtherDirectCost3.Description,Description,question,question-candidate:sha256:cc8369e2c62efafd05daa652c21038ac04fbf89f19fead813bee4fc3627e5396,question-candidate:sha256:cc8369e2c62efafd05daa652c21038ac04fbf89f19fead813bee4fc3627e5396,question:sha256:b8ca3fa2f10e8bcceb48ee308b823d0e470f65b8dbd8fbfd4e063b493f481beb,agent_proposed,unqualified,,budget-other-direct-cost|budget-period|subaward-budget-collection,string,,,https://apply07.grants.gov/apply/forms/schemas/RR_MP_Budget_3_0-V3.0.xsd,8ee3867971d4030582ff4c4cd906cd1a086c2d2491fb6f05b33cdd07ae435846,sha256:8ee3867971d4030582ff4c4cd906cd1a086c2d2491fb6f05b33cdd07ae435846,false
RRMPBudget,[Draft] Research & Related Multi-Project Budget Form,3.0,budget_year[].other_direct_costs.other_direct_cost_4.cost,RR_MP_Budget_3_0.BudgetYear.OtherDirectCosts.OtherDirectCost4.Cost,Cost,question,question-candidate:sha256:e7168193f97ab2d457b1075bab8513ad3a0863dfd52a673f2a84be738c072455,question-candidate:sha256:e7168193f97ab2d457b1075bab8513ad3a0863dfd52a673f2a84be738c072455,question:sha256:d9299fa51f6acfa22ca57dd7032e831b1c7e51acb1aec6d56b242c41c8f3aaaa,agent_proposed,unqualified,,budget-other-direct-cost|budget-period|subaward-budget-collection,string,,,https://apply07.grants.gov/apply/forms/schemas/RR_MP_Budget_3_0-V3.0.xsd,8ee3867971d4030582ff4c4cd906cd1a086c2d2491fb6f05b33cdd07ae435846,sha256:8ee3867971d4030582ff4c4cd906cd1a086c2d2491fb6f05b33cdd07ae435846,false
RRMPBudget,[Draft] Research & Related Multi-Project Budget Form,3.0,budget_year[].other_direct_costs.other_direct_cost_4.description,RR_MP_Budget_3_0.BudgetYear.OtherDirectCosts.OtherDirectCost4.Description,Description,question,question-candidate:sha256:cc8369e2c62efafd05daa652c21038ac04fbf89f19fead813bee4fc3627e5396,question-candidate:sha256:cc8369e2c62efafd05daa652c21038ac04fbf89f19fead813bee4fc3627e5396,question:sha256:65f7c854e84ecc80ae31be4ebf0e0f13b8b842490d13fe9a7e3209df2f9dc0f6,agent_proposed,unqualified,,budget-other-direct-cost|budget-period|subaward-budget-collection,string,,,https://apply07.grants.gov/apply/forms/schemas/RR_MP_Budget_3_0-V3.0.xsd,8ee3867971d4030582ff4c4cd906cd1a086c2d2491fb6f05b33cdd07ae435846,sha256:8ee3867971d4030582ff4c4cd906cd1a086c2d2491fb6f05b33cdd07ae435846,false
RRMPBudget,[Draft] Research & Related Multi-Project Budget Form,3.0,budget_year[].other_direct_costs.other_direct_cost_5.cost,RR_MP_Budget_3_0.BudgetYear.OtherDirectCosts.OtherDirectCost5.Cost,Cost,question,question-candidate:sha256:e7168193f97ab2d457b1075bab8513ad3a0863dfd52a673f2a84be738c072455,question-candidate:sha256:e7168193f97ab2d457b1075bab8513ad3a0863dfd52a673f2a84be738c072455,question:sha256:721d48b574d3b02d42cbb7133d237fdd69866c744acde733afc7a5d7af5fa4dc,agent_proposed,unqualified,,budget-other-direct-cost|budget-period|subaward-budget-collection,string,,,https://apply07.grants.gov/apply/forms/schemas/RR_MP_Budget_3_0-V3.0.xsd,8ee3867971d4030582ff4c4cd906cd1a086c2d2491fb6f05b33cdd07ae435846,sha256:8ee3867971d4030582ff4c4cd906cd1a086c2d2491fb6f05b33cdd07ae435846,false
RRMPBudget,[Draft] Research & Related Multi-Project Budget Form,3.0,budget_year[].other_direct_costs.other_direct_cost_5.description,RR_MP_Budget_3_0.BudgetYear.OtherDirectCosts.OtherDirectCost5.Description,Description,question,question-candidate:sha256:cc8369e2c62efafd05daa652c21038ac04fbf89f19fead813bee4fc3627e5396,question-candidate:sha256:cc8369e2c62efafd05daa652c21038ac04fbf89f19fead813bee4fc3627e5396,question:sha256:daf5633553f3a5cdda074aa8d6a569345916a30d296a7e1b3d2274866207ce9d,agent_proposed,unqualified,,budget-other-direct-cost|budget-period|subaward-budget-collection,string,,,https://apply07.grants.gov/apply/forms/schemas/RR_MP_Budget_3_0-V3.0.xsd,8ee3867971d4030582ff4c4cd906cd1a086c2d2491fb6f05b33cdd07ae435846,sha256:8ee3867971d4030582ff4c4cd906cd1a086c2d2491fb6f05b33cdd07ae435846,false
RRMPBudget,[Draft] Research & Related Multi-Project Budget Form,3.0,budget_year[].other_direct_costs.other_direct_cost_6.cost,RR_MP_Budget_3_0.BudgetYear.OtherDirectCosts.OtherDirectCost6.Cost,Cost,question,question-candidate:sha256:e7168193f97ab2d457b1075bab8513ad3a0863dfd52a673f2a84be738c072455,question-candidate:sha256:e7168193f97ab2d457b1075bab8513ad3a0863dfd52a673f2a84be738c072455,question:sha256:14985c46879e980ac3da4a5b60594f8e079b3dcffb974a5ba31e44834af20539,agent_proposed,unqualified,,budget-other-direct-cost|budget-period|subaward-budget-collection,string,,,https://apply07.grants.gov/apply/forms/schemas/RR_MP_Budget_3_0-V3.0.xsd,8ee3867971d4030582ff4c4cd906cd1a086c2d2491fb6f05b33cdd07ae435846,sha256:8ee3867971d4030582ff4c4cd906cd1a086c2d2491fb6f05b33cdd07ae435846,false
RRMPBudget,[Draft] Research & Related Multi-Project Budget Form,3.0,budget_year[].other_direct_costs.other_direct_cost_6.description,RR_MP_Budget_3_0.BudgetYear.OtherDirectCosts.OtherDirectCost6.Description,Description,question,question-candidate:sha256:cc8369e2c62efafd05daa652c21038ac04fbf89f19fead813bee4fc3627e5396,question-candidate:sha256:cc8369e2c62efafd05daa652c21038ac04fbf89f19fead813bee4fc3627e5396,question:sha256:a018414d779743d3fc6f9aa23eee2930bc424c0057259023fd37fed3c8b573c8,agent_proposed,unqualified,,budget-other-direct-cost|budget-period|subaward-budget-collection,string,,,https://apply07.grants.gov/apply/forms/schemas/RR_MP_Budget_3_0-V3.0.xsd,8ee3867971d4030582ff4c4cd906cd1a086c2d2491fb6f05b33cdd07ae435846,sha256:8ee3867971d4030582ff4c4cd906cd1a086c2d2491fb6f05b33cdd07ae435846,false
RRMPBudget,[Draft] Research & Related Multi-Project Budget Form,3.0,budget_year[].other_direct_costs.other_direct_cost_7.cost,RR_MP_Budget_3_0.BudgetYear.OtherDirectCosts.OtherDirectCost7.Cost,Cost,question,question-candidate:sha256:e7168193f97ab2d457b1075bab8513ad3a0863dfd52a673f2a84be738c072455,question-candidate:sha256:e7168193f97ab2d457b1075bab8513ad3a0863dfd52a673f2a84be738c072455,question:sha256:1d40046ea35b05191e530b887259ef1aec76b5c573e181d04bc5db9c854479dc,agent_proposed,unqualified,,budget-other-direct-cost|budget-period|subaward-budget-collection,string,,,https://apply07.grants.gov/apply/forms/schemas/RR_MP_Budget_3_0-V3.0.xsd,8ee3867971d4030582ff4c4cd906cd1a086c2d2491fb6f05b33cdd07ae435846,sha256:8ee3867971d4030582ff4c4cd906cd1a086c2d2491fb6f05b33cdd07ae435846,false
RRMPBudget,[Draft] Research & Related Multi-Project Budget Form,3.0,budget_year[].other_direct_costs.other_direct_cost_7.description,RR_MP_Budget_3_0.BudgetYear.OtherDirectCosts.OtherDirectCost7.Description,Description,question,question-candidate:sha256:cc8369e2c62efafd05daa652c21038ac04fbf89f19fead813bee4fc3627e5396,question-candidate:sha256:cc8369e2c62efafd05daa652c21038ac04fbf89f19fead813bee4fc3627e5396,question:sha256:503a5e23458f2271766d9ed90056ff9764dd92288c15703aca9e06ed05c82c3a,agent_proposed,unqualified,,budget-other-direct-cost|budget-period|subaward-budget-collection,string,,,https://apply07.grants.gov/apply/forms/schemas/RR_MP_Budget_3_0-V3.0.xsd,8ee3867971d4030582ff4c4cd906cd1a086c2d2491fb6f05b33cdd07ae435846,sha256:8ee3867971d4030582ff4c4cd906cd1a086c2d2491fb6f05b33cdd07ae435846,false
RRMPBudget,[Draft] Research & Related Multi-Project Budget Form,3.0,budget_year[].other_direct_costs.other_direct_cost_8.cost,RR_MP_Budget_3_0.BudgetYear.OtherDirectCosts.OtherDirectCost8.Cost,Cost,question,question-candidate:sha256:e7168193f97ab2d457b1075bab8513ad3a0863dfd52a673f2a84be738c072455,question-candidate:sha256:e7168193f97ab2d457b1075bab8513ad3a0863dfd52a673f2a84be738c072455,question:sha256:5e1acf5deddf7a3e5ec2ed3f7bbb5e09212afd1c011ae13ef7555cd61498fa2b,agent_proposed,unqualified,,budget-other-direct-cost|budget-period|subaward-budget-collection,string,,,https://apply07.grants.gov/apply/forms/schemas/RR_MP_Budget_3_0-V3.0.xsd,8ee3867971d4030582ff4c4cd906cd1a086c2d2491fb6f05b33cdd07ae435846,sha256:8ee3867971d4030582ff4c4cd906cd1a086c2d2491fb6f05b33cdd07ae435846,false
RRMPBudget,[Draft] Research & Related Multi-Project Budget Form,3.0,budget_year[].other_direct_costs.other_direct_cost_8.description,RR_MP_Budget_3_0.BudgetYear.OtherDirectCosts.OtherDirectCost8.Description,Description,question,question-candidate:sha256:cc8369e2c62efafd05daa652c21038ac04fbf89f19fead813bee4fc3627e5396,question-candidate:sha256:cc8369e2c62efafd05daa652c21038ac04fbf89f19fead813bee4fc3627e5396,question:sha256:83dd8ef19aebbfcf6e78703a816caf3917cdce57d303157e0d8602fba7785993,agent_proposed,unqualified,,budget-other-direct-cost|budget-period|subaward-budget-collection,string,,,https://apply07.grants.gov/apply/forms/schemas/RR_MP_Budget_3_0-V3.0.xsd,8ee3867971d4030582ff4c4cd906cd1a086c2d2491fb6f05b33cdd07ae435846,sha256:8ee3867971d4030582ff4c4cd906cd1a086c2d2491fb6f05b33cdd07ae435846,false
RRMPBudget,[Draft] Research & Related Multi-Project Budget Form,3.0,budget_year[].other_direct_costs.other_direct_cost_9.cost,RR_MP_Budget_3_0.BudgetYear.OtherDirectCosts.OtherDirectCost9.Cost,Cost,question,question-candidate:sha256:e7168193f97ab2d457b1075bab8513ad3a0863dfd52a673f2a84be738c072455,question-candidate:sha256:e7168193f97ab2d457b1075bab8513ad3a0863dfd52a673f2a84be738c072455,question:sha256:3a96f0f83642ffe599b5f485dc7b94057b5eda700edb78a7183a2c9a4443fb6e,agent_proposed,unqualified,,budget-other-direct-cost|budget-period|subaward-budget-collection,string,,,https://apply07.grants.gov/apply/forms/schemas/RR_MP_Budget_3_0-V3.0.xsd,8ee3867971d4030582ff4c4cd906cd1a086c2d2491fb6f05b33cdd07ae435846,sha256:8ee3867971d4030582ff4c4cd906cd1a086c2d2491fb6f05b33cdd07ae435846,false
RRMPBudget,[Draft] Research & Related Multi-Project Budget Form,3.0,budget_year[].other_direct_costs.other_direct_cost_9.description,RR_MP_Budget_3_0.BudgetYear.OtherDirectCosts.OtherDirectCost9.Description,Description,question,question-candidate:sha256:cc8369e2c62efafd05daa652c21038ac04fbf89f19fead813bee4fc3627e5396,question-candidate:sha256:cc8369e2c62efafd05daa652c21038ac04fbf89f19fead813bee4fc3627e5396,question:sha256:1afeafbc937a47667865856c492eaea367c1245e2cf60628a3498862301342ce,agent_proposed,unqualified,,budget-other-direct-cost|budget-period|subaward-budget-collection,string,,,https://apply07.grants.gov/apply/forms/schemas/RR_MP_Budget_3_0-V3.0.xsd,8ee3867971d4030582ff4c4cd906cd1a086c2d2491fb6f05b33cdd07ae435846,sha256:8ee3867971d4030582ff4c4cd906cd1a086c2d2491fb6f05b33cdd07ae435846,false
RRMPBudget,[Draft] Research & Related Multi-Project Budget Form,3.0,budget_year[].other_direct_costs.publication_costs,RR_MP_Budget_3_0.BudgetYear.OtherDirectCosts.PublicationCosts,PublicationCosts,question,question-candidate:sha256:e1324ce55830c0bdc7b27f04094227d26c0e4f6008a7c2eababa0e0322b9d3ee,question-candidate:sha256:e1324ce55830c0bdc7b27f04094227d26c0e4f6008a7c2eababa0e0322b9d3ee,question:sha256:31ca0941fa7a32e1a0630fcd573d599c5253fc96564ed716f61624e46b38288b,agent_proposed,unqualified,,budget-other-direct-cost|budget-period|subaward-budget-collection,string,,,https://apply07.grants.gov/apply/forms/schemas/RR_MP_Budget_3_0-V3.0.xsd,8ee3867971d4030582ff4c4cd906cd1a086c2d2491fb6f05b33cdd07ae435846,sha256:8ee3867971d4030582ff4c4cd906cd1a086c2d2491fb6f05b33cdd07ae435846,false
RRMPBudget,[Draft] Research & Related Multi-Project Budget Form,3.0,budget_year[].other_direct_costs.subaward_consortium_contractual_costs,RR_MP_Budget_3_0.BudgetYear.OtherDirectCosts.SubawardConsortiumContractualCosts,SubawardConsortiumContractualCosts,question,question-candidate:sha256:ee2068e4b6904928de28f3572c2772b56773bf03a5f98da8d61a437fb16c6881,question-candidate:sha256:ee2068e4b6904928de28f3572c2772b56773bf03a5f98da8d61a437fb16c6881,question:sha256:687158f77b138adf26aba4fad59e0f21b403abc85f9c4e72519c14a1328c00ff,agent_proposed,unqualified,,budget-other-direct-cost|budget-period|subaward-budget-collection,string,,,https://apply07.grants.gov/apply/forms/schemas/RR_MP_Budget_3_0-V3.0.xsd,8ee3867971d4030582ff4c4cd906cd1a086c2d2491fb6f05b33cdd07ae435846,sha256:8ee3867971d4030582ff4c4cd906cd1a086c2d2491fb6f05b33cdd07ae435846,false
RRMPBudget,[Draft] Research & Related Multi-Project Budget Form,3.0,budget_year[].other_direct_costs.total_other_direct_cost,RR_MP_Budget_3_0.BudgetYear.OtherDirectCosts.TotalOtherDirectCost,TotalOtherDirectCost,question,question-candidate:sha256:bf302b3c6a0a135020ccb3e693c4bb7ab0538fae22c8222e3ead5a650282d7ac,question-candidate:sha256:bf302b3c6a0a135020ccb3e693c4bb7ab0538fae22c8222e3ead5a650282d7ac,question:sha256:9ae32d0001076b5f27ae814c119eb5b7d9af5ba0d003ed65a11e5b368f6e5138,agent_proposed,unqualified,,budget-other-direct-cost|budget-period|subaward-budget-collection,string,,,https://apply07.grants.gov/apply/forms/schemas/RR_MP_Budget_3_0-V3.0.xsd,8ee3867971d4030582ff4c4cd906cd1a086c2d2491fb6f05b33cdd07ae435846,sha256:8ee3867971d4030582ff4c4cd906cd1a086c2d2491fb6f05b33cdd07ae435846,false
RRMPBudget,[Draft] Research & Related Multi-Project Budget Form,3.0,budget_year[].other_personnel.graduate_students.academic_months,RR_MP_Budget_3_0.BudgetYear.OtherPersonnel.GraduateStudents.AcademicMonths,AcademicMonths,question,question-candidate:sha256:38aa502b9bca399d052e5a98d1d5c7ce9beab71c4da7cc6f04ba0c5b60e3ea41,question-candidate:sha256:38aa502b9bca399d052e5a98d1d5c7ce9beab71c4da7cc6f04ba0c5b60e3ea41,question:sha256:7ad69ca37cd9a063ee72f579b51add69566e281fd11d954e047dfa72b04f1bda,agent_proposed,unqualified,,budget-period|budget-personnel|money-and-effort-primitives|subaward-budget-collection,string,,,https://apply07.grants.gov/apply/forms/schemas/RR_MP_Budget_3_0-V3.0.xsd,8ee3867971d4030582ff4c4cd906cd1a086c2d2491fb6f05b33cdd07ae435846,sha256:8ee3867971d4030582ff4c4cd906cd1a086c2d2491fb6f05b33cdd07ae435846,false
RRMPBudget,[Draft] Research & Related Multi-Project Budget Form,3.0,budget_year[].other_personnel.graduate_students.calendar_months,RR_MP_Budget_3_0.BudgetYear.OtherPersonnel.GraduateStudents.CalendarMonths,CalendarMonths,question,question-candidate:sha256:d81696345ed263e6f8f992cfb356dbc5ad1ac1b701ae3565161e663d8b629ec9,question-candidate:sha256:d81696345ed263e6f8f992cfb356dbc5ad1ac1b701ae3565161e663d8b629ec9,question:sha256:c147900bfd52043fcfee5b1a16e9d2b7bfd2b56bd4681b13f6f8a9a739b0a4c8,agent_proposed,unqualified,,budget-period|budget-personnel|money-and-effort-primitives|subaward-budget-collection,string,,,https://apply07.grants.gov/apply/forms/schemas/RR_MP_Budget_3_0-V3.0.xsd,8ee3867971d4030582ff4c4cd906cd1a086c2d2491fb6f05b33cdd07ae435846,sha256:8ee3867971d4030582ff4c4cd906cd1a086c2d2491fb6f05b33cdd07ae435846,false
RRMPBudget,[Draft] Research & Related Multi-Project Budget Form,3.0,budget_year[].other_personnel.graduate_students.fringe_benefits,RR_MP_Budget_3_0.BudgetYear.OtherPersonnel.GraduateStudents.FringeBenefits,FringeBenefits,question,question-candidate:sha256:9ca075e61c3f41a0b1876e0cabe46df79f943572b3a5b67f20a06b0466bf3e26,question-candidate:sha256:9ca075e61c3f41a0b1876e0cabe46df79f943572b3a5b67f20a06b0466bf3e26,question:sha256:8883278c054b15f1e3139daf8ee8385132709ca90f8f3c841df7560bf375454c,agent_proposed,unqualified,,budget-period|budget-personnel|money-and-effort-primitives|subaward-budget-collection,string,,,https://apply07.grants.gov/apply/forms/schemas/RR_MP_Budget_3_0-V3.0.xsd,8ee3867971d4030582ff4c4cd906cd1a086c2d2491fb6f05b33cdd07ae435846,sha256:8ee3867971d4030582ff4c4cd906cd1a086c2d2491fb6f05b33cdd07ae435846,false
RRMPBudget,[Draft] Research & Related Multi-Project Budget Form,3.0,budget_year[].other_personnel.graduate_students.funds_requested,RR_MP_Budget_3_0.BudgetYear.OtherPersonnel.GraduateStudents.FundsRequested,FundsRequested,question,question-candidate:sha256:2964d3cdf93a236bf75f57ee25baa742e6d12a877c7d4471dd818216e330b8fa,question-candidate:sha256:2964d3cdf93a236bf75f57ee25baa742e6d12a877c7d4471dd818216e330b8fa,question:sha256:a3f4fb3060f2a18c0e940579913eb783635d4d06c1ecf7f573593c6b21e9237c,agent_proposed,unqualified,,budget-period|budget-personnel|money-and-effort-primitives|subaward-budget-collection,string,,,https://apply07.grants.gov/apply/forms/schemas/RR_MP_Budget_3_0-V3.0.xsd,8ee3867971d4030582ff4c4cd906cd1a086c2d2491fb6f05b33cdd07ae435846,sha256:8ee3867971d4030582ff4c4cd906cd1a086c2d2491fb6f05b33cdd07ae435846,false
RRMPBudget,[Draft] Research & Related Multi-Project Budget Form,3.0,budget_year[].other_personnel.graduate_students.number_of_personnel,RR_MP_Budget_3_0.BudgetYear.OtherPersonnel.GraduateStudents.NumberOfPersonnel,NumberOfPersonnel,question,question-candidate:sha256:861f394baa4062bff418b6aa549b0e9883fba6668e0b62c4bac22e422d1db8e9,question-candidate:sha256:861f394baa4062bff418b6aa549b0e9883fba6668e0b62c4bac22e422d1db8e9,question:sha256:2617f0c0fc77b81e6addae0d43f52e10b9c50ec6c9e4f780375dcfd62ca99dcc,agent_proposed,unqualified,,budget-period|budget-personnel|subaward-budget-collection,integer,,,https://apply07.grants.gov/apply/forms/schemas/RR_MP_Budget_3_0-V3.0.xsd,8ee3867971d4030582ff4c4cd906cd1a086c2d2491fb6f05b33cdd07ae435846,sha256:8ee3867971d4030582ff4c4cd906cd1a086c2d2491fb6f05b33cdd07ae435846,false
RRMPBudget,[Draft] Research & Related Multi-Project Budget Form,3.0,budget_year[].other_personnel.graduate_students.project_role,RR_MP_Budget_3_0.BudgetYear.OtherPersonnel.GraduateStudents.ProjectRole,ProjectRole,question,question-candidate:sha256:3a2ffa9d508640311f7da91e2dd9aa387328ee79dbc256962a20970cfde28ea9,question-candidate:sha256:3a2ffa9d508640311f7da91e2dd9aa387328ee79dbc256962a20970cfde28ea9,question:sha256:6831e48e9d151fd486aaf47a7a15e7392a77f1c36ebf05adeba07234256cca6d,agent_proposed,unqualified,,budget-period|budget-personnel|project-role|subaward-budget-collection,string,,,https://apply07.grants.gov/apply/forms/schemas/RR_MP_Budget_3_0-V3.0.xsd,8ee3867971d4030582ff4c4cd906cd1a086c2d2491fb6f05b33cdd07ae435846,sha256:8ee3867971d4030582ff4c4cd906cd1a086c2d2491fb6f05b33cdd07ae435846,false
RRMPBudget,[Draft] Research & Related Multi-Project Budget Form,3.0,budget_year[].other_personnel.graduate_students.requested_salary,RR_MP_Budget_3_0.BudgetYear.OtherPersonnel.GraduateStudents.RequestedSalary,RequestedSalary,question,question-candidate:sha256:26594d221db186719cf65f55c3e684e12e3c02d181093ba59c808ee368f43daf,question-candidate:sha256:26594d221db186719cf65f55c3e684e12e3c02d181093ba59c808ee368f43daf,question:sha256:b6692e764380be9a40247f6b6bca71ad21b425efb4b5819f9009bbfc81c139e5,agent_proposed,unqualified,,budget-period|budget-personnel|money-and-effort-primitives|subaward-budget-collection,string,,,https://apply07.grants.gov/apply/forms/schemas/RR_MP_Budget_3_0-V3.0.xsd,8ee3867971d4030582ff4c4cd906cd1a086c2d2491fb6f05b33cdd07ae435846,sha256:8ee3867971d4030582ff4c4cd906cd1a086c2d2491fb6f05b33cdd07ae435846,false
RRMPBudget,[Draft] Research & Related Multi-Project Budget Form,3.0,budget_year[].other_personnel.graduate_students.summer_months,RR_MP_Budget_3_0.BudgetYear.OtherPersonnel.GraduateStudents.SummerMonths,SummerMonths,question,question-candidate:sha256:0b5185b2779cbb8aa43c27a6849e752a6f2f6e303100bf958bade358a61c0afa,question-candidate:sha256:0b5185b2779cbb8aa43c27a6849e752a6f2f6e303100bf958bade358a61c0afa,question:sha256:3749c86cb1ca9cb796fc99bba2a9fdf3423790b28cfeeb2ab99052e20e42e834,agent_proposed,unqualified,,budget-period|budget-personnel|money-and-effort-primitives|subaward-budget-collection,string,,,https://apply07.grants.gov/apply/forms/schemas/RR_MP_Budget_3_0-V3.0.xsd,8ee3867971d4030582ff4c4cd906cd1a086c2d2491fb6f05b33cdd07ae435846,sha256:8ee3867971d4030582ff4c4cd906cd1a086c2d2491fb6f05b33cdd07ae435846,false
RRMPBudget,[Draft] Research & Related Multi-Project Budget Form,3.0,budget_year[].other_personnel.other[].academic_months,RR_MP_Budget_3_0.BudgetYear.OtherPersonnel.Other.AcademicMonths,AcademicMonths,question,question-candidate:sha256:38aa502b9bca399d052e5a98d1d5c7ce9beab71c4da7cc6f04ba0c5b60e3ea41,question-candidate:sha256:38aa502b9bca399d052e5a98d1d5c7ce9beab71c4da7cc6f04ba0c5b60e3ea41,question:sha256:d1336f68ac79f432f31ce8cc3137e8d550ac59e0193a354e511d8c59f5130f22,agent_proposed,unqualified,,budget-period|budget-personnel|money-and-effort-primitives|subaward-budget-collection,string,,,https://apply07.grants.gov/apply/forms/schemas/RR_MP_Budget_3_0-V3.0.xsd,8ee3867971d4030582ff4c4cd906cd1a086c2d2491fb6f05b33cdd07ae435846,sha256:8ee3867971d4030582ff4c4cd906cd1a086c2d2491fb6f05b33cdd07ae435846,false
RRMPBudget,[Draft] Research & Related Multi-Project Budget Form,3.0,budget_year[].other_personnel.other[].calendar_months,RR_MP_Budget_3_0.BudgetYear.OtherPersonnel.Other.CalendarMonths,CalendarMonths,question,question-candidate:sha256:d81696345ed263e6f8f992cfb356dbc5ad1ac1b701ae3565161e663d8b629ec9,question-candidate:sha256:d81696345ed263e6f8f992cfb356dbc5ad1ac1b701ae3565161e663d8b629ec9,question:sha256:9517a80ec25ec8d6d649e96d75692a869a2953381f8825f00dfd345778ddfcc0,agent_proposed,unqualified,,budget-period|budget-personnel|money-and-effort-primitives|subaward-budget-collection,string,,,https://apply07.grants.gov/apply/forms/schemas/RR_MP_Budget_3_0-V3.0.xsd,8ee3867971d4030582ff4c4cd906cd1a086c2d2491fb6f05b33cdd07ae435846,sha256:8ee3867971d4030582ff4c4cd906cd1a086c2d2491fb6f05b33cdd07ae435846,false
RRMPBudget,[Draft] Research & Related Multi-Project Budget Form,3.0,budget_year[].other_personnel.other[].fringe_benefits,RR_MP_Budget_3_0.BudgetYear.OtherPersonnel.Other.FringeBenefits,FringeBenefits,question,question-candidate:sha256:9ca075e61c3f41a0b1876e0cabe46df79f943572b3a5b67f20a06b0466bf3e26,question-candidate:sha256:9ca075e61c3f41a0b1876e0cabe46df79f943572b3a5b67f20a06b0466bf3e26,question:sha256:7874c537659be0d7a997173e16ebb1fd9a04d3937d3752be2f7f7c7f02267574,agent_proposed,unqualified,,budget-period|budget-personnel|money-and-effort-primitives|subaward-budget-collection,string,,,https://apply07.grants.gov/apply/forms/schemas/RR_MP_Budget_3_0-V3.0.xsd,8ee3867971d4030582ff4c4cd906cd1a086c2d2491fb6f05b33cdd07ae435846,sha256:8ee3867971d4030582ff4c4cd906cd1a086c2d2491fb6f05b33cdd07ae435846,false
RRMPBudget,[Draft] Research & Related Multi-Project Budget Form,3.0,budget_year[].other_personnel.other[].funds_requested,RR_MP_Budget_3_0.BudgetYear.OtherPersonnel.Other.FundsRequested,FundsRequested,question,question-candidate:sha256:2964d3cdf93a236bf75f57ee25baa742e6d12a877c7d4471dd818216e330b8fa,question-candidate:sha256:2964d3cdf93a236bf75f57ee25baa742e6d12a877c7d4471dd818216e330b8fa,question:sha256:89a92d4bb8440d08ba63612450117d0f06c9753d7ab68129b47c271b67f60fed,agent_proposed,unqualified,,budget-period|budget-personnel|money-and-effort-primitives|subaward-budget-collection,string,,,https://apply07.grants.gov/apply/forms/schemas/RR_MP_Budget_3_0-V3.0.xsd,8ee3867971d4030582ff4c4cd906cd1a086c2d2491fb6f05b33cdd07ae435846,sha256:8ee3867971d4030582ff4c4cd906cd1a086c2d2491fb6f05b33cdd07ae435846,false
RRMPBudget,[Draft] Research & Related Multi-Project Budget Form,3.0,budget_year[].other_personnel.other[].number_of_personnel,RR_MP_Budget_3_0.BudgetYear.OtherPersonnel.Other.NumberOfPersonnel,NumberOfPersonnel,question,question-candidate:sha256:861f394baa4062bff418b6aa549b0e9883fba6668e0b62c4bac22e422d1db8e9,question-candidate:sha256:861f394baa4062bff418b6aa549b0e9883fba6668e0b62c4bac22e422d1db8e9,question:sha256:6c6db71fb1e3e44a11d43897704d8204d09fd881d8e88fe5ce360d78d393f6fe,agent_proposed,unqualified,,budget-period|budget-personnel|subaward-budget-collection,integer,,,https://apply07.grants.gov/apply/forms/schemas/RR_MP_Budget_3_0-V3.0.xsd,8ee3867971d4030582ff4c4cd906cd1a086c2d2491fb6f05b33cdd07ae435846,sha256:8ee3867971d4030582ff4c4cd906cd1a086c2d2491fb6f05b33cdd07ae435846,false
RRMPBudget,[Draft] Research & Related Multi-Project Budget Form,3.0,budget_year[].other_personnel.other[].project_role,RR_MP_Budget_3_0.BudgetYear.OtherPersonnel.Other.ProjectRole,ProjectRole,question,question-candidate:sha256:3a2ffa9d508640311f7da91e2dd9aa387328ee79dbc256962a20970cfde28ea9,question-candidate:sha256:3a2ffa9d508640311f7da91e2dd9aa387328ee79dbc256962a20970cfde28ea9,question:sha256:cd536f8eb8108a4ac478431bebce156df4598b029927dd02d7aa3dfb0149cb2d,agent_proposed,unqualified,,budget-period|budget-personnel|project-role|subaward-budget-collection,string,,,https://apply07.grants.gov/apply/forms/schemas/RR_MP_Budget_3_0-V3.0.xsd,8ee3867971d4030582ff4c4cd906cd1a086c2d2491fb6f05b33cdd07ae435846,sha256:8ee3867971d4030582ff4c4cd906cd1a086c2d2491fb6f05b33cdd07ae435846,false
RRMPBudget,[Draft] Research & Related Multi-Project Budget Form,3.0,budget_year[].other_personnel.other[].requested_salary,RR_MP_Budget_3_0.BudgetYear.OtherPersonnel.Other.RequestedSalary,RequestedSalary,question,question-candidate:sha256:26594d221db186719cf65f55c3e684e12e3c02d181093ba59c808ee368f43daf,question-candidate:sha256:26594d221db186719cf65f55c3e684e12e3c02d181093ba59c808ee368f43daf,question:sha256:e31b1f124b03a1668a51c355dd5ce7eb9f5520369ff54f9b04b5a2e4371267ac,agent_proposed,unqualified,,budget-period|budget-personnel|money-and-effort-primitives|subaward-budget-collection,string,,,https://apply07.grants.gov/apply/forms/schemas/RR_MP_Budget_3_0-V3.0.xsd,8ee3867971d4030582ff4c4cd906cd1a086c2d2491fb6f05b33cdd07ae435846,sha256:8ee3867971d4030582ff4c4cd906cd1a086c2d2491fb6f05b33cdd07ae435846,false
RRMPBudget,[Draft] Research & Related Multi-Project Budget Form,3.0,budget_year[].other_personnel.other[].summer_months,RR_MP_Budget_3_0.BudgetYear.OtherPersonnel.Other.SummerMonths,SummerMonths,question,question-candidate:sha256:0b5185b2779cbb8aa43c27a6849e752a6f2f6e303100bf958bade358a61c0afa,question-candidate:sha256:0b5185b2779cbb8aa43c27a6849e752a6f2f6e303100bf958bade358a61c0afa,question:sha256:cfa61ccae49cbd97c6b1fe4ec0be289a2731a44a70360c8c18fa855b6919b341,agent_proposed,unqualified,,budget-period|budget-personnel|money-and-effort-primitives|subaward-budget-collection,string,,,https://apply07.grants.gov/apply/forms/schemas/RR_MP_Budget_3_0-V3.0.xsd,8ee3867971d4030582ff4c4cd906cd1a086c2d2491fb6f05b33cdd07ae435846,sha256:8ee3867971d4030582ff4c4cd906cd1a086c2d2491fb6f05b33cdd07ae435846,false
RRMPBudget,[Draft] Research & Related Multi-Project Budget Form,3.0,budget_year[].other_personnel.other_personnel_total_number,RR_MP_Budget_3_0.BudgetYear.OtherPersonnel.OtherPersonnelTotalNumber,OtherPersonnelTotalNumber,question,question-candidate:sha256:fa45012b64f840210de986877dd3c5bb8a02717a3531f56912647768cb86171e,question-candidate:sha256:fa45012b64f840210de986877dd3c5bb8a02717a3531f56912647768cb86171e,question:sha256:911340057863d90e9c40128b43f2b6bb961559d561e4ce54152d7f6de4aae3a8,agent_proposed,unqualified,,budget-period|budget-personnel|subaward-budget-collection,integer,,,https://apply07.grants.gov/apply/forms/schemas/RR_MP_Budget_3_0-V3.0.xsd,8ee3867971d4030582ff4c4cd906cd1a086c2d2491fb6f05b33cdd07ae435846,sha256:8ee3867971d4030582ff4c4cd906cd1a086c2d2491fb6f05b33cdd07ae435846,false
RRMPBudget,[Draft] Research & Related Multi-Project Budget Form,3.0,budget_year[].other_personnel.post_doc_associates.academic_months,RR_MP_Budget_3_0.BudgetYear.OtherPersonnel.PostDocAssociates.AcademicMonths,AcademicMonths,question,question-candidate:sha256:38aa502b9bca399d052e5a98d1d5c7ce9beab71c4da7cc6f04ba0c5b60e3ea41,question-candidate:sha256:38aa502b9bca399d052e5a98d1d5c7ce9beab71c4da7cc6f04ba0c5b60e3ea41,question:sha256:d74dabf2b4faac387c61cc65f3390659893cd024e6066b0455f3fef8b33de14d,agent_proposed,unqualified,,budget-period|budget-personnel|money-and-effort-primitives|subaward-budget-collection,string,,,https://apply07.grants.gov/apply/forms/schemas/RR_MP_Budget_3_0-V3.0.xsd,8ee3867971d4030582ff4c4cd906cd1a086c2d2491fb6f05b33cdd07ae435846,sha256:8ee3867971d4030582ff4c4cd906cd1a086c2d2491fb6f05b33cdd07ae435846,false
RRMPBudget,[Draft] Research & Related Multi-Project Budget Form,3.0,budget_year[].other_personnel.post_doc_associates.calendar_months,RR_MP_Budget_3_0.BudgetYear.OtherPersonnel.PostDocAssociates.CalendarMonths,CalendarMonths,question,question-candidate:sha256:d81696345ed263e6f8f992cfb356dbc5ad1ac1b701ae3565161e663d8b629ec9,question-candidate:sha256:d81696345ed263e6f8f992cfb356dbc5ad1ac1b701ae3565161e663d8b629ec9,question:sha256:58a12be465b4193de44527342a06c68ecdd08b5f3631f2c9ee44b560dc002c70,agent_proposed,unqualified,,budget-period|budget-personnel|money-and-effort-primitives|subaward-budget-collection,string,,,https://apply07.grants.gov/apply/forms/schemas/RR_MP_Budget_3_0-V3.0.xsd,8ee3867971d4030582ff4c4cd906cd1a086c2d2491fb6f05b33cdd07ae435846,sha256:8ee3867971d4030582ff4c4cd906cd1a086c2d2491fb6f05b33cdd07ae435846,false
RRMPBudget,[Draft] Research & Related Multi-Project Budget Form,3.0,budget_year[].other_personnel.post_doc_associates.fringe_benefits,RR_MP_Budget_3_0.BudgetYear.OtherPersonnel.PostDocAssociates.FringeBenefits,FringeBenefits,question,question-candidate:sha256:9ca075e61c3f41a0b1876e0cabe46df79f943572b3a5b67f20a06b0466bf3e26,question-candidate:sha256:9ca075e61c3f41a0b1876e0cabe46df79f943572b3a5b67f20a06b0466bf3e26,question:sha256:677cae023c3c3b9740cf91fdb0090e08668ac8628dece3a47f6a74473176d1c6,agent_proposed,unqualified,,budget-period|budget-personnel|money-and-effort-primitives|subaward-budget-collection,string,,,https://apply07.grants.gov/apply/forms/schemas/RR_MP_Budget_3_0-V3.0.xsd,8ee3867971d4030582ff4c4cd906cd1a086c2d2491fb6f05b33cdd07ae435846,sha256:8ee3867971d4030582ff4c4cd906cd1a086c2d2491fb6f05b33cdd07ae435846,false
RRMPBudget,[Draft] Research & Related Multi-Project Budget Form,3.0,budget_year[].other_personnel.post_doc_associates.funds_requested,RR_MP_Budget_3_0.BudgetYear.OtherPersonnel.PostDocAssociates.FundsRequested,FundsRequested,question,question-candidate:sha256:2964d3cdf93a236bf75f57ee25baa742e6d12a877c7d4471dd818216e330b8fa,question-candidate:sha256:2964d3cdf93a236bf75f57ee25baa742e6d12a877c7d4471dd818216e330b8fa,question:sha256:f683abead9dd0bc2b35ea633984fdd8434c7ddc1aed7b512e5e2ab140d362af2,agent_proposed,unqualified,,budget-period|budget-personnel|money-and-effort-primitives|subaward-budget-collection,string,,,https://apply07.grants.gov/apply/forms/schemas/RR_MP_Budget_3_0-V3.0.xsd,8ee3867971d4030582ff4c4cd906cd1a086c2d2491fb6f05b33cdd07ae435846,sha256:8ee3867971d4030582ff4c4cd906cd1a086c2d2491fb6f05b33cdd07ae435846,false
RRMPBudget,[Draft] Research & Related Multi-Project Budget Form,3.0,budget_year[].other_personnel.post_doc_associates.number_of_personnel,RR_MP_Budget_3_0.BudgetYear.OtherPersonnel.PostDocAssociates.NumberOfPersonnel,NumberOfPersonnel,question,question-candidate:sha256:861f394baa4062bff418b6aa549b0e9883fba6668e0b62c4bac22e422d1db8e9,question-candidate:sha256:861f394baa4062bff418b6aa549b0e9883fba6668e0b62c4bac22e422d1db8e9,question:sha256:3e15e5cb870628751f3608267154cc9a7cefdc8cb114c8d56103c396b917ecec,agent_proposed,unqualified,,budget-period|budget-personnel|subaward-budget-collection,integer,,,https://apply07.grants.gov/apply/forms/schemas/RR_MP_Budget_3_0-V3.0.xsd,8ee3867971d4030582ff4c4cd906cd1a086c2d2491fb6f05b33cdd07ae435846,sha256:8ee3867971d4030582ff4c4cd906cd1a086c2d2491fb6f05b33cdd07ae435846,false
RRMPBudget,[Draft] Research & Related Multi-Project Budget Form,3.0,budget_year[].other_personnel.post_doc_associates.project_role,RR_MP_Budget_3_0.BudgetYear.OtherPersonnel.PostDocAssociates.ProjectRole,ProjectRole,question,question-candidate:sha256:3a2ffa9d508640311f7da91e2dd9aa387328ee79dbc256962a20970cfde28ea9,question-candidate:sha256:3a2ffa9d508640311f7da91e2dd9aa387328ee79dbc256962a20970cfde28ea9,question:sha256:8f1c9263e64b7d6c78ddb198d9b0a2eb5536f2016993beb90bb37dc2442036d1,agent_proposed,unqualified,,budget-period|budget-personnel|project-role|subaward-budget-collection,string,,,https://apply07.grants.gov/apply/forms/schemas/RR_MP_Budget_3_0-V3.0.xsd,8ee3867971d4030582ff4c4cd906cd1a086c2d2491fb6f05b33cdd07ae435846,sha256:8ee3867971d4030582ff4c4cd906cd1a086c2d2491fb6f05b33cdd07ae435846,false
RRMPBudget,[Draft] Research & Related Multi-Project Budget Form,3.0,budget_year[].other_personnel.post_doc_associates.requested_salary,RR_MP_Budget_3_0.BudgetYear.OtherPersonnel.PostDocAssociates.RequestedSalary,RequestedSalary,question,question-candidate:sha256:26594d221db186719cf65f55c3e684e12e3c02d181093ba59c808ee368f43daf,question-candidate:sha256:26594d221db186719cf65f55c3e684e12e3c02d181093ba59c808ee368f43daf,question:sha256:5e7c72953a8e2bfc92b192fd1c8b09f0ab96bf124224296bfbf3ae7de94ff14e,agent_proposed,unqualified,,budget-period|budget-personnel|money-and-effort-primitives|subaward-budget-collection,string,,,https://apply07.grants.gov/apply/forms/schemas/RR_MP_Budget_3_0-V3.0.xsd,8ee3867971d4030582ff4c4cd906cd1a086c2d2491fb6f05b33cdd07ae435846,sha256:8ee3867971d4030582ff4c4cd906cd1a086c2d2491fb6f05b33cdd07ae435846,false
RRMPBudget,[Draft] Research & Related Multi-Project Budget Form,3.0,budget_year[].other_personnel.post_doc_associates.summer_months,RR_MP_Budget_3_0.BudgetYear.OtherPersonnel.PostDocAssociates.SummerMonths,SummerMonths,question,question-candidate:sha256:0b5185b2779cbb8aa43c27a6849e752a6f2f6e303100bf958bade358a61c0afa,question-candidate:sha256:0b5185b2779cbb8aa43c27a6849e752a6f2f6e303100bf958bade358a61c0afa,question:sha256:6c597c75e7228cb3567e6e3a930c6f0e5e9a7472b065375968e09bdaebd63e9e,agent_proposed,unqualified,,budget-period|budget-personnel|money-and-effort-primitives|subaward-budget-collection,string,,,https://apply07.grants.gov/apply/forms/schemas/RR_MP_Budget_3_0-V3.0.xsd,8ee3867971d4030582ff4c4cd906cd1a086c2d2491fb6f05b33cdd07ae435846,sha256:8ee3867971d4030582ff4c4cd906cd1a086c2d2491fb6f05b33cdd07ae435846,false
RRMPBudget,[Draft] Research & Related Multi-Project Budget Form,3.0,budget_year[].other_personnel.secretarial_clerical.academic_months,RR_MP_Budget_3_0.BudgetYear.OtherPersonnel.SecretarialClerical.AcademicMonths,AcademicMonths,question,question-candidate:sha256:38aa502b9bca399d052e5a98d1d5c7ce9beab71c4da7cc6f04ba0c5b60e3ea41,question-candidate:sha256:38aa502b9bca399d052e5a98d1d5c7ce9beab71c4da7cc6f04ba0c5b60e3ea41,question:sha256:ec360154c0a9e710ecc83b847ddc01b27525dfd04ac64fd8b14dc5560f5a0bd2,agent_proposed,unqualified,,budget-period|budget-personnel|money-and-effort-primitives|subaward-budget-collection,string,,,https://apply07.grants.gov/apply/forms/schemas/RR_MP_Budget_3_0-V3.0.xsd,8ee3867971d4030582ff4c4cd906cd1a086c2d2491fb6f05b33cdd07ae435846,sha256:8ee3867971d4030582ff4c4cd906cd1a086c2d2491fb6f05b33cdd07ae435846,false
RRMPBudget,[Draft] Research & Related Multi-Project Budget Form,3.0,budget_year[].other_personnel.secretarial_clerical.calendar_months,RR_MP_Budget_3_0.BudgetYear.OtherPersonnel.SecretarialClerical.CalendarMonths,CalendarMonths,question,question-candidate:sha256:d81696345ed263e6f8f992cfb356dbc5ad1ac1b701ae3565161e663d8b629ec9,question-candidate:sha256:d81696345ed263e6f8f992cfb356dbc5ad1ac1b701ae3565161e663d8b629ec9,question:sha256:868e169a9a07b4629b48633b5a676aa80131909a9638e7f9d8cf0ddf65d3ddb4,agent_proposed,unqualified,,budget-period|budget-personnel|money-and-effort-primitives|subaward-budget-collection,string,,,https://apply07.grants.gov/apply/forms/schemas/RR_MP_Budget_3_0-V3.0.xsd,8ee3867971d4030582ff4c4cd906cd1a086c2d2491fb6f05b33cdd07ae435846,sha256:8ee3867971d4030582ff4c4cd906cd1a086c2d2491fb6f05b33cdd07ae435846,false
RRMPBudget,[Draft] Research & Related Multi-Project Budget Form,3.0,budget_year[].other_personnel.secretarial_clerical.fringe_benefits,RR_MP_Budget_3_0.BudgetYear.OtherPersonnel.SecretarialClerical.FringeBenefits,FringeBenefits,question,question-candidate:sha256:9ca075e61c3f41a0b1876e0cabe46df79f943572b3a5b67f20a06b0466bf3e26,question-candidate:sha256:9ca075e61c3f41a0b1876e0cabe46df79f943572b3a5b67f20a06b0466bf3e26,question:sha256:2b4ec34f64fed5ae92bbc5525e393d12b1fd219d0a006803ed365b1a2c28619e,agent_proposed,unqualified,,budget-period|budget-personnel|money-and-effort-primitives|subaward-budget-collection,string,,,https://apply07.grants.gov/apply/forms/schemas/RR_MP_Budget_3_0-V3.0.xsd,8ee3867971d4030582ff4c4cd906cd1a086c2d2491fb6f05b33cdd07ae435846,sha256:8ee3867971d4030582ff4c4cd906cd1a086c2d2491fb6f05b33cdd07ae435846,false
RRMPBudget,[Draft] Research & Related Multi-Project Budget Form,3.0,budget_year[].other_personnel.secretarial_clerical.funds_requested,RR_MP_Budget_3_0.BudgetYear.OtherPersonnel.SecretarialClerical.FundsRequested,FundsRequested,question,question-candidate:sha256:2964d3cdf93a236bf75f57ee25baa742e6d12a877c7d4471dd818216e330b8fa,question-candidate:sha256:2964d3cdf93a236bf75f57ee25baa742e6d12a877c7d4471dd818216e330b8fa,question:sha256:a8f995dab73908b0582ef8fb4fc7582ee4d2c4dc6e929b18b58ac811ffe51bbc,agent_proposed,unqualified,,budget-period|budget-personnel|money-and-effort-primitives|subaward-budget-collection,string,,,https://apply07.grants.gov/apply/forms/schemas/RR_MP_Budget_3_0-V3.0.xsd,8ee3867971d4030582ff4c4cd906cd1a086c2d2491fb6f05b33cdd07ae435846,sha256:8ee3867971d4030582ff4c4cd906cd1a086c2d2491fb6f05b33cdd07ae435846,false
RRMPBudget,[Draft] Research & Related Multi-Project Budget Form,3.0,budget_year[].other_personnel.secretarial_clerical.number_of_personnel,RR_MP_Budget_3_0.BudgetYear.OtherPersonnel.SecretarialClerical.NumberOfPersonnel,NumberOfPersonnel,question,question-candidate:sha256:861f394baa4062bff418b6aa549b0e9883fba6668e0b62c4bac22e422d1db8e9,question-candidate:sha256:861f394baa4062bff418b6aa549b0e9883fba6668e0b62c4bac22e422d1db8e9,question:sha256:9cfa2147c020992758f4e9a70e155311a15058120a7b9f2fb08eb5e666a28cf2,agent_proposed,unqualified,,budget-period|budget-personnel|subaward-budget-collection,integer,,,https://apply07.grants.gov/apply/forms/schemas/RR_MP_Budget_3_0-V3.0.xsd,8ee3867971d4030582ff4c4cd906cd1a086c2d2491fb6f05b33cdd07ae435846,sha256:8ee3867971d4030582ff4c4cd906cd1a086c2d2491fb6f05b33cdd07ae435846,false
RRMPBudget,[Draft] Research & Related Multi-Project Budget Form,3.0,budget_year[].other_personnel.secretarial_clerical.project_role,RR_MP_Budget_3_0.BudgetYear.OtherPersonnel.SecretarialClerical.ProjectRole,ProjectRole,question,question-candidate:sha256:3a2ffa9d508640311f7da91e2dd9aa387328ee79dbc256962a20970cfde28ea9,question-candidate:sha256:3a2ffa9d508640311f7da91e2dd9aa387328ee79dbc256962a20970cfde28ea9,question:sha256:a1dd09c589499af0dde606488e8496cd008662d7ae678576cfeb56e73aa7f3a7,agent_proposed,unqualified,,budget-period|budget-personnel|project-role|subaward-budget-collection,string,,,https://apply07.grants.gov/apply/forms/schemas/RR_MP_Budget_3_0-V3.0.xsd,8ee3867971d4030582ff4c4cd906cd1a086c2d2491fb6f05b33cdd07ae435846,sha256:8ee3867971d4030582ff4c4cd906cd1a086c2d2491fb6f05b33cdd07ae435846,false
RRMPBudget,[Draft] Research & Related Multi-Project Budget Form,3.0,budget_year[].other_personnel.secretarial_clerical.requested_salary,RR_MP_Budget_3_0.BudgetYear.OtherPersonnel.SecretarialClerical.RequestedSalary,RequestedSalary,question,question-candidate:sha256:26594d221db186719cf65f55c3e684e12e3c02d181093ba59c808ee368f43daf,question-candidate:sha256:26594d221db186719cf65f55c3e684e12e3c02d181093ba59c808ee368f43daf,question:sha256:556a3527dfa5efd546e6ca8fb7950329d35cee1260b5e3a8455ab8f0f45cecc6,agent_proposed,unqualified,,budget-period|budget-personnel|money-and-effort-primitives|subaward-budget-collection,string,,,https://apply07.grants.gov/apply/forms/schemas/RR_MP_Budget_3_0-V3.0.xsd,8ee3867971d4030582ff4c4cd906cd1a086c2d2491fb6f05b33cdd07ae435846,sha256:8ee3867971d4030582ff4c4cd906cd1a086c2d2491fb6f05b33cdd07ae435846,false
RRMPBudget,[Draft] Research & Related Multi-Project Budget Form,3.0,budget_year[].other_personnel.secretarial_clerical.summer_months,RR_MP_Budget_3_0.BudgetYear.OtherPersonnel.SecretarialClerical.SummerMonths,SummerMonths,question,question-candidate:sha256:0b5185b2779cbb8aa43c27a6849e752a6f2f6e303100bf958bade358a61c0afa,question-candidate:sha256:0b5185b2779cbb8aa43c27a6849e752a6f2f6e303100bf958bade358a61c0afa,question:sha256:999269a1c03571160a86ea4751779ddf8dc0d599481ac0b0908e736905e715af,agent_proposed,unqualified,,budget-period|budget-personnel|money-and-effort-primitives|subaward-budget-collection,string,,,https://apply07.grants.gov/apply/forms/schemas/RR_MP_Budget_3_0-V3.0.xsd,8ee3867971d4030582ff4c4cd906cd1a086c2d2491fb6f05b33cdd07ae435846,sha256:8ee3867971d4030582ff4c4cd906cd1a086c2d2491fb6f05b33cdd07ae435846,false
RRMPBudget,[Draft] Research & Related Multi-Project Budget Form,3.0,budget_year[].other_personnel.total_other_personnel_fund,RR_MP_Budget_3_0.BudgetYear.OtherPersonnel.TotalOtherPersonnelFund,TotalOtherPersonnelFund,question,question-candidate:sha256:e5933be6ed2fff6864ad91c854c22717fc181db270ea265bdac7d41b92dc0aa3,question-candidate:sha256:e5933be6ed2fff6864ad91c854c22717fc181db270ea265bdac7d41b92dc0aa3,question:sha256:17355157f0b0d84adbd99509913ea51b9a743ccb737f91d584a7d2cf3b5ffb09,agent_proposed,unqualified,,budget-period|budget-personnel|subaward-budget-collection,string,,,https://apply07.grants.gov/apply/forms/schemas/RR_MP_Budget_3_0-V3.0.xsd,8ee3867971d4030582ff4c4cd906cd1a086c2d2491fb6f05b33cdd07ae435846,sha256:8ee3867971d4030582ff4c4cd906cd1a086c2d2491fb6f05b33cdd07ae435846,false
RRMPBudget,[Draft] Research & Related Multi-Project Budget Form,3.0,budget_year[].other_personnel.undergraduate_students.academic_months,RR_MP_Budget_3_0.BudgetYear.OtherPersonnel.UndergraduateStudents.AcademicMonths,AcademicMonths,question,question-candidate:sha256:38aa502b9bca399d052e5a98d1d5c7ce9beab71c4da7cc6f04ba0c5b60e3ea41,question-candidate:sha256:38aa502b9bca399d052e5a98d1d5c7ce9beab71c4da7cc6f04ba0c5b60e3ea41,question:sha256:f56f9b6c08df8cca85929398bb9c9a1d8841c2c57ccf4c469b6741da6b7c51b3,agent_proposed,unqualified,,budget-period|budget-personnel|money-and-effort-primitives|subaward-budget-collection,string,,,https://apply07.grants.gov/apply/forms/schemas/RR_MP_Budget_3_0-V3.0.xsd,8ee3867971d4030582ff4c4cd906cd1a086c2d2491fb6f05b33cdd07ae435846,sha256:8ee3867971d4030582ff4c4cd906cd1a086c2d2491fb6f05b33cdd07ae435846,false
RRMPBudget,[Draft] Research & Related Multi-Project Budget Form,3.0,budget_year[].other_personnel.undergraduate_students.calendar_months,RR_MP_Budget_3_0.BudgetYear.OtherPersonnel.UndergraduateStudents.CalendarMonths,CalendarMonths,question,question-candidate:sha256:d81696345ed263e6f8f992cfb356dbc5ad1ac1b701ae3565161e663d8b629ec9,question-candidate:sha256:d81696345ed263e6f8f992cfb356dbc5ad1ac1b701ae3565161e663d8b629ec9,question:sha256:8604ec4f6537ae7644a8c579b7d7e5f3c1b86d790de9d1205269732d4d1a6e92,agent_proposed,unqualified,,budget-period|budget-personnel|money-and-effort-primitives|subaward-budget-collection,string,,,https://apply07.grants.gov/apply/forms/schemas/RR_MP_Budget_3_0-V3.0.xsd,8ee3867971d4030582ff4c4cd906cd1a086c2d2491fb6f05b33cdd07ae435846,sha256:8ee3867971d4030582ff4c4cd906cd1a086c2d2491fb6f05b33cdd07ae435846,false
RRMPBudget,[Draft] Research & Related Multi-Project Budget Form,3.0,budget_year[].other_personnel.undergraduate_students.fringe_benefits,RR_MP_Budget_3_0.BudgetYear.OtherPersonnel.UndergraduateStudents.FringeBenefits,FringeBenefits,question,question-candidate:sha256:9ca075e61c3f41a0b1876e0cabe46df79f943572b3a5b67f20a06b0466bf3e26,question-candidate:sha256:9ca075e61c3f41a0b1876e0cabe46df79f943572b3a5b67f20a06b0466bf3e26,question:sha256:e2661a2fe1a8c903317d0c4642af64bd6a18b1f11eaf35c9e374e159b70c44d5,agent_proposed,unqualified,,budget-period|budget-personnel|money-and-effort-primitives|subaward-budget-collection,string,,,https://apply07.grants.gov/apply/forms/schemas/RR_MP_Budget_3_0-V3.0.xsd,8ee3867971d4030582ff4c4cd906cd1a086c2d2491fb6f05b33cdd07ae435846,sha256:8ee3867971d4030582ff4c4cd906cd1a086c2d2491fb6f05b33cdd07ae435846,false
RRMPBudget,[Draft] Research & Related Multi-Project Budget Form,3.0,budget_year[].other_personnel.undergraduate_students.funds_requested,RR_MP_Budget_3_0.BudgetYear.OtherPersonnel.UndergraduateStudents.FundsRequested,FundsRequested,question,question-candidate:sha256:2964d3cdf93a236bf75f57ee25baa742e6d12a877c7d4471dd818216e330b8fa,question-candidate:sha256:2964d3cdf93a236bf75f57ee25baa742e6d12a877c7d4471dd818216e330b8fa,question:sha256:57e08e3351f088915c5d86a7b9cec172d018c97f838b04498f6604375ed43683,agent_proposed,unqualified,,budget-period|budget-personnel|money-and-effort-primitives|subaward-budget-collection,string,,,https://apply07.grants.gov/apply/forms/schemas/RR_MP_Budget_3_0-V3.0.xsd,8ee3867971d4030582ff4c4cd906cd1a086c2d2491fb6f05b33cdd07ae435846,sha256:8ee3867971d4030582ff4c4cd906cd1a086c2d2491fb6f05b33cdd07ae435846,false
RRMPBudget,[Draft] Research & Related Multi-Project Budget Form,3.0,budget_year[].other_personnel.undergraduate_students.number_of_personnel,RR_MP_Budget_3_0.BudgetYear.OtherPersonnel.UndergraduateStudents.NumberOfPersonnel,NumberOfPersonnel,question,question-candidate:sha256:861f394baa4062bff418b6aa549b0e9883fba6668e0b62c4bac22e422d1db8e9,question-candidate:sha256:861f394baa4062bff418b6aa549b0e9883fba6668e0b62c4bac22e422d1db8e9,question:sha256:0882bd1087efa5187f7d965fce0b0478650eae7e32f151d7081f962e81198d6d,agent_proposed,unqualified,,budget-period|budget-personnel|subaward-budget-collection,integer,,,https://apply07.grants.gov/apply/forms/schemas/RR_MP_Budget_3_0-V3.0.xsd,8ee3867971d4030582ff4c4cd906cd1a086c2d2491fb6f05b33cdd07ae435846,sha256:8ee3867971d4030582ff4c4cd906cd1a086c2d2491fb6f05b33cdd07ae435846,false
RRMPBudget,[Draft] Research & Related Multi-Project Budget Form,3.0,budget_year[].other_personnel.undergraduate_students.project_role,RR_MP_Budget_3_0.BudgetYear.OtherPersonnel.UndergraduateStudents.ProjectRole,ProjectRole,question,question-candidate:sha256:3a2ffa9d508640311f7da91e2dd9aa387328ee79dbc256962a20970cfde28ea9,question-candidate:sha256:3a2ffa9d508640311f7da91e2dd9aa387328ee79dbc256962a20970cfde28ea9,question:sha256:16da2b88f7a28c0ba97d47b7c7b6606b44a3abd3b825536c91dc63a4fb762b3d,agent_proposed,unqualified,,budget-period|budget-personnel|project-role|subaward-budget-collection,string,,,https://apply07.grants.gov/apply/forms/schemas/RR_MP_Budget_3_0-V3.0.xsd,8ee3867971d4030582ff4c4cd906cd1a086c2d2491fb6f05b33cdd07ae435846,sha256:8ee3867971d4030582ff4c4cd906cd1a086c2d2491fb6f05b33cdd07ae435846,false
RRMPBudget,[Draft] Research & Related Multi-Project Budget Form,3.0,budget_year[].other_personnel.undergraduate_students.requested_salary,RR_MP_Budget_3_0.BudgetYear.OtherPersonnel.UndergraduateStudents.RequestedSalary,RequestedSalary,question,question-candidate:sha256:26594d221db186719cf65f55c3e684e12e3c02d181093ba59c808ee368f43daf,question-candidate:sha256:26594d221db186719cf65f55c3e684e12e3c02d181093ba59c808ee368f43daf,question:sha256:c25d3822a214d409bcb4c27d3711c350c974ab2c473091735bb0c4eec9a22d35,agent_proposed,unqualified,,budget-period|budget-personnel|money-and-effort-primitives|subaward-budget-collection,string,,,https://apply07.grants.gov/apply/forms/schemas/RR_MP_Budget_3_0-V3.0.xsd,8ee3867971d4030582ff4c4cd906cd1a086c2d2491fb6f05b33cdd07ae435846,sha256:8ee3867971d4030582ff4c4cd906cd1a086c2d2491fb6f05b33cdd07ae435846,false
RRMPBudget,[Draft] Research & Related Multi-Project Budget Form,3.0,budget_year[].other_personnel.undergraduate_students.summer_months,RR_MP_Budget_3_0.BudgetYear.OtherPersonnel.UndergraduateStudents.SummerMonths,SummerMonths,question,question-candidate:sha256:0b5185b2779cbb8aa43c27a6849e752a6f2f6e303100bf958bade358a61c0afa,question-candidate:sha256:0b5185b2779cbb8aa43c27a6849e752a6f2f6e303100bf958bade358a61c0afa,question:sha256:3ffb248e249817d496f503a4233d62463fbb385b039fc6795cd55eb8003d4bb1,agent_proposed,unqualified,,budget-period|budget-personnel|money-and-effort-primitives|subaward-budget-collection,string,,,https://apply07.grants.gov/apply/forms/schemas/RR_MP_Budget_3_0-V3.0.xsd,8ee3867971d4030582ff4c4cd906cd1a086c2d2491fb6f05b33cdd07ae435846,sha256:8ee3867971d4030582ff4c4cd906cd1a086c2d2491fb6f05b33cdd07ae435846,false
RRMPBudget,[Draft] Research & Related Multi-Project Budget Form,3.0,budget_year[].participant_trainee_support_costs.other.cost,RR_MP_Budget_3_0.BudgetYear.ParticipantTraineeSupportCosts.Other.Cost,Cost,question,question-candidate:sha256:e7168193f97ab2d457b1075bab8513ad3a0863dfd52a673f2a84be738c072455,question-candidate:sha256:e7168193f97ab2d457b1075bab8513ad3a0863dfd52a673f2a84be738c072455,question:sha256:a4cf21ed541b46566db87c8101affa53e525266b5ab8e45ae8ef6a94cd7ed685,agent_proposed,unqualified,,budget-participant-support|budget-period|subaward-budget-collection,string,,,https://apply07.grants.gov/apply/forms/schemas/RR_MP_Budget_3_0-V3.0.xsd,8ee3867971d4030582ff4c4cd906cd1a086c2d2491fb6f05b33cdd07ae435846,sha256:8ee3867971d4030582ff4c4cd906cd1a086c2d2491fb6f05b33cdd07ae435846,false
RRMPBudget,[Draft] Research & Related Multi-Project Budget Form,3.0,budget_year[].participant_trainee_support_costs.other.description,RR_MP_Budget_3_0.BudgetYear.ParticipantTraineeSupportCosts.Other.Description,Description,question,question-candidate:sha256:cc8369e2c62efafd05daa652c21038ac04fbf89f19fead813bee4fc3627e5396,question-candidate:sha256:cc8369e2c62efafd05daa652c21038ac04fbf89f19fead813bee4fc3627e5396,question:sha256:39b92452375b17ff5a4caf2e6e93fc8e0c3b911e8ad8b690a7034ec238fd7c55,agent_proposed,unqualified,,budget-participant-support|budget-period|subaward-budget-collection,string,,,https://apply07.grants.gov/apply/forms/schemas/RR_MP_Budget_3_0-V3.0.xsd,8ee3867971d4030582ff4c4cd906cd1a086c2d2491fb6f05b33cdd07ae435846,sha256:8ee3867971d4030582ff4c4cd906cd1a086c2d2491fb6f05b33cdd07ae435846,false
RRMPBudget,[Draft] Research & Related Multi-Project Budget Form,3.0,budget_year[].participant_trainee_support_costs.participant_trainee_number,RR_MP_Budget_3_0.BudgetYear.ParticipantTraineeSupportCosts.ParticipantTraineeNumber,ParticipantTraineeNumber,question,question-candidate:sha256:0d2efd66463395eadd5365d212cf3454904285b8206b67340daa3b82f20c9822,question-candidate:sha256:0d2efd66463395eadd5365d212cf3454904285b8206b67340daa3b82f20c9822,question:sha256:a64324fed9dec452131212be02485b90266fb485f890e0a7c3e85cc713744846,agent_proposed,unqualified,,budget-participant-support|budget-period|subaward-budget-collection,integer,,,https://apply07.grants.gov/apply/forms/schemas/RR_MP_Budget_3_0-V3.0.xsd,8ee3867971d4030582ff4c4cd906cd1a086c2d2491fb6f05b33cdd07ae435846,sha256:8ee3867971d4030582ff4c4cd906cd1a086c2d2491fb6f05b33cdd07ae435846,false
RRMPBudget,[Draft] Research & Related Multi-Project Budget Form,3.0,budget_year[].participant_trainee_support_costs.stipends,RR_MP_Budget_3_0.BudgetYear.ParticipantTraineeSupportCosts.Stipends,Stipends,question,question-candidate:sha256:0ad9e8459a9b1f7be778e5c32be406e34407ad500f1077cac49c86e3b57197ca,question-candidate:sha256:0ad9e8459a9b1f7be778e5c32be406e34407ad500f1077cac49c86e3b57197ca,question:sha256:064a19049c979ca0d01c86ba8e7d6a8d21a5598071d443645d09f44a2aab16ea,agent_proposed,unqualified,,budget-participant-support|budget-period|subaward-budget-collection,string,,,https://apply07.grants.gov/apply/forms/schemas/RR_MP_Budget_3_0-V3.0.xsd,8ee3867971d4030582ff4c4cd906cd1a086c2d2491fb6f05b33cdd07ae435846,sha256:8ee3867971d4030582ff4c4cd906cd1a086c2d2491fb6f05b33cdd07ae435846,false
RRMPBudget,[Draft] Research & Related Multi-Project Budget Form,3.0,budget_year[].participant_trainee_support_costs.subsistence,RR_MP_Budget_3_0.BudgetYear.ParticipantTraineeSupportCosts.Subsistence,Subsistence,question,question-candidate:sha256:20671ff88eac0b47e25fcc9211e44789412939231b03c3e174aeb07d71e5fe22,question-candidate:sha256:20671ff88eac0b47e25fcc9211e44789412939231b03c3e174aeb07d71e5fe22,question:sha256:7729e6ad1ed85f15437fa1559e03da554bb906be1c843fe6fbd27adf78e2a609,agent_proposed,unqualified,,budget-participant-support|budget-period|subaward-budget-collection,string,,,https://apply07.grants.gov/apply/forms/schemas/RR_MP_Budget_3_0-V3.0.xsd,8ee3867971d4030582ff4c4cd906cd1a086c2d2491fb6f05b33cdd07ae435846,sha256:8ee3867971d4030582ff4c4cd906cd1a086c2d2491fb6f05b33cdd07ae435846,false
RRMPBudget,[Draft] Research & Related Multi-Project Budget Form,3.0,budget_year[].participant_trainee_support_costs.total_cost,RR_MP_Budget_3_0.BudgetYear.ParticipantTraineeSupportCosts.TotalCost,TotalCost,calculation,,question-candidate:sha256:23225533a36d2ef97d2b5d298ec52e1e112d8e142ff8080666e68c6bbb4298d2,question:sha256:d8b7a3b0c973c857dbe66ffe8dfdf7f7fb4c24ee6ada19c3fc8f153d7a2fbb22,excluded_non_question,unqualified,,budget-calculation|budget-participant-support|budget-period|subaward-budget-collection,string,,,https://apply07.grants.gov/apply/forms/schemas/RR_MP_Budget_3_0-V3.0.xsd,8ee3867971d4030582ff4c4cd906cd1a086c2d2491fb6f05b33cdd07ae435846,sha256:8ee3867971d4030582ff4c4cd906cd1a086c2d2491fb6f05b33cdd07ae435846,false
RRMPBudget,[Draft] Research & Related Multi-Project Budget Form,3.0,budget_year[].participant_trainee_support_costs.travel,RR_MP_Budget_3_0.BudgetYear.ParticipantTraineeSupportCosts.Travel,Travel,question,question-candidate:sha256:cba1b4399c28434d0671c5c6585f65dd023b586cc4f4b18683ba52086af241e9,question-candidate:sha256:cba1b4399c28434d0671c5c6585f65dd023b586cc4f4b18683ba52086af241e9,question:sha256:45d98f353c434e326af5906b1f7ef7a3ebeeeb641a999c638f1fd0632696fd75,agent_proposed,unqualified,,budget-participant-support|budget-period|budget-travel|subaward-budget-collection,string,,,https://apply07.grants.gov/apply/forms/schemas/RR_MP_Budget_3_0-V3.0.xsd,8ee3867971d4030582ff4c4cd906cd1a086c2d2491fb6f05b33cdd07ae435846,sha256:8ee3867971d4030582ff4c4cd906cd1a086c2d2491fb6f05b33cdd07ae435846,false
RRMPBudget,[Draft] Research & Related Multi-Project Budget Form,3.0,budget_year[].participant_trainee_support_costs.tuition_fee_health_insurance,RR_MP_Budget_3_0.BudgetYear.ParticipantTraineeSupportCosts.TuitionFeeHealthInsurance,TuitionFeeHealthInsurance,question,question-candidate:sha256:b7779fb47012cc9a24bd4ad774eb8398aa7d969ede5b9cf731579ba70d003333,question-candidate:sha256:b7779fb47012cc9a24bd4ad774eb8398aa7d969ede5b9cf731579ba70d003333,question:sha256:d71185b777397d7a5cde2858177792adad79ae337c26d401521ca300b36b45e3,agent_proposed,unqualified,,budget-participant-support|budget-period|subaward-budget-collection,string,,,https://apply07.grants.gov/apply/forms/schemas/RR_MP_Budget_3_0-V3.0.xsd,8ee3867971d4030582ff4c4cd906cd1a086c2d2491fb6f05b33cdd07ae435846,sha256:8ee3867971d4030582ff4c4cd906cd1a086c2d2491fb6f05b33cdd07ae435846,false
RRMPBudget,[Draft] Research & Related Multi-Project Budget Form,3.0,budget_year[].total_compensation,RR_MP_Budget_3_0.BudgetYear.TotalCompensation,TotalCompensation,question,question-candidate:sha256:4eed3c0b4df79ff712b6ea663301c15c22784d7bb120a839bd8c4db95812eacf,question-candidate:sha256:4eed3c0b4df79ff712b6ea663301c15c22784d7bb120a839bd8c4db95812eacf,question:sha256:0a3315a2f0ad9368a0df3779d600c49242b445c9bbffd4b6624772d134ab3277,agent_proposed,unqualified,,budget-period|subaward-budget-collection,string,,,https://apply07.grants.gov/apply/forms/schemas/RR_MP_Budget_3_0-V3.0.xsd,8ee3867971d4030582ff4c4cd906cd1a086c2d2491fb6f05b33cdd07ae435846,sha256:8ee3867971d4030582ff4c4cd906cd1a086c2d2491fb6f05b33cdd07ae435846,false
RRMPBudget,[Draft] Research & Related Multi-Project Budget Form,3.0,budget_year[].total_costs,RR_MP_Budget_3_0.BudgetYear.TotalCosts,TotalCosts,calculation,,question-candidate:sha256:5f6ef83185c0b01a03c00dbb0f6b734da82e0ba734fa4f45cbad2604598b8e3d,question:sha256:a28dd4344d1266ec29b9d65325bb52fca411beca3822f55aed29ce74148b7b8c,excluded_non_question,unqualified,,budget-calculation|budget-period|subaward-budget-collection,string,,,https://apply07.grants.gov/apply/forms/schemas/RR_MP_Budget_3_0-V3.0.xsd,8ee3867971d4030582ff4c4cd906cd1a086c2d2491fb6f05b33cdd07ae435846,sha256:8ee3867971d4030582ff4c4cd906cd1a086c2d2491fb6f05b33cdd07ae435846,false
RRMPBudget,[Draft] Research & Related Multi-Project Budget Form,3.0,budget_year[].total_costs_fee,RR_MP_Budget_3_0.BudgetYear.TotalCostsFee,TotalCostsFee,calculation,,question-candidate:sha256:4af151d528dd9811b6136971acd695dc21201559d3a00902b7d8d5adadf21af9,question:sha256:9a69cf66d77b6550f26eaa312f872b20fab7264b229d533c69337ee2eb28775d,excluded_non_question,unqualified,,budget-calculation|budget-period|subaward-budget-collection,string,,,https://apply07.grants.gov/apply/forms/schemas/RR_MP_Budget_3_0-V3.0.xsd,8ee3867971d4030582ff4c4cd906cd1a086c2d2491fb6f05b33cdd07ae435846,sha256:8ee3867971d4030582ff4c4cd906cd1a086c2d2491fb6f05b33cdd07ae435846,false
RRMPBudget,[Draft] Research & Related Multi-Project Budget Form,3.0,budget_year[].travel.domestic_travel_cost,RR_MP_Budget_3_0.BudgetYear.Travel.DomesticTravelCost,DomesticTravelCost,question,question-candidate:sha256:a377a675d31d36b13cd8a793f405812d1845d528469142f9b9fd2c30cb68aa38,question-candidate:sha256:a377a675d31d36b13cd8a793f405812d1845d528469142f9b9fd2c30cb68aa38,question:sha256:01b20ceccbfa0d64d1ef6a6bad04b9a2dce9d1c555135cf447ab0f878c08bc80,agent_proposed,unqualified,,budget-period|budget-travel|subaward-budget-collection,string,,,https://apply07.grants.gov/apply/forms/schemas/RR_MP_Budget_3_0-V3.0.xsd,8ee3867971d4030582ff4c4cd906cd1a086c2d2491fb6f05b33cdd07ae435846,sha256:8ee3867971d4030582ff4c4cd906cd1a086c2d2491fb6f05b33cdd07ae435846,false
RRMPBudget,[Draft] Research & Related Multi-Project Budget Form,3.0,budget_year[].travel.foreign_travel_cost,RR_MP_Budget_3_0.BudgetYear.Travel.ForeignTravelCost,ForeignTravelCost,question,question-candidate:sha256:b438e1ddfc11c11421dd952f1ab4508a3ae5745f09a0f821ec847cec700b9cf6,question-candidate:sha256:b438e1ddfc11c11421dd952f1ab4508a3ae5745f09a0f821ec847cec700b9cf6,question:sha256:369815a35633619f4208526be12527e54b72780cbeed4c43f633e4522245acc3,agent_proposed,unqualified,,budget-period|budget-travel|subaward-budget-collection,string,,,https://apply07.grants.gov/apply/forms/schemas/RR_MP_Budget_3_0-V3.0.xsd,8ee3867971d4030582ff4c4cd906cd1a086c2d2491fb6f05b33cdd07ae435846,sha256:8ee3867971d4030582ff4c4cd906cd1a086c2d2491fb6f05b33cdd07ae435846,false
RRMPBudget,[Draft] Research & Related Multi-Project Budget Form,3.0,budget_year[].travel.total_travel_cost,RR_MP_Budget_3_0.BudgetYear.Travel.TotalTravelCost,TotalTravelCost,calculation,,question-candidate:sha256:2fcc64ad5de6f1fca32a01e76d04366fa8e9e0c21885cbfa89c6991ce79ef5a1,question:sha256:3c3747dc64f01e377573d21b3e4f756f872485f8dbf0b018325eb319e0101a2d,excluded_non_question,unqualified,,budget-period|budget-travel|subaward-budget-collection,string,,,https://apply07.grants.gov/apply/forms/schemas/RR_MP_Budget_3_0-V3.0.xsd,8ee3867971d4030582ff4c4cd906cd1a086c2d2491fb6f05b33cdd07ae435846,sha256:8ee3867971d4030582ff4c4cd906cd1a086c2d2491fb6f05b33cdd07ae435846,false
RRMPBudget,[Draft] Research & Related Multi-Project Budget Form,3.0,organization_name,RR_MP_Budget_3_0.OrganizationName,OrganizationName,question,question-candidate:sha256:c8e41173c5c308af0d14aecff1084b4f8e98b3c251e19d018d8deed1af3ea855,question-candidate:sha256:c8e41173c5c308af0d14aecff1084b4f8e98b3c251e19d018d8deed1af3ea855,question:sha256:e1f50fc721eb59dc363503de61b6b406b7060aaa274d104efdb356618b337e49,agent_proposed,unqualified,,budget-header|subaward-budget-collection,string,,,https://apply07.grants.gov/apply/forms/schemas/RR_MP_Budget_3_0-V3.0.xsd,8ee3867971d4030582ff4c4cd906cd1a086c2d2491fb6f05b33cdd07ae435846,sha256:8ee3867971d4030582ff4c4cd906cd1a086c2d2491fb6f05b33cdd07ae435846,false
RRMPBudget,[Draft] Research & Related Multi-Project Budget Form,3.0,samuei,RR_MP_Budget_3_0.SAMUEI,SAMUEI,question,question-candidate:sha256:691dba6ccc46d003814e438e9ac238b57b15034651e397fb8680071d572e0d71,question-candidate:sha256:691dba6ccc46d003814e438e9ac238b57b15034651e397fb8680071d572e0d71,question:sha256:a459a73814ba6a67ec87bad4601719b08f35eb8af3acbbcb5991eadeedecec88,agent_proposed,unqualified,,budget-header|subaward-budget-collection,string,,,https://apply07.grants.gov/apply/forms/schemas/RR_MP_Budget_3_0-V3.0.xsd,8ee3867971d4030582ff4c4cd906cd1a086c2d2491fb6f05b33cdd07ae435846,sha256:8ee3867971d4030582ff4c4cd906cd1a086c2d2491fb6f05b33cdd07ae435846,false
RRMPSubawardBudget,[Draft] Research & Related Multi-Project Subaward Budget Attachment(s) Form,3.0,att_1,RR_MP_SubawardBudget_3_0.ATT1,ATT1,technical_field,,question-candidate:sha256:c1efae39e3dd84639074287c86ed34e2268707238ae2838a67deff29cc683925,question:sha256:94817d06ff083c862c51d893e06e73f83ec9c224688b7aa2cc0e98f866916ae8,excluded_non_question,subaward_organization,,subaward-budget-collection,string,,,https://apply07.grants.gov/apply/forms/schemas/RR_MP_SubawardBudget_3_0-V3.0.xsd,20dce5b3498c809727892ee6cb837db223d687564c5829d94fe481367b7815c4,sha256:20dce5b3498c809727892ee6cb837db223d687564c5829d94fe481367b7815c4,false
RRMPSubawardBudget,[Draft] Research & Related Multi-Project Subaward Budget Attachment(s) Form,3.0,att_10,RR_MP_SubawardBudget_3_0.ATT10,ATT10,technical_field,,question-candidate:sha256:18a435320283ddd83a14a542f3ab5597fa1ffa993016352b806b928217f3e4b3,question:sha256:703e6272fd21b51df3a19648fe9568b8924f573ab94d45c8b08771e74fb675b0,excluded_non_question,subaward_organization,,subaward-budget-collection,string,,,https://apply07.grants.gov/apply/forms/schemas/RR_MP_SubawardBudget_3_0-V3.0.xsd,20dce5b3498c809727892ee6cb837db223d687564c5829d94fe481367b7815c4,sha256:20dce5b3498c809727892ee6cb837db223d687564c5829d94fe481367b7815c4,false
RRMPSubawardBudget,[Draft] Research & Related Multi-Project Subaward Budget Attachment(s) Form,3.0,att_11,RR_MP_SubawardBudget_3_0.ATT11,ATT11,technical_field,,question-candidate:sha256:7863bbcfeb9726889eb5c836c50a7da188d75520e587bf92ca2b034f9d3dfe4e,question:sha256:f5cdb7c350e12febb09ac676616bf7c719c338db9c6c7781fee3f9b7528d3d89,excluded_non_question,subaward_organization,,subaward-budget-collection,string,,,https://apply07.grants.gov/apply/forms/schemas/RR_MP_SubawardBudget_3_0-V3.0.xsd,20dce5b3498c809727892ee6cb837db223d687564c5829d94fe481367b7815c4,sha256:20dce5b3498c809727892ee6cb837db223d687564c5829d94fe481367b7815c4,false
RRMPSubawardBudget,[Draft] Research & Related Multi-Project Subaward Budget Attachment(s) Form,3.0,att_12,RR_MP_SubawardBudget_3_0.ATT12,ATT12,technical_field,,question-candidate:sha256:355f8a3fdba2eb8acb044fc16c0921d24fa3abe103c39ffecd21c45118441fe5,question:sha256:07d66654cf578d303ff4d0ef95b8bddb085f540a7a44515065fd4f7fca9f5d94,excluded_non_question,subaward_organization,,subaward-budget-collection,string,,,https://apply07.grants.gov/apply/forms/schemas/RR_MP_SubawardBudget_3_0-V3.0.xsd,20dce5b3498c809727892ee6cb837db223d687564c5829d94fe481367b7815c4,sha256:20dce5b3498c809727892ee6cb837db223d687564c5829d94fe481367b7815c4,false
RRMPSubawardBudget,[Draft] Research & Related Multi-Project Subaward Budget Attachment(s) Form,3.0,att_13,RR_MP_SubawardBudget_3_0.ATT13,ATT13,technical_field,,question-candidate:sha256:228722d7abe78f90489e0ca46f1bab6eb5287cf8ab150b927032dfb45f865494,question:sha256:f6c9367484f0d7ad42f34eb39ccea16b605790d60811f90010df3b79aedb742d,excluded_non_question,subaward_organization,,subaward-budget-collection,string,,,https://apply07.grants.gov/apply/forms/schemas/RR_MP_SubawardBudget_3_0-V3.0.xsd,20dce5b3498c809727892ee6cb837db223d687564c5829d94fe481367b7815c4,sha256:20dce5b3498c809727892ee6cb837db223d687564c5829d94fe481367b7815c4,false
RRMPSubawardBudget,[Draft] Research & Related Multi-Project Subaward Budget Attachment(s) Form,3.0,att_14,RR_MP_SubawardBudget_3_0.ATT14,ATT14,technical_field,,question-candidate:sha256:6855df1162f80e6c3a4d332516d813152aeed7dcc3bc0714e5705782e086d6e0,question:sha256:eb9bbeb3464e8d8fc0f48417c70fffeea2031402bf11e2e51f303a6590a676b4,excluded_non_question,subaward_organization,,subaward-budget-collection,string,,,https://apply07.grants.gov/apply/forms/schemas/RR_MP_SubawardBudget_3_0-V3.0.xsd,20dce5b3498c809727892ee6cb837db223d687564c5829d94fe481367b7815c4,sha256:20dce5b3498c809727892ee6cb837db223d687564c5829d94fe481367b7815c4,false
RRMPSubawardBudget,[Draft] Research & Related Multi-Project Subaward Budget Attachment(s) Form,3.0,att_15,RR_MP_SubawardBudget_3_0.ATT15,ATT15,technical_field,,question-candidate:sha256:7bcaf8543a6d885a37736371482bff6fbc1ef232319e71554cefeb489be231bf,question:sha256:1325279537b0da4b695a77f4fb5fc80f4083eef2d1568e2a070a04ab76c7452b,excluded_non_question,subaward_organization,,subaward-budget-collection,string,,,https://apply07.grants.gov/apply/forms/schemas/RR_MP_SubawardBudget_3_0-V3.0.xsd,20dce5b3498c809727892ee6cb837db223d687564c5829d94fe481367b7815c4,sha256:20dce5b3498c809727892ee6cb837db223d687564c5829d94fe481367b7815c4,false
RRMPSubawardBudget,[Draft] Research & Related Multi-Project Subaward Budget Attachment(s) Form,3.0,att_16,RR_MP_SubawardBudget_3_0.ATT16,ATT16,technical_field,,question-candidate:sha256:5b1ddc820cdb1ae52bc02ace0471f46213de1c597a01860de83673fadbeabd8b,question:sha256:8d9dc104b3fc3f4395b38c714d77b433e262947c40d7b03629ac561e6ee97934,excluded_non_question,subaward_organization,,subaward-budget-collection,string,,,https://apply07.grants.gov/apply/forms/schemas/RR_MP_SubawardBudget_3_0-V3.0.xsd,20dce5b3498c809727892ee6cb837db223d687564c5829d94fe481367b7815c4,sha256:20dce5b3498c809727892ee6cb837db223d687564c5829d94fe481367b7815c4,false
RRMPSubawardBudget,[Draft] Research & Related Multi-Project Subaward Budget Attachment(s) Form,3.0,att_17,RR_MP_SubawardBudget_3_0.ATT17,ATT17,technical_field,,question-candidate:sha256:f52543162b6b94441277d976408d607606cadf3931338ef1a5d4b39d6d8c33a5,question:sha256:029392a5fdb7191e98e327f364d444a83acb4663291f953fa0da17a934d12e89,excluded_non_question,subaward_organization,,subaward-budget-collection,string,,,https://apply07.grants.gov/apply/forms/schemas/RR_MP_SubawardBudget_3_0-V3.0.xsd,20dce5b3498c809727892ee6cb837db223d687564c5829d94fe481367b7815c4,sha256:20dce5b3498c809727892ee6cb837db223d687564c5829d94fe481367b7815c4,false
RRMPSubawardBudget,[Draft] Research & Related Multi-Project Subaward Budget Attachment(s) Form,3.0,att_18,RR_MP_SubawardBudget_3_0.ATT18,ATT18,technical_field,,question-candidate:sha256:368b9f298fdb88304c0288052dbce85673527dc39c4bc33e0849ff4068dca5fa,question:sha256:8cdbdabd66bfaeb12c59be5bfa15987e80b2c507a686bf84b1bd931f696eab49,excluded_non_question,subaward_organization,,subaward-budget-collection,string,,,https://apply07.grants.gov/apply/forms/schemas/RR_MP_SubawardBudget_3_0-V3.0.xsd,20dce5b3498c809727892ee6cb837db223d687564c5829d94fe481367b7815c4,sha256:20dce5b3498c809727892ee6cb837db223d687564c5829d94fe481367b7815c4,false
RRMPSubawardBudget,[Draft] Research & Related Multi-Project Subaward Budget Attachment(s) Form,3.0,att_19,RR_MP_SubawardBudget_3_0.ATT19,ATT19,technical_field,,question-candidate:sha256:2b467638e95779012c808069e1aa8a5473be79cebe285db48887e1a69e983321,question:sha256:20112d14c2e58641c06cb0c6633daaf024045d59ea3f10ca91354d441809c1f4,excluded_non_question,subaward_organization,,subaward-budget-collection,string,,,https://apply07.grants.gov/apply/forms/schemas/RR_MP_SubawardBudget_3_0-V3.0.xsd,20dce5b3498c809727892ee6cb837db223d687564c5829d94fe481367b7815c4,sha256:20dce5b3498c809727892ee6cb837db223d687564c5829d94fe481367b7815c4,false
RRMPSubawardBudget,[Draft] Research & Related Multi-Project Subaward Budget Attachment(s) Form,3.0,att_2,RR_MP_SubawardBudget_3_0.ATT2,ATT2,technical_field,,question-candidate:sha256:91220d2db70135ff65e711652909bedf44f3fe46d8f3bc8ba3b99cf7f73b8323,question:sha256:b6108b46c990e4311d7995dfb40eb67479cc4ccae363e6b8edff14fdecabf4b9,excluded_non_question,subaward_organization,,subaward-budget-collection,string,,,https://apply07.grants.gov/apply/forms/schemas/RR_MP_SubawardBudget_3_0-V3.0.xsd,20dce5b3498c809727892ee6cb837db223d687564c5829d94fe481367b7815c4,sha256:20dce5b3498c809727892ee6cb837db223d687564c5829d94fe481367b7815c4,false
RRMPSubawardBudget,[Draft] Research & Related Multi-Project Subaward Budget Attachment(s) Form,3.0,att_20,RR_MP_SubawardBudget_3_0.ATT20,ATT20,technical_field,,question-candidate:sha256:1010140a12dd7e7f6a2810575ee389bb37e90e158698b7e1da9de0e0b483c3c5,question:sha256:06ac58bb0b857eff01eeb0b540122384dd0b7b0e3eb7ad82795a8dff7fc8c823,excluded_non_question,subaward_organization,,subaward-budget-collection,string,,,https://apply07.grants.gov/apply/forms/schemas/RR_MP_SubawardBudget_3_0-V3.0.xsd,20dce5b3498c809727892ee6cb837db223d687564c5829d94fe481367b7815c4,sha256:20dce5b3498c809727892ee6cb837db223d687564c5829d94fe481367b7815c4,false
RRMPSubawardBudget,[Draft] Research & Related Multi-Project Subaward Budget Attachment(s) Form,3.0,att_21,RR_MP_SubawardBudget_3_0.ATT21,ATT21,technical_field,,question-candidate:sha256:26666c11f205a8b9d5d90a557bd9b982436df96e6133c95dd67a0f9efc3bc8a6,question:sha256:d3aac27daf0286f3c05f4882c92b6489961bcf795afe000c57da6ff09eceeb09,excluded_non_question,subaward_organization,,subaward-budget-collection,string,,,https://apply07.grants.gov/apply/forms/schemas/RR_MP_SubawardBudget_3_0-V3.0.xsd,20dce5b3498c809727892ee6cb837db223d687564c5829d94fe481367b7815c4,sha256:20dce5b3498c809727892ee6cb837db223d687564c5829d94fe481367b7815c4,false
RRMPSubawardBudget,[Draft] Research & Related Multi-Project Subaward Budget Attachment(s) Form,3.0,att_22,RR_MP_SubawardBudget_3_0.ATT22,ATT22,technical_field,,question-candidate:sha256:0592704cc9d576201c2ef5ec012e8fb74cb43d693c7fcfcaafc507d673870567,question:sha256:79f5e816c985f3a230129b7f9286345acb977c768f1ba44515eb73d51fceeccf,excluded_non_question,subaward_organization,,subaward-budget-collection,string,,,https://apply07.grants.gov/apply/forms/schemas/RR_MP_SubawardBudget_3_0-V3.0.xsd,20dce5b3498c809727892ee6cb837db223d687564c5829d94fe481367b7815c4,sha256:20dce5b3498c809727892ee6cb837db223d687564c5829d94fe481367b7815c4,false
RRMPSubawardBudget,[Draft] Research & Related Multi-Project Subaward Budget Attachment(s) Form,3.0,att_23,RR_MP_SubawardBudget_3_0.ATT23,ATT23,technical_field,,question-candidate:sha256:44bcdaa97c432d7c92f87b38de69e3aa71e4a87c4e6498b7e3fda956b61c7802,question:sha256:246b66a7d630597c4f6d8cc075ba43741eb4030d7f76b1b7954473514e6b4290,excluded_non_question,subaward_organization,,subaward-budget-collection,string,,,https://apply07.grants.gov/apply/forms/schemas/RR_MP_SubawardBudget_3_0-V3.0.xsd,20dce5b3498c809727892ee6cb837db223d687564c5829d94fe481367b7815c4,sha256:20dce5b3498c809727892ee6cb837db223d687564c5829d94fe481367b7815c4,false
RRMPSubawardBudget,[Draft] Research & Related Multi-Project Subaward Budget Attachment(s) Form,3.0,att_24,RR_MP_SubawardBudget_3_0.ATT24,ATT24,technical_field,,question-candidate:sha256:5429adabcecbce1d449afa8d7743ccf91ed8b5cdba32d139ce0f78979f6b87b2,question:sha256:063a4aa24d9f6cf556058bb448bca30215c6cce11fbda7f84578e81683116665,excluded_non_question,subaward_organization,,subaward-budget-collection,string,,,https://apply07.grants.gov/apply/forms/schemas/RR_MP_SubawardBudget_3_0-V3.0.xsd,20dce5b3498c809727892ee6cb837db223d687564c5829d94fe481367b7815c4,sha256:20dce5b3498c809727892ee6cb837db223d687564c5829d94fe481367b7815c4,false
RRMPSubawardBudget,[Draft] Research & Related Multi-Project Subaward Budget Attachment(s) Form,3.0,att_25,RR_MP_SubawardBudget_3_0.ATT25,ATT25,technical_field,,question-candidate:sha256:2eaa416bb94f5790d03cd1cc0c49e5e4d4984e2d64e83b93be3ffeefea909630,question:sha256:62400cf92ccbd58adb5a60d40286d9136e831434d22aed8e6f78272b6ef81416,excluded_non_question,subaward_organization,,subaward-budget-collection,string,,,https://apply07.grants.gov/apply/forms/schemas/RR_MP_SubawardBudget_3_0-V3.0.xsd,20dce5b3498c809727892ee6cb837db223d687564c5829d94fe481367b7815c4,sha256:20dce5b3498c809727892ee6cb837db223d687564c5829d94fe481367b7815c4,false
RRMPSubawardBudget,[Draft] Research & Related Multi-Project Subaward Budget Attachment(s) Form,3.0,att_26,RR_MP_SubawardBudget_3_0.ATT26,ATT26,technical_field,,question-candidate:sha256:85f6e693032b64b97b094926b7870412c69335c1b37aa5e311670e75b8beb106,question:sha256:4a0233527fc8e05db8585d63f3eaf2ae2e1b71b58147658011218b69a2ed87b9,excluded_non_question,subaward_organization,,subaward-budget-collection,string,,,https://apply07.grants.gov/apply/forms/schemas/RR_MP_SubawardBudget_3_0-V3.0.xsd,20dce5b3498c809727892ee6cb837db223d687564c5829d94fe481367b7815c4,sha256:20dce5b3498c809727892ee6cb837db223d687564c5829d94fe481367b7815c4,false
RRMPSubawardBudget,[Draft] Research & Related Multi-Project Subaward Budget Attachment(s) Form,3.0,att_27,RR_MP_SubawardBudget_3_0.ATT27,ATT27,technical_field,,question-candidate:sha256:1ec93d088b47878547c4174ad3228df6e5080e058c3293d0e740c38a3160efbf,question:sha256:83f0ee05bd2e7d5c7fc42f3e692c9ec4717682f816ea9d6d8534c10b234ee7dc,excluded_non_question,subaward_organization,,subaward-budget-collection,string,,,https://apply07.grants.gov/apply/forms/schemas/RR_MP_SubawardBudget_3_0-V3.0.xsd,20dce5b3498c809727892ee6cb837db223d687564c5829d94fe481367b7815c4,sha256:20dce5b3498c809727892ee6cb837db223d687564c5829d94fe481367b7815c4,false
RRMPSubawardBudget,[Draft] Research & Related Multi-Project Subaward Budget Attachment(s) Form,3.0,att_28,RR_MP_SubawardBudget_3_0.ATT28,ATT28,technical_field,,question-candidate:sha256:ab44630ffdcd5bc76c477afce66d17d125722ae1457b7b566f38a0697c33f949,question:sha256:c337b05e3549e4bc13a48a73b56fa356a89e285b3c49f14b9635c85311b2a056,excluded_non_question,subaward_organization,,subaward-budget-collection,string,,,https://apply07.grants.gov/apply/forms/schemas/RR_MP_SubawardBudget_3_0-V3.0.xsd,20dce5b3498c809727892ee6cb837db223d687564c5829d94fe481367b7815c4,sha256:20dce5b3498c809727892ee6cb837db223d687564c5829d94fe481367b7815c4,false
RRMPSubawardBudget,[Draft] Research & Related Multi-Project Subaward Budget Attachment(s) Form,3.0,att_29,RR_MP_SubawardBudget_3_0.ATT29,ATT29,technical_field,,question-candidate:sha256:a8d673d1bc6b064768a92c37f60b163b51aa440d4a337a41ee079c81ba974d05,question:sha256:898c4788849b7b2e42f182667afa77233504f3746d7fe778de17b301b1d284aa,excluded_non_question,subaward_organization,,subaward-budget-collection,string,,,https://apply07.grants.gov/apply/forms/schemas/RR_MP_SubawardBudget_3_0-V3.0.xsd,20dce5b3498c809727892ee6cb837db223d687564c5829d94fe481367b7815c4,sha256:20dce5b3498c809727892ee6cb837db223d687564c5829d94fe481367b7815c4,false
RRMPSubawardBudget,[Draft] Research & Related Multi-Project Subaward Budget Attachment(s) Form,3.0,att_3,RR_MP_SubawardBudget_3_0.ATT3,ATT3,technical_field,,question-candidate:sha256:eb55975a6900b333fe4863f3d53861bb494ea50fb82d1c98d0d7fb382ab5d1f2,question:sha256:09f8b1dcf819b6bcb3e259257509f516cb89038e01aa94c1839aef2b28d0a19b,excluded_non_question,subaward_organization,,subaward-budget-collection,string,,,https://apply07.grants.gov/apply/forms/schemas/RR_MP_SubawardBudget_3_0-V3.0.xsd,20dce5b3498c809727892ee6cb837db223d687564c5829d94fe481367b7815c4,sha256:20dce5b3498c809727892ee6cb837db223d687564c5829d94fe481367b7815c4,false
RRMPSubawardBudget,[Draft] Research & Related Multi-Project Subaward Budget Attachment(s) Form,3.0,att_30,RR_MP_SubawardBudget_3_0.ATT30,ATT30,technical_field,,question-candidate:sha256:96654bc0e24a64ace5fa01fe88333af3408b66a60449d453e2013e111eb210b1,question:sha256:5e1b045fd43af0b5befa2865334ff5bf813d54683b1c41b2c4d6eef1a2405ae0,excluded_non_question,subaward_organization,,subaward-budget-collection,string,,,https://apply07.grants.gov/apply/forms/schemas/RR_MP_SubawardBudget_3_0-V3.0.xsd,20dce5b3498c809727892ee6cb837db223d687564c5829d94fe481367b7815c4,sha256:20dce5b3498c809727892ee6cb837db223d687564c5829d94fe481367b7815c4,false
RRMPSubawardBudget,[Draft] Research & Related Multi-Project Subaward Budget Attachment(s) Form,3.0,att_4,RR_MP_SubawardBudget_3_0.ATT4,ATT4,technical_field,,question-candidate:sha256:863547861b5bfcdd8dd8949cdff547c7b616b3b7f2ad80d7fb816d9860791baa,question:sha256:b7809a1fd515b9e46899c716bfdd24e8af36e847916e2c817d5a8c16acc59ffb,excluded_non_question,subaward_organization,,subaward-budget-collection,string,,,https://apply07.grants.gov/apply/forms/schemas/RR_MP_SubawardBudget_3_0-V3.0.xsd,20dce5b3498c809727892ee6cb837db223d687564c5829d94fe481367b7815c4,sha256:20dce5b3498c809727892ee6cb837db223d687564c5829d94fe481367b7815c4,false
RRMPSubawardBudget,[Draft] Research & Related Multi-Project Subaward Budget Attachment(s) Form,3.0,att_5,RR_MP_SubawardBudget_3_0.ATT5,ATT5,technical_field,,question-candidate:sha256:51caae51f638f20b5470b516e6ec26d72151e06bc894682f7b98a41a279b800b,question:sha256:44bc53def207ad8e2b852193ead40fcb6a35a499726207e6d96732b1524f02e3,excluded_non_question,subaward_organization,,subaward-budget-collection,string,,,https://apply07.grants.gov/apply/forms/schemas/RR_MP_SubawardBudget_3_0-V3.0.xsd,20dce5b3498c809727892ee6cb837db223d687564c5829d94fe481367b7815c4,sha256:20dce5b3498c809727892ee6cb837db223d687564c5829d94fe481367b7815c4,false
RRMPSubawardBudget,[Draft] Research & Related Multi-Project Subaward Budget Attachment(s) Form,3.0,att_6,RR_MP_SubawardBudget_3_0.ATT6,ATT6,technical_field,,question-candidate:sha256:b0c4443d8d715e655d2e1e39f665760f5cd6f73cbed603c1daa4b382e0e80307,question:sha256:dffbc3f0a5c850067fedd9f6a8c0da3cf3c2c100d7edf71cb3ddf054adcc17e9,excluded_non_question,subaward_organization,,subaward-budget-collection,string,,,https://apply07.grants.gov/apply/forms/schemas/RR_MP_SubawardBudget_3_0-V3.0.xsd,20dce5b3498c809727892ee6cb837db223d687564c5829d94fe481367b7815c4,sha256:20dce5b3498c809727892ee6cb837db223d687564c5829d94fe481367b7815c4,false
RRMPSubawardBudget,[Draft] Research & Related Multi-Project Subaward Budget Attachment(s) Form,3.0,att_7,RR_MP_SubawardBudget_3_0.ATT7,ATT7,technical_field,,question-candidate:sha256:6b486ab1c08b0c1cd20872711f647c9d8f5510854a32ed175a49117c7ad5641f,question:sha256:2d26a78a2af27970e4c1c4dda19069b7d50ee41c40ef24241da9f2d86feaffcf,excluded_non_question,subaward_organization,,subaward-budget-collection,string,,,https://apply07.grants.gov/apply/forms/schemas/RR_MP_SubawardBudget_3_0-V3.0.xsd,20dce5b3498c809727892ee6cb837db223d687564c5829d94fe481367b7815c4,sha256:20dce5b3498c809727892ee6cb837db223d687564c5829d94fe481367b7815c4,false
RRMPSubawardBudget,[Draft] Research & Related Multi-Project Subaward Budget Attachment(s) Form,3.0,att_8,RR_MP_SubawardBudget_3_0.ATT8,ATT8,technical_field,,question-candidate:sha256:cd04e53797f64064ba258e6ea4e7c2c6d17b573377ef3380cdb24c2d184b2896,question:sha256:ae853377a0d9ca9077c0b0d6703de91cc55a49aefd27569ec1e79f5306fe27f5,excluded_non_question,subaward_organization,,subaward-budget-collection,string,,,https://apply07.grants.gov/apply/forms/schemas/RR_MP_SubawardBudget_3_0-V3.0.xsd,20dce5b3498c809727892ee6cb837db223d687564c5829d94fe481367b7815c4,sha256:20dce5b3498c809727892ee6cb837db223d687564c5829d94fe481367b7815c4,false
RRMPSubawardBudget,[Draft] Research & Related Multi-Project Subaward Budget Attachment(s) Form,3.0,att_9,RR_MP_SubawardBudget_3_0.ATT9,ATT9,technical_field,,question-candidate:sha256:7707c10157f7ed471046e9da76b296194910749563ed8595a23e67ff4b286fb1,question:sha256:55e8e432e67ee8f814c4db66e1e66fb955a29f04740d3a8b814302b1bdae7356,excluded_non_question,subaward_organization,,subaward-budget-collection,string,,,https://apply07.grants.gov/apply/forms/schemas/RR_MP_SubawardBudget_3_0-V3.0.xsd,20dce5b3498c809727892ee6cb837db223d687564c5829d94fe481367b7815c4,sha256:20dce5b3498c809727892ee6cb837db223d687564c5829d94fe481367b7815c4,false
RRMPSubawardBudget,[Draft] Research & Related Multi-Project Subaward Budget Attachment(s) Form,3.0,budget_attachments.rr_mp_budget_3_0[].budget_justification_attachment,RR_MP_SubawardBudget_3_0.BudgetAttachments.RR_MP_Budget_3_0.BudgetJustificationAttachment,BudgetJustificationAttachment,question,question-candidate:sha256:c7cb3c899eec607bfff871a0cb930ee6d5a70117ff119f3f7d99be6423f8750b,question-candidate:sha256:c7cb3c899eec607bfff871a0cb930ee6d5a70117ff119f3f7d99be6423f8750b,question:sha256:02288d9df2d7c040b644c0b37b2dfcaad39247ccfbf48cce08e446b96a4e1047,agent_proposed,subaward_organization,,budget-attachments|subaward-budget-collection,,,,https://apply07.grants.gov/apply/forms/schemas/RR_MP_Budget_3_0-V3.0.xsd,20dce5b3498c809727892ee6cb837db223d687564c5829d94fe481367b7815c4,sha256:20dce5b3498c809727892ee6cb837db223d687564c5829d94fe481367b7815c4,false
RRMPSubawardBudget,[Draft] Research & Related Multi-Project Subaward Budget Attachment(s) Form,3.0,budget_attachments.rr_mp_budget_3_0[].budget_summary.cumulative_adp_computer_services,RR_MP_SubawardBudget_3_0.BudgetAttachments.RR_MP_Budget_3_0.BudgetSummary.CumulativeADPComputerServices,CumulativeADPComputerServices,calculation,,question-candidate:sha256:a354b88bfdeb20b9a81889db1b382dd784f80ce42d8be12c59602afe29512de3,question:sha256:59069cdad57a1b0526b01856b7279f34d229ef1d83362ed5b0cafa7e5123c661,excluded_non_question,subaward_organization,,budget-calculation|subaward-budget-collection,string,,,https://apply07.grants.gov/apply/forms/schemas/RR_MP_Budget_3_0-V3.0.xsd,20dce5b3498c809727892ee6cb837db223d687564c5829d94fe481367b7815c4,sha256:20dce5b3498c809727892ee6cb837db223d687564c5829d94fe481367b7815c4,false
RRMPSubawardBudget,[Draft] Research & Related Multi-Project Subaward Budget Attachment(s) Form,3.0,budget_attachments.rr_mp_budget_3_0[].budget_summary.cumulative_alterations_and_renovations,RR_MP_SubawardBudget_3_0.BudgetAttachments.RR_MP_Budget_3_0.BudgetSummary.CumulativeAlterationsAndRenovations,CumulativeAlterationsAndRenovations,calculation,,question-candidate:sha256:72ae3ef85e944fcad3f71973035147c06bc74bfec9cf32613387978d3dd259d1,question:sha256:1b5670b0f95870a74fb8d36a1c01ad678d9965be49b94b88680cb86408d0f171,excluded_non_question,subaward_organization,,budget-calculation|subaward-budget-collection,string,,,https://apply07.grants.gov/apply/forms/schemas/RR_MP_Budget_3_0-V3.0.xsd,20dce5b3498c809727892ee6cb837db223d687564c5829d94fe481367b7815c4,sha256:20dce5b3498c809727892ee6cb837db223d687564c5829d94fe481367b7815c4,false
RRMPSubawardBudget,[Draft] Research & Related Multi-Project Subaward Budget Attachment(s) Form,3.0,budget_attachments.rr_mp_budget_3_0[].budget_summary.cumulative_consultant_services,RR_MP_SubawardBudget_3_0.BudgetAttachments.RR_MP_Budget_3_0.BudgetSummary.CumulativeConsultantServices,CumulativeConsultantServices,calculation,,question-candidate:sha256:87331024c684a11044e4bb9c063363211f590d7314fc108c0824db8c1efdf3f1,question:sha256:4a4c37adf7da5fc8a4835dd70f5e136c4d173df86b348b6e8e5abe9cc0af3b93,excluded_non_question,subaward_organization,,budget-calculation|subaward-budget-collection,string,,,https://apply07.grants.gov/apply/forms/schemas/RR_MP_Budget_3_0-V3.0.xsd,20dce5b3498c809727892ee6cb837db223d687564c5829d94fe481367b7815c4,sha256:20dce5b3498c809727892ee6cb837db223d687564c5829d94fe481367b7815c4,false
RRMPSubawardBudget,[Draft] Research & Related Multi-Project Subaward Budget Attachment(s) Form,3.0,budget_attachments.rr_mp_budget_3_0[].budget_summary.cumulative_domestic_travel_costs,RR_MP_SubawardBudget_3_0.BudgetAttachments.RR_MP_Budget_3_0.BudgetSummary.CumulativeDomesticTravelCosts,CumulativeDomesticTravelCosts,calculation,,question-candidate:sha256:55ee9c5d33aa16045284f9c06af1460030d675abf7c16042d34fe91f3cfb6e61,question:sha256:a28658c20b73096678bf2726551ab907a0c8aefd30596a35c4060e38e64d9241,excluded_non_question,subaward_organization,,budget-calculation|budget-travel|subaward-budget-collection,string,,,https://apply07.grants.gov/apply/forms/schemas/RR_MP_Budget_3_0-V3.0.xsd,20dce5b3498c809727892ee6cb837db223d687564c5829d94fe481367b7815c4,sha256:20dce5b3498c809727892ee6cb837db223d687564c5829d94fe481367b7815c4,false
RRMPSubawardBudget,[Draft] Research & Related Multi-Project Subaward Budget Attachment(s) Form,3.0,budget_attachments.rr_mp_budget_3_0[].budget_summary.cumulative_equipment_facility_rental_fees,RR_MP_SubawardBudget_3_0.BudgetAttachments.RR_MP_Budget_3_0.BudgetSummary.CumulativeEquipmentFacilityRentalFees,CumulativeEquipmentFacilityRentalFees,calculation,,question-candidate:sha256:f92d95504bb4fe6266759a681788a2734db42f443dc3926b61400ca1dc1aef5c,question:sha256:782edbc0a6134225f9abca9ce8d8c62dac181be442bc7bc17d24ad351d56a98b,excluded_non_question,subaward_organization,,budget-calculation|budget-equipment|subaward-budget-collection,string,,,https://apply07.grants.gov/apply/forms/schemas/RR_MP_Budget_3_0-V3.0.xsd,20dce5b3498c809727892ee6cb837db223d687564c5829d94fe481367b7815c4,sha256:20dce5b3498c809727892ee6cb837db223d687564c5829d94fe481367b7815c4,false
RRMPSubawardBudget,[Draft] Research & Related Multi-Project Subaward Budget Attachment(s) Form,3.0,budget_attachments.rr_mp_budget_3_0[].budget_summary.cumulative_fee,RR_MP_SubawardBudget_3_0.BudgetAttachments.RR_MP_Budget_3_0.BudgetSummary.CumulativeFee,CumulativeFee,calculation,,question-candidate:sha256:7e6df4f3f01d74a8e61576139d643ff3a9ea9cf4a51854baaf6ec401c14ff325,question:sha256:40c0831f63f37582fa6c7a86e6ef2c8ff4d51983c88bf828e3750f6536e95894,excluded_non_question,subaward_organization,,budget-calculation|subaward-budget-collection,string,,,https://apply07.grants.gov/apply/forms/schemas/RR_MP_Budget_3_0-V3.0.xsd,20dce5b3498c809727892ee6cb837db223d687564c5829d94fe481367b7815c4,sha256:20dce5b3498c809727892ee6cb837db223d687564c5829d94fe481367b7815c4,false
RRMPSubawardBudget,[Draft] Research & Related Multi-Project Subaward Budget Attachment(s) Form,3.0,budget_attachments.rr_mp_budget_3_0[].budget_summary.cumulative_foreign_travel_costs,RR_MP_SubawardBudget_3_0.BudgetAttachments.RR_MP_Budget_3_0.BudgetSummary.CumulativeForeignTravelCosts,CumulativeForeignTravelCosts,calculation,,question-candidate:sha256:037c8d3607c625930e62f02f01491020afe80d90e32460430f1a99b174d19916,question:sha256:2bab92c12b37690a1b03ce026fe6abcdf9ece65b88e30c2253f1f2c7300b2e3a,excluded_non_question,subaward_organization,,budget-calculation|budget-travel|subaward-budget-collection,string,,,https://apply07.grants.gov/apply/forms/schemas/RR_MP_Budget_3_0-V3.0.xsd,20dce5b3498c809727892ee6cb837db223d687564c5829d94fe481367b7815c4,sha256:20dce5b3498c809727892ee6cb837db223d687564c5829d94fe481367b7815c4,false
RRMPSubawardBudget,[Draft] Research & Related Multi-Project Subaward Budget Attachment(s) Form,3.0,budget_attachments.rr_mp_budget_3_0[].budget_summary.cumulative_material_and_supplies,RR_MP_SubawardBudget_3_0.BudgetAttachments.RR_MP_Budget_3_0.BudgetSummary.CumulativeMaterialAndSupplies,CumulativeMaterialAndSupplies,calculation,,question-candidate:sha256:895d31ee09c54c4e8305d043025e5c74c7889e807f0d15ab2528cc703607aa93,question:sha256:e810d9fba52ca2c03ec7a76fad5e8e50198b2de2251cf7d539905f23c7ac20c7,excluded_non_question,subaward_organization,,budget-calculation|subaward-budget-collection,string,,,https://apply07.grants.gov/apply/forms/schemas/RR_MP_Budget_3_0-V3.0.xsd,20dce5b3498c809727892ee6cb837db223d687564c5829d94fe481367b7815c4,sha256:20dce5b3498c809727892ee6cb837db223d687564c5829d94fe481367b7815c4,false
RRMPSubawardBudget,[Draft] Research & Related Multi-Project Subaward Budget Attachment(s) Form,3.0,budget_attachments.rr_mp_budget_3_0[].budget_summary.cumulative_noof_trainees,RR_MP_SubawardBudget_3_0.BudgetAttachments.RR_MP_Budget_3_0.BudgetSummary.CumulativeNoofTrainees,CumulativeNoofTrainees,calculation,,question-candidate:sha256:ad330da6b82d64a63e91daa8371293e263aa57fc8e7fd854deb34a76d42c98d7,question:sha256:14001eff0e2b12933cf31e4e4876a0b2954b9edae073354a969a95905e65c577,excluded_non_question,subaward_organization,,budget-calculation|budget-participant-support|subaward-budget-collection,integer,,,https://apply07.grants.gov/apply/forms/schemas/RR_MP_Budget_3_0-V3.0.xsd,20dce5b3498c809727892ee6cb837db223d687564c5829d94fe481367b7815c4,sha256:20dce5b3498c809727892ee6cb837db223d687564c5829d94fe481367b7815c4,false
RRMPSubawardBudget,[Draft] Research & Related Multi-Project Subaward Budget Attachment(s) Form,3.0,budget_attachments.rr_mp_budget_3_0[].budget_summary.cumulative_other_10_direct_cost,RR_MP_SubawardBudget_3_0.BudgetAttachments.RR_MP_Budget_3_0.BudgetSummary.CumulativeOther10DirectCost,CumulativeOther10DirectCost,calculation,,question-candidate:sha256:14f4abbcb0826b01b59fe0e1bffd5432fb974eb520819117969398796b807ada,question:sha256:473a749f6a4de58d3ab610f4f549ca2c47ed04d6f91c4e6cbfda1ebb111eb820,excluded_non_question,subaward_organization,,budget-calculation|budget-other-direct-cost|subaward-budget-collection,string,,,https://apply07.grants.gov/apply/forms/schemas/RR_MP_Budget_3_0-V3.0.xsd,20dce5b3498c809727892ee6cb837db223d687564c5829d94fe481367b7815c4,sha256:20dce5b3498c809727892ee6cb837db223d687564c5829d94fe481367b7815c4,false
RRMPSubawardBudget,[Draft] Research & Related Multi-Project Subaward Budget Attachment(s) Form,3.0,budget_attachments.rr_mp_budget_3_0[].budget_summary.cumulative_other_1_direct_cost,RR_MP_SubawardBudget_3_0.BudgetAttachments.RR_MP_Budget_3_0.BudgetSummary.CumulativeOther1DirectCost,CumulativeOther1DirectCost,calculation,,question-candidate:sha256:0e33ad23cb77f420a44cd4ba974b2f40996cba0fded221d62cd7c8b6abb5ae53,question:sha256:e3289b2fded1286d8c22658634f8f533869fc7ab084d349d406bf0472882d0fc,excluded_non_question,subaward_organization,,budget-calculation|budget-other-direct-cost|subaward-budget-collection,string,,,https://apply07.grants.gov/apply/forms/schemas/RR_MP_Budget_3_0-V3.0.xsd,20dce5b3498c809727892ee6cb837db223d687564c5829d94fe481367b7815c4,sha256:20dce5b3498c809727892ee6cb837db223d687564c5829d94fe481367b7815c4,false
RRMPSubawardBudget,[Draft] Research & Related Multi-Project Subaward Budget Attachment(s) Form,3.0,budget_attachments.rr_mp_budget_3_0[].budget_summary.cumulative_other_2_direct_cost,RR_MP_SubawardBudget_3_0.BudgetAttachments.RR_MP_Budget_3_0.BudgetSummary.CumulativeOther2DirectCost,CumulativeOther2DirectCost,calculation,,question-candidate:sha256:f9ac0cad6f707118d275073e0ca0ecdd361d552cd3845ebf8e44c8c022845a57,question:sha256:aa1dfeffa3ebf7cc86f2b29ae49d339b632b2dfc4880ffb670baa8de89a8fec0,excluded_non_question,subaward_organization,,budget-calculation|budget-other-direct-cost|subaward-budget-collection,string,,,https://apply07.grants.gov/apply/forms/schemas/RR_MP_Budget_3_0-V3.0.xsd,20dce5b3498c809727892ee6cb837db223d687564c5829d94fe481367b7815c4,sha256:20dce5b3498c809727892ee6cb837db223d687564c5829d94fe481367b7815c4,false
RRMPSubawardBudget,[Draft] Research & Related Multi-Project Subaward Budget Attachment(s) Form,3.0,budget_attachments.rr_mp_budget_3_0[].budget_summary.cumulative_other_3_direct_cost,RR_MP_SubawardBudget_3_0.BudgetAttachments.RR_MP_Budget_3_0.BudgetSummary.CumulativeOther3DirectCost,CumulativeOther3DirectCost,calculation,,question-candidate:sha256:643b21aad9c9dbab0ab45c4481e7dffbe04a791a0a9b61513fc017ec354b7b81,question:sha256:0f8cd8ffc332d05da61f37ea95a4236b2a7f47c34da6064375361977581d8546,excluded_non_question,subaward_organization,,budget-calculation|budget-other-direct-cost|subaward-budget-collection,string,,,https://apply07.grants.gov/apply/forms/schemas/RR_MP_Budget_3_0-V3.0.xsd,20dce5b3498c809727892ee6cb837db223d687564c5829d94fe481367b7815c4,sha256:20dce5b3498c809727892ee6cb837db223d687564c5829d94fe481367b7815c4,false
RRMPSubawardBudget,[Draft] Research & Related Multi-Project Subaward Budget Attachment(s) Form,3.0,budget_attachments.rr_mp_budget_3_0[].budget_summary.cumulative_other_4_direct_cost,RR_MP_SubawardBudget_3_0.BudgetAttachments.RR_MP_Budget_3_0.BudgetSummary.CumulativeOther4DirectCost,CumulativeOther4DirectCost,calculation,,question-candidate:sha256:c91560978ad545b0199d6439e53be89a44d1588a8d00ad09af55b5b6f57a714f,question:sha256:13cc19a3cc78e16fa76ab6a26808945d923b33e00e28eb40cdebd5164ede2d89,excluded_non_question,subaward_organization,,budget-calculation|budget-other-direct-cost|subaward-budget-collection,string,,,https://apply07.grants.gov/apply/forms/schemas/RR_MP_Budget_3_0-V3.0.xsd,20dce5b3498c809727892ee6cb837db223d687564c5829d94fe481367b7815c4,sha256:20dce5b3498c809727892ee6cb837db223d687564c5829d94fe481367b7815c4,false
RRMPSubawardBudget,[Draft] Research & Related Multi-Project Subaward Budget Attachment(s) Form,3.0,budget_attachments.rr_mp_budget_3_0[].budget_summary.cumulative_other_5_direct_cost,RR_MP_SubawardBudget_3_0.BudgetAttachments.RR_MP_Budget_3_0.BudgetSummary.CumulativeOther5DirectCost,CumulativeOther5DirectCost,calculation,,question-candidate:sha256:7701cc1f3dfd7f9562a9b131f1606ac7f3d8f323cf5f55f1579d56ce682681e4,question:sha256:d12df4f40fe8d3d7b8be2e0971564ab76831b81054145ce81cff9f4ebf61c85a,excluded_non_question,subaward_organization,,budget-calculation|budget-other-direct-cost|subaward-budget-collection,string,,,https://apply07.grants.gov/apply/forms/schemas/RR_MP_Budget_3_0-V3.0.xsd,20dce5b3498c809727892ee6cb837db223d687564c5829d94fe481367b7815c4,sha256:20dce5b3498c809727892ee6cb837db223d687564c5829d94fe481367b7815c4,false
RRMPSubawardBudget,[Draft] Research & Related Multi-Project Subaward Budget Attachment(s) Form,3.0,budget_attachments.rr_mp_budget_3_0[].budget_summary.cumulative_other_6_direct_cost,RR_MP_SubawardBudget_3_0.BudgetAttachments.RR_MP_Budget_3_0.BudgetSummary.CumulativeOther6DirectCost,CumulativeOther6DirectCost,calculation,,question-candidate:sha256:6fee03752632f53cf6e1c26d8d393a48d3dd363720364808c18e7dd4f97641ad,question:sha256:137ff146ca3d5fde7372ccfd42487db49eb5e1197e3cee9930d8902426b8c1dd,excluded_non_question,subaward_organization,,budget-calculation|budget-other-direct-cost|subaward-budget-collection,string,,,https://apply07.grants.gov/apply/forms/schemas/RR_MP_Budget_3_0-V3.0.xsd,20dce5b3498c809727892ee6cb837db223d687564c5829d94fe481367b7815c4,sha256:20dce5b3498c809727892ee6cb837db223d687564c5829d94fe481367b7815c4,false
RRMPSubawardBudget,[Draft] Research & Related Multi-Project Subaward Budget Attachment(s) Form,3.0,budget_attachments.rr_mp_budget_3_0[].budget_summary.cumulative_other_7_direct_cost,RR_MP_SubawardBudget_3_0.BudgetAttachments.RR_MP_Budget_3_0.BudgetSummary.CumulativeOther7DirectCost,CumulativeOther7DirectCost,calculation,,question-candidate:sha256:59c5eaa4f1931cd2e7a574a80ef05e527bd991064c964963700b6b30da3b308f,question:sha256:7fb727f1f9c0bc15ed64a4b81818c5a3c351ea8076bdb125a99c63820e8c5109,excluded_non_question,subaward_organization,,budget-calculation|budget-other-direct-cost|subaward-budget-collection,string,,,https://apply07.grants.gov/apply/forms/schemas/RR_MP_Budget_3_0-V3.0.xsd,20dce5b3498c809727892ee6cb837db223d687564c5829d94fe481367b7815c4,sha256:20dce5b3498c809727892ee6cb837db223d687564c5829d94fe481367b7815c4,false
RRMPSubawardBudget,[Draft] Research & Related Multi-Project Subaward Budget Attachment(s) Form,3.0,budget_attachments.rr_mp_budget_3_0[].budget_summary.cumulative_other_8_direct_cost,RR_MP_SubawardBudget_3_0.BudgetAttachments.RR_MP_Budget_3_0.BudgetSummary.CumulativeOther8DirectCost,CumulativeOther8DirectCost,calculation,,question-candidate:sha256:20714e275b4a397795146fa0ddfd46f4638862b8d3158d71c0f482eddf026d5e,question:sha256:1ebdba8af417f22222f0444555d6e5653ecead88d0fdf26103c8cae039f18dc0,excluded_non_question,subaward_organization,,budget-calculation|budget-other-direct-cost|subaward-budget-collection,string,,,https://apply07.grants.gov/apply/forms/schemas/RR_MP_Budget_3_0-V3.0.xsd,20dce5b3498c809727892ee6cb837db223d687564c5829d94fe481367b7815c4,sha256:20dce5b3498c809727892ee6cb837db223d687564c5829d94fe481367b7815c4,false
RRMPSubawardBudget,[Draft] Research & Related Multi-Project Subaward Budget Attachment(s) Form,3.0,budget_attachments.rr_mp_budget_3_0[].budget_summary.cumulative_other_9_direct_cost,RR_MP_SubawardBudget_3_0.BudgetAttachments.RR_MP_Budget_3_0.BudgetSummary.CumulativeOther9DirectCost,CumulativeOther9DirectCost,calculation,,question-candidate:sha256:ad8c7adac0db99b501073d23f83eb2ea3956238238ae5b799113c2fc281f37ca,question:sha256:1cffafcf5f2ec4b4d9fc5b3700bd62c457b6ac5c1cd354a32dda08407539d0a6,excluded_non_question,subaward_organization,,budget-calculation|budget-other-direct-cost|subaward-budget-collection,string,,,https://apply07.grants.gov/apply/forms/schemas/RR_MP_Budget_3_0-V3.0.xsd,20dce5b3498c809727892ee6cb837db223d687564c5829d94fe481367b7815c4,sha256:20dce5b3498c809727892ee6cb837db223d687564c5829d94fe481367b7815c4,false
RRMPSubawardBudget,[Draft] Research & Related Multi-Project Subaward Budget Attachment(s) Form,3.0,budget_attachments.rr_mp_budget_3_0[].budget_summary.cumulative_other_trainee_cost,RR_MP_SubawardBudget_3_0.BudgetAttachments.RR_MP_Budget_3_0.BudgetSummary.CumulativeOtherTraineeCost,CumulativeOtherTraineeCost,calculation,,question-candidate:sha256:cea1288abb230003316a6b627a8035a0ddca7736e0e25798abf6dc06890d3bd5,question:sha256:dbd3313741c7cc760aef88f5783b3617afba469f30b43185225462176674f106,excluded_non_question,subaward_organization,,budget-calculation|budget-participant-support|subaward-budget-collection,string,,,https://apply07.grants.gov/apply/forms/schemas/RR_MP_Budget_3_0-V3.0.xsd,20dce5b3498c809727892ee6cb837db223d687564c5829d94fe481367b7815c4,sha256:20dce5b3498c809727892ee6cb837db223d687564c5829d94fe481367b7815c4,false
RRMPSubawardBudget,[Draft] Research & Related Multi-Project Subaward Budget Attachment(s) Form,3.0,budget_attachments.rr_mp_budget_3_0[].budget_summary.cumulative_publication_costs,RR_MP_SubawardBudget_3_0.BudgetAttachments.RR_MP_Budget_3_0.BudgetSummary.CumulativePublicationCosts,CumulativePublicationCosts,calculation,,question-candidate:sha256:ff57fea54a888038bf939046ef8ad903db6c8b0df34a3cb56d60cded5acd3621,question:sha256:5dcd29bbc3e757a1564170f87ea00beb63517ef0274f701165ae791317b1938a,excluded_non_question,subaward_organization,,budget-calculation|subaward-budget-collection,string,,,https://apply07.grants.gov/apply/forms/schemas/RR_MP_Budget_3_0-V3.0.xsd,20dce5b3498c809727892ee6cb837db223d687564c5829d94fe481367b7815c4,sha256:20dce5b3498c809727892ee6cb837db223d687564c5829d94fe481367b7815c4,false
RRMPSubawardBudget,[Draft] Research & Related Multi-Project Subaward Budget Attachment(s) Form,3.0,budget_attachments.rr_mp_budget_3_0[].budget_summary.cumulative_subaward_consortium_contractual_costs,RR_MP_SubawardBudget_3_0.BudgetAttachments.RR_MP_Budget_3_0.BudgetSummary.CumulativeSubawardConsortiumContractualCosts,CumulativeSubawardConsortiumContractualCosts,calculation,,question-candidate:sha256:63c315653b02288ecec178192d68b40c8d26d431b36dded950ae7042185ff0a5,question:sha256:5218b2bc1b8a4050a43d5dd9c166cd1915c5180140f6961c61500a14811bc5c1,excluded_non_question,subaward_organization,,budget-calculation|subaward-budget-collection,string,,,https://apply07.grants.gov/apply/forms/schemas/RR_MP_Budget_3_0-V3.0.xsd,20dce5b3498c809727892ee6cb837db223d687564c5829d94fe481367b7815c4,sha256:20dce5b3498c809727892ee6cb837db223d687564c5829d94fe481367b7815c4,false
RRMPSubawardBudget,[Draft] Research & Related Multi-Project Subaward Budget Attachment(s) Form,3.0,budget_attachments.rr_mp_budget_3_0[].budget_summary.cumulative_total_costs_fee,RR_MP_SubawardBudget_3_0.BudgetAttachments.RR_MP_Budget_3_0.BudgetSummary.CumulativeTotalCostsFee,CumulativeTotalCostsFee,calculation,,question-candidate:sha256:81bfcfd8c10c05cc88e1ed9a065a69fe65ec292553b04966b0df67991235c614,question:sha256:c489fa44485cf6fb6cf8b7acbcaa0bf0c6c58c3d1ebad3f869e4a2843a37f88c,excluded_non_question,subaward_organization,,budget-calculation|subaward-budget-collection,string,,,https://apply07.grants.gov/apply/forms/schemas/RR_MP_Budget_3_0-V3.0.xsd,20dce5b3498c809727892ee6cb837db223d687564c5829d94fe481367b7815c4,sha256:20dce5b3498c809727892ee6cb837db223d687564c5829d94fe481367b7815c4,false
RRMPSubawardBudget,[Draft] Research & Related Multi-Project Subaward Budget Attachment(s) Form,3.0,budget_attachments.rr_mp_budget_3_0[].budget_summary.cumulative_total_funds_requested_direct_costs,RR_MP_SubawardBudget_3_0.BudgetAttachments.RR_MP_Budget_3_0.BudgetSummary.CumulativeTotalFundsRequestedDirectCosts,CumulativeTotalFundsRequestedDirectCosts,calculation,,question-candidate:sha256:b3b34945199c5d5b557070a6ee3d963ac1e7715488d1398b13172c27e788a862,question:sha256:1d618cde681039ef091ba242642944e99275d05faa6f58ad1efdbf3c1367a2aa,excluded_non_question,subaward_organization,,budget-calculation|budget-other-direct-cost|money-and-effort-primitives|subaward-budget-collection,string,,,https://apply07.grants.gov/apply/forms/schemas/RR_MP_Budget_3_0-V3.0.xsd,20dce5b3498c809727892ee6cb837db223d687564c5829d94fe481367b7815c4,sha256:20dce5b3498c809727892ee6cb837db223d687564c5829d94fe481367b7815c4,false
RRMPSubawardBudget,[Draft] Research & Related Multi-Project Subaward Budget Attachment(s) Form,3.0,budget_attachments.rr_mp_budget_3_0[].budget_summary.cumulative_total_funds_requested_direct_indirect_costs,RR_MP_SubawardBudget_3_0.BudgetAttachments.RR_MP_Budget_3_0.BudgetSummary.CumulativeTotalFundsRequestedDirectIndirectCosts,CumulativeTotalFundsRequestedDirectIndirectCosts,calculation,,question-candidate:sha256:d200d87cfcc9c7139343d6089739c112a0fdce6f1c77c29e1ab640bb9b98a4d9,question:sha256:f86bdf21bc46ec25528b301fb4159c96a892d098029b107323de15b2efe052c2,excluded_non_question,subaward_organization,,budget-calculation|budget-indirect-cost|money-and-effort-primitives|subaward-budget-collection,string,,,https://apply07.grants.gov/apply/forms/schemas/RR_MP_Budget_3_0-V3.0.xsd,20dce5b3498c809727892ee6cb837db223d687564c5829d94fe481367b7815c4,sha256:20dce5b3498c809727892ee6cb837db223d687564c5829d94fe481367b7815c4,false
RRMPSubawardBudget,[Draft] Research & Related Multi-Project Subaward Budget Attachment(s) Form,3.0,budget_attachments.rr_mp_budget_3_0[].budget_summary.cumulative_total_funds_requested_equipment,RR_MP_SubawardBudget_3_0.BudgetAttachments.RR_MP_Budget_3_0.BudgetSummary.CumulativeTotalFundsRequestedEquipment,CumulativeTotalFundsRequestedEquipment,calculation,,question-candidate:sha256:dc77e373b21a01e5288085ec5676dbcc47479acd6e4dbb3a54bde0839d395577,question:sha256:1a87eec909a0efa0b112c806a1a1a70bf5371c79fcfde461d2ad1a8574218e11,excluded_non_question,subaward_organization,,budget-calculation|budget-equipment|money-and-effort-primitives|subaward-budget-collection,string,,,https://apply07.grants.gov/apply/forms/schemas/RR_MP_Budget_3_0-V3.0.xsd,20dce5b3498c809727892ee6cb837db223d687564c5829d94fe481367b7815c4,sha256:20dce5b3498c809727892ee6cb837db223d687564c5829d94fe481367b7815c4,false
RRMPSubawardBudget,[Draft] Research & Related Multi-Project Subaward Budget Attachment(s) Form,3.0,budget_attachments.rr_mp_budget_3_0[].budget_summary.cumulative_total_funds_requested_indirect_cost,RR_MP_SubawardBudget_3_0.BudgetAttachments.RR_MP_Budget_3_0.BudgetSummary.CumulativeTotalFundsRequestedIndirectCost,CumulativeTotalFundsRequestedIndirectCost,calculation,,question-candidate:sha256:d79269fa16b4b1060f9cd400c3e47329e35b7e68cd6552092028f17d5f625ac0,question:sha256:5764d68689eb895ee0797997b71dcf984487750b242d8c65904471aed86cd0f3,excluded_non_question,subaward_organization,,budget-calculation|budget-indirect-cost|money-and-effort-primitives|subaward-budget-collection,string,,,https://apply07.grants.gov/apply/forms/schemas/RR_MP_Budget_3_0-V3.0.xsd,20dce5b3498c809727892ee6cb837db223d687564c5829d94fe481367b7815c4,sha256:20dce5b3498c809727892ee6cb837db223d687564c5829d94fe481367b7815c4,false
RRMPSubawardBudget,[Draft] Research & Related Multi-Project Subaward Budget Attachment(s) Form,3.0,budget_attachments.rr_mp_budget_3_0[].budget_summary.cumulative_total_funds_requested_other_direct_costs,RR_MP_SubawardBudget_3_0.BudgetAttachments.RR_MP_Budget_3_0.BudgetSummary.CumulativeTotalFundsRequestedOtherDirectCosts,CumulativeTotalFundsRequestedOtherDirectCosts,calculation,,question-candidate:sha256:c7f7c63fb0d39ac0b368ad77704b1fa93e429b12ef27e0df17838d74505113bf,question:sha256:5fc4bdb82dd9ec517816fe5a312f7414cf4ef33d2a8bcfe83d20741d1a3d5971,excluded_non_question,subaward_organization,,budget-calculation|budget-other-direct-cost|money-and-effort-primitives|subaward-budget-collection,string,,,https://apply07.grants.gov/apply/forms/schemas/RR_MP_Budget_3_0-V3.0.xsd,20dce5b3498c809727892ee6cb837db223d687564c5829d94fe481367b7815c4,sha256:20dce5b3498c809727892ee6cb837db223d687564c5829d94fe481367b7815c4,false
RRMPSubawardBudget,[Draft] Research & Related Multi-Project Subaward Budget Attachment(s) Form,3.0,budget_attachments.rr_mp_budget_3_0[].budget_summary.cumulative_total_funds_requested_other_personnel,RR_MP_SubawardBudget_3_0.BudgetAttachments.RR_MP_Budget_3_0.BudgetSummary.CumulativeTotalFundsRequestedOtherPersonnel,CumulativeTotalFundsRequestedOtherPersonnel,calculation,,question-candidate:sha256:6e2e2e00a70449b52fc02bb343a3e6cd2246abbae38bdce46a163be24fdc4a41,question:sha256:ed9a02bb42d7f6e782e20cde999bd55892ecd95a27098d37902168faa249b7e5,excluded_non_question,subaward_organization,,budget-calculation|budget-personnel|money-and-effort-primitives|subaward-budget-collection,string,,,https://apply07.grants.gov/apply/forms/schemas/RR_MP_Budget_3_0-V3.0.xsd,20dce5b3498c809727892ee6cb837db223d687564c5829d94fe481367b7815c4,sha256:20dce5b3498c809727892ee6cb837db223d687564c5829d94fe481367b7815c4,false
RRMPSubawardBudget,[Draft] Research & Related Multi-Project Subaward Budget Attachment(s) Form,3.0,budget_attachments.rr_mp_budget_3_0[].budget_summary.cumulative_total_funds_requested_personnel,RR_MP_SubawardBudget_3_0.BudgetAttachments.RR_MP_Budget_3_0.BudgetSummary.CumulativeTotalFundsRequestedPersonnel,CumulativeTotalFundsRequestedPersonnel,calculation,,question-candidate:sha256:b2d83eb7d2375ea5e4bca82d39e05b505216bdbc3010743e1f74c5770e9eb0db,question:sha256:cf97695ee8936a8fd41a13923c01bcc2d1c891dbffddda2bdd7ffb813118b789,excluded_non_question,subaward_organization,,budget-calculation|budget-personnel|money-and-effort-primitives|subaward-budget-collection,string,,,https://apply07.grants.gov/apply/forms/schemas/RR_MP_Budget_3_0-V3.0.xsd,20dce5b3498c809727892ee6cb837db223d687564c5829d94fe481367b7815c4,sha256:20dce5b3498c809727892ee6cb837db223d687564c5829d94fe481367b7815c4,false
RRMPSubawardBudget,[Draft] Research & Related Multi-Project Subaward Budget Attachment(s) Form,3.0,budget_attachments.rr_mp_budget_3_0[].budget_summary.cumulative_total_funds_requested_senior_key_person,RR_MP_SubawardBudget_3_0.BudgetAttachments.RR_MP_Budget_3_0.BudgetSummary.CumulativeTotalFundsRequestedSeniorKeyPerson,CumulativeTotalFundsRequestedSeniorKeyPerson,calculation,,question-candidate:sha256:95bbb27b470f5da5088d47a6132c649112b7e8272f86c58cd6959580173d529a,question:sha256:c966adeaf2c2ddc9fbdbdabe3ad077b90f7e50648ce5bf84a23857f7c763143c,excluded_non_question,subaward_organization,,budget-calculation|budget-personnel|money-and-effort-primitives|subaward-budget-collection,string,,,https://apply07.grants.gov/apply/forms/schemas/RR_MP_Budget_3_0-V3.0.xsd,20dce5b3498c809727892ee6cb837db223d687564c5829d94fe481367b7815c4,sha256:20dce5b3498c809727892ee6cb837db223d687564c5829d94fe481367b7815c4,false
RRMPSubawardBudget,[Draft] Research & Related Multi-Project Subaward Budget Attachment(s) Form,3.0,budget_attachments.rr_mp_budget_3_0[].budget_summary.cumulative_total_funds_requested_trainee_costs,RR_MP_SubawardBudget_3_0.BudgetAttachments.RR_MP_Budget_3_0.BudgetSummary.CumulativeTotalFundsRequestedTraineeCosts,CumulativeTotalFundsRequestedTraineeCosts,calculation,,question-candidate:sha256:5fd32024dfb6eb872e4b38d3b63e479df9aaa8a7cf4975036a1cde2ee5567667,question:sha256:b1bf45202854d4322c3b3fec448b469fa7b65b836c0b3a640382329c751721f7,excluded_non_question,subaward_organization,,budget-calculation|budget-participant-support|money-and-effort-primitives|subaward-budget-collection,string,,,https://apply07.grants.gov/apply/forms/schemas/RR_MP_Budget_3_0-V3.0.xsd,20dce5b3498c809727892ee6cb837db223d687564c5829d94fe481367b7815c4,sha256:20dce5b3498c809727892ee6cb837db223d687564c5829d94fe481367b7815c4,false
RRMPSubawardBudget,[Draft] Research & Related Multi-Project Subaward Budget Attachment(s) Form,3.0,budget_attachments.rr_mp_budget_3_0[].budget_summary.cumulative_total_funds_requested_travel,RR_MP_SubawardBudget_3_0.BudgetAttachments.RR_MP_Budget_3_0.BudgetSummary.CumulativeTotalFundsRequestedTravel,CumulativeTotalFundsRequestedTravel,calculation,,question-candidate:sha256:be791ce7698c0e89ec38a0432a4d797270b479951b1e2c34b484a310a24be8b5,question:sha256:3bbcff79c4f9ab78840ffd8316e54e1f9c127959f7f438110911b86b3dfae212,excluded_non_question,subaward_organization,,budget-calculation|budget-travel|money-and-effort-primitives|subaward-budget-collection,string,,,https://apply07.grants.gov/apply/forms/schemas/RR_MP_Budget_3_0-V3.0.xsd,20dce5b3498c809727892ee6cb837db223d687564c5829d94fe481367b7815c4,sha256:20dce5b3498c809727892ee6cb837db223d687564c5829d94fe481367b7815c4,false
RRMPSubawardBudget,[Draft] Research & Related Multi-Project Subaward Budget Attachment(s) Form,3.0,budget_attachments.rr_mp_budget_3_0[].budget_summary.cumulative_total_no_other_personnel,RR_MP_SubawardBudget_3_0.BudgetAttachments.RR_MP_Budget_3_0.BudgetSummary.CumulativeTotalNoOtherPersonnel,CumulativeTotalNoOtherPersonnel,calculation,,question-candidate:sha256:bc4a943fc391c5a910747bcebd7b4d1dcb3958574cbbec9353f1ee45f990c7ba,question:sha256:de2d42e5b4e70a3ffbb1f190b50330a3ead4523aacd2048db0cb2da143299817,excluded_non_question,subaward_organization,,budget-calculation|budget-personnel|subaward-budget-collection,integer,,,https://apply07.grants.gov/apply/forms/schemas/RR_MP_Budget_3_0-V3.0.xsd,20dce5b3498c809727892ee6cb837db223d687564c5829d94fe481367b7815c4,sha256:20dce5b3498c809727892ee6cb837db223d687564c5829d94fe481367b7815c4,false
RRMPSubawardBudget,[Draft] Research & Related Multi-Project Subaward Budget Attachment(s) Form,3.0,budget_attachments.rr_mp_budget_3_0[].budget_summary.cumulative_trainee_stipends,RR_MP_SubawardBudget_3_0.BudgetAttachments.RR_MP_Budget_3_0.BudgetSummary.CumulativeTraineeStipends,CumulativeTraineeStipends,calculation,,question-candidate:sha256:ebbf95eeca198c1fdac2683f608c7eefc7dd90ed4150081947a286d71e4d5a09,question:sha256:e53898712b61b038c45bf0e4ec7c05afe24593ca74e6ea2e1393aa17a4a56416,excluded_non_question,subaward_organization,,budget-calculation|budget-participant-support|subaward-budget-collection,string,,,https://apply07.grants.gov/apply/forms/schemas/RR_MP_Budget_3_0-V3.0.xsd,20dce5b3498c809727892ee6cb837db223d687564c5829d94fe481367b7815c4,sha256:20dce5b3498c809727892ee6cb837db223d687564c5829d94fe481367b7815c4,false
RRMPSubawardBudget,[Draft] Research & Related Multi-Project Subaward Budget Attachment(s) Form,3.0,budget_attachments.rr_mp_budget_3_0[].budget_summary.cumulative_trainee_subsistence,RR_MP_SubawardBudget_3_0.BudgetAttachments.RR_MP_Budget_3_0.BudgetSummary.CumulativeTraineeSubsistence,CumulativeTraineeSubsistence,calculation,,question-candidate:sha256:bd9e14051c7c362ab6544f6e6f1332fc8471eaffefd9202103a8093431a5b3fa,question:sha256:68f321865830427d7513bbca094f1202eb6b285ef330abfc34e0133864f68f08,excluded_non_question,subaward_organization,,budget-calculation|budget-participant-support|subaward-budget-collection,string,,,https://apply07.grants.gov/apply/forms/schemas/RR_MP_Budget_3_0-V3.0.xsd,20dce5b3498c809727892ee6cb837db223d687564c5829d94fe481367b7815c4,sha256:20dce5b3498c809727892ee6cb837db223d687564c5829d94fe481367b7815c4,false
RRMPSubawardBudget,[Draft] Research & Related Multi-Project Subaward Budget Attachment(s) Form,3.0,budget_attachments.rr_mp_budget_3_0[].budget_summary.cumulative_trainee_travel,RR_MP_SubawardBudget_3_0.BudgetAttachments.RR_MP_Budget_3_0.BudgetSummary.CumulativeTraineeTravel,CumulativeTraineeTravel,calculation,,question-candidate:sha256:9b6043e5d7c5798343059d577219faff5ec8b34c899ea1c9b6b61aaec546359f,question:sha256:df05a92fd852649a4c94b5b32f588a2d01a701936a8f31dc39abd32e2ee9441a,excluded_non_question,subaward_organization,,budget-calculation|budget-participant-support|budget-travel|subaward-budget-collection,string,,,https://apply07.grants.gov/apply/forms/schemas/RR_MP_Budget_3_0-V3.0.xsd,20dce5b3498c809727892ee6cb837db223d687564c5829d94fe481367b7815c4,sha256:20dce5b3498c809727892ee6cb837db223d687564c5829d94fe481367b7815c4,false
RRMPSubawardBudget,[Draft] Research & Related Multi-Project Subaward Budget Attachment(s) Form,3.0,budget_attachments.rr_mp_budget_3_0[].budget_summary.cumulative_trainee_tuition_fees_health_insurance,RR_MP_SubawardBudget_3_0.BudgetAttachments.RR_MP_Budget_3_0.BudgetSummary.CumulativeTraineeTuitionFeesHealthInsurance,CumulativeTraineeTuitionFeesHealthInsurance,calculation,,question-candidate:sha256:269dc2b0f430ec70fb944d32035cce6bcfb7e1f084f3934b2d8082ce9d1fe7af,question:sha256:e5cc24bc6d355d2fb843eaf42d03c6523f32d2420bf7074bd09351971beb6d81,excluded_non_question,subaward_organization,,budget-calculation|budget-participant-support|subaward-budget-collection,string,,,https://apply07.grants.gov/apply/forms/schemas/RR_MP_Budget_3_0-V3.0.xsd,20dce5b3498c809727892ee6cb837db223d687564c5829d94fe481367b7815c4,sha256:20dce5b3498c809727892ee6cb837db223d687564c5829d94fe481367b7815c4,false
RRMPSubawardBudget,[Draft] Research & Related Multi-Project Subaward Budget Attachment(s) Form,3.0,budget_attachments.rr_mp_budget_3_0[].budget_type,RR_MP_SubawardBudget_3_0.BudgetAttachments.RR_MP_Budget_3_0.BudgetType,BudgetType,question,question-candidate:sha256:8b673824f1b8ba7f380700ac4ceeccdee9a6b32d8edd6f9f20aea5d37ec6a388,question-candidate:sha256:8b673824f1b8ba7f380700ac4ceeccdee9a6b32d8edd6f9f20aea5d37ec6a388,question:sha256:4d1a200848f6cca832ccf3189b45c5acd3d5c5e61545add540ef097b2547e5e2,agent_proposed,subaward_organization,,budget-header|subaward-budget-collection,string,,,https://apply07.grants.gov/apply/forms/schemas/RR_MP_Budget_3_0-V3.0.xsd,20dce5b3498c809727892ee6cb837db223d687564c5829d94fe481367b7815c4,sha256:20dce5b3498c809727892ee6cb837db223d687564c5829d94fe481367b7815c4,false
RRMPSubawardBudget,[Draft] Research & Related Multi-Project Subaward Budget Attachment(s) Form,3.0,budget_attachments.rr_mp_budget_3_0[].budget_year[].budget_period_end_date,RR_MP_SubawardBudget_3_0.BudgetAttachments.RR_MP_Budget_3_0.BudgetYear.BudgetPeriodEndDate,BudgetPeriodEndDate,question,question-candidate:sha256:1e840b8372a8fdb5e413e99ba1eae8c6898188aac313d8a7fde58a15d5fc04e9,question-candidate:sha256:1e840b8372a8fdb5e413e99ba1eae8c6898188aac313d8a7fde58a15d5fc04e9,question:sha256:2bfa9909aafe555fe88fad8489b73eb8a4aa4be9979b630329249c0542fbc2b4,agent_proposed,subaward_organization,,budget-period|subaward-budget-collection,string,,,https://apply07.grants.gov/apply/forms/schemas/RR_MP_Budget_3_0-V3.0.xsd,20dce5b3498c809727892ee6cb837db223d687564c5829d94fe481367b7815c4,sha256:20dce5b3498c809727892ee6cb837db223d687564c5829d94fe481367b7815c4,false
RRMPSubawardBudget,[Draft] Research & Related Multi-Project Subaward Budget Attachment(s) Form,3.0,budget_attachments.rr_mp_budget_3_0[].budget_year[].budget_period_start_date,RR_MP_SubawardBudget_3_0.BudgetAttachments.RR_MP_Budget_3_0.BudgetYear.BudgetPeriodStartDate,BudgetPeriodStartDate,question,question-candidate:sha256:7c47f9ef292119a4b603f058987440fb9c22e970b0b9232054f3022b8b39818a,question-candidate:sha256:7c47f9ef292119a4b603f058987440fb9c22e970b0b9232054f3022b8b39818a,question:sha256:b5a1022bf227dc35619d00c7c2e55875216aa5a7cff25a57238ecb8d0218fc23,agent_proposed,subaward_organization,,budget-period|subaward-budget-collection,string,,,https://apply07.grants.gov/apply/forms/schemas/RR_MP_Budget_3_0-V3.0.xsd,20dce5b3498c809727892ee6cb837db223d687564c5829d94fe481367b7815c4,sha256:20dce5b3498c809727892ee6cb837db223d687564c5829d94fe481367b7815c4,false
RRMPSubawardBudget,[Draft] Research & Related Multi-Project Subaward Budget Attachment(s) Form,3.0,budget_attachments.rr_mp_budget_3_0[].budget_year[].cognizant_federal_agency,RR_MP_SubawardBudget_3_0.BudgetAttachments.RR_MP_Budget_3_0.BudgetYear.CognizantFederalAgency,CognizantFederalAgency,question,question-candidate:sha256:de90ae7affd8afb2b42f5c2e21415ddf7ae0c6986b31d10872c5b71c62e37913,question-candidate:sha256:de90ae7affd8afb2b42f5c2e21415ddf7ae0c6986b31d10872c5b71c62e37913,question:sha256:52a54c452d31c5d0f95f83398ec929a8f52f09ffe55bfb2280d1ef4b19e393e3,agent_proposed,subaward_organization,,budget-indirect-cost|budget-period|subaward-budget-collection,string,,,https://apply07.grants.gov/apply/forms/schemas/RR_MP_Budget_3_0-V3.0.xsd,20dce5b3498c809727892ee6cb837db223d687564c5829d94fe481367b7815c4,sha256:20dce5b3498c809727892ee6cb837db223d687564c5829d94fe481367b7815c4,false
RRMPSubawardBudget,[Draft] Research & Related Multi-Project Subaward Budget Attachment(s) Form,3.0,budget_attachments.rr_mp_budget_3_0[].budget_year[].direct_costs,RR_MP_SubawardBudget_3_0.BudgetAttachments.RR_MP_Budget_3_0.BudgetYear.DirectCosts,DirectCosts,question,question-candidate:sha256:d2a12a3f365b60f4f1ba90e34cb0ba85c9f2eee09c8fd7628d9081d50a059f15,question-candidate:sha256:d2a12a3f365b60f4f1ba90e34cb0ba85c9f2eee09c8fd7628d9081d50a059f15,question:sha256:eeb1ac5f07ea13d197a8b2ac48203709f2b086206f095157ff50c52b1d17e337,agent_proposed,subaward_organization,,budget-other-direct-cost|budget-period|subaward-budget-collection,string,,,https://apply07.grants.gov/apply/forms/schemas/RR_MP_Budget_3_0-V3.0.xsd,20dce5b3498c809727892ee6cb837db223d687564c5829d94fe481367b7815c4,sha256:20dce5b3498c809727892ee6cb837db223d687564c5829d94fe481367b7815c4,false
RRMPSubawardBudget,[Draft] Research & Related Multi-Project Subaward Budget Attachment(s) Form,3.0,budget_attachments.rr_mp_budget_3_0[].budget_year[].equipment.additional_equipments_attachment,RR_MP_SubawardBudget_3_0.BudgetAttachments.RR_MP_Budget_3_0.BudgetYear.Equipment.AdditionalEquipmentsAttachment,AdditionalEquipmentsAttachment,question,question-candidate:sha256:c4502618cdd0270727e554ac9c881c3f1c524d4d99ca0c09ae2f5cbc2e69f880,question-candidate:sha256:c4502618cdd0270727e554ac9c881c3f1c524d4d99ca0c09ae2f5cbc2e69f880,question:sha256:567b86ee0e2eb47af63d1738c20000d1e228e2d306e98d5efff359d59619b49b,agent_proposed,subaward_organization,,budget-attachments|budget-equipment|budget-period|subaward-budget-collection,,,,https://apply07.grants.gov/apply/forms/schemas/RR_MP_Budget_3_0-V3.0.xsd,20dce5b3498c809727892ee6cb837db223d687564c5829d94fe481367b7815c4,sha256:20dce5b3498c809727892ee6cb837db223d687564c5829d94fe481367b7815c4,false
RRMPSubawardBudget,[Draft] Research & Related Multi-Project Subaward Budget Attachment(s) Form,3.0,budget_attachments.rr_mp_budget_3_0[].budget_year[].equipment.equipment_list[].equipment_item,RR_MP_SubawardBudget_3_0.BudgetAttachments.RR_MP_Budget_3_0.BudgetYear.Equipment.EquipmentList.EquipmentItem,EquipmentItem,question,question-candidate:sha256:a0febcb813d758efdba89b55879de5ec0eb736b561b040a3e988c2f5aa97b4b6,question-candidate:sha256:a0febcb813d758efdba89b55879de5ec0eb736b561b040a3e988c2f5aa97b4b6,question:sha256:1e7db90544c6bc81050e4e0306fd921b9182a274df6095c5645013646340a621,agent_proposed,subaward_organization,,budget-equipment|budget-period|subaward-budget-collection,string,,,https://apply07.grants.gov/apply/forms/schemas/RR_MP_Budget_3_0-V3.0.xsd,20dce5b3498c809727892ee6cb837db223d687564c5829d94fe481367b7815c4,sha256:20dce5b3498c809727892ee6cb837db223d687564c5829d94fe481367b7815c4,false
RRMPSubawardBudget,[Draft] Research & Related Multi-Project Subaward Budget Attachment(s) Form,3.0,budget_attachments.rr_mp_budget_3_0[].budget_year[].equipment.equipment_list[].funds_requested,RR_MP_SubawardBudget_3_0.BudgetAttachments.RR_MP_Budget_3_0.BudgetYear.Equipment.EquipmentList.FundsRequested,FundsRequested,question,question-candidate:sha256:020d32f58b37678c8934cf06913c416397edf1f881f67d06ea9d427fc7374163,question-candidate:sha256:020d32f58b37678c8934cf06913c416397edf1f881f67d06ea9d427fc7374163,question:sha256:22c0f29bbd8bc845c0fe86d7d1f33b110753335599090087699ec590bf83cfd5,agent_proposed,subaward_organization,,budget-equipment|budget-period|money-and-effort-primitives|subaward-budget-collection,string,,,https://apply07.grants.gov/apply/forms/schemas/RR_MP_Budget_3_0-V3.0.xsd,20dce5b3498c809727892ee6cb837db223d687564c5829d94fe481367b7815c4,sha256:20dce5b3498c809727892ee6cb837db223d687564c5829d94fe481367b7815c4,false
RRMPSubawardBudget,[Draft] Research & Related Multi-Project Subaward Budget Attachment(s) Form,3.0,budget_attachments.rr_mp_budget_3_0[].budget_year[].equipment.total_fund,RR_MP_SubawardBudget_3_0.BudgetAttachments.RR_MP_Budget_3_0.BudgetYear.Equipment.TotalFund,TotalFund,question,question-candidate:sha256:cc3538bb2c72c049762146b104ef5e8e40082007c301eb0f099750cdaf7957a9,question-candidate:sha256:cc3538bb2c72c049762146b104ef5e8e40082007c301eb0f099750cdaf7957a9,question:sha256:9d4da8c1d124ff5beaf827b5711660acc974e24f5a9dc66a136f09d79af8fd59,agent_proposed,subaward_organization,,budget-equipment|budget-period|subaward-budget-collection,string,,,https://apply07.grants.gov/apply/forms/schemas/RR_MP_Budget_3_0-V3.0.xsd,20dce5b3498c809727892ee6cb837db223d687564c5829d94fe481367b7815c4,sha256:20dce5b3498c809727892ee6cb837db223d687564c5829d94fe481367b7815c4,false
RRMPSubawardBudget,[Draft] Research & Related Multi-Project Subaward Budget Attachment(s) Form,3.0,budget_attachments.rr_mp_budget_3_0[].budget_year[].equipment.total_fund_for_attached_equipment,RR_MP_SubawardBudget_3_0.BudgetAttachments.RR_MP_Budget_3_0.BudgetYear.Equipment.TotalFundForAttachedEquipment,TotalFundForAttachedEquipment,question,question-candidate:sha256:8bd3e1c0e0fb47deef33be174e4af22181e04f8377dec5de47a311347e593dbf,question-candidate:sha256:8bd3e1c0e0fb47deef33be174e4af22181e04f8377dec5de47a311347e593dbf,question:sha256:917a8276ef1d84aa663200224124442acad889e024c7f3c1a1dc082640d9f027,agent_proposed,subaward_organization,,budget-equipment|budget-period|subaward-budget-collection,string,,,https://apply07.grants.gov/apply/forms/schemas/RR_MP_Budget_3_0-V3.0.xsd,20dce5b3498c809727892ee6cb837db223d687564c5829d94fe481367b7815c4,sha256:20dce5b3498c809727892ee6cb837db223d687564c5829d94fe481367b7815c4,false
RRMPSubawardBudget,[Draft] Research & Related Multi-Project Subaward Budget Attachment(s) Form,3.0,budget_attachments.rr_mp_budget_3_0[].budget_year[].fee,RR_MP_SubawardBudget_3_0.BudgetAttachments.RR_MP_Budget_3_0.BudgetYear.Fee,Fee,question,question-candidate:sha256:41197163703aaf82f88335e718cda156ccd1245ff24cffc40f6bbd1ba6c2a285,question-candidate:sha256:41197163703aaf82f88335e718cda156ccd1245ff24cffc40f6bbd1ba6c2a285,question:sha256:bdcf5f9e434e33abe75ff1e3b69b8e5a7b72959aea46d05eaf7f2b9c0fc4cc58,agent_proposed,subaward_organization,,budget-period|subaward-budget-collection,string,,,https://apply07.grants.gov/apply/forms/schemas/RR_MP_Budget_3_0-V3.0.xsd,20dce5b3498c809727892ee6cb837db223d687564c5829d94fe481367b7815c4,sha256:20dce5b3498c809727892ee6cb837db223d687564c5829d94fe481367b7815c4,false
RRMPSubawardBudget,[Draft] Research & Related Multi-Project Subaward Budget Attachment(s) Form,3.0,budget_attachments.rr_mp_budget_3_0[].budget_year[].indirect_costs.indirect_cost[].base,RR_MP_SubawardBudget_3_0.BudgetAttachments.RR_MP_Budget_3_0.BudgetYear.IndirectCosts.IndirectCost.Base,Base,question,question-candidate:sha256:84d5c18c5da49a53a7a0d0f39ee96c9c2490150d55c44c939594d894c295a232,question-candidate:sha256:84d5c18c5da49a53a7a0d0f39ee96c9c2490150d55c44c939594d894c295a232,question:sha256:05a754bdeb3ad50b0177ed9a9df8138c2a65b2372f04b7a43f8a0a38ff28b2a9,agent_proposed,subaward_organization,,budget-indirect-cost|budget-period|subaward-budget-collection,string,,,https://apply07.grants.gov/apply/forms/schemas/RR_MP_Budget_3_0-V3.0.xsd,20dce5b3498c809727892ee6cb837db223d687564c5829d94fe481367b7815c4,sha256:20dce5b3498c809727892ee6cb837db223d687564c5829d94fe481367b7815c4,false
RRMPSubawardBudget,[Draft] Research & Related Multi-Project Subaward Budget Attachment(s) Form,3.0,budget_attachments.rr_mp_budget_3_0[].budget_year[].indirect_costs.indirect_cost[].cost_type,RR_MP_SubawardBudget_3_0.BudgetAttachments.RR_MP_Budget_3_0.BudgetYear.IndirectCosts.IndirectCost.CostType,CostType,question,question-candidate:sha256:dda19e1531ebce7e0d47459eef850745076136238fbc4fd0fcce1c3d48bd8838,question-candidate:sha256:dda19e1531ebce7e0d47459eef850745076136238fbc4fd0fcce1c3d48bd8838,question:sha256:29e9011002bbd3e4b8916cabd413ae24777895aba775479549578ad5a2bd2d54,agent_proposed,subaward_organization,,budget-indirect-cost|budget-period|subaward-budget-collection,string,,,https://apply07.grants.gov/apply/forms/schemas/RR_MP_Budget_3_0-V3.0.xsd,20dce5b3498c809727892ee6cb837db223d687564c5829d94fe481367b7815c4,sha256:20dce5b3498c809727892ee6cb837db223d687564c5829d94fe481367b7815c4,false
RRMPSubawardBudget,[Draft] Research & Related Multi-Project Subaward Budget Attachment(s) Form,3.0,budget_attachments.rr_mp_budget_3_0[].budget_year[].indirect_costs.indirect_cost[].fund_requested,RR_MP_SubawardBudget_3_0.BudgetAttachments.RR_MP_Budget_3_0.BudgetYear.IndirectCosts.IndirectCost.FundRequested,FundRequested,question,question-candidate:sha256:5dc1fa80ae868a46e20222515028c69eee7aa7f11c64d3395d4552b932033edb,question-candidate:sha256:5dc1fa80ae868a46e20222515028c69eee7aa7f11c64d3395d4552b932033edb,question:sha256:7933edd967ce5934c81ac1bd47d5ea048ecd453a94d85a1d76d795026eec75e3,agent_proposed,subaward_organization,,budget-indirect-cost|budget-period|subaward-budget-collection,string,,,https://apply07.grants.gov/apply/forms/schemas/RR_MP_Budget_3_0-V3.0.xsd,20dce5b3498c809727892ee6cb837db223d687564c5829d94fe481367b7815c4,sha256:20dce5b3498c809727892ee6cb837db223d687564c5829d94fe481367b7815c4,false
RRMPSubawardBudget,[Draft] Research & Related Multi-Project Subaward Budget Attachment(s) Form,3.0,budget_attachments.rr_mp_budget_3_0[].budget_year[].indirect_costs.indirect_cost[].rate,RR_MP_SubawardBudget_3_0.BudgetAttachments.RR_MP_Budget_3_0.BudgetYear.IndirectCosts.IndirectCost.Rate,Rate,question,question-candidate:sha256:0a3f3685f147f0d19ed1b07c184530a91e5f190e2c07e8e86640d01ae637922b,question-candidate:sha256:0a3f3685f147f0d19ed1b07c184530a91e5f190e2c07e8e86640d01ae637922b,question:sha256:4102daf1ee1c3aa51dc26778db514fc62d1324ba429a28247ed286b726634115,agent_proposed,subaward_organization,,budget-indirect-cost|budget-period|subaward-budget-collection,string,,,https://apply07.grants.gov/apply/forms/schemas/RR_MP_Budget_3_0-V3.0.xsd,20dce5b3498c809727892ee6cb837db223d687564c5829d94fe481367b7815c4,sha256:20dce5b3498c809727892ee6cb837db223d687564c5829d94fe481367b7815c4,false
RRMPSubawardBudget,[Draft] Research & Related Multi-Project Subaward Budget Attachment(s) Form,3.0,budget_attachments.rr_mp_budget_3_0[].budget_year[].indirect_costs.total_indirect_costs,RR_MP_SubawardBudget_3_0.BudgetAttachments.RR_MP_Budget_3_0.BudgetYear.IndirectCosts.TotalIndirectCosts,TotalIndirectCosts,calculation,,question-candidate:sha256:3c71692a8cf1bd75068099e47f1abf3ccc377018783a4c463a76e71ce3dabde6,question:sha256:56c6ceb41fe37b0568ee8c2bc1a9ef915a5c2c5a237e04cb05d7f5ed762ae591,excluded_non_question,subaward_organization,,budget-calculation|budget-indirect-cost|budget-period|subaward-budget-collection,string,,,https://apply07.grants.gov/apply/forms/schemas/RR_MP_Budget_3_0-V3.0.xsd,20dce5b3498c809727892ee6cb837db223d687564c5829d94fe481367b7815c4,sha256:20dce5b3498c809727892ee6cb837db223d687564c5829d94fe481367b7815c4,false
RRMPSubawardBudget,[Draft] Research & Related Multi-Project Subaward Budget Attachment(s) Form,3.0,budget_attachments.rr_mp_budget_3_0[].budget_year[].key_persons.attached_key_persons,RR_MP_SubawardBudget_3_0.BudgetAttachments.RR_MP_Budget_3_0.BudgetYear.KeyPersons.AttachedKeyPersons,AttachedKeyPersons,question,question-candidate:sha256:2e5a90a2a1fa6b0705c23f68fa4fcc897ffe925c0c04d5588b22199da4cf168b,question-candidate:sha256:2e5a90a2a1fa6b0705c23f68fa4fcc897ffe925c0c04d5588b22199da4cf168b,question:sha256:f33b8ddfde91b284d44dabc4aeb5597be7399a69e1cd73649833c62700d92962,agent_proposed,senior_key_person,,budget-period|person-profile|subaward-budget-collection,,,,https://apply07.grants.gov/apply/forms/schemas/RR_MP_Budget_3_0-V3.0.xsd,20dce5b3498c809727892ee6cb837db223d687564c5829d94fe481367b7815c4,sha256:20dce5b3498c809727892ee6cb837db223d687564c5829d94fe481367b7815c4,false
RRMPSubawardBudget,[Draft] Research & Related Multi-Project Subaward Budget Attachment(s) Form,3.0,budget_attachments.rr_mp_budget_3_0[].budget_year[].key_persons.key_person[].academic_months,RR_MP_SubawardBudget_3_0.BudgetAttachments.RR_MP_Budget_3_0.BudgetYear.KeyPersons.KeyPerson.AcademicMonths,AcademicMonths,question,question-candidate:sha256:c659661c4c61a576e65b7465db6bf927be987dd3213bfb53902e6d8f76540b15,question-candidate:sha256:c659661c4c61a576e65b7465db6bf927be987dd3213bfb53902e6d8f76540b15,question:sha256:486b0488944fe6c86376382a2d0269eff68fe0b32ce1e9298940221bfa9f50cb,agent_proposed,senior_key_person,,budget-period|money-and-effort-primitives|person-profile|subaward-budget-collection,string,,,https://apply07.grants.gov/apply/forms/schemas/RR_MP_Budget_3_0-V3.0.xsd,20dce5b3498c809727892ee6cb837db223d687564c5829d94fe481367b7815c4,sha256:20dce5b3498c809727892ee6cb837db223d687564c5829d94fe481367b7815c4,false
RRMPSubawardBudget,[Draft] Research & Related Multi-Project Subaward Budget Attachment(s) Form,3.0,budget_attachments.rr_mp_budget_3_0[].budget_year[].key_persons.key_person[].base_salary,RR_MP_SubawardBudget_3_0.BudgetAttachments.RR_MP_Budget_3_0.BudgetYear.KeyPersons.KeyPerson.BaseSalary,BaseSalary,question,question-candidate:sha256:59dfe55d5e66d3ef09031393d923d0c4167f696aa552d09e3123880896a8203e,question-candidate:sha256:59dfe55d5e66d3ef09031393d923d0c4167f696aa552d09e3123880896a8203e,question:sha256:f26e131786b9103bc6f86fa4736054e2382038c5e91431509da287b2f3c6f4ca,agent_proposed,senior_key_person,,budget-period|money-and-effort-primitives|person-profile|subaward-budget-collection,string,,,https://apply07.grants.gov/apply/forms/schemas/RR_MP_Budget_3_0-V3.0.xsd,20dce5b3498c809727892ee6cb837db223d687564c5829d94fe481367b7815c4,sha256:20dce5b3498c809727892ee6cb837db223d687564c5829d94fe481367b7815c4,false
RRMPSubawardBudget,[Draft] Research & Related Multi-Project Subaward Budget Attachment(s) Form,3.0,budget_attachments.rr_mp_budget_3_0[].budget_year[].key_persons.key_person[].calendar_months,RR_MP_SubawardBudget_3_0.BudgetAttachments.RR_MP_Budget_3_0.BudgetYear.KeyPersons.KeyPerson.CalendarMonths,CalendarMonths,question,question-candidate:sha256:fecb74b8c22574946af7e5d5e9073b4736e46cb21fe378ad1dc9f3a6cdc2629e,question-candidate:sha256:fecb74b8c22574946af7e5d5e9073b4736e46cb21fe378ad1dc9f3a6cdc2629e,question:sha256:7d9986ed055a2de6d49b5d6dc2e8f70ab6bb01872146202585f8cb19eea2ae42,agent_proposed,senior_key_person,,budget-period|money-and-effort-primitives|person-profile|subaward-budget-collection,string,,,https://apply07.grants.gov/apply/forms/schemas/RR_MP_Budget_3_0-V3.0.xsd,20dce5b3498c809727892ee6cb837db223d687564c5829d94fe481367b7815c4,sha256:20dce5b3498c809727892ee6cb837db223d687564c5829d94fe481367b7815c4,false
RRMPSubawardBudget,[Draft] Research & Related Multi-Project Subaward Budget Attachment(s) Form,3.0,budget_attachments.rr_mp_budget_3_0[].budget_year[].key_persons.key_person[].fringe_benefits,RR_MP_SubawardBudget_3_0.BudgetAttachments.RR_MP_Budget_3_0.BudgetYear.KeyPersons.KeyPerson.FringeBenefits,FringeBenefits,question,question-candidate:sha256:9b43c94dd4a863e4b2359263f87e3a38cb3127678bbbf5cf53a409388d58f59b,question-candidate:sha256:9b43c94dd4a863e4b2359263f87e3a38cb3127678bbbf5cf53a409388d58f59b,question:sha256:f3ccee491e5f5c82954ffd69daf42d5629f6f25eef13d32d83119ccf650ed927,agent_proposed,senior_key_person,,budget-period|money-and-effort-primitives|person-profile|subaward-budget-collection,string,,,https://apply07.grants.gov/apply/forms/schemas/RR_MP_Budget_3_0-V3.0.xsd,20dce5b3498c809727892ee6cb837db223d687564c5829d94fe481367b7815c4,sha256:20dce5b3498c809727892ee6cb837db223d687564c5829d94fe481367b7815c4,false
RRMPSubawardBudget,[Draft] Research & Related Multi-Project Subaward Budget Attachment(s) Form,3.0,budget_attachments.rr_mp_budget_3_0[].budget_year[].key_persons.key_person[].funds_requested,RR_MP_SubawardBudget_3_0.BudgetAttachments.RR_MP_Budget_3_0.BudgetYear.KeyPersons.KeyPerson.FundsRequested,FundsRequested,question,question-candidate:sha256:336123db7396012d576e963bd3b89edcf3fa320e10a09aa8b9e9755a5ac48f77,question-candidate:sha256:336123db7396012d576e963bd3b89edcf3fa320e10a09aa8b9e9755a5ac48f77,question:sha256:32a44f8d191f5a320cfa0caa1bb2ab9d4708795867bf39d1f021d6830b15e568,agent_proposed,senior_key_person,,budget-period|money-and-effort-primitives|person-profile|subaward-budget-collection,string,,,https://apply07.grants.gov/apply/forms/schemas/RR_MP_Budget_3_0-V3.0.xsd,20dce5b3498c809727892ee6cb837db223d687564c5829d94fe481367b7815c4,sha256:20dce5b3498c809727892ee6cb837db223d687564c5829d94fe481367b7815c4,false
RRMPSubawardBudget,[Draft] Research & Related Multi-Project Subaward Budget Attachment(s) Form,3.0,budget_attachments.rr_mp_budget_3_0[].budget_year[].key_persons.key_person[].name.first_name,RR_MP_SubawardBudget_3_0.BudgetAttachments.RR_MP_Budget_3_0.BudgetYear.KeyPersons.KeyPerson.Name.FirstName,FirstName,question,question-candidate:sha256:c5374ba3613bcf07f3064f3104e92f73740bb9e6ff4982c747e0fd1dc2c598cd,question-candidate:sha256:c5374ba3613bcf07f3064f3104e92f73740bb9e6ff4982c747e0fd1dc2c598cd,question:sha256:6a3cd1b65ac42fa14b53530bccb4578b6d9ee47f4c3b387e23025444330cb550,agent_proposed,senior_key_person,,budget-period|person-identity-contact|person-profile|subaward-budget-collection,string,,,https://apply07.grants.gov/apply/system/schemas/GlobalLibrary-V2.0.xsd,20dce5b3498c809727892ee6cb837db223d687564c5829d94fe481367b7815c4,sha256:20dce5b3498c809727892ee6cb837db223d687564c5829d94fe481367b7815c4,false
RRMPSubawardBudget,[Draft] Research & Related Multi-Project Subaward Budget Attachment(s) Form,3.0,budget_attachments.rr_mp_budget_3_0[].budget_year[].key_persons.key_person[].name.last_name,RR_MP_SubawardBudget_3_0.BudgetAttachments.RR_MP_Budget_3_0.BudgetYear.KeyPersons.KeyPerson.Name.LastName,LastName,question,question-candidate:sha256:b7696c75ae8c12c0517f7266a72fadbd8370d9ed9ef0195da70167115ed7315b,question-candidate:sha256:b7696c75ae8c12c0517f7266a72fadbd8370d9ed9ef0195da70167115ed7315b,question:sha256:322db4640c65bfbba68ba8bf306c79702ca61e9cd126ba4d10aa26030abc35cc,agent_proposed,senior_key_person,,budget-period|person-identity-contact|person-profile|subaward-budget-collection,string,,,https://apply07.grants.gov/apply/system/schemas/GlobalLibrary-V2.0.xsd,20dce5b3498c809727892ee6cb837db223d687564c5829d94fe481367b7815c4,sha256:20dce5b3498c809727892ee6cb837db223d687564c5829d94fe481367b7815c4,false
RRMPSubawardBudget,[Draft] Research & Related Multi-Project Subaward Budget Attachment(s) Form,3.0,budget_attachments.rr_mp_budget_3_0[].budget_year[].key_persons.key_person[].name.middle_name,RR_MP_SubawardBudget_3_0.BudgetAttachments.RR_MP_Budget_3_0.BudgetYear.KeyPersons.KeyPerson.Name.MiddleName,MiddleName,question,question-candidate:sha256:5332f51530e20271b050f783d47fd875ecc1c32d8807bfc9140982919d216c9e,question-candidate:sha256:5332f51530e20271b050f783d47fd875ecc1c32d8807bfc9140982919d216c9e,question:sha256:8890c5a248429ab1e66fc477fbf183d25dec86b687a09269152cfb85194b0d7e,agent_proposed,senior_key_person,,budget-period|person-identity-contact|person-profile|subaward-budget-collection,string,,,https://apply07.grants.gov/apply/system/schemas/GlobalLibrary-V2.0.xsd,20dce5b3498c809727892ee6cb837db223d687564c5829d94fe481367b7815c4,sha256:20dce5b3498c809727892ee6cb837db223d687564c5829d94fe481367b7815c4,false
RRMPSubawardBudget,[Draft] Research & Related Multi-Project Subaward Budget Attachment(s) Form,3.0,budget_attachments.rr_mp_budget_3_0[].budget_year[].key_persons.key_person[].name.prefix_name,RR_MP_SubawardBudget_3_0.BudgetAttachments.RR_MP_Budget_3_0.BudgetYear.KeyPersons.KeyPerson.Name.PrefixName,PrefixName,question,question-candidate:sha256:8544a4039cdef9bf3dbcb8b11b38f73f27f03f279f832ac8fafc105923e27cda,question-candidate:sha256:8544a4039cdef9bf3dbcb8b11b38f73f27f03f279f832ac8fafc105923e27cda,question:sha256:97f73d79ee6b18960943890509cf933967d5286c0a9a6095e8a2e39194399241,agent_proposed,senior_key_person,,budget-period|person-identity-contact|person-profile|subaward-budget-collection,string,,,https://apply07.grants.gov/apply/system/schemas/GlobalLibrary-V2.0.xsd,20dce5b3498c809727892ee6cb837db223d687564c5829d94fe481367b7815c4,sha256:20dce5b3498c809727892ee6cb837db223d687564c5829d94fe481367b7815c4,false
RRMPSubawardBudget,[Draft] Research & Related Multi-Project Subaward Budget Attachment(s) Form,3.0,budget_attachments.rr_mp_budget_3_0[].budget_year[].key_persons.key_person[].name.suffix_name,RR_MP_SubawardBudget_3_0.BudgetAttachments.RR_MP_Budget_3_0.BudgetYear.KeyPersons.KeyPerson.Name.SuffixName,SuffixName,question,question-candidate:sha256:870f4a2fb0c24c2b5054d9df39a0617879000a0c22543292d9d1a9d72a0a185f,question-candidate:sha256:870f4a2fb0c24c2b5054d9df39a0617879000a0c22543292d9d1a9d72a0a185f,question:sha256:d2fb1c1e59ac0f8afe3727d26d379cb37d3d49ad50b360c4271b625659fd223e,agent_proposed,senior_key_person,,budget-period|person-identity-contact|person-profile|subaward-budget-collection,string,,,https://apply07.grants.gov/apply/system/schemas/GlobalLibrary-V2.0.xsd,20dce5b3498c809727892ee6cb837db223d687564c5829d94fe481367b7815c4,sha256:20dce5b3498c809727892ee6cb837db223d687564c5829d94fe481367b7815c4,false
RRMPSubawardBudget,[Draft] Research & Related Multi-Project Subaward Budget Attachment(s) Form,3.0,budget_attachments.rr_mp_budget_3_0[].budget_year[].key_persons.key_person[].project_role,RR_MP_SubawardBudget_3_0.BudgetAttachments.RR_MP_Budget_3_0.BudgetYear.KeyPersons.KeyPerson.ProjectRole,ProjectRole,question,question-candidate:sha256:13a53bf7ada4e8ee77ef2076b64967e0352f7658be9e563a6857f98082823557,question-candidate:sha256:13a53bf7ada4e8ee77ef2076b64967e0352f7658be9e563a6857f98082823557,question:sha256:93fe80cca62b22fd7cb2c04cae47b6e30b720f2bc80d08ed32e6e77665220e5e,agent_proposed,senior_key_person,,budget-period|person-profile|project-role|subaward-budget-collection,string,,,https://apply07.grants.gov/apply/forms/schemas/RR_MP_Budget_3_0-V3.0.xsd,20dce5b3498c809727892ee6cb837db223d687564c5829d94fe481367b7815c4,sha256:20dce5b3498c809727892ee6cb837db223d687564c5829d94fe481367b7815c4,false
RRMPSubawardBudget,[Draft] Research & Related Multi-Project Subaward Budget Attachment(s) Form,3.0,budget_attachments.rr_mp_budget_3_0[].budget_year[].key_persons.key_person[].requested_salary,RR_MP_SubawardBudget_3_0.BudgetAttachments.RR_MP_Budget_3_0.BudgetYear.KeyPersons.KeyPerson.RequestedSalary,RequestedSalary,question,question-candidate:sha256:032530cbc946d2c171982ecbf8617b493f293faf0588a91a9d8e9be0addfc4a0,question-candidate:sha256:032530cbc946d2c171982ecbf8617b493f293faf0588a91a9d8e9be0addfc4a0,question:sha256:220a78d80db4fe6404fffa64c4cc41e716355babe38bcb2b69cce72b77a80bac,agent_proposed,senior_key_person,,budget-period|money-and-effort-primitives|person-profile|subaward-budget-collection,string,,,https://apply07.grants.gov/apply/forms/schemas/RR_MP_Budget_3_0-V3.0.xsd,20dce5b3498c809727892ee6cb837db223d687564c5829d94fe481367b7815c4,sha256:20dce5b3498c809727892ee6cb837db223d687564c5829d94fe481367b7815c4,false
RRMPSubawardBudget,[Draft] Research & Related Multi-Project Subaward Budget Attachment(s) Form,3.0,budget_attachments.rr_mp_budget_3_0[].budget_year[].key_persons.key_person[].summer_months,RR_MP_SubawardBudget_3_0.BudgetAttachments.RR_MP_Budget_3_0.BudgetYear.KeyPersons.KeyPerson.SummerMonths,SummerMonths,question,question-candidate:sha256:9ce87c22b3614664ff3876992c4e2c6a60597406b146a9263a958d3650fb3ef4,question-candidate:sha256:9ce87c22b3614664ff3876992c4e2c6a60597406b146a9263a958d3650fb3ef4,question:sha256:2c2c1f1c53130b6a0383b9b3a14fc42e1dd425ba0a3d25fe5134b5402aef9513,agent_proposed,senior_key_person,,budget-period|money-and-effort-primitives|person-profile|subaward-budget-collection,string,,,https://apply07.grants.gov/apply/forms/schemas/RR_MP_Budget_3_0-V3.0.xsd,20dce5b3498c809727892ee6cb837db223d687564c5829d94fe481367b7815c4,sha256:20dce5b3498c809727892ee6cb837db223d687564c5829d94fe481367b7815c4,false
RRMPSubawardBudget,[Draft] Research & Related Multi-Project Subaward Budget Attachment(s) Form,3.0,budget_attachments.rr_mp_budget_3_0[].budget_year[].key_persons.total_fund_for_attached_key_persons,RR_MP_SubawardBudget_3_0.BudgetAttachments.RR_MP_Budget_3_0.BudgetYear.KeyPersons.TotalFundForAttachedKeyPersons,TotalFundForAttachedKeyPersons,question,question-candidate:sha256:5d30d650839fa4807b567315a7e1e474c6676d078770c2f1c4f23cf3b331282d,question-candidate:sha256:5d30d650839fa4807b567315a7e1e474c6676d078770c2f1c4f23cf3b331282d,question:sha256:48d2548bae78641590061b71c06f0d3551957a533ab793861836efa3c7458d65,agent_proposed,senior_key_person,,budget-period|person-profile|subaward-budget-collection,string,,,https://apply07.grants.gov/apply/forms/schemas/RR_MP_Budget_3_0-V3.0.xsd,20dce5b3498c809727892ee6cb837db223d687564c5829d94fe481367b7815c4,sha256:20dce5b3498c809727892ee6cb837db223d687564c5829d94fe481367b7815c4,false
RRMPSubawardBudget,[Draft] Research & Related Multi-Project Subaward Budget Attachment(s) Form,3.0,budget_attachments.rr_mp_budget_3_0[].budget_year[].key_persons.total_fund_for_key_persons,RR_MP_SubawardBudget_3_0.BudgetAttachments.RR_MP_Budget_3_0.BudgetYear.KeyPersons.TotalFundForKeyPersons,TotalFundForKeyPersons,question,question-candidate:sha256:d6228625f28f9e03c7f0af4d6b86c5db634509e9ce0575ebf167747a8595a63e,question-candidate:sha256:d6228625f28f9e03c7f0af4d6b86c5db634509e9ce0575ebf167747a8595a63e,question:sha256:26e01969506e4c8b841f0654251c575bf17453f7241468bd61234322e9d62d06,agent_proposed,senior_key_person,,budget-period|person-profile|subaward-budget-collection,string,,,https://apply07.grants.gov/apply/forms/schemas/RR_MP_Budget_3_0-V3.0.xsd,20dce5b3498c809727892ee6cb837db223d687564c5829d94fe481367b7815c4,sha256:20dce5b3498c809727892ee6cb837db223d687564c5829d94fe481367b7815c4,false
RRMPSubawardBudget,[Draft] Research & Related Multi-Project Subaward Budget Attachment(s) Form,3.0,budget_attachments.rr_mp_budget_3_0[].budget_year[].other_direct_costs.adp_computer_services,RR_MP_SubawardBudget_3_0.BudgetAttachments.RR_MP_Budget_3_0.BudgetYear.OtherDirectCosts.ADPComputerServices,ADPComputerServices,question,question-candidate:sha256:b6b56d753517a0cb63ea13e60cc3924e524139e3373cfc4b783ccf88e2ef9bd1,question-candidate:sha256:b6b56d753517a0cb63ea13e60cc3924e524139e3373cfc4b783ccf88e2ef9bd1,question:sha256:6e4ae634bf2b305904ab621ad13b9a68df1e5ce88ddcce00d56a4a32cddeccab,agent_proposed,subaward_organization,,budget-other-direct-cost|budget-period|subaward-budget-collection,string,,,https://apply07.grants.gov/apply/forms/schemas/RR_MP_Budget_3_0-V3.0.xsd,20dce5b3498c809727892ee6cb837db223d687564c5829d94fe481367b7815c4,sha256:20dce5b3498c809727892ee6cb837db223d687564c5829d94fe481367b7815c4,false
RRMPSubawardBudget,[Draft] Research & Related Multi-Project Subaward Budget Attachment(s) Form,3.0,budget_attachments.rr_mp_budget_3_0[].budget_year[].other_direct_costs.alterations_renovations,RR_MP_SubawardBudget_3_0.BudgetAttachments.RR_MP_Budget_3_0.BudgetYear.OtherDirectCosts.AlterationsRenovations,AlterationsRenovations,question,question-candidate:sha256:0732f532be80cf009dbade4502d0bcfecde8c5a3c5105fc5f4535ad44863c2f7,question-candidate:sha256:0732f532be80cf009dbade4502d0bcfecde8c5a3c5105fc5f4535ad44863c2f7,question:sha256:1e7dd5bd2b6113ae6ddb8a3e41bede4109976e6815bb1031bf71260117549a1e,agent_proposed,subaward_organization,,budget-other-direct-cost|budget-period|subaward-budget-collection,string,,,https://apply07.grants.gov/apply/forms/schemas/RR_MP_Budget_3_0-V3.0.xsd,20dce5b3498c809727892ee6cb837db223d687564c5829d94fe481367b7815c4,sha256:20dce5b3498c809727892ee6cb837db223d687564c5829d94fe481367b7815c4,false
RRMPSubawardBudget,[Draft] Research & Related Multi-Project Subaward Budget Attachment(s) Form,3.0,budget_attachments.rr_mp_budget_3_0[].budget_year[].other_direct_costs.consultant_services,RR_MP_SubawardBudget_3_0.BudgetAttachments.RR_MP_Budget_3_0.BudgetYear.OtherDirectCosts.ConsultantServices,ConsultantServices,question,question-candidate:sha256:7a922f83bdafb4a14010b0d7a0e28f498ee733ec52a63ed4db8c7d1c98af6bf3,question-candidate:sha256:7a922f83bdafb4a14010b0d7a0e28f498ee733ec52a63ed4db8c7d1c98af6bf3,question:sha256:2816eb485d741134fd786a8cc8a2e83ef1fe54a3fdcff306cae0b68b81fe214d,agent_proposed,subaward_organization,,budget-other-direct-cost|budget-period|subaward-budget-collection,string,,,https://apply07.grants.gov/apply/forms/schemas/RR_MP_Budget_3_0-V3.0.xsd,20dce5b3498c809727892ee6cb837db223d687564c5829d94fe481367b7815c4,sha256:20dce5b3498c809727892ee6cb837db223d687564c5829d94fe481367b7815c4,false
RRMPSubawardBudget,[Draft] Research & Related Multi-Project Subaward Budget Attachment(s) Form,3.0,budget_attachments.rr_mp_budget_3_0[].budget_year[].other_direct_costs.equipment_rental_fee,RR_MP_SubawardBudget_3_0.BudgetAttachments.RR_MP_Budget_3_0.BudgetYear.OtherDirectCosts.EquipmentRentalFee,EquipmentRentalFee,question,question-candidate:sha256:af5874cd5aa797a10accf50c96ecd46488af44d2ebde11ed0d6748b144f47c69,question-candidate:sha256:af5874cd5aa797a10accf50c96ecd46488af44d2ebde11ed0d6748b144f47c69,question:sha256:cb9299b9c25637037ef444b7271f1586005f21ce509b700aeca9137d40066e1b,agent_proposed,subaward_organization,,budget-equipment|budget-other-direct-cost|budget-period|subaward-budget-collection,string,,,https://apply07.grants.gov/apply/forms/schemas/RR_MP_Budget_3_0-V3.0.xsd,20dce5b3498c809727892ee6cb837db223d687564c5829d94fe481367b7815c4,sha256:20dce5b3498c809727892ee6cb837db223d687564c5829d94fe481367b7815c4,false
RRMPSubawardBudget,[Draft] Research & Related Multi-Project Subaward Budget Attachment(s) Form,3.0,budget_attachments.rr_mp_budget_3_0[].budget_year[].other_direct_costs.materials_supplies,RR_MP_SubawardBudget_3_0.BudgetAttachments.RR_MP_Budget_3_0.BudgetYear.OtherDirectCosts.MaterialsSupplies,MaterialsSupplies,question,question-candidate:sha256:73aada75291db9e2439c8cdce530359c915fd7fab76308d3d3a98a7c071f9516,question-candidate:sha256:73aada75291db9e2439c8cdce530359c915fd7fab76308d3d3a98a7c071f9516,question:sha256:6f5bd172ed2d46947b0e73dd2fb24f0e61f539f62d74001dc20e8bf36974cad7,agent_proposed,subaward_organization,,budget-other-direct-cost|budget-period|subaward-budget-collection,string,,,https://apply07.grants.gov/apply/forms/schemas/RR_MP_Budget_3_0-V3.0.xsd,20dce5b3498c809727892ee6cb837db223d687564c5829d94fe481367b7815c4,sha256:20dce5b3498c809727892ee6cb837db223d687564c5829d94fe481367b7815c4,false
RRMPSubawardBudget,[Draft] Research & Related Multi-Project Subaward Budget Attachment(s) Form,3.0,budget_attachments.rr_mp_budget_3_0[].budget_year[].other_direct_costs.other_direct_cost_1.cost,RR_MP_SubawardBudget_3_0.BudgetAttachments.RR_MP_Budget_3_0.BudgetYear.OtherDirectCosts.OtherDirectCost1.Cost,Cost,question,question-candidate:sha256:7d1a1b469b085541518a6248270954e1f62ccd9f12895f622800ebb15e78373f,question-candidate:sha256:7d1a1b469b085541518a6248270954e1f62ccd9f12895f622800ebb15e78373f,question:sha256:3282be933c0ddd36ec7514fa32824d2ac51dbdff5c07fee970c64c5c29f82b07,agent_proposed,subaward_organization,,budget-other-direct-cost|budget-period|subaward-budget-collection,string,,,https://apply07.grants.gov/apply/forms/schemas/RR_MP_Budget_3_0-V3.0.xsd,20dce5b3498c809727892ee6cb837db223d687564c5829d94fe481367b7815c4,sha256:20dce5b3498c809727892ee6cb837db223d687564c5829d94fe481367b7815c4,false
RRMPSubawardBudget,[Draft] Research & Related Multi-Project Subaward Budget Attachment(s) Form,3.0,budget_attachments.rr_mp_budget_3_0[].budget_year[].other_direct_costs.other_direct_cost_1.description,RR_MP_SubawardBudget_3_0.BudgetAttachments.RR_MP_Budget_3_0.BudgetYear.OtherDirectCosts.OtherDirectCost1.Description,Description,question,question-candidate:sha256:c2b35b0a8b137b6dc1bca9b47e1352cfac4bfd27c69d660157b1929528d94c71,question-candidate:sha256:c2b35b0a8b137b6dc1bca9b47e1352cfac4bfd27c69d660157b1929528d94c71,question:sha256:37eb6b663ede1a44daa1af1529940e01c94170752fac0d5d91511fe91b0cf9dc,agent_proposed,subaward_organization,,budget-other-direct-cost|budget-period|subaward-budget-collection,string,,,https://apply07.grants.gov/apply/forms/schemas/RR_MP_Budget_3_0-V3.0.xsd,20dce5b3498c809727892ee6cb837db223d687564c5829d94fe481367b7815c4,sha256:20dce5b3498c809727892ee6cb837db223d687564c5829d94fe481367b7815c4,false
RRMPSubawardBudget,[Draft] Research & Related Multi-Project Subaward Budget Attachment(s) Form,3.0,budget_attachments.rr_mp_budget_3_0[].budget_year[].other_direct_costs.other_direct_cost_10.cost,RR_MP_SubawardBudget_3_0.BudgetAttachments.RR_MP_Budget_3_0.BudgetYear.OtherDirectCosts.OtherDirectCost10.Cost,Cost,question,question-candidate:sha256:7d1a1b469b085541518a6248270954e1f62ccd9f12895f622800ebb15e78373f,question-candidate:sha256:7d1a1b469b085541518a6248270954e1f62ccd9f12895f622800ebb15e78373f,question:sha256:7f7168853c3198551a9dbcc4fd6cb1fda1519e105c9a23261202f7cf40a900fa,agent_proposed,subaward_organization,,budget-other-direct-cost|budget-period|subaward-budget-collection,string,,,https://apply07.grants.gov/apply/forms/schemas/RR_MP_Budget_3_0-V3.0.xsd,20dce5b3498c809727892ee6cb837db223d687564c5829d94fe481367b7815c4,sha256:20dce5b3498c809727892ee6cb837db223d687564c5829d94fe481367b7815c4,false
RRMPSubawardBudget,[Draft] Research & Related Multi-Project Subaward Budget Attachment(s) Form,3.0,budget_attachments.rr_mp_budget_3_0[].budget_year[].other_direct_costs.other_direct_cost_10.description,RR_MP_SubawardBudget_3_0.BudgetAttachments.RR_MP_Budget_3_0.BudgetYear.OtherDirectCosts.OtherDirectCost10.Description,Description,question,question-candidate:sha256:c2b35b0a8b137b6dc1bca9b47e1352cfac4bfd27c69d660157b1929528d94c71,question-candidate:sha256:c2b35b0a8b137b6dc1bca9b47e1352cfac4bfd27c69d660157b1929528d94c71,question:sha256:10d9695118563ce19b8d02921fe0dce0ceec5c4ee0c6db327ff93e762433dd22,agent_proposed,subaward_organization,,budget-other-direct-cost|budget-period|subaward-budget-collection,string,,,https://apply07.grants.gov/apply/forms/schemas/RR_MP_Budget_3_0-V3.0.xsd,20dce5b3498c809727892ee6cb837db223d687564c5829d94fe481367b7815c4,sha256:20dce5b3498c809727892ee6cb837db223d687564c5829d94fe481367b7815c4,false
RRMPSubawardBudget,[Draft] Research & Related Multi-Project Subaward Budget Attachment(s) Form,3.0,budget_attachments.rr_mp_budget_3_0[].budget_year[].other_direct_costs.other_direct_cost_2.cost,RR_MP_SubawardBudget_3_0.BudgetAttachments.RR_MP_Budget_3_0.BudgetYear.OtherDirectCosts.OtherDirectCost2.Cost,Cost,question,question-candidate:sha256:7d1a1b469b085541518a6248270954e1f62ccd9f12895f622800ebb15e78373f,question-candidate:sha256:7d1a1b469b085541518a6248270954e1f62ccd9f12895f622800ebb15e78373f,question:sha256:3993f8de49880933f2b0e4544afe0d6f90f4d1fcde5bca9e98e194a7a61d3523,agent_proposed,subaward_organization,,budget-other-direct-cost|budget-period|subaward-budget-collection,string,,,https://apply07.grants.gov/apply/forms/schemas/RR_MP_Budget_3_0-V3.0.xsd,20dce5b3498c809727892ee6cb837db223d687564c5829d94fe481367b7815c4,sha256:20dce5b3498c809727892ee6cb837db223d687564c5829d94fe481367b7815c4,false
RRMPSubawardBudget,[Draft] Research & Related Multi-Project Subaward Budget Attachment(s) Form,3.0,budget_attachments.rr_mp_budget_3_0[].budget_year[].other_direct_costs.other_direct_cost_2.description,RR_MP_SubawardBudget_3_0.BudgetAttachments.RR_MP_Budget_3_0.BudgetYear.OtherDirectCosts.OtherDirectCost2.Description,Description,question,question-candidate:sha256:c2b35b0a8b137b6dc1bca9b47e1352cfac4bfd27c69d660157b1929528d94c71,question-candidate:sha256:c2b35b0a8b137b6dc1bca9b47e1352cfac4bfd27c69d660157b1929528d94c71,question:sha256:eb135989e88548b9266fd7aa21ae850da317e8f4fcd139b8fb222432a8b9e950,agent_proposed,subaward_organization,,budget-other-direct-cost|budget-period|subaward-budget-collection,string,,,https://apply07.grants.gov/apply/forms/schemas/RR_MP_Budget_3_0-V3.0.xsd,20dce5b3498c809727892ee6cb837db223d687564c5829d94fe481367b7815c4,sha256:20dce5b3498c809727892ee6cb837db223d687564c5829d94fe481367b7815c4,false
RRMPSubawardBudget,[Draft] Research & Related Multi-Project Subaward Budget Attachment(s) Form,3.0,budget_attachments.rr_mp_budget_3_0[].budget_year[].other_direct_costs.other_direct_cost_3.cost,RR_MP_SubawardBudget_3_0.BudgetAttachments.RR_MP_Budget_3_0.BudgetYear.OtherDirectCosts.OtherDirectCost3.Cost,Cost,question,question-candidate:sha256:7d1a1b469b085541518a6248270954e1f62ccd9f12895f622800ebb15e78373f,question-candidate:sha256:7d1a1b469b085541518a6248270954e1f62ccd9f12895f622800ebb15e78373f,question:sha256:a82a5bb918eeaa0390093f0fe28b1d026fdce8bf6c48fad3d961760cf7994403,agent_proposed,subaward_organization,,budget-other-direct-cost|budget-period|subaward-budget-collection,string,,,https://apply07.grants.gov/apply/forms/schemas/RR_MP_Budget_3_0-V3.0.xsd,20dce5b3498c809727892ee6cb837db223d687564c5829d94fe481367b7815c4,sha256:20dce5b3498c809727892ee6cb837db223d687564c5829d94fe481367b7815c4,false
RRMPSubawardBudget,[Draft] Research & Related Multi-Project Subaward Budget Attachment(s) Form,3.0,budget_attachments.rr_mp_budget_3_0[].budget_year[].other_direct_costs.other_direct_cost_3.description,RR_MP_SubawardBudget_3_0.BudgetAttachments.RR_MP_Budget_3_0.BudgetYear.OtherDirectCosts.OtherDirectCost3.Description,Description,question,question-candidate:sha256:c2b35b0a8b137b6dc1bca9b47e1352cfac4bfd27c69d660157b1929528d94c71,question-candidate:sha256:c2b35b0a8b137b6dc1bca9b47e1352cfac4bfd27c69d660157b1929528d94c71,question:sha256:730370ebefa8139b194e722f349e4a588f29c40a388a8439366221a96b32e045,agent_proposed,subaward_organization,,budget-other-direct-cost|budget-period|subaward-budget-collection,string,,,https://apply07.grants.gov/apply/forms/schemas/RR_MP_Budget_3_0-V3.0.xsd,20dce5b3498c809727892ee6cb837db223d687564c5829d94fe481367b7815c4,sha256:20dce5b3498c809727892ee6cb837db223d687564c5829d94fe481367b7815c4,false
RRMPSubawardBudget,[Draft] Research & Related Multi-Project Subaward Budget Attachment(s) Form,3.0,budget_attachments.rr_mp_budget_3_0[].budget_year[].other_direct_costs.other_direct_cost_4.cost,RR_MP_SubawardBudget_3_0.BudgetAttachments.RR_MP_Budget_3_0.BudgetYear.OtherDirectCosts.OtherDirectCost4.Cost,Cost,question,question-candidate:sha256:7d1a1b469b085541518a6248270954e1f62ccd9f12895f622800ebb15e78373f,question-candidate:sha256:7d1a1b469b085541518a6248270954e1f62ccd9f12895f622800ebb15e78373f,question:sha256:ea38b05d5d185958db860533227b5cc1aa50ae43e8d2e271baaeb08763e8b6ba,agent_proposed,subaward_organization,,budget-other-direct-cost|budget-period|subaward-budget-collection,string,,,https://apply07.grants.gov/apply/forms/schemas/RR_MP_Budget_3_0-V3.0.xsd,20dce5b3498c809727892ee6cb837db223d687564c5829d94fe481367b7815c4,sha256:20dce5b3498c809727892ee6cb837db223d687564c5829d94fe481367b7815c4,false
RRMPSubawardBudget,[Draft] Research & Related Multi-Project Subaward Budget Attachment(s) Form,3.0,budget_attachments.rr_mp_budget_3_0[].budget_year[].other_direct_costs.other_direct_cost_4.description,RR_MP_SubawardBudget_3_0.BudgetAttachments.RR_MP_Budget_3_0.BudgetYear.OtherDirectCosts.OtherDirectCost4.Description,Description,question,question-candidate:sha256:c2b35b0a8b137b6dc1bca9b47e1352cfac4bfd27c69d660157b1929528d94c71,question-candidate:sha256:c2b35b0a8b137b6dc1bca9b47e1352cfac4bfd27c69d660157b1929528d94c71,question:sha256:7ef9901f340a64bf6525ccc35b64f401b467aa7471fa2b4f0b285d034c4eb417,agent_proposed,subaward_organization,,budget-other-direct-cost|budget-period|subaward-budget-collection,string,,,https://apply07.grants.gov/apply/forms/schemas/RR_MP_Budget_3_0-V3.0.xsd,20dce5b3498c809727892ee6cb837db223d687564c5829d94fe481367b7815c4,sha256:20dce5b3498c809727892ee6cb837db223d687564c5829d94fe481367b7815c4,false
RRMPSubawardBudget,[Draft] Research & Related Multi-Project Subaward Budget Attachment(s) Form,3.0,budget_attachments.rr_mp_budget_3_0[].budget_year[].other_direct_costs.other_direct_cost_5.cost,RR_MP_SubawardBudget_3_0.BudgetAttachments.RR_MP_Budget_3_0.BudgetYear.OtherDirectCosts.OtherDirectCost5.Cost,Cost,question,question-candidate:sha256:7d1a1b469b085541518a6248270954e1f62ccd9f12895f622800ebb15e78373f,question-candidate:sha256:7d1a1b469b085541518a6248270954e1f62ccd9f12895f622800ebb15e78373f,question:sha256:c18414bc34cd5d1bd7c219a797ffa53ee0416e11d0c8f002cc50e115c1e07b48,agent_proposed,subaward_organization,,budget-other-direct-cost|budget-period|subaward-budget-collection,string,,,https://apply07.grants.gov/apply/forms/schemas/RR_MP_Budget_3_0-V3.0.xsd,20dce5b3498c809727892ee6cb837db223d687564c5829d94fe481367b7815c4,sha256:20dce5b3498c809727892ee6cb837db223d687564c5829d94fe481367b7815c4,false
RRMPSubawardBudget,[Draft] Research & Related Multi-Project Subaward Budget Attachment(s) Form,3.0,budget_attachments.rr_mp_budget_3_0[].budget_year[].other_direct_costs.other_direct_cost_5.description,RR_MP_SubawardBudget_3_0.BudgetAttachments.RR_MP_Budget_3_0.BudgetYear.OtherDirectCosts.OtherDirectCost5.Description,Description,question,question-candidate:sha256:c2b35b0a8b137b6dc1bca9b47e1352cfac4bfd27c69d660157b1929528d94c71,question-candidate:sha256:c2b35b0a8b137b6dc1bca9b47e1352cfac4bfd27c69d660157b1929528d94c71,question:sha256:6635d5c2632caa5302b40441db4466b0608d2eb49ecef5fa97cfd5328bd28830,agent_proposed,subaward_organization,,budget-other-direct-cost|budget-period|subaward-budget-collection,string,,,https://apply07.grants.gov/apply/forms/schemas/RR_MP_Budget_3_0-V3.0.xsd,20dce5b3498c809727892ee6cb837db223d687564c5829d94fe481367b7815c4,sha256:20dce5b3498c809727892ee6cb837db223d687564c5829d94fe481367b7815c4,false
RRMPSubawardBudget,[Draft] Research & Related Multi-Project Subaward Budget Attachment(s) Form,3.0,budget_attachments.rr_mp_budget_3_0[].budget_year[].other_direct_costs.other_direct_cost_6.cost,RR_MP_SubawardBudget_3_0.BudgetAttachments.RR_MP_Budget_3_0.BudgetYear.OtherDirectCosts.OtherDirectCost6.Cost,Cost,question,question-candidate:sha256:7d1a1b469b085541518a6248270954e1f62ccd9f12895f622800ebb15e78373f,question-candidate:sha256:7d1a1b469b085541518a6248270954e1f62ccd9f12895f622800ebb15e78373f,question:sha256:7f53f5dc45d223c0ea0a683a14eb560a605ecb74c6ec5c7144a277282d30d7ac,agent_proposed,subaward_organization,,budget-other-direct-cost|budget-period|subaward-budget-collection,string,,,https://apply07.grants.gov/apply/forms/schemas/RR_MP_Budget_3_0-V3.0.xsd,20dce5b3498c809727892ee6cb837db223d687564c5829d94fe481367b7815c4,sha256:20dce5b3498c809727892ee6cb837db223d687564c5829d94fe481367b7815c4,false
RRMPSubawardBudget,[Draft] Research & Related Multi-Project Subaward Budget Attachment(s) Form,3.0,budget_attachments.rr_mp_budget_3_0[].budget_year[].other_direct_costs.other_direct_cost_6.description,RR_MP_SubawardBudget_3_0.BudgetAttachments.RR_MP_Budget_3_0.BudgetYear.OtherDirectCosts.OtherDirectCost6.Description,Description,question,question-candidate:sha256:c2b35b0a8b137b6dc1bca9b47e1352cfac4bfd27c69d660157b1929528d94c71,question-candidate:sha256:c2b35b0a8b137b6dc1bca9b47e1352cfac4bfd27c69d660157b1929528d94c71,question:sha256:ee4fcf01fbf7cdfd58286397f3a238ff754b957c45171bf27aaf5d8913577eea,agent_proposed,subaward_organization,,budget-other-direct-cost|budget-period|subaward-budget-collection,string,,,https://apply07.grants.gov/apply/forms/schemas/RR_MP_Budget_3_0-V3.0.xsd,20dce5b3498c809727892ee6cb837db223d687564c5829d94fe481367b7815c4,sha256:20dce5b3498c809727892ee6cb837db223d687564c5829d94fe481367b7815c4,false
RRMPSubawardBudget,[Draft] Research & Related Multi-Project Subaward Budget Attachment(s) Form,3.0,budget_attachments.rr_mp_budget_3_0[].budget_year[].other_direct_costs.other_direct_cost_7.cost,RR_MP_SubawardBudget_3_0.BudgetAttachments.RR_MP_Budget_3_0.BudgetYear.OtherDirectCosts.OtherDirectCost7.Cost,Cost,question,question-candidate:sha256:7d1a1b469b085541518a6248270954e1f62ccd9f12895f622800ebb15e78373f,question-candidate:sha256:7d1a1b469b085541518a6248270954e1f62ccd9f12895f622800ebb15e78373f,question:sha256:6c22626661fd7deb27387fcc1a2e6895810ef775b96a796822ac6fd1880128e8,agent_proposed,subaward_organization,,budget-other-direct-cost|budget-period|subaward-budget-collection,string,,,https://apply07.grants.gov/apply/forms/schemas/RR_MP_Budget_3_0-V3.0.xsd,20dce5b3498c809727892ee6cb837db223d687564c5829d94fe481367b7815c4,sha256:20dce5b3498c809727892ee6cb837db223d687564c5829d94fe481367b7815c4,false
RRMPSubawardBudget,[Draft] Research & Related Multi-Project Subaward Budget Attachment(s) Form,3.0,budget_attachments.rr_mp_budget_3_0[].budget_year[].other_direct_costs.other_direct_cost_7.description,RR_MP_SubawardBudget_3_0.BudgetAttachments.RR_MP_Budget_3_0.BudgetYear.OtherDirectCosts.OtherDirectCost7.Description,Description,question,question-candidate:sha256:c2b35b0a8b137b6dc1bca9b47e1352cfac4bfd27c69d660157b1929528d94c71,question-candidate:sha256:c2b35b0a8b137b6dc1bca9b47e1352cfac4bfd27c69d660157b1929528d94c71,question:sha256:a3862bebddb70387b6614d3f9022cd4959e70c76c82a2647c9a2ee308a878027,agent_proposed,subaward_organization,,budget-other-direct-cost|budget-period|subaward-budget-collection,string,,,https://apply07.grants.gov/apply/forms/schemas/RR_MP_Budget_3_0-V3.0.xsd,20dce5b3498c809727892ee6cb837db223d687564c5829d94fe481367b7815c4,sha256:20dce5b3498c809727892ee6cb837db223d687564c5829d94fe481367b7815c4,false
RRMPSubawardBudget,[Draft] Research & Related Multi-Project Subaward Budget Attachment(s) Form,3.0,budget_attachments.rr_mp_budget_3_0[].budget_year[].other_direct_costs.other_direct_cost_8.cost,RR_MP_SubawardBudget_3_0.BudgetAttachments.RR_MP_Budget_3_0.BudgetYear.OtherDirectCosts.OtherDirectCost8.Cost,Cost,question,question-candidate:sha256:7d1a1b469b085541518a6248270954e1f62ccd9f12895f622800ebb15e78373f,question-candidate:sha256:7d1a1b469b085541518a6248270954e1f62ccd9f12895f622800ebb15e78373f,question:sha256:390de06412edd8b8bf6b532019b0e492b84c5a4cb5b1944b5179fcf08460093f,agent_proposed,subaward_organization,,budget-other-direct-cost|budget-period|subaward-budget-collection,string,,,https://apply07.grants.gov/apply/forms/schemas/RR_MP_Budget_3_0-V3.0.xsd,20dce5b3498c809727892ee6cb837db223d687564c5829d94fe481367b7815c4,sha256:20dce5b3498c809727892ee6cb837db223d687564c5829d94fe481367b7815c4,false
RRMPSubawardBudget,[Draft] Research & Related Multi-Project Subaward Budget Attachment(s) Form,3.0,budget_attachments.rr_mp_budget_3_0[].budget_year[].other_direct_costs.other_direct_cost_8.description,RR_MP_SubawardBudget_3_0.BudgetAttachments.RR_MP_Budget_3_0.BudgetYear.OtherDirectCosts.OtherDirectCost8.Description,Description,question,question-candidate:sha256:c2b35b0a8b137b6dc1bca9b47e1352cfac4bfd27c69d660157b1929528d94c71,question-candidate:sha256:c2b35b0a8b137b6dc1bca9b47e1352cfac4bfd27c69d660157b1929528d94c71,question:sha256:c41ca8d21f431239281cdcfc87ef565cda908274229256bfd880e169b0060b32,agent_proposed,subaward_organization,,budget-other-direct-cost|budget-period|subaward-budget-collection,string,,,https://apply07.grants.gov/apply/forms/schemas/RR_MP_Budget_3_0-V3.0.xsd,20dce5b3498c809727892ee6cb837db223d687564c5829d94fe481367b7815c4,sha256:20dce5b3498c809727892ee6cb837db223d687564c5829d94fe481367b7815c4,false
RRMPSubawardBudget,[Draft] Research & Related Multi-Project Subaward Budget Attachment(s) Form,3.0,budget_attachments.rr_mp_budget_3_0[].budget_year[].other_direct_costs.other_direct_cost_9.cost,RR_MP_SubawardBudget_3_0.BudgetAttachments.RR_MP_Budget_3_0.BudgetYear.OtherDirectCosts.OtherDirectCost9.Cost,Cost,question,question-candidate:sha256:7d1a1b469b085541518a6248270954e1f62ccd9f12895f622800ebb15e78373f,question-candidate:sha256:7d1a1b469b085541518a6248270954e1f62ccd9f12895f622800ebb15e78373f,question:sha256:474fff23ab934e819eb6c0b25b5655f4c1f4a5f43ed2ef91626042f92b7355f7,agent_proposed,subaward_organization,,budget-other-direct-cost|budget-period|subaward-budget-collection,string,,,https://apply07.grants.gov/apply/forms/schemas/RR_MP_Budget_3_0-V3.0.xsd,20dce5b3498c809727892ee6cb837db223d687564c5829d94fe481367b7815c4,sha256:20dce5b3498c809727892ee6cb837db223d687564c5829d94fe481367b7815c4,false
RRMPSubawardBudget,[Draft] Research & Related Multi-Project Subaward Budget Attachment(s) Form,3.0,budget_attachments.rr_mp_budget_3_0[].budget_year[].other_direct_costs.other_direct_cost_9.description,RR_MP_SubawardBudget_3_0.BudgetAttachments.RR_MP_Budget_3_0.BudgetYear.OtherDirectCosts.OtherDirectCost9.Description,Description,question,question-candidate:sha256:c2b35b0a8b137b6dc1bca9b47e1352cfac4bfd27c69d660157b1929528d94c71,question-candidate:sha256:c2b35b0a8b137b6dc1bca9b47e1352cfac4bfd27c69d660157b1929528d94c71,question:sha256:28684f2bd5c9dcfd4529848388b679e70a1d6dc4b8a200cf076282001fa1a9e2,agent_proposed,subaward_organization,,budget-other-direct-cost|budget-period|subaward-budget-collection,string,,,https://apply07.grants.gov/apply/forms/schemas/RR_MP_Budget_3_0-V3.0.xsd,20dce5b3498c809727892ee6cb837db223d687564c5829d94fe481367b7815c4,sha256:20dce5b3498c809727892ee6cb837db223d687564c5829d94fe481367b7815c4,false
RRMPSubawardBudget,[Draft] Research & Related Multi-Project Subaward Budget Attachment(s) Form,3.0,budget_attachments.rr_mp_budget_3_0[].budget_year[].other_direct_costs.publication_costs,RR_MP_SubawardBudget_3_0.BudgetAttachments.RR_MP_Budget_3_0.BudgetYear.OtherDirectCosts.PublicationCosts,PublicationCosts,question,question-candidate:sha256:7d34e0a2c73672fada95812c416252579a16d1a565c11001874a9501c185e8b3,question-candidate:sha256:7d34e0a2c73672fada95812c416252579a16d1a565c11001874a9501c185e8b3,question:sha256:34749682678a250bfe68029c8b8b1faf1d23996872e476a0b5cf20fe6e22788f,agent_proposed,subaward_organization,,budget-other-direct-cost|budget-period|subaward-budget-collection,string,,,https://apply07.grants.gov/apply/forms/schemas/RR_MP_Budget_3_0-V3.0.xsd,20dce5b3498c809727892ee6cb837db223d687564c5829d94fe481367b7815c4,sha256:20dce5b3498c809727892ee6cb837db223d687564c5829d94fe481367b7815c4,false
RRMPSubawardBudget,[Draft] Research & Related Multi-Project Subaward Budget Attachment(s) Form,3.0,budget_attachments.rr_mp_budget_3_0[].budget_year[].other_direct_costs.subaward_consortium_contractual_costs,RR_MP_SubawardBudget_3_0.BudgetAttachments.RR_MP_Budget_3_0.BudgetYear.OtherDirectCosts.SubawardConsortiumContractualCosts,SubawardConsortiumContractualCosts,question,question-candidate:sha256:9db54af2e2c62c3ca2cd5f8f94cbd0ba0ea98396cdd00ad033acb3e33b9ef11e,question-candidate:sha256:9db54af2e2c62c3ca2cd5f8f94cbd0ba0ea98396cdd00ad033acb3e33b9ef11e,question:sha256:18b7f58af7e83466a0ec234711631a9f71d810c0277e86282855a5b4009dc0f4,agent_proposed,subaward_organization,,budget-other-direct-cost|budget-period|subaward-budget-collection,string,,,https://apply07.grants.gov/apply/forms/schemas/RR_MP_Budget_3_0-V3.0.xsd,20dce5b3498c809727892ee6cb837db223d687564c5829d94fe481367b7815c4,sha256:20dce5b3498c809727892ee6cb837db223d687564c5829d94fe481367b7815c4,false
RRMPSubawardBudget,[Draft] Research & Related Multi-Project Subaward Budget Attachment(s) Form,3.0,budget_attachments.rr_mp_budget_3_0[].budget_year[].other_direct_costs.total_other_direct_cost,RR_MP_SubawardBudget_3_0.BudgetAttachments.RR_MP_Budget_3_0.BudgetYear.OtherDirectCosts.TotalOtherDirectCost,TotalOtherDirectCost,question,question-candidate:sha256:08b22af7bae10abbeca15f26063abbcd79e8b7744a97f3cbd42ff360181d2307,question-candidate:sha256:08b22af7bae10abbeca15f26063abbcd79e8b7744a97f3cbd42ff360181d2307,question:sha256:2a26e3d68c94cf12d97cc7471396d39335d74d38de42e5463e7729747fef5d4e,agent_proposed,subaward_organization,,budget-other-direct-cost|budget-period|subaward-budget-collection,string,,,https://apply07.grants.gov/apply/forms/schemas/RR_MP_Budget_3_0-V3.0.xsd,20dce5b3498c809727892ee6cb837db223d687564c5829d94fe481367b7815c4,sha256:20dce5b3498c809727892ee6cb837db223d687564c5829d94fe481367b7815c4,false
RRMPSubawardBudget,[Draft] Research & Related Multi-Project Subaward Budget Attachment(s) Form,3.0,budget_attachments.rr_mp_budget_3_0[].budget_year[].other_personnel.graduate_students.academic_months,RR_MP_SubawardBudget_3_0.BudgetAttachments.RR_MP_Budget_3_0.BudgetYear.OtherPersonnel.GraduateStudents.AcademicMonths,AcademicMonths,question,question-candidate:sha256:49e031c3a633d1db450c296fba296706a2f0453f14296efbb242b76b0138d573,question-candidate:sha256:49e031c3a633d1db450c296fba296706a2f0453f14296efbb242b76b0138d573,question:sha256:d2397f2481168bf011f2ddbfedb8da6eee709bea596c0e1f4ea3a0731d66bfd9,agent_proposed,subaward_organization,,budget-period|budget-personnel|money-and-effort-primitives|subaward-budget-collection,string,,,https://apply07.grants.gov/apply/forms/schemas/RR_MP_Budget_3_0-V3.0.xsd,20dce5b3498c809727892ee6cb837db223d687564c5829d94fe481367b7815c4,sha256:20dce5b3498c809727892ee6cb837db223d687564c5829d94fe481367b7815c4,false
RRMPSubawardBudget,[Draft] Research & Related Multi-Project Subaward Budget Attachment(s) Form,3.0,budget_attachments.rr_mp_budget_3_0[].budget_year[].other_personnel.graduate_students.calendar_months,RR_MP_SubawardBudget_3_0.BudgetAttachments.RR_MP_Budget_3_0.BudgetYear.OtherPersonnel.GraduateStudents.CalendarMonths,CalendarMonths,question,question-candidate:sha256:ccd2a7340574dd051109f8864381d16b5c02afb1097a56e86f9e1a3039fd98f8,question-candidate:sha256:ccd2a7340574dd051109f8864381d16b5c02afb1097a56e86f9e1a3039fd98f8,question:sha256:e80cf642c2ee9cbb848affec4ad50b14efa65e7e21beafd568c8e62a24fd4d9c,agent_proposed,subaward_organization,,budget-period|budget-personnel|money-and-effort-primitives|subaward-budget-collection,string,,,https://apply07.grants.gov/apply/forms/schemas/RR_MP_Budget_3_0-V3.0.xsd,20dce5b3498c809727892ee6cb837db223d687564c5829d94fe481367b7815c4,sha256:20dce5b3498c809727892ee6cb837db223d687564c5829d94fe481367b7815c4,false
RRMPSubawardBudget,[Draft] Research & Related Multi-Project Subaward Budget Attachment(s) Form,3.0,budget_attachments.rr_mp_budget_3_0[].budget_year[].other_personnel.graduate_students.fringe_benefits,RR_MP_SubawardBudget_3_0.BudgetAttachments.RR_MP_Budget_3_0.BudgetYear.OtherPersonnel.GraduateStudents.FringeBenefits,FringeBenefits,question,question-candidate:sha256:455e9ff0f04b5101fc7b60045c08ffa33d2e897a346ea1cecc5cf83b35ae2399,question-candidate:sha256:455e9ff0f04b5101fc7b60045c08ffa33d2e897a346ea1cecc5cf83b35ae2399,question:sha256:6ff31423c18948734ebf58751de18666ef097defbc36c687726732f577fd452b,agent_proposed,subaward_organization,,budget-period|budget-personnel|money-and-effort-primitives|subaward-budget-collection,string,,,https://apply07.grants.gov/apply/forms/schemas/RR_MP_Budget_3_0-V3.0.xsd,20dce5b3498c809727892ee6cb837db223d687564c5829d94fe481367b7815c4,sha256:20dce5b3498c809727892ee6cb837db223d687564c5829d94fe481367b7815c4,false
RRMPSubawardBudget,[Draft] Research & Related Multi-Project Subaward Budget Attachment(s) Form,3.0,budget_attachments.rr_mp_budget_3_0[].budget_year[].other_personnel.graduate_students.funds_requested,RR_MP_SubawardBudget_3_0.BudgetAttachments.RR_MP_Budget_3_0.BudgetYear.OtherPersonnel.GraduateStudents.FundsRequested,FundsRequested,question,question-candidate:sha256:020d32f58b37678c8934cf06913c416397edf1f881f67d06ea9d427fc7374163,question-candidate:sha256:020d32f58b37678c8934cf06913c416397edf1f881f67d06ea9d427fc7374163,question:sha256:6fb2666345da9f5792f983ee341b705febb6544667ca54ccae242da187562c00,agent_proposed,subaward_organization,,budget-period|budget-personnel|money-and-effort-primitives|subaward-budget-collection,string,,,https://apply07.grants.gov/apply/forms/schemas/RR_MP_Budget_3_0-V3.0.xsd,20dce5b3498c809727892ee6cb837db223d687564c5829d94fe481367b7815c4,sha256:20dce5b3498c809727892ee6cb837db223d687564c5829d94fe481367b7815c4,false
RRMPSubawardBudget,[Draft] Research & Related Multi-Project Subaward Budget Attachment(s) Form,3.0,budget_attachments.rr_mp_budget_3_0[].budget_year[].other_personnel.graduate_students.number_of_personnel,RR_MP_SubawardBudget_3_0.BudgetAttachments.RR_MP_Budget_3_0.BudgetYear.OtherPersonnel.GraduateStudents.NumberOfPersonnel,NumberOfPersonnel,question,question-candidate:sha256:03031566044c79a97ec3ec33b4ad74de3e1944a26536137b11222fcbe7fc036c,question-candidate:sha256:03031566044c79a97ec3ec33b4ad74de3e1944a26536137b11222fcbe7fc036c,question:sha256:ea8c5326ba21a9c9ef18672b41144a77dbc788f01f43d96f3e4d607a5038ec25,agent_proposed,subaward_organization,,budget-period|budget-personnel|subaward-budget-collection,integer,,,https://apply07.grants.gov/apply/forms/schemas/RR_MP_Budget_3_0-V3.0.xsd,20dce5b3498c809727892ee6cb837db223d687564c5829d94fe481367b7815c4,sha256:20dce5b3498c809727892ee6cb837db223d687564c5829d94fe481367b7815c4,false
RRMPSubawardBudget,[Draft] Research & Related Multi-Project Subaward Budget Attachment(s) Form,3.0,budget_attachments.rr_mp_budget_3_0[].budget_year[].other_personnel.graduate_students.project_role,RR_MP_SubawardBudget_3_0.BudgetAttachments.RR_MP_Budget_3_0.BudgetYear.OtherPersonnel.GraduateStudents.ProjectRole,ProjectRole,question,question-candidate:sha256:7967478553983baf6b2f550a10909a064e4c40705515f1ecacd87a089d798a29,question-candidate:sha256:7967478553983baf6b2f550a10909a064e4c40705515f1ecacd87a089d798a29,question:sha256:4d6b75bac3b9985ff70690ba4d8861b0ec10195e9e412c7bde5993771fab6146,agent_proposed,subaward_organization,,budget-period|budget-personnel|project-role|subaward-budget-collection,string,,,https://apply07.grants.gov/apply/forms/schemas/RR_MP_Budget_3_0-V3.0.xsd,20dce5b3498c809727892ee6cb837db223d687564c5829d94fe481367b7815c4,sha256:20dce5b3498c809727892ee6cb837db223d687564c5829d94fe481367b7815c4,false
RRMPSubawardBudget,[Draft] Research & Related Multi-Project Subaward Budget Attachment(s) Form,3.0,budget_attachments.rr_mp_budget_3_0[].budget_year[].other_personnel.graduate_students.requested_salary,RR_MP_SubawardBudget_3_0.BudgetAttachments.RR_MP_Budget_3_0.BudgetYear.OtherPersonnel.GraduateStudents.RequestedSalary,RequestedSalary,question,question-candidate:sha256:1fe88adc5d563adac5dffbbed8fab060c6905ff3678d6416f1c10a695edd5d09,question-candidate:sha256:1fe88adc5d563adac5dffbbed8fab060c6905ff3678d6416f1c10a695edd5d09,question:sha256:3dd921821424609d908c2c1fab11d68aa07398ca689b369d75aa621019dfbd98,agent_proposed,subaward_organization,,budget-period|budget-personnel|money-and-effort-primitives|subaward-budget-collection,string,,,https://apply07.grants.gov/apply/forms/schemas/RR_MP_Budget_3_0-V3.0.xsd,20dce5b3498c809727892ee6cb837db223d687564c5829d94fe481367b7815c4,sha256:20dce5b3498c809727892ee6cb837db223d687564c5829d94fe481367b7815c4,false
RRMPSubawardBudget,[Draft] Research & Related Multi-Project Subaward Budget Attachment(s) Form,3.0,budget_attachments.rr_mp_budget_3_0[].budget_year[].other_personnel.graduate_students.summer_months,RR_MP_SubawardBudget_3_0.BudgetAttachments.RR_MP_Budget_3_0.BudgetYear.OtherPersonnel.GraduateStudents.SummerMonths,SummerMonths,question,question-candidate:sha256:222bbf27f31889a1936a2166d32acdf0a7343e513dc4d2c6d2e16aa13fc38303,question-candidate:sha256:222bbf27f31889a1936a2166d32acdf0a7343e513dc4d2c6d2e16aa13fc38303,question:sha256:097045ccdc72ec45f7eb63808efece85f60fc951961b377da4488df0855f5500,agent_proposed,subaward_organization,,budget-period|budget-personnel|money-and-effort-primitives|subaward-budget-collection,string,,,https://apply07.grants.gov/apply/forms/schemas/RR_MP_Budget_3_0-V3.0.xsd,20dce5b3498c809727892ee6cb837db223d687564c5829d94fe481367b7815c4,sha256:20dce5b3498c809727892ee6cb837db223d687564c5829d94fe481367b7815c4,false
RRMPSubawardBudget,[Draft] Research & Related Multi-Project Subaward Budget Attachment(s) Form,3.0,budget_attachments.rr_mp_budget_3_0[].budget_year[].other_personnel.other[].academic_months,RR_MP_SubawardBudget_3_0.BudgetAttachments.RR_MP_Budget_3_0.BudgetYear.OtherPersonnel.Other.AcademicMonths,AcademicMonths,question,question-candidate:sha256:49e031c3a633d1db450c296fba296706a2f0453f14296efbb242b76b0138d573,question-candidate:sha256:49e031c3a633d1db450c296fba296706a2f0453f14296efbb242b76b0138d573,question:sha256:bc280391e22f69839e5f57f5681f451abeee797ad5f56520d9350a3584505079,agent_proposed,subaward_organization,,budget-period|budget-personnel|money-and-effort-primitives|subaward-budget-collection,string,,,https://apply07.grants.gov/apply/forms/schemas/RR_MP_Budget_3_0-V3.0.xsd,20dce5b3498c809727892ee6cb837db223d687564c5829d94fe481367b7815c4,sha256:20dce5b3498c809727892ee6cb837db223d687564c5829d94fe481367b7815c4,false
RRMPSubawardBudget,[Draft] Research & Related Multi-Project Subaward Budget Attachment(s) Form,3.0,budget_attachments.rr_mp_budget_3_0[].budget_year[].other_personnel.other[].calendar_months,RR_MP_SubawardBudget_3_0.BudgetAttachments.RR_MP_Budget_3_0.BudgetYear.OtherPersonnel.Other.CalendarMonths,CalendarMonths,question,question-candidate:sha256:ccd2a7340574dd051109f8864381d16b5c02afb1097a56e86f9e1a3039fd98f8,question-candidate:sha256:ccd2a7340574dd051109f8864381d16b5c02afb1097a56e86f9e1a3039fd98f8,question:sha256:9291b2da0c431a8378cafd31d0111878b0e9a411698dcadb6061692f179e543c,agent_proposed,subaward_organization,,budget-period|budget-personnel|money-and-effort-primitives|subaward-budget-collection,string,,,https://apply07.grants.gov/apply/forms/schemas/RR_MP_Budget_3_0-V3.0.xsd,20dce5b3498c809727892ee6cb837db223d687564c5829d94fe481367b7815c4,sha256:20dce5b3498c809727892ee6cb837db223d687564c5829d94fe481367b7815c4,false
RRMPSubawardBudget,[Draft] Research & Related Multi-Project Subaward Budget Attachment(s) Form,3.0,budget_attachments.rr_mp_budget_3_0[].budget_year[].other_personnel.other[].fringe_benefits,RR_MP_SubawardBudget_3_0.BudgetAttachments.RR_MP_Budget_3_0.BudgetYear.OtherPersonnel.Other.FringeBenefits,FringeBenefits,question,question-candidate:sha256:455e9ff0f04b5101fc7b60045c08ffa33d2e897a346ea1cecc5cf83b35ae2399,question-candidate:sha256:455e9ff0f04b5101fc7b60045c08ffa33d2e897a346ea1cecc5cf83b35ae2399,question:sha256:e6b99393656ea56b18dcde6d5ca9c3c1493e981ea50974802f94d37c38e81c73,agent_proposed,subaward_organization,,budget-period|budget-personnel|money-and-effort-primitives|subaward-budget-collection,string,,,https://apply07.grants.gov/apply/forms/schemas/RR_MP_Budget_3_0-V3.0.xsd,20dce5b3498c809727892ee6cb837db223d687564c5829d94fe481367b7815c4,sha256:20dce5b3498c809727892ee6cb837db223d687564c5829d94fe481367b7815c4,false
RRMPSubawardBudget,[Draft] Research & Related Multi-Project Subaward Budget Attachment(s) Form,3.0,budget_attachments.rr_mp_budget_3_0[].budget_year[].other_personnel.other[].funds_requested,RR_MP_SubawardBudget_3_0.BudgetAttachments.RR_MP_Budget_3_0.BudgetYear.OtherPersonnel.Other.FundsRequested,FundsRequested,question,question-candidate:sha256:020d32f58b37678c8934cf06913c416397edf1f881f67d06ea9d427fc7374163,question-candidate:sha256:020d32f58b37678c8934cf06913c416397edf1f881f67d06ea9d427fc7374163,question:sha256:0f1a6240d9ef0e6ee6161b0bd8a4c758d7d7679c6c1723b5d019bc4bc3a3978d,agent_proposed,subaward_organization,,budget-period|budget-personnel|money-and-effort-primitives|subaward-budget-collection,string,,,https://apply07.grants.gov/apply/forms/schemas/RR_MP_Budget_3_0-V3.0.xsd,20dce5b3498c809727892ee6cb837db223d687564c5829d94fe481367b7815c4,sha256:20dce5b3498c809727892ee6cb837db223d687564c5829d94fe481367b7815c4,false
RRMPSubawardBudget,[Draft] Research & Related Multi-Project Subaward Budget Attachment(s) Form,3.0,budget_attachments.rr_mp_budget_3_0[].budget_year[].other_personnel.other[].number_of_personnel,RR_MP_SubawardBudget_3_0.BudgetAttachments.RR_MP_Budget_3_0.BudgetYear.OtherPersonnel.Other.NumberOfPersonnel,NumberOfPersonnel,question,question-candidate:sha256:03031566044c79a97ec3ec33b4ad74de3e1944a26536137b11222fcbe7fc036c,question-candidate:sha256:03031566044c79a97ec3ec33b4ad74de3e1944a26536137b11222fcbe7fc036c,question:sha256:cec78716908bbb846bda933977fc4d92cc9bf60048fb43a760b2da747a87acc5,agent_proposed,subaward_organization,,budget-period|budget-personnel|subaward-budget-collection,integer,,,https://apply07.grants.gov/apply/forms/schemas/RR_MP_Budget_3_0-V3.0.xsd,20dce5b3498c809727892ee6cb837db223d687564c5829d94fe481367b7815c4,sha256:20dce5b3498c809727892ee6cb837db223d687564c5829d94fe481367b7815c4,false
RRMPSubawardBudget,[Draft] Research & Related Multi-Project Subaward Budget Attachment(s) Form,3.0,budget_attachments.rr_mp_budget_3_0[].budget_year[].other_personnel.other[].project_role,RR_MP_SubawardBudget_3_0.BudgetAttachments.RR_MP_Budget_3_0.BudgetYear.OtherPersonnel.Other.ProjectRole,ProjectRole,question,question-candidate:sha256:7967478553983baf6b2f550a10909a064e4c40705515f1ecacd87a089d798a29,question-candidate:sha256:7967478553983baf6b2f550a10909a064e4c40705515f1ecacd87a089d798a29,question:sha256:d096c4feb61502e8b80b655908b2f245a259ac894bc2d62389a9674b209e2f81,agent_proposed,subaward_organization,,budget-period|budget-personnel|project-role|subaward-budget-collection,string,,,https://apply07.grants.gov/apply/forms/schemas/RR_MP_Budget_3_0-V3.0.xsd,20dce5b3498c809727892ee6cb837db223d687564c5829d94fe481367b7815c4,sha256:20dce5b3498c809727892ee6cb837db223d687564c5829d94fe481367b7815c4,false
RRMPSubawardBudget,[Draft] Research & Related Multi-Project Subaward Budget Attachment(s) Form,3.0,budget_attachments.rr_mp_budget_3_0[].budget_year[].other_personnel.other[].requested_salary,RR_MP_SubawardBudget_3_0.BudgetAttachments.RR_MP_Budget_3_0.BudgetYear.OtherPersonnel.Other.RequestedSalary,RequestedSalary,question,question-candidate:sha256:1fe88adc5d563adac5dffbbed8fab060c6905ff3678d6416f1c10a695edd5d09,question-candidate:sha256:1fe88adc5d563adac5dffbbed8fab060c6905ff3678d6416f1c10a695edd5d09,question:sha256:69b9f6f046bc996a0de34843681b9fa58332bed6b9e368a5f2252ea5523bd9a1,agent_proposed,subaward_organization,,budget-period|budget-personnel|money-and-effort-primitives|subaward-budget-collection,string,,,https://apply07.grants.gov/apply/forms/schemas/RR_MP_Budget_3_0-V3.0.xsd,20dce5b3498c809727892ee6cb837db223d687564c5829d94fe481367b7815c4,sha256:20dce5b3498c809727892ee6cb837db223d687564c5829d94fe481367b7815c4,false
RRMPSubawardBudget,[Draft] Research & Related Multi-Project Subaward Budget Attachment(s) Form,3.0,budget_attachments.rr_mp_budget_3_0[].budget_year[].other_personnel.other[].summer_months,RR_MP_SubawardBudget_3_0.BudgetAttachments.RR_MP_Budget_3_0.BudgetYear.OtherPersonnel.Other.SummerMonths,SummerMonths,question,question-candidate:sha256:222bbf27f31889a1936a2166d32acdf0a7343e513dc4d2c6d2e16aa13fc38303,question-candidate:sha256:222bbf27f31889a1936a2166d32acdf0a7343e513dc4d2c6d2e16aa13fc38303,question:sha256:746b9d7e6d9f898e611a65470a49bb24b4f649de4f8c009202a1f463eedd0425,agent_proposed,subaward_organization,,budget-period|budget-personnel|money-and-effort-primitives|subaward-budget-collection,string,,,https://apply07.grants.gov/apply/forms/schemas/RR_MP_Budget_3_0-V3.0.xsd,20dce5b3498c809727892ee6cb837db223d687564c5829d94fe481367b7815c4,sha256:20dce5b3498c809727892ee6cb837db223d687564c5829d94fe481367b7815c4,false
RRMPSubawardBudget,[Draft] Research & Related Multi-Project Subaward Budget Attachment(s) Form,3.0,budget_attachments.rr_mp_budget_3_0[].budget_year[].other_personnel.other_personnel_total_number,RR_MP_SubawardBudget_3_0.BudgetAttachments.RR_MP_Budget_3_0.BudgetYear.OtherPersonnel.OtherPersonnelTotalNumber,OtherPersonnelTotalNumber,question,question-candidate:sha256:ec58995efa7f697efb2868f6ae221cb2671eea035d93c4191581e824ff9742dc,question-candidate:sha256:ec58995efa7f697efb2868f6ae221cb2671eea035d93c4191581e824ff9742dc,question:sha256:296d92386a9392b95d57b0e31e3e4a1f9bc2b8c99c72738dff5dba32ddceb254,agent_proposed,subaward_organization,,budget-period|budget-personnel|subaward-budget-collection,integer,,,https://apply07.grants.gov/apply/forms/schemas/RR_MP_Budget_3_0-V3.0.xsd,20dce5b3498c809727892ee6cb837db223d687564c5829d94fe481367b7815c4,sha256:20dce5b3498c809727892ee6cb837db223d687564c5829d94fe481367b7815c4,false
RRMPSubawardBudget,[Draft] Research & Related Multi-Project Subaward Budget Attachment(s) Form,3.0,budget_attachments.rr_mp_budget_3_0[].budget_year[].other_personnel.post_doc_associates.academic_months,RR_MP_SubawardBudget_3_0.BudgetAttachments.RR_MP_Budget_3_0.BudgetYear.OtherPersonnel.PostDocAssociates.AcademicMonths,AcademicMonths,question,question-candidate:sha256:49e031c3a633d1db450c296fba296706a2f0453f14296efbb242b76b0138d573,question-candidate:sha256:49e031c3a633d1db450c296fba296706a2f0453f14296efbb242b76b0138d573,question:sha256:1d6e164950d6b941927680070a6b7f9be650fede4ba1043343b9092df26842d0,agent_proposed,subaward_organization,,budget-period|budget-personnel|money-and-effort-primitives|subaward-budget-collection,string,,,https://apply07.grants.gov/apply/forms/schemas/RR_MP_Budget_3_0-V3.0.xsd,20dce5b3498c809727892ee6cb837db223d687564c5829d94fe481367b7815c4,sha256:20dce5b3498c809727892ee6cb837db223d687564c5829d94fe481367b7815c4,false
RRMPSubawardBudget,[Draft] Research & Related Multi-Project Subaward Budget Attachment(s) Form,3.0,budget_attachments.rr_mp_budget_3_0[].budget_year[].other_personnel.post_doc_associates.calendar_months,RR_MP_SubawardBudget_3_0.BudgetAttachments.RR_MP_Budget_3_0.BudgetYear.OtherPersonnel.PostDocAssociates.CalendarMonths,CalendarMonths,question,question-candidate:sha256:ccd2a7340574dd051109f8864381d16b5c02afb1097a56e86f9e1a3039fd98f8,question-candidate:sha256:ccd2a7340574dd051109f8864381d16b5c02afb1097a56e86f9e1a3039fd98f8,question:sha256:8afc1c82a37a0943c4a7f1376420ee4517d71c45507199a625cebcb7939d551d,agent_proposed,subaward_organization,,budget-period|budget-personnel|money-and-effort-primitives|subaward-budget-collection,string,,,https://apply07.grants.gov/apply/forms/schemas/RR_MP_Budget_3_0-V3.0.xsd,20dce5b3498c809727892ee6cb837db223d687564c5829d94fe481367b7815c4,sha256:20dce5b3498c809727892ee6cb837db223d687564c5829d94fe481367b7815c4,false
RRMPSubawardBudget,[Draft] Research & Related Multi-Project Subaward Budget Attachment(s) Form,3.0,budget_attachments.rr_mp_budget_3_0[].budget_year[].other_personnel.post_doc_associates.fringe_benefits,RR_MP_SubawardBudget_3_0.BudgetAttachments.RR_MP_Budget_3_0.BudgetYear.OtherPersonnel.PostDocAssociates.FringeBenefits,FringeBenefits,question,question-candidate:sha256:455e9ff0f04b5101fc7b60045c08ffa33d2e897a346ea1cecc5cf83b35ae2399,question-candidate:sha256:455e9ff0f04b5101fc7b60045c08ffa33d2e897a346ea1cecc5cf83b35ae2399,question:sha256:4cf5ac69b13ee82848bedab273b5be0fdab60beec5655428a021f31328aa7d77,agent_proposed,subaward_organization,,budget-period|budget-personnel|money-and-effort-primitives|subaward-budget-collection,string,,,https://apply07.grants.gov/apply/forms/schemas/RR_MP_Budget_3_0-V3.0.xsd,20dce5b3498c809727892ee6cb837db223d687564c5829d94fe481367b7815c4,sha256:20dce5b3498c809727892ee6cb837db223d687564c5829d94fe481367b7815c4,false
RRMPSubawardBudget,[Draft] Research & Related Multi-Project Subaward Budget Attachment(s) Form,3.0,budget_attachments.rr_mp_budget_3_0[].budget_year[].other_personnel.post_doc_associates.funds_requested,RR_MP_SubawardBudget_3_0.BudgetAttachments.RR_MP_Budget_3_0.BudgetYear.OtherPersonnel.PostDocAssociates.FundsRequested,FundsRequested,question,question-candidate:sha256:020d32f58b37678c8934cf06913c416397edf1f881f67d06ea9d427fc7374163,question-candidate:sha256:020d32f58b37678c8934cf06913c416397edf1f881f67d06ea9d427fc7374163,question:sha256:85fa3587a170bbf9348fc4548b5a6fdb3a63de2afb839acf51b81cbc04e4ac2b,agent_proposed,subaward_organization,,budget-period|budget-personnel|money-and-effort-primitives|subaward-budget-collection,string,,,https://apply07.grants.gov/apply/forms/schemas/RR_MP_Budget_3_0-V3.0.xsd,20dce5b3498c809727892ee6cb837db223d687564c5829d94fe481367b7815c4,sha256:20dce5b3498c809727892ee6cb837db223d687564c5829d94fe481367b7815c4,false
RRMPSubawardBudget,[Draft] Research & Related Multi-Project Subaward Budget Attachment(s) Form,3.0,budget_attachments.rr_mp_budget_3_0[].budget_year[].other_personnel.post_doc_associates.number_of_personnel,RR_MP_SubawardBudget_3_0.BudgetAttachments.RR_MP_Budget_3_0.BudgetYear.OtherPersonnel.PostDocAssociates.NumberOfPersonnel,NumberOfPersonnel,question,question-candidate:sha256:03031566044c79a97ec3ec33b4ad74de3e1944a26536137b11222fcbe7fc036c,question-candidate:sha256:03031566044c79a97ec3ec33b4ad74de3e1944a26536137b11222fcbe7fc036c,question:sha256:9149650603e5396e2858c3e3c7a629db75c4bd60ee15e78cdfad9c8d5eb3a39c,agent_proposed,subaward_organization,,budget-period|budget-personnel|subaward-budget-collection,integer,,,https://apply07.grants.gov/apply/forms/schemas/RR_MP_Budget_3_0-V3.0.xsd,20dce5b3498c809727892ee6cb837db223d687564c5829d94fe481367b7815c4,sha256:20dce5b3498c809727892ee6cb837db223d687564c5829d94fe481367b7815c4,false
RRMPSubawardBudget,[Draft] Research & Related Multi-Project Subaward Budget Attachment(s) Form,3.0,budget_attachments.rr_mp_budget_3_0[].budget_year[].other_personnel.post_doc_associates.project_role,RR_MP_SubawardBudget_3_0.BudgetAttachments.RR_MP_Budget_3_0.BudgetYear.OtherPersonnel.PostDocAssociates.ProjectRole,ProjectRole,question,question-candidate:sha256:7967478553983baf6b2f550a10909a064e4c40705515f1ecacd87a089d798a29,question-candidate:sha256:7967478553983baf6b2f550a10909a064e4c40705515f1ecacd87a089d798a29,question:sha256:8f7f15b606de15d4c02f73946ed73db94b93be8b0c4029a6e827b1487c1b6df3,agent_proposed,subaward_organization,,budget-period|budget-personnel|project-role|subaward-budget-collection,string,,,https://apply07.grants.gov/apply/forms/schemas/RR_MP_Budget_3_0-V3.0.xsd,20dce5b3498c809727892ee6cb837db223d687564c5829d94fe481367b7815c4,sha256:20dce5b3498c809727892ee6cb837db223d687564c5829d94fe481367b7815c4,false
RRMPSubawardBudget,[Draft] Research & Related Multi-Project Subaward Budget Attachment(s) Form,3.0,budget_attachments.rr_mp_budget_3_0[].budget_year[].other_personnel.post_doc_associates.requested_salary,RR_MP_SubawardBudget_3_0.BudgetAttachments.RR_MP_Budget_3_0.BudgetYear.OtherPersonnel.PostDocAssociates.RequestedSalary,RequestedSalary,question,question-candidate:sha256:1fe88adc5d563adac5dffbbed8fab060c6905ff3678d6416f1c10a695edd5d09,question-candidate:sha256:1fe88adc5d563adac5dffbbed8fab060c6905ff3678d6416f1c10a695edd5d09,question:sha256:ecf57150299953391b230aae4e6110bf16bf1a0c2e082c8977a794ef3fce6dab,agent_proposed,subaward_organization,,budget-period|budget-personnel|money-and-effort-primitives|subaward-budget-collection,string,,,https://apply07.grants.gov/apply/forms/schemas/RR_MP_Budget_3_0-V3.0.xsd,20dce5b3498c809727892ee6cb837db223d687564c5829d94fe481367b7815c4,sha256:20dce5b3498c809727892ee6cb837db223d687564c5829d94fe481367b7815c4,false
RRMPSubawardBudget,[Draft] Research & Related Multi-Project Subaward Budget Attachment(s) Form,3.0,budget_attachments.rr_mp_budget_3_0[].budget_year[].other_personnel.post_doc_associates.summer_months,RR_MP_SubawardBudget_3_0.BudgetAttachments.RR_MP_Budget_3_0.BudgetYear.OtherPersonnel.PostDocAssociates.SummerMonths,SummerMonths,question,question-candidate:sha256:222bbf27f31889a1936a2166d32acdf0a7343e513dc4d2c6d2e16aa13fc38303,question-candidate:sha256:222bbf27f31889a1936a2166d32acdf0a7343e513dc4d2c6d2e16aa13fc38303,question:sha256:f0aefb95c923d7c2f84cc3a4b74ea8c4fc50873f3f03cceb97a3daf1d44c3abb,agent_proposed,subaward_organization,,budget-period|budget-personnel|money-and-effort-primitives|subaward-budget-collection,string,,,https://apply07.grants.gov/apply/forms/schemas/RR_MP_Budget_3_0-V3.0.xsd,20dce5b3498c809727892ee6cb837db223d687564c5829d94fe481367b7815c4,sha256:20dce5b3498c809727892ee6cb837db223d687564c5829d94fe481367b7815c4,false
RRMPSubawardBudget,[Draft] Research & Related Multi-Project Subaward Budget Attachment(s) Form,3.0,budget_attachments.rr_mp_budget_3_0[].budget_year[].other_personnel.secretarial_clerical.academic_months,RR_MP_SubawardBudget_3_0.BudgetAttachments.RR_MP_Budget_3_0.BudgetYear.OtherPersonnel.SecretarialClerical.AcademicMonths,AcademicMonths,question,question-candidate:sha256:49e031c3a633d1db450c296fba296706a2f0453f14296efbb242b76b0138d573,question-candidate:sha256:49e031c3a633d1db450c296fba296706a2f0453f14296efbb242b76b0138d573,question:sha256:81a0510b233270d0c77aba8c13026f8bdd5d7374f711c67645bfa5d992af676e,agent_proposed,subaward_organization,,budget-period|budget-personnel|money-and-effort-primitives|subaward-budget-collection,string,,,https://apply07.grants.gov/apply/forms/schemas/RR_MP_Budget_3_0-V3.0.xsd,20dce5b3498c809727892ee6cb837db223d687564c5829d94fe481367b7815c4,sha256:20dce5b3498c809727892ee6cb837db223d687564c5829d94fe481367b7815c4,false
RRMPSubawardBudget,[Draft] Research & Related Multi-Project Subaward Budget Attachment(s) Form,3.0,budget_attachments.rr_mp_budget_3_0[].budget_year[].other_personnel.secretarial_clerical.calendar_months,RR_MP_SubawardBudget_3_0.BudgetAttachments.RR_MP_Budget_3_0.BudgetYear.OtherPersonnel.SecretarialClerical.CalendarMonths,CalendarMonths,question,question-candidate:sha256:ccd2a7340574dd051109f8864381d16b5c02afb1097a56e86f9e1a3039fd98f8,question-candidate:sha256:ccd2a7340574dd051109f8864381d16b5c02afb1097a56e86f9e1a3039fd98f8,question:sha256:5b0f7530f298a397261e3711409622fafbb3e3ca65bd4ad9d4721c6eb168fdbd,agent_proposed,subaward_organization,,budget-period|budget-personnel|money-and-effort-primitives|subaward-budget-collection,string,,,https://apply07.grants.gov/apply/forms/schemas/RR_MP_Budget_3_0-V3.0.xsd,20dce5b3498c809727892ee6cb837db223d687564c5829d94fe481367b7815c4,sha256:20dce5b3498c809727892ee6cb837db223d687564c5829d94fe481367b7815c4,false
RRMPSubawardBudget,[Draft] Research & Related Multi-Project Subaward Budget Attachment(s) Form,3.0,budget_attachments.rr_mp_budget_3_0[].budget_year[].other_personnel.secretarial_clerical.fringe_benefits,RR_MP_SubawardBudget_3_0.BudgetAttachments.RR_MP_Budget_3_0.BudgetYear.OtherPersonnel.SecretarialClerical.FringeBenefits,FringeBenefits,question,question-candidate:sha256:455e9ff0f04b5101fc7b60045c08ffa33d2e897a346ea1cecc5cf83b35ae2399,question-candidate:sha256:455e9ff0f04b5101fc7b60045c08ffa33d2e897a346ea1cecc5cf83b35ae2399,question:sha256:c2a1dd090906b635254fca0a0ac3a6069194524f3482ce85daf67b37c04c86bd,agent_proposed,subaward_organization,,budget-period|budget-personnel|money-and-effort-primitives|subaward-budget-collection,string,,,https://apply07.grants.gov/apply/forms/schemas/RR_MP_Budget_3_0-V3.0.xsd,20dce5b3498c809727892ee6cb837db223d687564c5829d94fe481367b7815c4,sha256:20dce5b3498c809727892ee6cb837db223d687564c5829d94fe481367b7815c4,false
RRMPSubawardBudget,[Draft] Research & Related Multi-Project Subaward Budget Attachment(s) Form,3.0,budget_attachments.rr_mp_budget_3_0[].budget_year[].other_personnel.secretarial_clerical.funds_requested,RR_MP_SubawardBudget_3_0.BudgetAttachments.RR_MP_Budget_3_0.BudgetYear.OtherPersonnel.SecretarialClerical.FundsRequested,FundsRequested,question,question-candidate:sha256:020d32f58b37678c8934cf06913c416397edf1f881f67d06ea9d427fc7374163,question-candidate:sha256:020d32f58b37678c8934cf06913c416397edf1f881f67d06ea9d427fc7374163,question:sha256:abfe76b9ea76e5ee034ccf5ad9a1dcaeaa625a62f4954a4897b9dc10a82deb08,agent_proposed,subaward_organization,,budget-period|budget-personnel|money-and-effort-primitives|subaward-budget-collection,string,,,https://apply07.grants.gov/apply/forms/schemas/RR_MP_Budget_3_0-V3.0.xsd,20dce5b3498c809727892ee6cb837db223d687564c5829d94fe481367b7815c4,sha256:20dce5b3498c809727892ee6cb837db223d687564c5829d94fe481367b7815c4,false
RRMPSubawardBudget,[Draft] Research & Related Multi-Project Subaward Budget Attachment(s) Form,3.0,budget_attachments.rr_mp_budget_3_0[].budget_year[].other_personnel.secretarial_clerical.number_of_personnel,RR_MP_SubawardBudget_3_0.BudgetAttachments.RR_MP_Budget_3_0.BudgetYear.OtherPersonnel.SecretarialClerical.NumberOfPersonnel,NumberOfPersonnel,question,question-candidate:sha256:03031566044c79a97ec3ec33b4ad74de3e1944a26536137b11222fcbe7fc036c,question-candidate:sha256:03031566044c79a97ec3ec33b4ad74de3e1944a26536137b11222fcbe7fc036c,question:sha256:0e6b046b5621841b5a2b4a969bc86088120681d98c3112199f2d13f5495141da,agent_proposed,subaward_organization,,budget-period|budget-personnel|subaward-budget-collection,integer,,,https://apply07.grants.gov/apply/forms/schemas/RR_MP_Budget_3_0-V3.0.xsd,20dce5b3498c809727892ee6cb837db223d687564c5829d94fe481367b7815c4,sha256:20dce5b3498c809727892ee6cb837db223d687564c5829d94fe481367b7815c4,false
RRMPSubawardBudget,[Draft] Research & Related Multi-Project Subaward Budget Attachment(s) Form,3.0,budget_attachments.rr_mp_budget_3_0[].budget_year[].other_personnel.secretarial_clerical.project_role,RR_MP_SubawardBudget_3_0.BudgetAttachments.RR_MP_Budget_3_0.BudgetYear.OtherPersonnel.SecretarialClerical.ProjectRole,ProjectRole,question,question-candidate:sha256:7967478553983baf6b2f550a10909a064e4c40705515f1ecacd87a089d798a29,question-candidate:sha256:7967478553983baf6b2f550a10909a064e4c40705515f1ecacd87a089d798a29,question:sha256:c16a8fe8edf8fc1f0ccb5b99f38bd5164772ceaa05f5f99d4ad4c83477af53e1,agent_proposed,subaward_organization,,budget-period|budget-personnel|project-role|subaward-budget-collection,string,,,https://apply07.grants.gov/apply/forms/schemas/RR_MP_Budget_3_0-V3.0.xsd,20dce5b3498c809727892ee6cb837db223d687564c5829d94fe481367b7815c4,sha256:20dce5b3498c809727892ee6cb837db223d687564c5829d94fe481367b7815c4,false
RRMPSubawardBudget,[Draft] Research & Related Multi-Project Subaward Budget Attachment(s) Form,3.0,budget_attachments.rr_mp_budget_3_0[].budget_year[].other_personnel.secretarial_clerical.requested_salary,RR_MP_SubawardBudget_3_0.BudgetAttachments.RR_MP_Budget_3_0.BudgetYear.OtherPersonnel.SecretarialClerical.RequestedSalary,RequestedSalary,question,question-candidate:sha256:1fe88adc5d563adac5dffbbed8fab060c6905ff3678d6416f1c10a695edd5d09,question-candidate:sha256:1fe88adc5d563adac5dffbbed8fab060c6905ff3678d6416f1c10a695edd5d09,question:sha256:9ff57af0d6b5ada72986b9d120b3a0949deeb3b774cc14af41c278604a96a39e,agent_proposed,subaward_organization,,budget-period|budget-personnel|money-and-effort-primitives|subaward-budget-collection,string,,,https://apply07.grants.gov/apply/forms/schemas/RR_MP_Budget_3_0-V3.0.xsd,20dce5b3498c809727892ee6cb837db223d687564c5829d94fe481367b7815c4,sha256:20dce5b3498c809727892ee6cb837db223d687564c5829d94fe481367b7815c4,false
RRMPSubawardBudget,[Draft] Research & Related Multi-Project Subaward Budget Attachment(s) Form,3.0,budget_attachments.rr_mp_budget_3_0[].budget_year[].other_personnel.secretarial_clerical.summer_months,RR_MP_SubawardBudget_3_0.BudgetAttachments.RR_MP_Budget_3_0.BudgetYear.OtherPersonnel.SecretarialClerical.SummerMonths,SummerMonths,question,question-candidate:sha256:222bbf27f31889a1936a2166d32acdf0a7343e513dc4d2c6d2e16aa13fc38303,question-candidate:sha256:222bbf27f31889a1936a2166d32acdf0a7343e513dc4d2c6d2e16aa13fc38303,question:sha256:ecb0c3bf699ce19ad3054e9bfd2e32dba161879f25b2a45c5f50f0d0de4aa69c,agent_proposed,subaward_organization,,budget-period|budget-personnel|money-and-effort-primitives|subaward-budget-collection,string,,,https://apply07.grants.gov/apply/forms/schemas/RR_MP_Budget_3_0-V3.0.xsd,20dce5b3498c809727892ee6cb837db223d687564c5829d94fe481367b7815c4,sha256:20dce5b3498c809727892ee6cb837db223d687564c5829d94fe481367b7815c4,false
RRMPSubawardBudget,[Draft] Research & Related Multi-Project Subaward Budget Attachment(s) Form,3.0,budget_attachments.rr_mp_budget_3_0[].budget_year[].other_personnel.total_other_personnel_fund,RR_MP_SubawardBudget_3_0.BudgetAttachments.RR_MP_Budget_3_0.BudgetYear.OtherPersonnel.TotalOtherPersonnelFund,TotalOtherPersonnelFund,question,question-candidate:sha256:decc4d326deda555002e0f122201dacd6e70bfd6342859cab316c1dbb70edf1d,question-candidate:sha256:decc4d326deda555002e0f122201dacd6e70bfd6342859cab316c1dbb70edf1d,question:sha256:2c2a5f7e303164f4e1f890823850afdf050c68fdf8c80262f0da280f7a2239a0,agent_proposed,subaward_organization,,budget-period|budget-personnel|subaward-budget-collection,string,,,https://apply07.grants.gov/apply/forms/schemas/RR_MP_Budget_3_0-V3.0.xsd,20dce5b3498c809727892ee6cb837db223d687564c5829d94fe481367b7815c4,sha256:20dce5b3498c809727892ee6cb837db223d687564c5829d94fe481367b7815c4,false
RRMPSubawardBudget,[Draft] Research & Related Multi-Project Subaward Budget Attachment(s) Form,3.0,budget_attachments.rr_mp_budget_3_0[].budget_year[].other_personnel.undergraduate_students.academic_months,RR_MP_SubawardBudget_3_0.BudgetAttachments.RR_MP_Budget_3_0.BudgetYear.OtherPersonnel.UndergraduateStudents.AcademicMonths,AcademicMonths,question,question-candidate:sha256:49e031c3a633d1db450c296fba296706a2f0453f14296efbb242b76b0138d573,question-candidate:sha256:49e031c3a633d1db450c296fba296706a2f0453f14296efbb242b76b0138d573,question:sha256:f8a51bcced611fb3b357bf8864abe13b340150cfd51c6ca62e2c5b16eff7b2b3,agent_proposed,subaward_organization,,budget-period|budget-personnel|money-and-effort-primitives|subaward-budget-collection,string,,,https://apply07.grants.gov/apply/forms/schemas/RR_MP_Budget_3_0-V3.0.xsd,20dce5b3498c809727892ee6cb837db223d687564c5829d94fe481367b7815c4,sha256:20dce5b3498c809727892ee6cb837db223d687564c5829d94fe481367b7815c4,false
RRMPSubawardBudget,[Draft] Research & Related Multi-Project Subaward Budget Attachment(s) Form,3.0,budget_attachments.rr_mp_budget_3_0[].budget_year[].other_personnel.undergraduate_students.calendar_months,RR_MP_SubawardBudget_3_0.BudgetAttachments.RR_MP_Budget_3_0.BudgetYear.OtherPersonnel.UndergraduateStudents.CalendarMonths,CalendarMonths,question,question-candidate:sha256:ccd2a7340574dd051109f8864381d16b5c02afb1097a56e86f9e1a3039fd98f8,question-candidate:sha256:ccd2a7340574dd051109f8864381d16b5c02afb1097a56e86f9e1a3039fd98f8,question:sha256:066173d0463f0831b1ef6cb09129eca0f52c1d1e8663f88d37ea65c019382b1e,agent_proposed,subaward_organization,,budget-period|budget-personnel|money-and-effort-primitives|subaward-budget-collection,string,,,https://apply07.grants.gov/apply/forms/schemas/RR_MP_Budget_3_0-V3.0.xsd,20dce5b3498c809727892ee6cb837db223d687564c5829d94fe481367b7815c4,sha256:20dce5b3498c809727892ee6cb837db223d687564c5829d94fe481367b7815c4,false
RRMPSubawardBudget,[Draft] Research & Related Multi-Project Subaward Budget Attachment(s) Form,3.0,budget_attachments.rr_mp_budget_3_0[].budget_year[].other_personnel.undergraduate_students.fringe_benefits,RR_MP_SubawardBudget_3_0.BudgetAttachments.RR_MP_Budget_3_0.BudgetYear.OtherPersonnel.UndergraduateStudents.FringeBenefits,FringeBenefits,question,question-candidate:sha256:455e9ff0f04b5101fc7b60045c08ffa33d2e897a346ea1cecc5cf83b35ae2399,question-candidate:sha256:455e9ff0f04b5101fc7b60045c08ffa33d2e897a346ea1cecc5cf83b35ae2399,question:sha256:2d2d90165eb2e385d035c3e783af146f09f7379bc35e92e4aed0e31ea71e2d01,agent_proposed,subaward_organization,,budget-period|budget-personnel|money-and-effort-primitives|subaward-budget-collection,string,,,https://apply07.grants.gov/apply/forms/schemas/RR_MP_Budget_3_0-V3.0.xsd,20dce5b3498c809727892ee6cb837db223d687564c5829d94fe481367b7815c4,sha256:20dce5b3498c809727892ee6cb837db223d687564c5829d94fe481367b7815c4,false
RRMPSubawardBudget,[Draft] Research & Related Multi-Project Subaward Budget Attachment(s) Form,3.0,budget_attachments.rr_mp_budget_3_0[].budget_year[].other_personnel.undergraduate_students.funds_requested,RR_MP_SubawardBudget_3_0.BudgetAttachments.RR_MP_Budget_3_0.BudgetYear.OtherPersonnel.UndergraduateStudents.FundsRequested,FundsRequested,question,question-candidate:sha256:020d32f58b37678c8934cf06913c416397edf1f881f67d06ea9d427fc7374163,question-candidate:sha256:020d32f58b37678c8934cf06913c416397edf1f881f67d06ea9d427fc7374163,question:sha256:2677a2717b7e9f73edef7c7cd6ff53b23a6b64a81a06d32b232523b1c2580907,agent_proposed,subaward_organization,,budget-period|budget-personnel|money-and-effort-primitives|subaward-budget-collection,string,,,https://apply07.grants.gov/apply/forms/schemas/RR_MP_Budget_3_0-V3.0.xsd,20dce5b3498c809727892ee6cb837db223d687564c5829d94fe481367b7815c4,sha256:20dce5b3498c809727892ee6cb837db223d687564c5829d94fe481367b7815c4,false
RRMPSubawardBudget,[Draft] Research & Related Multi-Project Subaward Budget Attachment(s) Form,3.0,budget_attachments.rr_mp_budget_3_0[].budget_year[].other_personnel.undergraduate_students.number_of_personnel,RR_MP_SubawardBudget_3_0.BudgetAttachments.RR_MP_Budget_3_0.BudgetYear.OtherPersonnel.UndergraduateStudents.NumberOfPersonnel,NumberOfPersonnel,question,question-candidate:sha256:03031566044c79a97ec3ec33b4ad74de3e1944a26536137b11222fcbe7fc036c,question-candidate:sha256:03031566044c79a97ec3ec33b4ad74de3e1944a26536137b11222fcbe7fc036c,question:sha256:ac1318419511a681df6599815df042912574c152fafb3011637a96d6e14df531,agent_proposed,subaward_organization,,budget-period|budget-personnel|subaward-budget-collection,integer,,,https://apply07.grants.gov/apply/forms/schemas/RR_MP_Budget_3_0-V3.0.xsd,20dce5b3498c809727892ee6cb837db223d687564c5829d94fe481367b7815c4,sha256:20dce5b3498c809727892ee6cb837db223d687564c5829d94fe481367b7815c4,false
RRMPSubawardBudget,[Draft] Research & Related Multi-Project Subaward Budget Attachment(s) Form,3.0,budget_attachments.rr_mp_budget_3_0[].budget_year[].other_personnel.undergraduate_students.project_role,RR_MP_SubawardBudget_3_0.BudgetAttachments.RR_MP_Budget_3_0.BudgetYear.OtherPersonnel.UndergraduateStudents.ProjectRole,ProjectRole,question,question-candidate:sha256:7967478553983baf6b2f550a10909a064e4c40705515f1ecacd87a089d798a29,question-candidate:sha256:7967478553983baf6b2f550a10909a064e4c40705515f1ecacd87a089d798a29,question:sha256:2ec8902239c4fc143d4f425a7fe16ddff2e1524724c08a3be228482d26000d5c,agent_proposed,subaward_organization,,budget-period|budget-personnel|project-role|subaward-budget-collection,string,,,https://apply07.grants.gov/apply/forms/schemas/RR_MP_Budget_3_0-V3.0.xsd,20dce5b3498c809727892ee6cb837db223d687564c5829d94fe481367b7815c4,sha256:20dce5b3498c809727892ee6cb837db223d687564c5829d94fe481367b7815c4,false
RRMPSubawardBudget,[Draft] Research & Related Multi-Project Subaward Budget Attachment(s) Form,3.0,budget_attachments.rr_mp_budget_3_0[].budget_year[].other_personnel.undergraduate_students.requested_salary,RR_MP_SubawardBudget_3_0.BudgetAttachments.RR_MP_Budget_3_0.BudgetYear.OtherPersonnel.UndergraduateStudents.RequestedSalary,RequestedSalary,question,question-candidate:sha256:1fe88adc5d563adac5dffbbed8fab060c6905ff3678d6416f1c10a695edd5d09,question-candidate:sha256:1fe88adc5d563adac5dffbbed8fab060c6905ff3678d6416f1c10a695edd5d09,question:sha256:46a5b49b3c76d1ae6e9c5cdbd49d9d6391260c0537c6bbde2bb23e542b1712af,agent_proposed,subaward_organization,,budget-period|budget-personnel|money-and-effort-primitives|subaward-budget-collection,string,,,https://apply07.grants.gov/apply/forms/schemas/RR_MP_Budget_3_0-V3.0.xsd,20dce5b3498c809727892ee6cb837db223d687564c5829d94fe481367b7815c4,sha256:20dce5b3498c809727892ee6cb837db223d687564c5829d94fe481367b7815c4,false
RRMPSubawardBudget,[Draft] Research & Related Multi-Project Subaward Budget Attachment(s) Form,3.0,budget_attachments.rr_mp_budget_3_0[].budget_year[].other_personnel.undergraduate_students.summer_months,RR_MP_SubawardBudget_3_0.BudgetAttachments.RR_MP_Budget_3_0.BudgetYear.OtherPersonnel.UndergraduateStudents.SummerMonths,SummerMonths,question,question-candidate:sha256:222bbf27f31889a1936a2166d32acdf0a7343e513dc4d2c6d2e16aa13fc38303,question-candidate:sha256:222bbf27f31889a1936a2166d32acdf0a7343e513dc4d2c6d2e16aa13fc38303,question:sha256:0e2dbeea0dc1503def67f039f9db5c27f8c79ba89fd3fa81d1ded1528d815328,agent_proposed,subaward_organization,,budget-period|budget-personnel|money-and-effort-primitives|subaward-budget-collection,string,,,https://apply07.grants.gov/apply/forms/schemas/RR_MP_Budget_3_0-V3.0.xsd,20dce5b3498c809727892ee6cb837db223d687564c5829d94fe481367b7815c4,sha256:20dce5b3498c809727892ee6cb837db223d687564c5829d94fe481367b7815c4,false
RRMPSubawardBudget,[Draft] Research & Related Multi-Project Subaward Budget Attachment(s) Form,3.0,budget_attachments.rr_mp_budget_3_0[].budget_year[].participant_trainee_support_costs.other.cost,RR_MP_SubawardBudget_3_0.BudgetAttachments.RR_MP_Budget_3_0.BudgetYear.ParticipantTraineeSupportCosts.Other.Cost,Cost,question,question-candidate:sha256:7d1a1b469b085541518a6248270954e1f62ccd9f12895f622800ebb15e78373f,question-candidate:sha256:7d1a1b469b085541518a6248270954e1f62ccd9f12895f622800ebb15e78373f,question:sha256:fbbdcb3af2fdcca8b809e08aaa9de78539371e51e320d8f7cec4503352ab6e3a,agent_proposed,subaward_organization,,budget-participant-support|budget-period|subaward-budget-collection,string,,,https://apply07.grants.gov/apply/forms/schemas/RR_MP_Budget_3_0-V3.0.xsd,20dce5b3498c809727892ee6cb837db223d687564c5829d94fe481367b7815c4,sha256:20dce5b3498c809727892ee6cb837db223d687564c5829d94fe481367b7815c4,false
RRMPSubawardBudget,[Draft] Research & Related Multi-Project Subaward Budget Attachment(s) Form,3.0,budget_attachments.rr_mp_budget_3_0[].budget_year[].participant_trainee_support_costs.other.description,RR_MP_SubawardBudget_3_0.BudgetAttachments.RR_MP_Budget_3_0.BudgetYear.ParticipantTraineeSupportCosts.Other.Description,Description,question,question-candidate:sha256:c2b35b0a8b137b6dc1bca9b47e1352cfac4bfd27c69d660157b1929528d94c71,question-candidate:sha256:c2b35b0a8b137b6dc1bca9b47e1352cfac4bfd27c69d660157b1929528d94c71,question:sha256:dee1cb8bb256b59e299af4621900a70e952d9f5c45e2e43de100382e084f2291,agent_proposed,subaward_organization,,budget-participant-support|budget-period|subaward-budget-collection,string,,,https://apply07.grants.gov/apply/forms/schemas/RR_MP_Budget_3_0-V3.0.xsd,20dce5b3498c809727892ee6cb837db223d687564c5829d94fe481367b7815c4,sha256:20dce5b3498c809727892ee6cb837db223d687564c5829d94fe481367b7815c4,false
RRMPSubawardBudget,[Draft] Research & Related Multi-Project Subaward Budget Attachment(s) Form,3.0,budget_attachments.rr_mp_budget_3_0[].budget_year[].participant_trainee_support_costs.participant_trainee_number,RR_MP_SubawardBudget_3_0.BudgetAttachments.RR_MP_Budget_3_0.BudgetYear.ParticipantTraineeSupportCosts.ParticipantTraineeNumber,ParticipantTraineeNumber,question,question-candidate:sha256:53c3303dd3a3c08bbe9b44ed668766eaa6b044190a6527f96215252a0f708d19,question-candidate:sha256:53c3303dd3a3c08bbe9b44ed668766eaa6b044190a6527f96215252a0f708d19,question:sha256:ac7509ee2ae2d7633dbe364e64bae9b17a998969056116342e5b51ae81878ed9,agent_proposed,subaward_organization,,budget-participant-support|budget-period|subaward-budget-collection,integer,,,https://apply07.grants.gov/apply/forms/schemas/RR_MP_Budget_3_0-V3.0.xsd,20dce5b3498c809727892ee6cb837db223d687564c5829d94fe481367b7815c4,sha256:20dce5b3498c809727892ee6cb837db223d687564c5829d94fe481367b7815c4,false
RRMPSubawardBudget,[Draft] Research & Related Multi-Project Subaward Budget Attachment(s) Form,3.0,budget_attachments.rr_mp_budget_3_0[].budget_year[].participant_trainee_support_costs.stipends,RR_MP_SubawardBudget_3_0.BudgetAttachments.RR_MP_Budget_3_0.BudgetYear.ParticipantTraineeSupportCosts.Stipends,Stipends,question,question-candidate:sha256:048fb5dedc0077cd896a9cc32aaa5ba309ff45f2b89a67911c2eba6f82069e5c,question-candidate:sha256:048fb5dedc0077cd896a9cc32aaa5ba309ff45f2b89a67911c2eba6f82069e5c,question:sha256:bc88f3d1df62b10c2011c8ed88fa08849ac7437c77efb75aacb50d59ae1469dd,agent_proposed,subaward_organization,,budget-participant-support|budget-period|subaward-budget-collection,string,,,https://apply07.grants.gov/apply/forms/schemas/RR_MP_Budget_3_0-V3.0.xsd,20dce5b3498c809727892ee6cb837db223d687564c5829d94fe481367b7815c4,sha256:20dce5b3498c809727892ee6cb837db223d687564c5829d94fe481367b7815c4,false
RRMPSubawardBudget,[Draft] Research & Related Multi-Project Subaward Budget Attachment(s) Form,3.0,budget_attachments.rr_mp_budget_3_0[].budget_year[].participant_trainee_support_costs.subsistence,RR_MP_SubawardBudget_3_0.BudgetAttachments.RR_MP_Budget_3_0.BudgetYear.ParticipantTraineeSupportCosts.Subsistence,Subsistence,question,question-candidate:sha256:57b3303ddf1530c24ee4abeeb4c1d8cea7bbb8521af2cae8cb7b90503921b6cb,question-candidate:sha256:57b3303ddf1530c24ee4abeeb4c1d8cea7bbb8521af2cae8cb7b90503921b6cb,question:sha256:0fa9df45c33ab90f5e8b0eeb21b7730de86d700fc957689ca26ede08373f51db,agent_proposed,subaward_organization,,budget-participant-support|budget-period|subaward-budget-collection,string,,,https://apply07.grants.gov/apply/forms/schemas/RR_MP_Budget_3_0-V3.0.xsd,20dce5b3498c809727892ee6cb837db223d687564c5829d94fe481367b7815c4,sha256:20dce5b3498c809727892ee6cb837db223d687564c5829d94fe481367b7815c4,false
RRMPSubawardBudget,[Draft] Research & Related Multi-Project Subaward Budget Attachment(s) Form,3.0,budget_attachments.rr_mp_budget_3_0[].budget_year[].participant_trainee_support_costs.total_cost,RR_MP_SubawardBudget_3_0.BudgetAttachments.RR_MP_Budget_3_0.BudgetYear.ParticipantTraineeSupportCosts.TotalCost,TotalCost,calculation,,question-candidate:sha256:134fb5600008729c8be44d979b0f4182c1459006a7b870ccee83c3ccd267edcb,question:sha256:21b12cbbc701723ee2caae80687811c86e6f6e0883b8437549abcd5d48a629db,excluded_non_question,subaward_organization,,budget-calculation|budget-participant-support|budget-period|subaward-budget-collection,string,,,https://apply07.grants.gov/apply/forms/schemas/RR_MP_Budget_3_0-V3.0.xsd,20dce5b3498c809727892ee6cb837db223d687564c5829d94fe481367b7815c4,sha256:20dce5b3498c809727892ee6cb837db223d687564c5829d94fe481367b7815c4,false
RRMPSubawardBudget,[Draft] Research & Related Multi-Project Subaward Budget Attachment(s) Form,3.0,budget_attachments.rr_mp_budget_3_0[].budget_year[].participant_trainee_support_costs.travel,RR_MP_SubawardBudget_3_0.BudgetAttachments.RR_MP_Budget_3_0.BudgetYear.ParticipantTraineeSupportCosts.Travel,Travel,question,question-candidate:sha256:4415da1f0004d50f55596abf03a4cf2446be99ae437d21ac67e9b79d781ee249,question-candidate:sha256:4415da1f0004d50f55596abf03a4cf2446be99ae437d21ac67e9b79d781ee249,question:sha256:732bfccfc4449c446158357a8fbd97fa739fdbf25d7beccd6a501c04173cb53b,agent_proposed,subaward_organization,,budget-participant-support|budget-period|budget-travel|subaward-budget-collection,string,,,https://apply07.grants.gov/apply/forms/schemas/RR_MP_Budget_3_0-V3.0.xsd,20dce5b3498c809727892ee6cb837db223d687564c5829d94fe481367b7815c4,sha256:20dce5b3498c809727892ee6cb837db223d687564c5829d94fe481367b7815c4,false
RRMPSubawardBudget,[Draft] Research & Related Multi-Project Subaward Budget Attachment(s) Form,3.0,budget_attachments.rr_mp_budget_3_0[].budget_year[].participant_trainee_support_costs.tuition_fee_health_insurance,RR_MP_SubawardBudget_3_0.BudgetAttachments.RR_MP_Budget_3_0.BudgetYear.ParticipantTraineeSupportCosts.TuitionFeeHealthInsurance,TuitionFeeHealthInsurance,question,question-candidate:sha256:b79221980c90907525d5a71b65f98cca8733ead1017f5ca6399db659f5938822,question-candidate:sha256:b79221980c90907525d5a71b65f98cca8733ead1017f5ca6399db659f5938822,question:sha256:e660044d87f6d1117e2baed1a3693da20da953f818ecf7c2b58b1eb0a5ea51e5,agent_proposed,subaward_organization,,budget-participant-support|budget-period|subaward-budget-collection,string,,,https://apply07.grants.gov/apply/forms/schemas/RR_MP_Budget_3_0-V3.0.xsd,20dce5b3498c809727892ee6cb837db223d687564c5829d94fe481367b7815c4,sha256:20dce5b3498c809727892ee6cb837db223d687564c5829d94fe481367b7815c4,false
RRMPSubawardBudget,[Draft] Research & Related Multi-Project Subaward Budget Attachment(s) Form,3.0,budget_attachments.rr_mp_budget_3_0[].budget_year[].total_compensation,RR_MP_SubawardBudget_3_0.BudgetAttachments.RR_MP_Budget_3_0.BudgetYear.TotalCompensation,TotalCompensation,question,question-candidate:sha256:0c2f846cafbdb21d488bbd40e0f978321a3d066213e20b85c25b6160432eebf6,question-candidate:sha256:0c2f846cafbdb21d488bbd40e0f978321a3d066213e20b85c25b6160432eebf6,question:sha256:dfe6184f4d736080b8508eb721cc5a0d062f0abd7996a98f399d89bc8daece37,agent_proposed,subaward_organization,,budget-period|subaward-budget-collection,string,,,https://apply07.grants.gov/apply/forms/schemas/RR_MP_Budget_3_0-V3.0.xsd,20dce5b3498c809727892ee6cb837db223d687564c5829d94fe481367b7815c4,sha256:20dce5b3498c809727892ee6cb837db223d687564c5829d94fe481367b7815c4,false
RRMPSubawardBudget,[Draft] Research & Related Multi-Project Subaward Budget Attachment(s) Form,3.0,budget_attachments.rr_mp_budget_3_0[].budget_year[].total_costs,RR_MP_SubawardBudget_3_0.BudgetAttachments.RR_MP_Budget_3_0.BudgetYear.TotalCosts,TotalCosts,calculation,,question-candidate:sha256:739ddd6f6b2d9abb2727af1deef44d34b44ff7fdcdb05259d1374e68cc973e40,question:sha256:ce3ac26a8da1d4921758914d2502b22d12d9b1f7f736c0d05bba72d917f284ff,excluded_non_question,subaward_organization,,budget-calculation|budget-period|subaward-budget-collection,string,,,https://apply07.grants.gov/apply/forms/schemas/RR_MP_Budget_3_0-V3.0.xsd,20dce5b3498c809727892ee6cb837db223d687564c5829d94fe481367b7815c4,sha256:20dce5b3498c809727892ee6cb837db223d687564c5829d94fe481367b7815c4,false
RRMPSubawardBudget,[Draft] Research & Related Multi-Project Subaward Budget Attachment(s) Form,3.0,budget_attachments.rr_mp_budget_3_0[].budget_year[].total_costs_fee,RR_MP_SubawardBudget_3_0.BudgetAttachments.RR_MP_Budget_3_0.BudgetYear.TotalCostsFee,TotalCostsFee,calculation,,question-candidate:sha256:5a4586810ad9a747354e19bebfd05df11a190bc939de60ee6c72a8f47edb0d48,question:sha256:dbfd39b6695acd70c97a0dc5cbed026d4b4f345b0e3e2a0d2372cbf4f2be9df0,excluded_non_question,subaward_organization,,budget-calculation|budget-period|subaward-budget-collection,string,,,https://apply07.grants.gov/apply/forms/schemas/RR_MP_Budget_3_0-V3.0.xsd,20dce5b3498c809727892ee6cb837db223d687564c5829d94fe481367b7815c4,sha256:20dce5b3498c809727892ee6cb837db223d687564c5829d94fe481367b7815c4,false
RRMPSubawardBudget,[Draft] Research & Related Multi-Project Subaward Budget Attachment(s) Form,3.0,budget_attachments.rr_mp_budget_3_0[].budget_year[].travel.domestic_travel_cost,RR_MP_SubawardBudget_3_0.BudgetAttachments.RR_MP_Budget_3_0.BudgetYear.Travel.DomesticTravelCost,DomesticTravelCost,question,question-candidate:sha256:d55a6231ef4dc886c71fdee2ede95d3aeca9eb3aa2a37d6643a0934212308421,question-candidate:sha256:d55a6231ef4dc886c71fdee2ede95d3aeca9eb3aa2a37d6643a0934212308421,question:sha256:644ed5232af4429cb52d1f676a822fa06f60bb33ecbef0bf38d78778b1b50b03,agent_proposed,subaward_organization,,budget-period|budget-travel|subaward-budget-collection,string,,,https://apply07.grants.gov/apply/forms/schemas/RR_MP_Budget_3_0-V3.0.xsd,20dce5b3498c809727892ee6cb837db223d687564c5829d94fe481367b7815c4,sha256:20dce5b3498c809727892ee6cb837db223d687564c5829d94fe481367b7815c4,false
RRMPSubawardBudget,[Draft] Research & Related Multi-Project Subaward Budget Attachment(s) Form,3.0,budget_attachments.rr_mp_budget_3_0[].budget_year[].travel.foreign_travel_cost,RR_MP_SubawardBudget_3_0.BudgetAttachments.RR_MP_Budget_3_0.BudgetYear.Travel.ForeignTravelCost,ForeignTravelCost,question,question-candidate:sha256:338b369028cc0a4fd8899a962114bd0a55c04e8f0577ff5c1ddaac0fc58c37b3,question-candidate:sha256:338b369028cc0a4fd8899a962114bd0a55c04e8f0577ff5c1ddaac0fc58c37b3,question:sha256:361c1dc9dacdcd8379d11ca389aab4453aa7b952b6a177b1de21aaddbfd1a365,agent_proposed,subaward_organization,,budget-period|budget-travel|subaward-budget-collection,string,,,https://apply07.grants.gov/apply/forms/schemas/RR_MP_Budget_3_0-V3.0.xsd,20dce5b3498c809727892ee6cb837db223d687564c5829d94fe481367b7815c4,sha256:20dce5b3498c809727892ee6cb837db223d687564c5829d94fe481367b7815c4,false
RRMPSubawardBudget,[Draft] Research & Related Multi-Project Subaward Budget Attachment(s) Form,3.0,budget_attachments.rr_mp_budget_3_0[].budget_year[].travel.total_travel_cost,RR_MP_SubawardBudget_3_0.BudgetAttachments.RR_MP_Budget_3_0.BudgetYear.Travel.TotalTravelCost,TotalTravelCost,question,question-candidate:sha256:e1d720f6adfecae5aadfc84387a765703447df0eb1a3c361c58f0cdf6eb34144,question-candidate:sha256:e1d720f6adfecae5aadfc84387a765703447df0eb1a3c361c58f0cdf6eb34144,question:sha256:4270f10bdb5608ef71ac75ca94383955f0842d18ac2f48c768d906f4d972eb92,agent_proposed,subaward_organization,,budget-period|budget-travel|subaward-budget-collection,string,,,https://apply07.grants.gov/apply/forms/schemas/RR_MP_Budget_3_0-V3.0.xsd,20dce5b3498c809727892ee6cb837db223d687564c5829d94fe481367b7815c4,sha256:20dce5b3498c809727892ee6cb837db223d687564c5829d94fe481367b7815c4,false
RRMPSubawardBudget,[Draft] Research & Related Multi-Project Subaward Budget Attachment(s) Form,3.0,budget_attachments.rr_mp_budget_3_0[].organization_name,RR_MP_SubawardBudget_3_0.BudgetAttachments.RR_MP_Budget_3_0.OrganizationName,OrganizationName,question,question-candidate:sha256:fc8e9c679336feb69830bac58f8a47fecffa094d1f621a80e903fd598e80a259,question-candidate:sha256:fc8e9c679336feb69830bac58f8a47fecffa094d1f621a80e903fd598e80a259,question:sha256:016559f43a5d232f63ffe5f7738a89575d01fcdcb72534708876f3a04521e039,agent_proposed,subaward_organization,,budget-header|subaward-budget-collection,string,,,https://apply07.grants.gov/apply/forms/schemas/RR_MP_Budget_3_0-V3.0.xsd,20dce5b3498c809727892ee6cb837db223d687564c5829d94fe481367b7815c4,sha256:20dce5b3498c809727892ee6cb837db223d687564c5829d94fe481367b7815c4,false
RRMPSubawardBudget,[Draft] Research & Related Multi-Project Subaward Budget Attachment(s) Form,3.0,budget_attachments.rr_mp_budget_3_0[].samuei,RR_MP_SubawardBudget_3_0.BudgetAttachments.RR_MP_Budget_3_0.SAMUEI,SAMUEI,question,question-candidate:sha256:428a7dccb60a1928126e3371d256a572697e31522d3d70f1db73c93461b6531a,question-candidate:sha256:428a7dccb60a1928126e3371d256a572697e31522d3d70f1db73c93461b6531a,question:sha256:906898d23f1253744950211c3a71ee4277b5221878a7df227a71a1e48fbb688f,agent_proposed,subaward_organization,,budget-header|subaward-budget-collection,string,,,https://apply07.grants.gov/apply/forms/schemas/RR_MP_Budget_3_0-V3.0.xsd,20dce5b3498c809727892ee6cb837db223d687564c5829d94fe481367b7815c4,sha256:20dce5b3498c809727892ee6cb837db223d687564c5829d94fe481367b7815c4,false
RRSF424,[Draft] Research & Related Application for Federal Assistance (SF424 R&R),5.0,AORInfo.Address.Street1,RR_SF424_5_0.AORInfo.Address.Street1,Street1,question,question-candidate:sha256:7cc6bba33fd4a6bda8c965ca7e205029fcbc633e406b92c6a93fc3648bfcce89,question-candidate:sha256:7cc6bba33fd4a6bda8c965ca7e205029fcbc633e406b92c6a93fc3648bfcce89,question:sha256:a74476c9deb4bf4c6477fc6d1389488bddf603519c898f23aa9b351903aa4b03,agent_proposed,authorized_representative,,application-shell|authorized-representative|postal-address,string,,,https://apply07.grants.gov/apply/system/schemas/GlobalLibrary-V2.0.xsd,f140f32afed9d7efbe30fc8f299542bbbc3121dbc87a79aa351fcf096163d3bc,sha256:f791759c9a5c0ee00450d33e44a9ba921baaac5f1b625b2ef8b16241029e3db8,false
RRSF424,[Draft] Research & Related Application for Federal Assistance (SF424 R&R),5.0,AORInfo.Address.Street2,RR_SF424_5_0.AORInfo.Address.Street2,Street2,question,question-candidate:sha256:37eaa526a598d4f3f1af3ec36a12c6c2321e4c136cfbcda950684afc10ce9dd1,question-candidate:sha256:37eaa526a598d4f3f1af3ec36a12c6c2321e4c136cfbcda950684afc10ce9dd1,question:sha256:c302c8e214bf5b5a8017cf647323f399224bdf7b5a248ef3e9e1bb8a07e5e10e,agent_proposed,authorized_representative,,application-shell|authorized-representative|postal-address,string,,,https://apply07.grants.gov/apply/system/schemas/GlobalLibrary-V2.0.xsd,f140f32afed9d7efbe30fc8f299542bbbc3121dbc87a79aa351fcf096163d3bc,sha256:f791759c9a5c0ee00450d33e44a9ba921baaac5f1b625b2ef8b16241029e3db8,false
RRSF424,[Draft] Research & Related Application for Federal Assistance (SF424 R&R),5.0,AORInfo.Address.City,RR_SF424_5_0.AORInfo.Address.City,City,question,question-candidate:sha256:d656d1f117341015009aacb096b6b57154421b3f6fe49e1547bf027b15d6e06b,question-candidate:sha256:d656d1f117341015009aacb096b6b57154421b3f6fe49e1547bf027b15d6e06b,question:sha256:d7b638c95a0fcca594df8800f97e42dffaf2f899ee58271d284cc87cb2cef1df,agent_proposed,authorized_representative,,application-shell|authorized-representative|postal-address,string,,,https://apply07.grants.gov/apply/system/schemas/GlobalLibrary-V2.0.xsd,f140f32afed9d7efbe30fc8f299542bbbc3121dbc87a79aa351fcf096163d3bc,sha256:f791759c9a5c0ee00450d33e44a9ba921baaac5f1b625b2ef8b16241029e3db8,false
RRSF424,[Draft] Research & Related Application for Federal Assistance (SF424 R&R),5.0,AORInfo.Address.County,RR_SF424_5_0.AORInfo.Address.County,County,question,question-candidate:sha256:f7cede1c5e30a060ef3b7c07e64b5fd0fec237fd42c84fbbebdb1b323b46b1cf,question-candidate:sha256:f7cede1c5e30a060ef3b7c07e64b5fd0fec237fd42c84fbbebdb1b323b46b1cf,question:sha256:4f12dc804b4dde465d2bd9f3b234ad580f8734f401095b46f39a589c073e908c,agent_proposed,authorized_representative,,application-shell|authorized-representative|postal-address,string,,,https://apply07.grants.gov/apply/system/schemas/GlobalLibrary-V2.0.xsd,f140f32afed9d7efbe30fc8f299542bbbc3121dbc87a79aa351fcf096163d3bc,sha256:f791759c9a5c0ee00450d33e44a9ba921baaac5f1b625b2ef8b16241029e3db8,false
RRSF424,[Draft] Research & Related Application for Federal Assistance (SF424 R&R),5.0,AORInfo.Address.State,RR_SF424_5_0.AORInfo.Address.State,State,question,question-candidate:sha256:97b65038e6488bdd23479bb8a75bf8b4bb4e0834ae52714e956a37366b1a7fa1,question-candidate:sha256:97b65038e6488bdd23479bb8a75bf8b4bb4e0834ae52714e956a37366b1a7fa1,question:sha256:241408153aa976009ab7ffa557245dbde3eee9b157cb1b2e0e4cceafdc90170b,agent_proposed,authorized_representative,,application-shell|authorized-representative|postal-address,string,,,https://apply07.grants.gov/apply/system/schemas/GlobalLibrary-V2.0.xsd,f140f32afed9d7efbe30fc8f299542bbbc3121dbc87a79aa351fcf096163d3bc,sha256:f791759c9a5c0ee00450d33e44a9ba921baaac5f1b625b2ef8b16241029e3db8,false
RRSF424,[Draft] Research & Related Application for Federal Assistance (SF424 R&R),5.0,AORInfo.Address.Province,RR_SF424_5_0.AORInfo.Address.Province,Province,question,question-candidate:sha256:90e10002f571db84e974cab7418f25d27c40e539e371f68ce5a0ed43a2661445,question-candidate:sha256:90e10002f571db84e974cab7418f25d27c40e539e371f68ce5a0ed43a2661445,question:sha256:fe016c654b6bf1c702168ff81c5d00a026a39a269ccffdc6529eaf5dba5630eb,agent_proposed,authorized_representative,,application-shell|authorized-representative|postal-address,string,,,https://apply07.grants.gov/apply/system/schemas/GlobalLibrary-V2.0.xsd,f140f32afed9d7efbe30fc8f299542bbbc3121dbc87a79aa351fcf096163d3bc,sha256:f791759c9a5c0ee00450d33e44a9ba921baaac5f1b625b2ef8b16241029e3db8,false
RRSF424,[Draft] Research & Related Application for Federal Assistance (SF424 R&R),5.0,AORInfo.Address.ZipPostalCode,RR_SF424_5_0.AORInfo.Address.ZipPostalCode,ZipPostalCode,question,question-candidate:sha256:ebd4825f8fff4cf3fb1b4f741e4f3e505619a4f20b28ecd121c15cfd4dbe29fc,question-candidate:sha256:ebd4825f8fff4cf3fb1b4f741e4f3e505619a4f20b28ecd121c15cfd4dbe29fc,question:sha256:64361a6755f4388724696d8f8f0b37c77b31dda98c3ca277c1faf6debc104020,agent_proposed,authorized_representative,,application-shell|authorized-representative|postal-address,string,,,https://apply07.grants.gov/apply/system/schemas/GlobalLibrary-V2.0.xsd,f140f32afed9d7efbe30fc8f299542bbbc3121dbc87a79aa351fcf096163d3bc,sha256:f791759c9a5c0ee00450d33e44a9ba921baaac5f1b625b2ef8b16241029e3db8,false
RRSF424,[Draft] Research & Related Application for Federal Assistance (SF424 R&R),5.0,AORInfo.Address.Country,RR_SF424_5_0.AORInfo.Address.Country,Country,question,question-candidate:sha256:7ec7cdbd8a15b4c3014c315efa6ed69f88bf0b33320301c8d33c7a4248dd5031,question-candidate:sha256:7ec7cdbd8a15b4c3014c315efa6ed69f88bf0b33320301c8d33c7a4248dd5031,question:sha256:5a977258e9fdeca1faa0f8e51a07f82f48b9842f9c8724fe664da10cfe111c35,agent_proposed,authorized_representative,,application-shell|authorized-representative|postal-address,string,,,https://apply07.grants.gov/apply/system/schemas/GlobalLibrary-V2.0.xsd,f140f32afed9d7efbe30fc8f299542bbbc3121dbc87a79aa351fcf096163d3bc,sha256:f791759c9a5c0ee00450d33e44a9ba921baaac5f1b625b2ef8b16241029e3db8,false
RRSF424,[Draft] Research & Related Application for Federal Assistance (SF424 R&R),5.0,AORInfo.Department,RR_SF424_5_0.AORInfo.Department,Department,question,question-candidate:sha256:73a9cd2a322643b28d76d39e82e7805cc915fbb7c04d09783e7e2caef7350276,question-candidate:sha256:73a9cd2a322643b28d76d39e82e7805cc915fbb7c04d09783e7e2caef7350276,question:sha256:5a45d08e3e0e2176c7fb3fb9c94f094a76c6cbe1bb0179d52df6826d613673b6,agent_proposed,authorized_representative,,application-shell|authorized-representative,string,,,https://apply07.grants.gov/apply/forms/schemas/RR_SF424_5_0-V5.0.xsd,f140f32afed9d7efbe30fc8f299542bbbc3121dbc87a79aa351fcf096163d3bc,sha256:f791759c9a5c0ee00450d33e44a9ba921baaac5f1b625b2ef8b16241029e3db8,false
RRSF424,[Draft] Research & Related Application for Federal Assistance (SF424 R&R),5.0,AORInfo.Division,RR_SF424_5_0.AORInfo.Division,Division,question,question-candidate:sha256:7e3ed4f45c4395e55bee5dd0883c7ecda10f450b0983056fadbb72ae1f5b0af0,question-candidate:sha256:7e3ed4f45c4395e55bee5dd0883c7ecda10f450b0983056fadbb72ae1f5b0af0,question:sha256:28952c42eec7457245dfd8f54d60156d48e1a7eea75076c5380da937960bee2e,agent_proposed,authorized_representative,,application-shell|authorized-representative,string,,,https://apply07.grants.gov/apply/forms/schemas/RR_SF424_5_0-V5.0.xsd,f140f32afed9d7efbe30fc8f299542bbbc3121dbc87a79aa351fcf096163d3bc,sha256:f791759c9a5c0ee00450d33e44a9ba921baaac5f1b625b2ef8b16241029e3db8,false
RRSF424,[Draft] Research & Related Application for Federal Assistance (SF424 R&R),5.0,AORInfo.Email,RR_SF424_5_0.AORInfo.Email,Email,question,question-candidate:sha256:4c2a814af68b8a6a1aa37b8f372ef3b6507e05ebc9a095f018e73a1b189d7112,question-candidate:sha256:4c2a814af68b8a6a1aa37b8f372ef3b6507e05ebc9a095f018e73a1b189d7112,question:sha256:47f27144b395c98f041e9fa44ce9201987a1107d50b1596b991e2618bfbd710b,agent_proposed,authorized_representative,,application-shell|authorized-representative|contact-channels,string,,,https://apply07.grants.gov/apply/forms/schemas/RR_SF424_5_0-V5.0.xsd,f140f32afed9d7efbe30fc8f299542bbbc3121dbc87a79aa351fcf096163d3bc,sha256:f791759c9a5c0ee00450d33e44a9ba921baaac5f1b625b2ef8b16241029e3db8,false
RRSF424,[Draft] Research & Related Application for Federal Assistance (SF424 R&R),5.0,AORInfo.Fax,RR_SF424_5_0.AORInfo.Fax,Fax,question,question-candidate:sha256:0e08e599df8b934687a6df229ae9e18381138127dd8238c630ce49f08bde055d,question-candidate:sha256:0e08e599df8b934687a6df229ae9e18381138127dd8238c630ce49f08bde055d,question:sha256:f9c5b3e33980a7d53ef4e590e19f635549fd2bd529bdd16db6feec4cadb27957,agent_proposed,authorized_representative,,application-shell|authorized-representative|contact-channels,string,,,https://apply07.grants.gov/apply/forms/schemas/RR_SF424_5_0-V5.0.xsd,f140f32afed9d7efbe30fc8f299542bbbc3121dbc87a79aa351fcf096163d3bc,sha256:f791759c9a5c0ee00450d33e44a9ba921baaac5f1b625b2ef8b16241029e3db8,false
RRSF424,[Draft] Research & Related Application for Federal Assistance (SF424 R&R),5.0,AORInfo.Name.PrefixName,RR_SF424_5_0.AORInfo.Name.PrefixName,PrefixName,question,question-candidate:sha256:5b99df08a0a46fc74df6adc13354fb64d0562d79e22cf6750a14d52af2f9548b,question-candidate:sha256:5b99df08a0a46fc74df6adc13354fb64d0562d79e22cf6750a14d52af2f9548b,question:sha256:c514f403628285de3e062dd86ad053fdafa8df6e1832d3d98a5fd6768f11e39d,agent_proposed,authorized_representative,,application-shell|authorized-representative|person-name,string,,,https://apply07.grants.gov/apply/system/schemas/GlobalLibrary-V2.0.xsd,f140f32afed9d7efbe30fc8f299542bbbc3121dbc87a79aa351fcf096163d3bc,sha256:f791759c9a5c0ee00450d33e44a9ba921baaac5f1b625b2ef8b16241029e3db8,false
RRSF424,[Draft] Research & Related Application for Federal Assistance (SF424 R&R),5.0,AORInfo.Name.FirstName,RR_SF424_5_0.AORInfo.Name.FirstName,FirstName,question,question-candidate:sha256:5ef402afc560a09cf440fad268d370255c9dd7ce8f436e20fc088f6034e4684c,question-candidate:sha256:5ef402afc560a09cf440fad268d370255c9dd7ce8f436e20fc088f6034e4684c,question:sha256:e8ad6307d9f3cabd6e16ef2127fef67caa6a9812c72aef9fe6ba202e0c4aeffb,agent_proposed,authorized_representative,,application-shell|authorized-representative|person-name,string,,,https://apply07.grants.gov/apply/system/schemas/GlobalLibrary-V2.0.xsd,f140f32afed9d7efbe30fc8f299542bbbc3121dbc87a79aa351fcf096163d3bc,sha256:f791759c9a5c0ee00450d33e44a9ba921baaac5f1b625b2ef8b16241029e3db8,false
RRSF424,[Draft] Research & Related Application for Federal Assistance (SF424 R&R),5.0,AORInfo.Name.MiddleName,RR_SF424_5_0.AORInfo.Name.MiddleName,MiddleName,question,question-candidate:sha256:59caf3c649a764ec683050a423dded217ba5a473e37d06e33d82802463633bb8,question-candidate:sha256:59caf3c649a764ec683050a423dded217ba5a473e37d06e33d82802463633bb8,question:sha256:9569eaf1b987fb6a0741050c9b373b6b7de3fee6fd2ce6d78bec90b7d91035c4,agent_proposed,authorized_representative,,application-shell|authorized-representative|person-name,string,,,https://apply07.grants.gov/apply/system/schemas/GlobalLibrary-V2.0.xsd,f140f32afed9d7efbe30fc8f299542bbbc3121dbc87a79aa351fcf096163d3bc,sha256:f791759c9a5c0ee00450d33e44a9ba921baaac5f1b625b2ef8b16241029e3db8,false
RRSF424,[Draft] Research & Related Application for Federal Assistance (SF424 R&R),5.0,AORInfo.Name.LastName,RR_SF424_5_0.AORInfo.Name.LastName,LastName,question,question-candidate:sha256:c336e2ca674f135b2bc21245158ce8e3677e0305056618dd6cc83906dac46869,question-candidate:sha256:c336e2ca674f135b2bc21245158ce8e3677e0305056618dd6cc83906dac46869,question:sha256:b4a0bd1425f0c95635bf2ee550faef8566126f329725042ca2b95d29480600c1,agent_proposed,authorized_representative,,application-shell|authorized-representative|person-name,string,,,https://apply07.grants.gov/apply/system/schemas/GlobalLibrary-V2.0.xsd,f140f32afed9d7efbe30fc8f299542bbbc3121dbc87a79aa351fcf096163d3bc,sha256:f791759c9a5c0ee00450d33e44a9ba921baaac5f1b625b2ef8b16241029e3db8,false
RRSF424,[Draft] Research & Related Application for Federal Assistance (SF424 R&R),5.0,AORInfo.Name.SuffixName,RR_SF424_5_0.AORInfo.Name.SuffixName,SuffixName,question,question-candidate:sha256:4e67d8d156ebb8018464d659e57e7afd25a733b246c39b9afed3bca3cbf8eece,question-candidate:sha256:4e67d8d156ebb8018464d659e57e7afd25a733b246c39b9afed3bca3cbf8eece,question:sha256:d7043859eb67e9c5fdd0fd12ede3c391c109da767e605fba2aa96cd9790f9662,agent_proposed,authorized_representative,,application-shell|authorized-representative|person-name,string,,,https://apply07.grants.gov/apply/system/schemas/GlobalLibrary-V2.0.xsd,f140f32afed9d7efbe30fc8f299542bbbc3121dbc87a79aa351fcf096163d3bc,sha256:f791759c9a5c0ee00450d33e44a9ba921baaac5f1b625b2ef8b16241029e3db8,false
RRSF424,[Draft] Research & Related Application for Federal Assistance (SF424 R&R),5.0,AORInfo.OrganizationName,RR_SF424_5_0.AORInfo.OrganizationName,OrganizationName,question,question-candidate:sha256:f65872c46026e5677a20a6c6c95ec4a59aee2ed79030e75186a6af49d39e4e08,question-candidate:sha256:f65872c46026e5677a20a6c6c95ec4a59aee2ed79030e75186a6af49d39e4e08,question:sha256:cf571160fa335ad402ed9fd4daa08d573092236bbd3424c65551e9a965209a93,agent_proposed,authorized_representative,,application-shell|authorized-representative|organization-identity,string,,,https://apply07.grants.gov/apply/forms/schemas/RR_SF424_5_0-V5.0.xsd,f140f32afed9d7efbe30fc8f299542bbbc3121dbc87a79aa351fcf096163d3bc,sha256:f791759c9a5c0ee00450d33e44a9ba921baaac5f1b625b2ef8b16241029e3db8,false
RRSF424,[Draft] Research & Related Application for Federal Assistance (SF424 R&R),5.0,AORInfo.Phone,RR_SF424_5_0.AORInfo.Phone,Phone,question,question-candidate:sha256:6bbc97869991e9e2fa5d6fd005fe4d8bd0925cc50cbd3c3130d939180b221420,question-candidate:sha256:6bbc97869991e9e2fa5d6fd005fe4d8bd0925cc50cbd3c3130d939180b221420,question:sha256:7ce9ac9923c7290d33a45106515234788b9b7fc19cb92dd6bd4aee825253a9af,agent_proposed,authorized_representative,,application-shell|authorized-representative|contact-channels,string,,,https://apply07.grants.gov/apply/forms/schemas/RR_SF424_5_0-V5.0.xsd,f140f32afed9d7efbe30fc8f299542bbbc3121dbc87a79aa351fcf096163d3bc,sha256:f791759c9a5c0ee00450d33e44a9ba921baaac5f1b625b2ef8b16241029e3db8,false
RRSF424,[Draft] Research & Related Application for Federal Assistance (SF424 R&R),5.0,AORInfo.Title,RR_SF424_5_0.AORInfo.Title,Title,question,question-candidate:sha256:bd277019a84015382e570d1052c32889719254da84dacb91e7fcafc55f005013,question-candidate:sha256:bd277019a84015382e570d1052c32889719254da84dacb91e7fcafc55f005013,question:sha256:bc95f86cbd0ec871c05f246be9834bb7a1bb56ed4b9a617c7134b723a6dda7a7,agent_proposed,authorized_representative,,application-shell|authorized-representative,string,,,https://apply07.grants.gov/apply/forms/schemas/RR_SF424_5_0-V5.0.xsd,f140f32afed9d7efbe30fc8f299542bbbc3121dbc87a79aa351fcf096163d3bc,sha256:f791759c9a5c0ee00450d33e44a9ba921baaac5f1b625b2ef8b16241029e3db8,false
RRSF424,[Draft] Research & Related Application for Federal Assistance (SF424 R&R),5.0,AOR_Signature,RR_SF424_5_0.AOR_Signature,AOR_Signature,question,question-candidate:sha256:be7c781b9c9ed596f1673b23474e1dcd1bc8393728c383fc25ed53c59e7e1e6a,question-candidate:sha256:be7c781b9c9ed596f1673b23474e1dcd1bc8393728c383fc25ed53c59e7e1e6a,question:sha256:4dff0100f56dc75907659863b3fa570fbb6e0195ce78a3abccaebacf99550dfe,agent_proposed,application_shell,,application-shell|signature-certification,string,,,https://apply07.grants.gov/apply/forms/schemas/RR_SF424_5_0-V5.0.xsd,f140f32afed9d7efbe30fc8f299542bbbc3121dbc87a79aa351fcf096163d3bc,sha256:f791759c9a5c0ee00450d33e44a9ba921baaac5f1b625b2ef8b16241029e3db8,false
RRSF424,[Draft] Research & Related Application for Federal Assistance (SF424 R&R),5.0,AOR_SignedDate,RR_SF424_5_0.AOR_SignedDate,AOR_SignedDate,question,question-candidate:sha256:cd6dbb7db76eed2bee04954fb461d3501d0cce55972556862b51037f4e4f28b2,question-candidate:sha256:cd6dbb7db76eed2bee04954fb461d3501d0cce55972556862b51037f4e4f28b2,question:sha256:9dcd1064ee57c979007cdec61ef2f4ecf011c9201fb995cf5b2391b073b32221,agent_proposed,application_shell,,application-shell|signature-certification,string,,,https://apply07.grants.gov/apply/forms/schemas/RR_SF424_5_0-V5.0.xsd,f140f32afed9d7efbe30fc8f299542bbbc3121dbc87a79aa351fcf096163d3bc,sha256:f791759c9a5c0ee00450d33e44a9ba921baaac5f1b625b2ef8b16241029e3db8,false
RRSF424,[Draft] Research & Related Application for Federal Assistance (SF424 R&R),5.0,ActivityTitle,RR_SF424_5_0.ActivityTitle,ActivityTitle,question,question-candidate:sha256:5c0a17a88810470dea51e086523a8e35fa8a9bf75b47a47d5c4163a9b9dd378d,question-candidate:sha256:5c0a17a88810470dea51e086523a8e35fa8a9bf75b47a47d5c4163a9b9dd378d,question:sha256:7cbf8611c77ada085cd907ad49736e8d64a6706968b636d1a4052d0ccb0696b8,agent_proposed,application_shell,,application-shell|opportunity-identity,string,,,https://apply07.grants.gov/apply/forms/schemas/RR_SF424_5_0-V5.0.xsd,f140f32afed9d7efbe30fc8f299542bbbc3121dbc87a79aa351fcf096163d3bc,sha256:f791759c9a5c0ee00450d33e44a9ba921baaac5f1b625b2ef8b16241029e3db8,false
RRSF424,[Draft] Research & Related Application for Federal Assistance (SF424 R&R),5.0,AgencyRoutingNumber,RR_SF424_5_0.AgencyRoutingNumber,AgencyRoutingNumber,question,question-candidate:sha256:0272b129792c1785b054818a86561a6052021f6498bca91d99d4c218391d5de0,question-candidate:sha256:0272b129792c1785b054818a86561a6052021f6498bca91d99d4c218391d5de0,question:sha256:3f1c87840792f6919bd1dee0e0d49f457fb2f005e271662fc748c250fe81f798,agent_proposed,application_shell,,application-identifiers|application-shell,string,,,https://apply07.grants.gov/apply/forms/schemas/RR_SF424_5_0-V5.0.xsd,f140f32afed9d7efbe30fc8f299542bbbc3121dbc87a79aa351fcf096163d3bc,sha256:f791759c9a5c0ee00450d33e44a9ba921baaac5f1b625b2ef8b16241029e3db8,false
RRSF424,[Draft] Research & Related Application for Federal Assistance (SF424 R&R),5.0,ApplicantID,RR_SF424_5_0.ApplicantID,ApplicantID,question,question-candidate:sha256:54042b56d2b558a3e106c1b848d15171f45e3a841d64bb17b6d90d0ca51eaad9,question-candidate:sha256:54042b56d2b558a3e106c1b848d15171f45e3a841d64bb17b6d90d0ca51eaad9,question:sha256:b5dd013f953302acb1a858f1f59d3de7d4a4e870c934722689f7303c8855f22b,agent_proposed,application_shell,,application-identifiers|application-shell,string,,,https://apply07.grants.gov/apply/forms/schemas/RR_SF424_5_0-V5.0.xsd,f140f32afed9d7efbe30fc8f299542bbbc3121dbc87a79aa351fcf096163d3bc,sha256:f791759c9a5c0ee00450d33e44a9ba921baaac5f1b625b2ef8b16241029e3db8,false
RRSF424,[Draft] Research & Related Application for Federal Assistance (SF424 R&R),5.0,ApplicantInfo.ContactPersonInfo.Address.Street1,RR_SF424_5_0.ApplicantInfo.ContactPersonInfo.Address.Street1,Street1,question,question-candidate:sha256:155536186eb94ce7838292f7ec43d87cdcc5d397992af00c7bb755443fcc6143,question-candidate:sha256:155536186eb94ce7838292f7ec43d87cdcc5d397992af00c7bb755443fcc6143,question:sha256:05b209a05b17deb14cede2468b3b53500eca2a59d496371657f046b1331fb418,agent_proposed,application_contact,,application-contact|application-shell|postal-address,string,,,https://apply07.grants.gov/apply/system/schemas/GlobalLibrary-V2.0.xsd,f140f32afed9d7efbe30fc8f299542bbbc3121dbc87a79aa351fcf096163d3bc,sha256:f791759c9a5c0ee00450d33e44a9ba921baaac5f1b625b2ef8b16241029e3db8,false
RRSF424,[Draft] Research & Related Application for Federal Assistance (SF424 R&R),5.0,ApplicantInfo.ContactPersonInfo.Address.Street2,RR_SF424_5_0.ApplicantInfo.ContactPersonInfo.Address.Street2,Street2,question,question-candidate:sha256:79b8bb2178ad51700ba2f4e9fcbbe75dd1225ad110a4ec0d302053929d877cdc,question-candidate:sha256:79b8bb2178ad51700ba2f4e9fcbbe75dd1225ad110a4ec0d302053929d877cdc,question:sha256:8de9e3215f6e39f33cfb9a2f95b6596332c1bd39301aed9d1c3140713aaa83d7,agent_proposed,application_contact,,application-contact|application-shell|postal-address,string,,,https://apply07.grants.gov/apply/system/schemas/GlobalLibrary-V2.0.xsd,f140f32afed9d7efbe30fc8f299542bbbc3121dbc87a79aa351fcf096163d3bc,sha256:f791759c9a5c0ee00450d33e44a9ba921baaac5f1b625b2ef8b16241029e3db8,false
RRSF424,[Draft] Research & Related Application for Federal Assistance (SF424 R&R),5.0,ApplicantInfo.ContactPersonInfo.Address.City,RR_SF424_5_0.ApplicantInfo.ContactPersonInfo.Address.City,City,question,question-candidate:sha256:abaa06d4aa92c264e0261288bba17d8716b1e57f81e1782bff49b18e15e53e37,question-candidate:sha256:abaa06d4aa92c264e0261288bba17d8716b1e57f81e1782bff49b18e15e53e37,question:sha256:c66a3c2f1ccda4fe65ef009f873b628d5ac15c84466833aad1eef6e0621ffaeb,agent_proposed,application_contact,,application-contact|application-shell|postal-address,string,,,https://apply07.grants.gov/apply/system/schemas/GlobalLibrary-V2.0.xsd,f140f32afed9d7efbe30fc8f299542bbbc3121dbc87a79aa351fcf096163d3bc,sha256:f791759c9a5c0ee00450d33e44a9ba921baaac5f1b625b2ef8b16241029e3db8,false
RRSF424,[Draft] Research & Related Application for Federal Assistance (SF424 R&R),5.0,ApplicantInfo.ContactPersonInfo.Address.County,RR_SF424_5_0.ApplicantInfo.ContactPersonInfo.Address.County,County,question,question-candidate:sha256:601f4388cc5345cd4ba4fa73594e30e8c53f34167a98e6ff04a82c7f0c753866,question-candidate:sha256:601f4388cc5345cd4ba4fa73594e30e8c53f34167a98e6ff04a82c7f0c753866,question:sha256:2853923c4aed0b48f098fcae8a57676297136456fb0c53eaee13ff15d42ba84f,agent_proposed,application_contact,,application-contact|application-shell|postal-address,string,,,https://apply07.grants.gov/apply/system/schemas/GlobalLibrary-V2.0.xsd,f140f32afed9d7efbe30fc8f299542bbbc3121dbc87a79aa351fcf096163d3bc,sha256:f791759c9a5c0ee00450d33e44a9ba921baaac5f1b625b2ef8b16241029e3db8,false
RRSF424,[Draft] Research & Related Application for Federal Assistance (SF424 R&R),5.0,ApplicantInfo.ContactPersonInfo.Address.State,RR_SF424_5_0.ApplicantInfo.ContactPersonInfo.Address.State,State,question,question-candidate:sha256:bd6fe4abcfb08f44542565e80d2fc25abe4351b9942181ba5cb21d3afbfe2b57,question-candidate:sha256:bd6fe4abcfb08f44542565e80d2fc25abe4351b9942181ba5cb21d3afbfe2b57,question:sha256:ab97678ae7e6d5f4c3280ec18e93927aa58ab9dd97e5027cd2aafeb31db84155,agent_proposed,application_contact,,application-contact|application-shell|postal-address,string,,,https://apply07.grants.gov/apply/system/schemas/GlobalLibrary-V2.0.xsd,f140f32afed9d7efbe30fc8f299542bbbc3121dbc87a79aa351fcf096163d3bc,sha256:f791759c9a5c0ee00450d33e44a9ba921baaac5f1b625b2ef8b16241029e3db8,false
RRSF424,[Draft] Research & Related Application for Federal Assistance (SF424 R&R),5.0,ApplicantInfo.ContactPersonInfo.Address.Province,RR_SF424_5_0.ApplicantInfo.ContactPersonInfo.Address.Province,Province,question,question-candidate:sha256:1db7f2f5679100817da85d68d1219585e81b7430183c64894556d27e51d3187f,question-candidate:sha256:1db7f2f5679100817da85d68d1219585e81b7430183c64894556d27e51d3187f,question:sha256:0e93119406a316d424a1232377f69dc093a931d2e21d2ef6787851510220454a,agent_proposed,application_contact,,application-contact|application-shell|postal-address,string,,,https://apply07.grants.gov/apply/system/schemas/GlobalLibrary-V2.0.xsd,f140f32afed9d7efbe30fc8f299542bbbc3121dbc87a79aa351fcf096163d3bc,sha256:f791759c9a5c0ee00450d33e44a9ba921baaac5f1b625b2ef8b16241029e3db8,false
RRSF424,[Draft] Research & Related Application for Federal Assistance (SF424 R&R),5.0,ApplicantInfo.ContactPersonInfo.Address.ZipPostalCode,RR_SF424_5_0.ApplicantInfo.ContactPersonInfo.Address.ZipPostalCode,ZipPostalCode,question,question-candidate:sha256:6ce7826a75046e2215eda86e4a09e0dcc5a073d005c069fb046c4f2015440094,question-candidate:sha256:6ce7826a75046e2215eda86e4a09e0dcc5a073d005c069fb046c4f2015440094,question:sha256:b0704760273680053856762d65eb8387ac98a686f3afa1100a00d35c7ab7e0ff,agent_proposed,application_contact,,application-contact|application-shell|postal-address,string,,,https://apply07.grants.gov/apply/system/schemas/GlobalLibrary-V2.0.xsd,f140f32afed9d7efbe30fc8f299542bbbc3121dbc87a79aa351fcf096163d3bc,sha256:f791759c9a5c0ee00450d33e44a9ba921baaac5f1b625b2ef8b16241029e3db8,false
RRSF424,[Draft] Research & Related Application for Federal Assistance (SF424 R&R),5.0,ApplicantInfo.ContactPersonInfo.Address.Country,RR_SF424_5_0.ApplicantInfo.ContactPersonInfo.Address.Country,Country,question,question-candidate:sha256:04fa7b870cce893b1c610ce6e6946c2595fdf4207b982f35125a899069e58ae8,question-candidate:sha256:04fa7b870cce893b1c610ce6e6946c2595fdf4207b982f35125a899069e58ae8,question:sha256:965ffec4bce8cadb80551429ea87b9e179f232bbf547a6f694fe2ffd3c045459,agent_proposed,application_contact,,application-contact|application-shell|postal-address,string,,,https://apply07.grants.gov/apply/system/schemas/GlobalLibrary-V2.0.xsd,f140f32afed9d7efbe30fc8f299542bbbc3121dbc87a79aa351fcf096163d3bc,sha256:f791759c9a5c0ee00450d33e44a9ba921baaac5f1b625b2ef8b16241029e3db8,false
RRSF424,[Draft] Research & Related Application for Federal Assistance (SF424 R&R),5.0,ApplicantInfo.ContactPersonInfo.Email,RR_SF424_5_0.ApplicantInfo.ContactPersonInfo.Email,Email,question,question-candidate:sha256:630101e69efc9ab4fc6f5d32f75133a6566ae49e8004693ca5759d44d7177511,question-candidate:sha256:630101e69efc9ab4fc6f5d32f75133a6566ae49e8004693ca5759d44d7177511,question:sha256:3b256eb63e5766dd7426df2e40536e6f38a388bc2382ca76b252313fb0ec739c,agent_proposed,application_contact,,application-contact|application-shell|contact-channels,string,,,https://apply07.grants.gov/apply/forms/schemas/RR_SF424_5_0-V5.0.xsd,f140f32afed9d7efbe30fc8f299542bbbc3121dbc87a79aa351fcf096163d3bc,sha256:f791759c9a5c0ee00450d33e44a9ba921baaac5f1b625b2ef8b16241029e3db8,false
RRSF424,[Draft] Research & Related Application for Federal Assistance (SF424 R&R),5.0,ApplicantInfo.ContactPersonInfo.Fax,RR_SF424_5_0.ApplicantInfo.ContactPersonInfo.Fax,Fax,question,question-candidate:sha256:437042b56e270ed23dbade7c68e74b62c917de24b84ff8266977a5a26051ac04,question-candidate:sha256:437042b56e270ed23dbade7c68e74b62c917de24b84ff8266977a5a26051ac04,question:sha256:181bfe97a7743ce4b30d4d7cdfa04ccf040b3a24b3e29ff4873917b35cd75a6c,agent_proposed,application_contact,,application-contact|application-shell|contact-channels,string,,,https://apply07.grants.gov/apply/forms/schemas/RR_SF424_5_0-V5.0.xsd,f140f32afed9d7efbe30fc8f299542bbbc3121dbc87a79aa351fcf096163d3bc,sha256:f791759c9a5c0ee00450d33e44a9ba921baaac5f1b625b2ef8b16241029e3db8,false
RRSF424,[Draft] Research & Related Application for Federal Assistance (SF424 R&R),5.0,ApplicantInfo.ContactPersonInfo.Name.PrefixName,RR_SF424_5_0.ApplicantInfo.ContactPersonInfo.Name.PrefixName,PrefixName,question,question-candidate:sha256:d6b8e5814c8682dd9f62599cf2637ae5693ce87f1b625ecde1d6d2011eebbeac,question-candidate:sha256:d6b8e5814c8682dd9f62599cf2637ae5693ce87f1b625ecde1d6d2011eebbeac,question:sha256:2a0ead01c71329cc5a96c1545e05bdfef8ba0f90c49a1955978e760781c9702b,agent_proposed,application_contact,,application-contact|application-shell|person-name,string,,,https://apply07.grants.gov/apply/system/schemas/GlobalLibrary-V2.0.xsd,f140f32afed9d7efbe30fc8f299542bbbc3121dbc87a79aa351fcf096163d3bc,sha256:f791759c9a5c0ee00450d33e44a9ba921baaac5f1b625b2ef8b16241029e3db8,false
RRSF424,[Draft] Research & Related Application for Federal Assistance (SF424 R&R),5.0,ApplicantInfo.ContactPersonInfo.Name.FirstName,RR_SF424_5_0.ApplicantInfo.ContactPersonInfo.Name.FirstName,FirstName,question,question-candidate:sha256:264716bf12e4d08cbd2ddaf5a4a5c2c3e302e453eca34274aa7686ce34168797,question-candidate:sha256:264716bf12e4d08cbd2ddaf5a4a5c2c3e302e453eca34274aa7686ce34168797,question:sha256:5b4aff2965c7bec630945988edc2cca11b1fb64a82ba42dc45cf183661bf3f9d,agent_proposed,application_contact,,application-contact|application-shell|person-name,string,,,https://apply07.grants.gov/apply/system/schemas/GlobalLibrary-V2.0.xsd,f140f32afed9d7efbe30fc8f299542bbbc3121dbc87a79aa351fcf096163d3bc,sha256:f791759c9a5c0ee00450d33e44a9ba921baaac5f1b625b2ef8b16241029e3db8,false
RRSF424,[Draft] Research & Related Application for Federal Assistance (SF424 R&R),5.0,ApplicantInfo.ContactPersonInfo.Name.MiddleName,RR_SF424_5_0.ApplicantInfo.ContactPersonInfo.Name.MiddleName,MiddleName,question,question-candidate:sha256:659aba196d98c1dc1a949287a6caaef01a4695770ee77e3e0e245664fdc86cfc,question-candidate:sha256:659aba196d98c1dc1a949287a6caaef01a4695770ee77e3e0e245664fdc86cfc,question:sha256:fe1cdb1a5e0f9b2d62bf0fc40ba3d1dd571540e5fd0627d0ef179e851cc7506f,agent_proposed,application_contact,,application-contact|application-shell|person-name,string,,,https://apply07.grants.gov/apply/system/schemas/GlobalLibrary-V2.0.xsd,f140f32afed9d7efbe30fc8f299542bbbc3121dbc87a79aa351fcf096163d3bc,sha256:f791759c9a5c0ee00450d33e44a9ba921baaac5f1b625b2ef8b16241029e3db8,false
RRSF424,[Draft] Research & Related Application for Federal Assistance (SF424 R&R),5.0,ApplicantInfo.ContactPersonInfo.Name.LastName,RR_SF424_5_0.ApplicantInfo.ContactPersonInfo.Name.LastName,LastName,question,question-candidate:sha256:a6a58d777e5c04e7e8967523f5818c1c8d051880a2776a5d078922dd6fc798e2,question-candidate:sha256:a6a58d777e5c04e7e8967523f5818c1c8d051880a2776a5d078922dd6fc798e2,question:sha256:1e4827ac36fb5408d1ef8c4bde4f147994d516c0f39b78e4726d1ec3f6a176f1,agent_proposed,application_contact,,application-contact|application-shell|person-name,string,,,https://apply07.grants.gov/apply/system/schemas/GlobalLibrary-V2.0.xsd,f140f32afed9d7efbe30fc8f299542bbbc3121dbc87a79aa351fcf096163d3bc,sha256:f791759c9a5c0ee00450d33e44a9ba921baaac5f1b625b2ef8b16241029e3db8,false
RRSF424,[Draft] Research & Related Application for Federal Assistance (SF424 R&R),5.0,ApplicantInfo.ContactPersonInfo.Name.SuffixName,RR_SF424_5_0.ApplicantInfo.ContactPersonInfo.Name.SuffixName,SuffixName,question,question-candidate:sha256:3ffdecf1a30037a82284a17e460ad11e2ab5a65e0504814cbd023595a3e8e64e,question-candidate:sha256:3ffdecf1a30037a82284a17e460ad11e2ab5a65e0504814cbd023595a3e8e64e,question:sha256:43e890f1733179fbc0897ed5451b5f227134392674137eb201b08dcc5bb372bc,agent_proposed,application_contact,,application-contact|application-shell|person-name,string,,,https://apply07.grants.gov/apply/system/schemas/GlobalLibrary-V2.0.xsd,f140f32afed9d7efbe30fc8f299542bbbc3121dbc87a79aa351fcf096163d3bc,sha256:f791759c9a5c0ee00450d33e44a9ba921baaac5f1b625b2ef8b16241029e3db8,false
RRSF424,[Draft] Research & Related Application for Federal Assistance (SF424 R&R),5.0,ApplicantInfo.ContactPersonInfo.Phone,RR_SF424_5_0.ApplicantInfo.ContactPersonInfo.Phone,Phone,question,question-candidate:sha256:a50b6a4a6632eab7ab73913199c0427bacb58b437f0f641ccbdfcbb06d2e3bdc,question-candidate:sha256:a50b6a4a6632eab7ab73913199c0427bacb58b437f0f641ccbdfcbb06d2e3bdc,question:sha256:7a0de64ba35fa069327671f23b8af45637663feb3e1dac1ec2387c7fdf8a8062,agent_proposed,application_contact,,application-contact|application-shell|contact-channels,string,,,https://apply07.grants.gov/apply/forms/schemas/RR_SF424_5_0-V5.0.xsd,f140f32afed9d7efbe30fc8f299542bbbc3121dbc87a79aa351fcf096163d3bc,sha256:f791759c9a5c0ee00450d33e44a9ba921baaac5f1b625b2ef8b16241029e3db8,false
RRSF424,[Draft] Research & Related Application for Federal Assistance (SF424 R&R),5.0,ApplicantInfo.ContactPersonInfo.Title,RR_SF424_5_0.ApplicantInfo.ContactPersonInfo.Title,Title,question,question-candidate:sha256:e02009e0ac56728bb846f7e47165bd2a4a1384753840903b037bd8963894a3a9,question-candidate:sha256:e02009e0ac56728bb846f7e47165bd2a4a1384753840903b037bd8963894a3a9,question:sha256:f147e91682b888e9fe8eb5120e66315088b18aacd25c64e3c1c94067ea1614d2,agent_proposed,application_contact,,application-contact|application-shell,string,,,https://apply07.grants.gov/apply/forms/schemas/RR_SF424_5_0-V5.0.xsd,f140f32afed9d7efbe30fc8f299542bbbc3121dbc87a79aa351fcf096163d3bc,sha256:f791759c9a5c0ee00450d33e44a9ba921baaac5f1b625b2ef8b16241029e3db8,false
RRSF424,[Draft] Research & Related Application for Federal Assistance (SF424 R&R),5.0,ApplicantInfo.OrganizationInfo.Address.Street1,RR_SF424_5_0.ApplicantInfo.OrganizationInfo.Address.Street1,Street1,question,question-candidate:sha256:06bde2223438317d4814ea1844b7f3a566af27a2bedbc040fb5a8bd226a38e0e,question-candidate:sha256:06bde2223438317d4814ea1844b7f3a566af27a2bedbc040fb5a8bd226a38e0e,question:sha256:a50db2f4b8bbe2761ff5a66afe4559688775c2a7db6b973500f1299c82ae4735,agent_proposed,applicant_organization,,application-shell|postal-address,string,,,https://apply07.grants.gov/apply/system/schemas/GlobalLibrary-V2.0.xsd,f140f32afed9d7efbe30fc8f299542bbbc3121dbc87a79aa351fcf096163d3bc,sha256:f791759c9a5c0ee00450d33e44a9ba921baaac5f1b625b2ef8b16241029e3db8,false
RRSF424,[Draft] Research & Related Application for Federal Assistance (SF424 R&R),5.0,ApplicantInfo.OrganizationInfo.Address.Street2,RR_SF424_5_0.ApplicantInfo.OrganizationInfo.Address.Street2,Street2,question,question-candidate:sha256:56b82def6d8ae680b9b4a64a36a13b22d07847a7003ca95ef631ed40cf6dbb52,question-candidate:sha256:56b82def6d8ae680b9b4a64a36a13b22d07847a7003ca95ef631ed40cf6dbb52,question:sha256:8ce312534d48e687b85c302bc0be22f6cbcddc6c13d2f5eb1c59570cce8d076d,agent_proposed,applicant_organization,,application-shell|postal-address,string,,,https://apply07.grants.gov/apply/system/schemas/GlobalLibrary-V2.0.xsd,f140f32afed9d7efbe30fc8f299542bbbc3121dbc87a79aa351fcf096163d3bc,sha256:f791759c9a5c0ee00450d33e44a9ba921baaac5f1b625b2ef8b16241029e3db8,false
RRSF424,[Draft] Research & Related Application for Federal Assistance (SF424 R&R),5.0,ApplicantInfo.OrganizationInfo.Address.City,RR_SF424_5_0.ApplicantInfo.OrganizationInfo.Address.City,City,question,question-candidate:sha256:9a4486b2bd2b875c49e1539991f9d5e4296ca6d6533144bf238c60153c7e3325,question-candidate:sha256:9a4486b2bd2b875c49e1539991f9d5e4296ca6d6533144bf238c60153c7e3325,question:sha256:afc98cd5db21ba28ce204ca02a2bc5c1ad8d1a23bd3065e0ab65672eebc6bbc3,agent_proposed,applicant_organization,,application-shell|postal-address,string,,,https://apply07.grants.gov/apply/system/schemas/GlobalLibrary-V2.0.xsd,f140f32afed9d7efbe30fc8f299542bbbc3121dbc87a79aa351fcf096163d3bc,sha256:f791759c9a5c0ee00450d33e44a9ba921baaac5f1b625b2ef8b16241029e3db8,false
RRSF424,[Draft] Research & Related Application for Federal Assistance (SF424 R&R),5.0,ApplicantInfo.OrganizationInfo.Address.County,RR_SF424_5_0.ApplicantInfo.OrganizationInfo.Address.County,County,question,question-candidate:sha256:8c5a004e0cb6bd3fc77fc9bf5d20c8e8f2802f4648d2968592d997e03cc68369,question-candidate:sha256:8c5a004e0cb6bd3fc77fc9bf5d20c8e8f2802f4648d2968592d997e03cc68369,question:sha256:5b814651aaccc0798e1822f9f31faeec13fc08c70b046554dcad23a50ceb90a0,agent_proposed,applicant_organization,,application-shell|postal-address,string,,,https://apply07.grants.gov/apply/system/schemas/GlobalLibrary-V2.0.xsd,f140f32afed9d7efbe30fc8f299542bbbc3121dbc87a79aa351fcf096163d3bc,sha256:f791759c9a5c0ee00450d33e44a9ba921baaac5f1b625b2ef8b16241029e3db8,false
RRSF424,[Draft] Research & Related Application for Federal Assistance (SF424 R&R),5.0,ApplicantInfo.OrganizationInfo.Address.State,RR_SF424_5_0.ApplicantInfo.OrganizationInfo.Address.State,State,question,question-candidate:sha256:9b6dde4979075c7a8d4fe2e98107c4e62f15d4fb2a505ceb8a60955ad0834fc6,question-candidate:sha256:9b6dde4979075c7a8d4fe2e98107c4e62f15d4fb2a505ceb8a60955ad0834fc6,question:sha256:d8da08d8508c3d57784eae354dc1b221ef59844b2f31f1f663751710c4dfab5a,agent_proposed,applicant_organization,,application-shell|postal-address,string,,,https://apply07.grants.gov/apply/system/schemas/GlobalLibrary-V2.0.xsd,f140f32afed9d7efbe30fc8f299542bbbc3121dbc87a79aa351fcf096163d3bc,sha256:f791759c9a5c0ee00450d33e44a9ba921baaac5f1b625b2ef8b16241029e3db8,false
RRSF424,[Draft] Research & Related Application for Federal Assistance (SF424 R&R),5.0,ApplicantInfo.OrganizationInfo.Address.Province,RR_SF424_5_0.ApplicantInfo.OrganizationInfo.Address.Province,Province,question,question-candidate:sha256:96b612baa63fa7caaedd500314f9e849bc1e360c2bd252c3a20660eff51477e1,question-candidate:sha256:96b612baa63fa7caaedd500314f9e849bc1e360c2bd252c3a20660eff51477e1,question:sha256:4bd0cca60f51f74404598a3a9464603440f8658ddc705204212798a529a7b200,agent_proposed,applicant_organization,,application-shell|postal-address,string,,,https://apply07.grants.gov/apply/system/schemas/GlobalLibrary-V2.0.xsd,f140f32afed9d7efbe30fc8f299542bbbc3121dbc87a79aa351fcf096163d3bc,sha256:f791759c9a5c0ee00450d33e44a9ba921baaac5f1b625b2ef8b16241029e3db8,false
RRSF424,[Draft] Research & Related Application for Federal Assistance (SF424 R&R),5.0,ApplicantInfo.OrganizationInfo.Address.ZipPostalCode,RR_SF424_5_0.ApplicantInfo.OrganizationInfo.Address.ZipPostalCode,ZipPostalCode,question,question-candidate:sha256:a54be47a1f27bcdbbff1cce2ccef62c530a19f30c2618b2c7e786951e98f5f2b,question-candidate:sha256:a54be47a1f27bcdbbff1cce2ccef62c530a19f30c2618b2c7e786951e98f5f2b,question:sha256:a936cb43e6a47940405700ab5dc6a2f0e1fec8d1b0ff5da85fe0e42c1d48a444,agent_proposed,applicant_organization,,application-shell|postal-address,string,,,https://apply07.grants.gov/apply/system/schemas/GlobalLibrary-V2.0.xsd,f140f32afed9d7efbe30fc8f299542bbbc3121dbc87a79aa351fcf096163d3bc,sha256:f791759c9a5c0ee00450d33e44a9ba921baaac5f1b625b2ef8b16241029e3db8,false
RRSF424,[Draft] Research & Related Application for Federal Assistance (SF424 R&R),5.0,ApplicantInfo.OrganizationInfo.Address.Country,RR_SF424_5_0.ApplicantInfo.OrganizationInfo.Address.Country,Country,question,question-candidate:sha256:59146894ccfa358cd5f4fd7855d8d02548693cc1e71ea413ade252c284bfd2be,question-candidate:sha256:59146894ccfa358cd5f4fd7855d8d02548693cc1e71ea413ade252c284bfd2be,question:sha256:b0fa98bfadb8ba97c0e26dd9798db52139bd7b218e73b36bc9810e17cc477196,agent_proposed,applicant_organization,,application-shell|postal-address,string,,,https://apply07.grants.gov/apply/system/schemas/GlobalLibrary-V2.0.xsd,f140f32afed9d7efbe30fc8f299542bbbc3121dbc87a79aa351fcf096163d3bc,sha256:f791759c9a5c0ee00450d33e44a9ba921baaac5f1b625b2ef8b16241029e3db8,false
RRSF424,[Draft] Research & Related Application for Federal Assistance (SF424 R&R),5.0,ApplicantInfo.OrganizationInfo.Department,RR_SF424_5_0.ApplicantInfo.OrganizationInfo.Department,Department,question,question-candidate:sha256:778e6a4281037b277a2b26076c08b8d3146554ae375460c4c8fad4c30ee18c46,question-candidate:sha256:778e6a4281037b277a2b26076c08b8d3146554ae375460c4c8fad4c30ee18c46,question:sha256:fa422d2c9aa34e5087041803dc61e99c35add280a2a7bc5031c033ca1c308675,agent_proposed,applicant_organization,,application-shell,string,,,https://apply07.grants.gov/apply/system/schemas/GlobalLibrary-V2.0.xsd,f140f32afed9d7efbe30fc8f299542bbbc3121dbc87a79aa351fcf096163d3bc,sha256:f791759c9a5c0ee00450d33e44a9ba921baaac5f1b625b2ef8b16241029e3db8,false
RRSF424,[Draft] Research & Related Application for Federal Assistance (SF424 R&R),5.0,ApplicantInfo.OrganizationInfo.Division,RR_SF424_5_0.ApplicantInfo.OrganizationInfo.Division,Division,question,question-candidate:sha256:f86befb9dae19c3484bbecd94cb5cd0fd5ceb57e04bc71736eb15d34bad5a71b,question-candidate:sha256:f86befb9dae19c3484bbecd94cb5cd0fd5ceb57e04bc71736eb15d34bad5a71b,question:sha256:b39eb659b4e112a923438dab1e403b487be2247659c625c464726c4431596ba9,agent_proposed,applicant_organization,,application-shell,string,,,https://apply07.grants.gov/apply/system/schemas/GlobalLibrary-V2.0.xsd,f140f32afed9d7efbe30fc8f299542bbbc3121dbc87a79aa351fcf096163d3bc,sha256:f791759c9a5c0ee00450d33e44a9ba921baaac5f1b625b2ef8b16241029e3db8,false
RRSF424,[Draft] Research & Related Application for Federal Assistance (SF424 R&R),5.0,ApplicantInfo.OrganizationInfo.EIN,RR_SF424_5_0.ApplicantInfo.OrganizationInfo.EIN,EIN,question,question-candidate:sha256:8a1d0fe15e1a6fcfcda106ad5edbf8a0b1ba6394f53d8ea2c656978373d1358c,question-candidate:sha256:8a1d0fe15e1a6fcfcda106ad5edbf8a0b1ba6394f53d8ea2c656978373d1358c,question:sha256:0fce1f6c6e3bec4fa4efb2b6592f13cc90e8ebd2f257115a25f07c0a1956b467,agent_proposed,applicant_organization,,application-shell|organization-identity,string,,,https://apply07.grants.gov/apply/system/schemas/GlobalLibrary-V2.0.xsd,f140f32afed9d7efbe30fc8f299542bbbc3121dbc87a79aa351fcf096163d3bc,sha256:f791759c9a5c0ee00450d33e44a9ba921baaac5f1b625b2ef8b16241029e3db8,false
RRSF424,[Draft] Research & Related Application for Federal Assistance (SF424 R&R),5.0,ApplicantInfo.OrganizationInfo.OrganizationName,RR_SF424_5_0.ApplicantInfo.OrganizationInfo.OrganizationName,OrganizationName,question,question-candidate:sha256:7b672ef83fcf51f413c7b8c238d2a9172bbac320b8751d618b7389dcbb1e4119,question-candidate:sha256:7b672ef83fcf51f413c7b8c238d2a9172bbac320b8751d618b7389dcbb1e4119,question:sha256:ed90df4f56b151703bfeb5a732088f2fe91d092f308c14f36d3a18b4d44cb1cf,agent_proposed,applicant_organization,,application-shell|organization-identity,string,,,https://apply07.grants.gov/apply/system/schemas/GlobalLibrary-V2.0.xsd,f140f32afed9d7efbe30fc8f299542bbbc3121dbc87a79aa351fcf096163d3bc,sha256:f791759c9a5c0ee00450d33e44a9ba921baaac5f1b625b2ef8b16241029e3db8,false
RRSF424,[Draft] Research & Related Application for Federal Assistance (SF424 R&R),5.0,ApplicantInfo.OrganizationInfo.SAMUEI,RR_SF424_5_0.ApplicantInfo.OrganizationInfo.SAMUEI,SAMUEI,question,question-candidate:sha256:234edd3b4b9c530186b797c95baa9ac613613dc70afc5f90581221a5d3c28ed7,question-candidate:sha256:234edd3b4b9c530186b797c95baa9ac613613dc70afc5f90581221a5d3c28ed7,question:sha256:56eb11302543e20d7f620304ec08d72f7e070ccf6570904ae41d8f920d4a09d5,agent_proposed,applicant_organization,,application-shell|organization-identity,string,,,https://apply07.grants.gov/apply/system/schemas/GlobalLibrary-V2.0.xsd,f140f32afed9d7efbe30fc8f299542bbbc3121dbc87a79aa351fcf096163d3bc,sha256:f791759c9a5c0ee00450d33e44a9ba921baaac5f1b625b2ef8b16241029e3db8,false
RRSF424,[Draft] Research & Related Application for Federal Assistance (SF424 R&R),5.0,ApplicantType.ApplicantTypeCode,RR_SF424_5_0.ApplicantType.ApplicantTypeCode,ApplicantTypeCode,question,question-candidate:sha256:64ad635480f88be7dadeb837a5308c7d192a7faf8aaf5ba31671ac8c709312f9,question-candidate:sha256:64ad635480f88be7dadeb837a5308c7d192a7faf8aaf5ba31671ac8c709312f9,question:sha256:7fc663aa392c9230cc13faccae60a66ecb09007c3698361aac50c66cdf6e9a2e,agent_proposed,application_shell,,applicant-classification|application-shell,string,,,https://apply07.grants.gov/apply/forms/schemas/RR_SF424_5_0-V5.0.xsd,f140f32afed9d7efbe30fc8f299542bbbc3121dbc87a79aa351fcf096163d3bc,sha256:f791759c9a5c0ee00450d33e44a9ba921baaac5f1b625b2ef8b16241029e3db8,false
RRSF424,[Draft] Research & Related Application for Federal Assistance (SF424 R&R),5.0,ApplicantType.ApplicantTypeCodeOtherExplanation,RR_SF424_5_0.ApplicantType.ApplicantTypeCodeOtherExplanation,ApplicantTypeCodeOtherExplanation,question,question-candidate:sha256:18c0eff2b06e18f768c80cd155dc0b20b9ea3799116eddc2420977417b415fe9,question-candidate:sha256:18c0eff2b06e18f768c80cd155dc0b20b9ea3799116eddc2420977417b415fe9,question:sha256:d675d28800da6b21e5e762433acc846959e56aaa3f5a1ea40ba4890be2019791,agent_proposed,application_shell,,applicant-classification|application-shell,string,,,https://apply07.grants.gov/apply/forms/schemas/RR_SF424_5_0-V5.0.xsd,f140f32afed9d7efbe30fc8f299542bbbc3121dbc87a79aa351fcf096163d3bc,sha256:f791759c9a5c0ee00450d33e44a9ba921baaac5f1b625b2ef8b16241029e3db8,false
RRSF424,[Draft] Research & Related Application for Federal Assistance (SF424 R&R),5.0,ApplicantType.SmallBusinessOrganizationType.isSociallyEconomicallyDisadvantaged,RR_SF424_5_0.ApplicantType.SmallBusinessOrganizationType.isSociallyEconomicallyDisadvantaged,isSociallyEconomicallyDisadvantaged,question,question-candidate:sha256:15671bebabeed05db71e0f48ab4e808189d666bec2fec8ba34039127f9413d9b,question-candidate:sha256:15671bebabeed05db71e0f48ab4e808189d666bec2fec8ba34039127f9413d9b,question:sha256:8343ebb1ea29d421ed558c71812bfc0964d29696448e9aca6cf42de88e018153,agent_proposed,application_shell,,applicant-classification|application-shell,string,,,https://apply07.grants.gov/apply/forms/schemas/RR_SF424_5_0-V5.0.xsd,f140f32afed9d7efbe30fc8f299542bbbc3121dbc87a79aa351fcf096163d3bc,sha256:f791759c9a5c0ee00450d33e44a9ba921baaac5f1b625b2ef8b16241029e3db8,false
RRSF424,[Draft] Research & Related Application for Federal Assistance (SF424 R&R),5.0,ApplicantType.SmallBusinessOrganizationType.isWomenOwned,RR_SF424_5_0.ApplicantType.SmallBusinessOrganizationType.isWomenOwned,isWomenOwned,question,question-candidate:sha256:5e5a947c0bc2d2b9fa7a4579d7d263f021f4067dc7db8876ce26cb43b5bf90d9,question-candidate:sha256:5e5a947c0bc2d2b9fa7a4579d7d263f021f4067dc7db8876ce26cb43b5bf90d9,question:sha256:d3288227d4e31f0868a9b06eec08803c2a17c7ece0090422477a99b9e9753ac6,agent_proposed,application_shell,,applicant-classification|application-shell,string,,,https://apply07.grants.gov/apply/forms/schemas/RR_SF424_5_0-V5.0.xsd,f140f32afed9d7efbe30fc8f299542bbbc3121dbc87a79aa351fcf096163d3bc,sha256:f791759c9a5c0ee00450d33e44a9ba921baaac5f1b625b2ef8b16241029e3db8,false
RRSF424,[Draft] Research & Related Application for Federal Assistance (SF424 R&R),5.0,ApplicationType.ApplicationTypeCode,RR_SF424_5_0.ApplicationType.ApplicationTypeCode,ApplicationTypeCode,question,question-candidate:sha256:090cb8d7312dd76a441c713f6a4938a87e8883c75b53e2c5d190f5ccf65773a8,question-candidate:sha256:090cb8d7312dd76a441c713f6a4938a87e8883c75b53e2c5d190f5ccf65773a8,question:sha256:dc9564127c00eac76f618a5f09af3f9ccc5acf39818a75a52d06f40c7568b37f,agent_proposed,application_shell,,application-shell,string,,,https://apply07.grants.gov/apply/forms/schemas/RR_SF424_5_0-V5.0.xsd,f140f32afed9d7efbe30fc8f299542bbbc3121dbc87a79aa351fcf096163d3bc,sha256:f791759c9a5c0ee00450d33e44a9ba921baaac5f1b625b2ef8b16241029e3db8,false
RRSF424,[Draft] Research & Related Application for Federal Assistance (SF424 R&R),5.0,ApplicationType.OtherAgencySubmissionExplanation,RR_SF424_5_0.ApplicationType.OtherAgencySubmissionExplanation,OtherAgencySubmissionExplanation,question,question-candidate:sha256:6756593ad9afcf79f287e4ad922a64fc9554bfd8c4849f7ada9ee8a70ac8bf00,question-candidate:sha256:6756593ad9afcf79f287e4ad922a64fc9554bfd8c4849f7ada9ee8a70ac8bf00,question:sha256:1fe1f48a78791ba0fdb68194f6d6bc1bdbfe6058409dbe9417de020c6971471e,agent_proposed,application_shell,,application-shell,string,,,https://apply07.grants.gov/apply/forms/schemas/RR_SF424_5_0-V5.0.xsd,f140f32afed9d7efbe30fc8f299542bbbc3121dbc87a79aa351fcf096163d3bc,sha256:f791759c9a5c0ee00450d33e44a9ba921baaac5f1b625b2ef8b16241029e3db8,false
RRSF424,[Draft] Research & Related Application for Federal Assistance (SF424 R&R),5.0,ApplicationType.RevisionCode,RR_SF424_5_0.ApplicationType.RevisionCode,RevisionCode,question,question-candidate:sha256:fd738e72796df9304318e64776b07bd6359459a4e4048a7c0b828c67d53370aa,question-candidate:sha256:fd738e72796df9304318e64776b07bd6359459a4e4048a7c0b828c67d53370aa,question:sha256:e8a56cf21d63fa05ef9491f5941070b48262daf3a64584d842a44c6a35d7fed4,agent_proposed,application_shell,,application-shell,string,,,https://apply07.grants.gov/apply/forms/schemas/RR_SF424_5_0-V5.0.xsd,f140f32afed9d7efbe30fc8f299542bbbc3121dbc87a79aa351fcf096163d3bc,sha256:f791759c9a5c0ee00450d33e44a9ba921baaac5f1b625b2ef8b16241029e3db8,false
RRSF424,[Draft] Research & Related Application for Federal Assistance (SF424 R&R),5.0,ApplicationType.RevisionCodeOtherExplanation,RR_SF424_5_0.ApplicationType.RevisionCodeOtherExplanation,RevisionCodeOtherExplanation,question,question-candidate:sha256:e9f469f85977b7d12496ebc2aa5b8cc52fa012ef3c6f4124431e035ed6c32187,question-candidate:sha256:e9f469f85977b7d12496ebc2aa5b8cc52fa012ef3c6f4124431e035ed6c32187,question:sha256:349a0c634f376fa38d90ab1a25261ad007b53af37efbac9a1a202cdeaff92ccf,agent_proposed,application_shell,,application-shell,string,,,https://apply07.grants.gov/apply/forms/schemas/RR_SF424_5_0-V5.0.xsd,f140f32afed9d7efbe30fc8f299542bbbc3121dbc87a79aa351fcf096163d3bc,sha256:f791759c9a5c0ee00450d33e44a9ba921baaac5f1b625b2ef8b16241029e3db8,false
RRSF424,[Draft] Research & Related Application for Federal Assistance (SF424 R&R),5.0,ApplicationType.isOtherAgencySubmission,RR_SF424_5_0.ApplicationType.isOtherAgencySubmission,isOtherAgencySubmission,question,question-candidate:sha256:96d17fb2b9df366dc15c65e2107f3617f78f6e5a0e15ee1a75f2ab1d3ee1cbe2,question-candidate:sha256:96d17fb2b9df366dc15c65e2107f3617f78f6e5a0e15ee1a75f2ab1d3ee1cbe2,question:sha256:f589a36d5eb880ea9d403d76282d682ef6b05e1d130fa8a60f73aa3ee1c813f3,agent_proposed,application_shell,,application-shell,string,,,https://apply07.grants.gov/apply/forms/schemas/RR_SF424_5_0-V5.0.xsd,f140f32afed9d7efbe30fc8f299542bbbc3121dbc87a79aa351fcf096163d3bc,sha256:f791759c9a5c0ee00450d33e44a9ba921baaac5f1b625b2ef8b16241029e3db8,false
RRSF424,[Draft] Research & Related Application for Federal Assistance (SF424 R&R),5.0,CFDANumber,RR_SF424_5_0.CFDANumber,CFDANumber,question,question-candidate:sha256:391fd5df6c39fb1b5ee88943c2bdc48e037f83b788b050c96baf2773345b90b6,question-candidate:sha256:391fd5df6c39fb1b5ee88943c2bdc48e037f83b788b050c96baf2773345b90b6,question:sha256:fb60160e4aeb26d8845d4ae59bcd811a3f90e1ad19be72502a925845993ac26b,agent_proposed,application_shell,,application-shell|opportunity-identity,string,,,https://apply07.grants.gov/apply/forms/schemas/RR_SF424_5_0-V5.0.xsd,f140f32afed9d7efbe30fc8f299542bbbc3121dbc87a79aa351fcf096163d3bc,sha256:f791759c9a5c0ee00450d33e44a9ba921baaac5f1b625b2ef8b16241029e3db8,false
RRSF424,[Draft] Research & Related Application for Federal Assistance (SF424 R&R),5.0,CongressionalDistrict.ApplicantCongressionalDistrict,RR_SF424_5_0.CongressionalDistrict.ApplicantCongressionalDistrict,ApplicantCongressionalDistrict,question,question-candidate:sha256:3a11129fe3494c85a71b12bd26aa60963c87b82676a6c23581aff41d39009c61,question-candidate:sha256:3a11129fe3494c85a71b12bd26aa60963c87b82676a6c23581aff41d39009c61,question:sha256:069d7c5fdd29921e037171d0d54bb0a594d64f4cca3bf2dea9a3ac1c32c13eab,agent_proposed,application_shell,,application-shell|project-identity-period,string,,,https://apply07.grants.gov/apply/forms/schemas/RR_SF424_5_0-V5.0.xsd,f140f32afed9d7efbe30fc8f299542bbbc3121dbc87a79aa351fcf096163d3bc,sha256:f791759c9a5c0ee00450d33e44a9ba921baaac5f1b625b2ef8b16241029e3db8,false
RRSF424,[Draft] Research & Related Application for Federal Assistance (SF424 R&R),5.0,CoverLetterAttachment,RR_SF424_5_0.CoverLetterAttachment,CoverLetterAttachment,question,question-candidate:sha256:c5346bd2bda511ebafd68eaa87405072cc741ee248ffc3c3b422ca38f24b2b84,question-candidate:sha256:c5346bd2bda511ebafd68eaa87405072cc741ee248ffc3c3b422ca38f24b2b84,question:sha256:2e46c3a11afd322d3ae868dceb9a5bc028dc29037206305d77ac55c959332e81,agent_proposed,application_shell,,application-shell|attachment-envelope,string,,,https://apply07.grants.gov/apply/forms/schemas/RR_SF424_5_0-V5.0.xsd,f140f32afed9d7efbe30fc8f299542bbbc3121dbc87a79aa351fcf096163d3bc,sha256:f791759c9a5c0ee00450d33e44a9ba921baaac5f1b625b2ef8b16241029e3db8,false
RRSF424,[Draft] Research & Related Application for Federal Assistance (SF424 R&R),5.0,EmployerID,RR_SF424_5_0.EmployerID,EmployerID,question,question-candidate:sha256:d198eece9f38daee7643b30295415f269766b227e1f54e3070a265de7e3fe501,question-candidate:sha256:d198eece9f38daee7643b30295415f269766b227e1f54e3070a265de7e3fe501,question:sha256:12e788facff06d6c819dca063b9f6f18e3971f729d9ca6a0ebc0d6ad346b8861,agent_proposed,application_shell,,application-shell|organization-identity,string,,,https://apply07.grants.gov/apply/forms/schemas/RR_SF424_5_0-V5.0.xsd,f140f32afed9d7efbe30fc8f299542bbbc3121dbc87a79aa351fcf096163d3bc,sha256:f791759c9a5c0ee00450d33e44a9ba921baaac5f1b625b2ef8b16241029e3db8,false
RRSF424,[Draft] Research & Related Application for Federal Assistance (SF424 R&R),5.0,EstimatedProjectFunding.EstimatedProgramIncome,RR_SF424_5_0.EstimatedProjectFunding.EstimatedProgramIncome,EstimatedProgramIncome,question,question-candidate:sha256:eae61548de15e2f2d13868f95e2561caacbe91429953986a689c1c086ef1f25b,question-candidate:sha256:eae61548de15e2f2d13868f95e2561caacbe91429953986a689c1c086ef1f25b,question:sha256:29f0ba709fe3d7373e7dd2491f59c7cc836cc9b1a5d0ec385cc6bf616e4c9b13,agent_proposed,application_shell,,application-shell|funding-summary,number,,,https://apply07.grants.gov/apply/forms/schemas/RR_SF424_5_0-V5.0.xsd,f140f32afed9d7efbe30fc8f299542bbbc3121dbc87a79aa351fcf096163d3bc,sha256:f791759c9a5c0ee00450d33e44a9ba921baaac5f1b625b2ef8b16241029e3db8,false
RRSF424,[Draft] Research & Related Application for Federal Assistance (SF424 R&R),5.0,EstimatedProjectFunding.TotalEstimatedAmount,RR_SF424_5_0.EstimatedProjectFunding.TotalEstimatedAmount,TotalEstimatedAmount,question,question-candidate:sha256:db64fa16614140b308fa74b95f8e4240540451f36ebdf66259dd0579bc916fee,question-candidate:sha256:db64fa16614140b308fa74b95f8e4240540451f36ebdf66259dd0579bc916fee,question:sha256:487fe1d86f5dcffa712504dcce647c49ae1b9def8a630494efeb23287017b17f,agent_proposed,application_shell,,application-shell|funding-summary,number,,,https://apply07.grants.gov/apply/forms/schemas/RR_SF424_5_0-V5.0.xsd,f140f32afed9d7efbe30fc8f299542bbbc3121dbc87a79aa351fcf096163d3bc,sha256:f791759c9a5c0ee00450d33e44a9ba921baaac5f1b625b2ef8b16241029e3db8,false
RRSF424,[Draft] Research & Related Application for Federal Assistance (SF424 R&R),5.0,EstimatedProjectFunding.TotalNonfedrequested,RR_SF424_5_0.EstimatedProjectFunding.TotalNonfedrequested,TotalNonfedrequested,question,question-candidate:sha256:f9a1a4208ee2e6adba41bc9183b356558808753b434d93acaca1e58b597be6c5,question-candidate:sha256:f9a1a4208ee2e6adba41bc9183b356558808753b434d93acaca1e58b597be6c5,question:sha256:2643563cbab4d5b2c93f2c426745d5f5309e6502b816d23d6fa56ddce5779771,agent_proposed,application_shell,,application-shell|funding-summary,number,,,https://apply07.grants.gov/apply/forms/schemas/RR_SF424_5_0-V5.0.xsd,f140f32afed9d7efbe30fc8f299542bbbc3121dbc87a79aa351fcf096163d3bc,sha256:f791759c9a5c0ee00450d33e44a9ba921baaac5f1b625b2ef8b16241029e3db8,false
RRSF424,[Draft] Research & Related Application for Federal Assistance (SF424 R&R),5.0,EstimatedProjectFunding.TotalfedNonfedrequested,RR_SF424_5_0.EstimatedProjectFunding.TotalfedNonfedrequested,TotalfedNonfedrequested,question,question-candidate:sha256:77bbb47db91541e13bab0e54707cf74a0e69e3cd90709e7afa2cfdb142728104,question-candidate:sha256:77bbb47db91541e13bab0e54707cf74a0e69e3cd90709e7afa2cfdb142728104,question:sha256:335489586408ea1c16209558e712e5fe9e8faeb547fdd4cc34f3d2dd3ea3d421,agent_proposed,application_shell,,application-shell|funding-summary,number,,,https://apply07.grants.gov/apply/forms/schemas/RR_SF424_5_0-V5.0.xsd,f140f32afed9d7efbe30fc8f299542bbbc3121dbc87a79aa351fcf096163d3bc,sha256:f791759c9a5c0ee00450d33e44a9ba921baaac5f1b625b2ef8b16241029e3db8,false
RRSF424,[Draft] Research & Related Application for Federal Assistance (SF424 R&R),5.0,FederalAgencyName,RR_SF424_5_0.FederalAgencyName,FederalAgencyName,question,question-candidate:sha256:70c4f6bc48a70afc1472b1995dc5fbeecbcdd6df3af881024786480547b14750,question-candidate:sha256:70c4f6bc48a70afc1472b1995dc5fbeecbcdd6df3af881024786480547b14750,question:sha256:921572148722ad05af85dfa8345f275b5a7017ef6d7a0edf6e80d8e37c0ab180,agent_proposed,application_shell,,application-shell|opportunity-identity,string,,,https://apply07.grants.gov/apply/forms/schemas/RR_SF424_5_0-V5.0.xsd,f140f32afed9d7efbe30fc8f299542bbbc3121dbc87a79aa351fcf096163d3bc,sha256:f791759c9a5c0ee00450d33e44a9ba921baaac5f1b625b2ef8b16241029e3db8,false
RRSF424,[Draft] Research & Related Application for Federal Assistance (SF424 R&R),5.0,FederalID,RR_SF424_5_0.FederalID,FederalID,question,question-candidate:sha256:b5e4277a9331df6731d592a25369ba53ac4c2c50b292f930d3171c9eaf575131,question-candidate:sha256:b5e4277a9331df6731d592a25369ba53ac4c2c50b292f930d3171c9eaf575131,question:sha256:0714cf314616b5de19c7b84813870c513518051253445a7694115c588f28d745,agent_proposed,application_shell,,application-identifiers|application-shell,string,,,https://apply07.grants.gov/apply/forms/schemas/RR_SF424_5_0-V5.0.xsd,f140f32afed9d7efbe30fc8f299542bbbc3121dbc87a79aa351fcf096163d3bc,sha256:f791759c9a5c0ee00450d33e44a9ba921baaac5f1b625b2ef8b16241029e3db8,false
RRSF424,[Draft] Research & Related Application for Federal Assistance (SF424 R&R),5.0,GGTrackingID,RR_SF424_5_0.GGTrackingID,GGTrackingID,question,question-candidate:sha256:0b475db30d28715c1987184a986d1c65582c524f6832c4cf41e49b723dbc7b50,question-candidate:sha256:0b475db30d28715c1987184a986d1c65582c524f6832c4cf41e49b723dbc7b50,question:sha256:8cfc49a985e16ebfcaa0857f31db673126a411b62c7c2f5b3bded5a20198fae5,agent_proposed,application_shell,,application-identifiers|application-shell,string,,,https://apply07.grants.gov/apply/forms/schemas/RR_SF424_5_0-V5.0.xsd,f140f32afed9d7efbe30fc8f299542bbbc3121dbc87a79aa351fcf096163d3bc,sha256:f791759c9a5c0ee00450d33e44a9ba921baaac5f1b625b2ef8b16241029e3db8,false
RRSF424,[Draft] Research & Related Application for Federal Assistance (SF424 R&R),5.0,PDPIContactInfo.Address.Street1,RR_SF424_5_0.PDPIContactInfo.Address.Street1,Street1,question,question-candidate:sha256:c90eb8f002fc33ff00bc8e9e1037e62ddcb494b75e4665ade5d44354c483e2b4,question-candidate:sha256:c90eb8f002fc33ff00bc8e9e1037e62ddcb494b75e4665ade5d44354c483e2b4,question:sha256:ff9b4e1871ac21d1786b94a1eef918fbc5e31cf303c78c160f785630fde97226,agent_proposed,project_director_or_principal_investigator,,application-shell|postal-address|project-director-pi,string,,,https://apply07.grants.gov/apply/system/schemas/GlobalLibrary-V2.0.xsd,f140f32afed9d7efbe30fc8f299542bbbc3121dbc87a79aa351fcf096163d3bc,sha256:f791759c9a5c0ee00450d33e44a9ba921baaac5f1b625b2ef8b16241029e3db8,false
RRSF424,[Draft] Research & Related Application for Federal Assistance (SF424 R&R),5.0,PDPIContactInfo.Address.Street2,RR_SF424_5_0.PDPIContactInfo.Address.Street2,Street2,question,question-candidate:sha256:d13eef3fa5a02cf3850e89457ddce3af881eb57eff3acf592c72b3da80cca72c,question-candidate:sha256:d13eef3fa5a02cf3850e89457ddce3af881eb57eff3acf592c72b3da80cca72c,question:sha256:290f395ea3f1e75bdc0d0075bd152fde5a9a2cf40dd23081e1d1fc848657ec01,agent_proposed,project_director_or_principal_investigator,,application-shell|postal-address|project-director-pi,string,,,https://apply07.grants.gov/apply/system/schemas/GlobalLibrary-V2.0.xsd,f140f32afed9d7efbe30fc8f299542bbbc3121dbc87a79aa351fcf096163d3bc,sha256:f791759c9a5c0ee00450d33e44a9ba921baaac5f1b625b2ef8b16241029e3db8,false
RRSF424,[Draft] Research & Related Application for Federal Assistance (SF424 R&R),5.0,PDPIContactInfo.Address.City,RR_SF424_5_0.PDPIContactInfo.Address.City,City,question,question-candidate:sha256:e7119b9d69ea809ec4c050b7dc2faffcb91a5c01079c23d2f3043fabf79a3d13,question-candidate:sha256:e7119b9d69ea809ec4c050b7dc2faffcb91a5c01079c23d2f3043fabf79a3d13,question:sha256:cfe3498f2c3ce4eec0f38a296b1779df864a3c904cd6e6575c4f6c564181eaf5,agent_proposed,project_director_or_principal_investigator,,application-shell|postal-address|project-director-pi,string,,,https://apply07.grants.gov/apply/system/schemas/GlobalLibrary-V2.0.xsd,f140f32afed9d7efbe30fc8f299542bbbc3121dbc87a79aa351fcf096163d3bc,sha256:f791759c9a5c0ee00450d33e44a9ba921baaac5f1b625b2ef8b16241029e3db8,false
RRSF424,[Draft] Research & Related Application for Federal Assistance (SF424 R&R),5.0,PDPIContactInfo.Address.County,RR_SF424_5_0.PDPIContactInfo.Address.County,County,question,question-candidate:sha256:526596c85aa455ce7ef1c4e1a90b3fe644c120e7e800707f9290e85f21b8d6a0,question-candidate:sha256:526596c85aa455ce7ef1c4e1a90b3fe644c120e7e800707f9290e85f21b8d6a0,question:sha256:2b7af82496a20f2b264d4cbf738bc73d912eed92a4d5dc3900b1e67c0375de8e,agent_proposed,project_director_or_principal_investigator,,application-shell|postal-address|project-director-pi,string,,,https://apply07.grants.gov/apply/system/schemas/GlobalLibrary-V2.0.xsd,f140f32afed9d7efbe30fc8f299542bbbc3121dbc87a79aa351fcf096163d3bc,sha256:f791759c9a5c0ee00450d33e44a9ba921baaac5f1b625b2ef8b16241029e3db8,false
RRSF424,[Draft] Research & Related Application for Federal Assistance (SF424 R&R),5.0,PDPIContactInfo.Address.State,RR_SF424_5_0.PDPIContactInfo.Address.State,State,question,question-candidate:sha256:dde8b893056c60a78cd5a6a61f7c00952781c10917b84f59aaecf18105cd6ec6,question-candidate:sha256:dde8b893056c60a78cd5a6a61f7c00952781c10917b84f59aaecf18105cd6ec6,question:sha256:cef5a9d5d383d298ade41ac8c38ba82888d087abc6ce4b4870bc247fc83e83f4,agent_proposed,project_director_or_principal_investigator,,application-shell|postal-address|project-director-pi,string,,,https://apply07.grants.gov/apply/system/schemas/GlobalLibrary-V2.0.xsd,f140f32afed9d7efbe30fc8f299542bbbc3121dbc87a79aa351fcf096163d3bc,sha256:f791759c9a5c0ee00450d33e44a9ba921baaac5f1b625b2ef8b16241029e3db8,false
RRSF424,[Draft] Research & Related Application for Federal Assistance (SF424 R&R),5.0,PDPIContactInfo.Address.Province,RR_SF424_5_0.PDPIContactInfo.Address.Province,Province,question,question-candidate:sha256:98f3d2c9fff6bf80d53fe05b4cb9698fe32b7d7d7954e84c7a6f79e6b56c62bc,question-candidate:sha256:98f3d2c9fff6bf80d53fe05b4cb9698fe32b7d7d7954e84c7a6f79e6b56c62bc,question:sha256:e44bc076988568e753ceef0e4885e7bb6289eb3dbe8daf4f0f7126536de3af98,agent_proposed,project_director_or_principal_investigator,,application-shell|postal-address|project-director-pi,string,,,https://apply07.grants.gov/apply/system/schemas/GlobalLibrary-V2.0.xsd,f140f32afed9d7efbe30fc8f299542bbbc3121dbc87a79aa351fcf096163d3bc,sha256:f791759c9a5c0ee00450d33e44a9ba921baaac5f1b625b2ef8b16241029e3db8,false
RRSF424,[Draft] Research & Related Application for Federal Assistance (SF424 R&R),5.0,PDPIContactInfo.Address.ZipPostalCode,RR_SF424_5_0.PDPIContactInfo.Address.ZipPostalCode,ZipPostalCode,question,question-candidate:sha256:447d8023e3812bd4ab19abc55388aaf292018df81ccd7aabd4bd6d5194d28229,question-candidate:sha256:447d8023e3812bd4ab19abc55388aaf292018df81ccd7aabd4bd6d5194d28229,question:sha256:b0389f3949c042399e29b4876cb41049c9170f28d95730aa3847e70ff61bbcbd,agent_proposed,project_director_or_principal_investigator,,application-shell|postal-address|project-director-pi,string,,,https://apply07.grants.gov/apply/system/schemas/GlobalLibrary-V2.0.xsd,f140f32afed9d7efbe30fc8f299542bbbc3121dbc87a79aa351fcf096163d3bc,sha256:f791759c9a5c0ee00450d33e44a9ba921baaac5f1b625b2ef8b16241029e3db8,false
RRSF424,[Draft] Research & Related Application for Federal Assistance (SF424 R&R),5.0,PDPIContactInfo.Address.Country,RR_SF424_5_0.PDPIContactInfo.Address.Country,Country,question,question-candidate:sha256:a0403d08c27bc590e259d415bff270fc31057d02241058928bdd21a3451cffc8,question-candidate:sha256:a0403d08c27bc590e259d415bff270fc31057d02241058928bdd21a3451cffc8,question:sha256:a98386459fcd07da966ab877cb0dd61e6b5b499c0095edb0e3ff0bfbe449e023,agent_proposed,project_director_or_principal_investigator,,application-shell|postal-address|project-director-pi,string,,,https://apply07.grants.gov/apply/system/schemas/GlobalLibrary-V2.0.xsd,f140f32afed9d7efbe30fc8f299542bbbc3121dbc87a79aa351fcf096163d3bc,sha256:f791759c9a5c0ee00450d33e44a9ba921baaac5f1b625b2ef8b16241029e3db8,false
RRSF424,[Draft] Research & Related Application for Federal Assistance (SF424 R&R),5.0,PDPIContactInfo.Department,RR_SF424_5_0.PDPIContactInfo.Department,Department,question,question-candidate:sha256:33b779bbb9ea361fbfcd3ce98228b39bb9d956d5235d65bea48351bd6c958274,question-candidate:sha256:33b779bbb9ea361fbfcd3ce98228b39bb9d956d5235d65bea48351bd6c958274,question:sha256:8be0e556a7779b5e44dcc1e92ece85eefcd9f65cb9199a13f3982142a25fb645,agent_proposed,project_director_or_principal_investigator,,application-shell|project-director-pi,string,,,https://apply07.grants.gov/apply/forms/schemas/RR_SF424_5_0-V5.0.xsd,f140f32afed9d7efbe30fc8f299542bbbc3121dbc87a79aa351fcf096163d3bc,sha256:f791759c9a5c0ee00450d33e44a9ba921baaac5f1b625b2ef8b16241029e3db8,false
RRSF424,[Draft] Research & Related Application for Federal Assistance (SF424 R&R),5.0,PDPIContactInfo.Division,RR_SF424_5_0.PDPIContactInfo.Division,Division,question,question-candidate:sha256:e1be2e1590796213da2ba711dda83e7e2241cd724960ac378042e0cd2131b1cb,question-candidate:sha256:e1be2e1590796213da2ba711dda83e7e2241cd724960ac378042e0cd2131b1cb,question:sha256:04e3e7b9a4971ea4ef9687c18ceca5fa382d3632d3a980b309ee327129986279,agent_proposed,project_director_or_principal_investigator,,application-shell|project-director-pi,string,,,https://apply07.grants.gov/apply/forms/schemas/RR_SF424_5_0-V5.0.xsd,f140f32afed9d7efbe30fc8f299542bbbc3121dbc87a79aa351fcf096163d3bc,sha256:f791759c9a5c0ee00450d33e44a9ba921baaac5f1b625b2ef8b16241029e3db8,false
RRSF424,[Draft] Research & Related Application for Federal Assistance (SF424 R&R),5.0,PDPIContactInfo.Email,RR_SF424_5_0.PDPIContactInfo.Email,Email,question,question-candidate:sha256:92989c229da4e1654e61081dd41e883d5ac93cc7b654e5b21d8a8e7d3279380a,question-candidate:sha256:92989c229da4e1654e61081dd41e883d5ac93cc7b654e5b21d8a8e7d3279380a,question:sha256:21a2abd24fe230d7ff52254fe8caa2cdb7c0840f3d33edaecb510a640a27eed1,agent_proposed,project_director_or_principal_investigator,,application-shell|contact-channels|project-director-pi,string,,,https://apply07.grants.gov/apply/forms/schemas/RR_SF424_5_0-V5.0.xsd,f140f32afed9d7efbe30fc8f299542bbbc3121dbc87a79aa351fcf096163d3bc,sha256:f791759c9a5c0ee00450d33e44a9ba921baaac5f1b625b2ef8b16241029e3db8,false
RRSF424,[Draft] Research & Related Application for Federal Assistance (SF424 R&R),5.0,PDPIContactInfo.Fax,RR_SF424_5_0.PDPIContactInfo.Fax,Fax,question,question-candidate:sha256:68ac3df6a60dbd9eaa71a4d25d58957d05edac3551bcdc9f2aa0999a23440040,question-candidate:sha256:68ac3df6a60dbd9eaa71a4d25d58957d05edac3551bcdc9f2aa0999a23440040,question:sha256:c54b45957d658972275ebefcae946cfca17881fb2caee983602dbb865b60a846,agent_proposed,project_director_or_principal_investigator,,application-shell|contact-channels|project-director-pi,string,,,https://apply07.grants.gov/apply/forms/schemas/RR_SF424_5_0-V5.0.xsd,f140f32afed9d7efbe30fc8f299542bbbc3121dbc87a79aa351fcf096163d3bc,sha256:f791759c9a5c0ee00450d33e44a9ba921baaac5f1b625b2ef8b16241029e3db8,false
RRSF424,[Draft] Research & Related Application for Federal Assistance (SF424 R&R),5.0,PDPIContactInfo.Name.PrefixName,RR_SF424_5_0.PDPIContactInfo.Name.PrefixName,PrefixName,question,question-candidate:sha256:978c8035fc8c93b0258a1918c67cfc1cb3301ad53eae4bfa2896c039a139606f,question-candidate:sha256:978c8035fc8c93b0258a1918c67cfc1cb3301ad53eae4bfa2896c039a139606f,question:sha256:409865a473949868953048cc53fd4f33c7dc816c2a933d1bd6e7078b3dc64428,agent_proposed,project_director_or_principal_investigator,,application-shell|person-name|project-director-pi,string,,,https://apply07.grants.gov/apply/system/schemas/GlobalLibrary-V2.0.xsd,f140f32afed9d7efbe30fc8f299542bbbc3121dbc87a79aa351fcf096163d3bc,sha256:f791759c9a5c0ee00450d33e44a9ba921baaac5f1b625b2ef8b16241029e3db8,false
RRSF424,[Draft] Research & Related Application for Federal Assistance (SF424 R&R),5.0,PDPIContactInfo.Name.FirstName,RR_SF424_5_0.PDPIContactInfo.Name.FirstName,FirstName,question,question-candidate:sha256:7ea87c08a4a1f3245960024f034e17c771158054f1319bde8dea103cec89e35e,question-candidate:sha256:7ea87c08a4a1f3245960024f034e17c771158054f1319bde8dea103cec89e35e,question:sha256:b79eac5c4cf8247b2c2465ae70b4aadff3dc433c689f1b9b728bf03766316122,agent_proposed,project_director_or_principal_investigator,,application-shell|person-name|project-director-pi,string,,,https://apply07.grants.gov/apply/system/schemas/GlobalLibrary-V2.0.xsd,f140f32afed9d7efbe30fc8f299542bbbc3121dbc87a79aa351fcf096163d3bc,sha256:f791759c9a5c0ee00450d33e44a9ba921baaac5f1b625b2ef8b16241029e3db8,false
RRSF424,[Draft] Research & Related Application for Federal Assistance (SF424 R&R),5.0,PDPIContactInfo.Name.MiddleName,RR_SF424_5_0.PDPIContactInfo.Name.MiddleName,MiddleName,question,question-candidate:sha256:3cffad0f9f4963272f553bacfab2292d0e3f14111284d2cec7757ce57d8e9276,question-candidate:sha256:3cffad0f9f4963272f553bacfab2292d0e3f14111284d2cec7757ce57d8e9276,question:sha256:82a7696672b0b4de3e0add4cf5267ef49bc4b4e16b8d5808a4a25361ada077b2,agent_proposed,project_director_or_principal_investigator,,application-shell|person-name|project-director-pi,string,,,https://apply07.grants.gov/apply/system/schemas/GlobalLibrary-V2.0.xsd,f140f32afed9d7efbe30fc8f299542bbbc3121dbc87a79aa351fcf096163d3bc,sha256:f791759c9a5c0ee00450d33e44a9ba921baaac5f1b625b2ef8b16241029e3db8,false
RRSF424,[Draft] Research & Related Application for Federal Assistance (SF424 R&R),5.0,PDPIContactInfo.Name.LastName,RR_SF424_5_0.PDPIContactInfo.Name.LastName,LastName,question,question-candidate:sha256:507fbb00835e346fc802ccb84daf4af484bb4692ce29a242918de64cb21efa06,question-candidate:sha256:507fbb00835e346fc802ccb84daf4af484bb4692ce29a242918de64cb21efa06,question:sha256:0235fd5ae38c7572ef88fb51633ad349575898e1bc9ba3bc19341e772518dcee,agent_proposed,project_director_or_principal_investigator,,application-shell|person-name|project-director-pi,string,,,https://apply07.grants.gov/apply/system/schemas/GlobalLibrary-V2.0.xsd,f140f32afed9d7efbe30fc8f299542bbbc3121dbc87a79aa351fcf096163d3bc,sha256:f791759c9a5c0ee00450d33e44a9ba921baaac5f1b625b2ef8b16241029e3db8,false
RRSF424,[Draft] Research & Related Application for Federal Assistance (SF424 R&R),5.0,PDPIContactInfo.Name.SuffixName,RR_SF424_5_0.PDPIContactInfo.Name.SuffixName,SuffixName,question,question-candidate:sha256:80c83c5f1df7fcb223e96f3472ddc8bd773a145c420d10430208762ea54e279c,question-candidate:sha256:80c83c5f1df7fcb223e96f3472ddc8bd773a145c420d10430208762ea54e279c,question:sha256:623aee54489b6ec081e7ece2ff170e037115caa580e5d53f864a5ce532c072ee,agent_proposed,project_director_or_principal_investigator,,application-shell|person-name|project-director-pi,string,,,https://apply07.grants.gov/apply/system/schemas/GlobalLibrary-V2.0.xsd,f140f32afed9d7efbe30fc8f299542bbbc3121dbc87a79aa351fcf096163d3bc,sha256:f791759c9a5c0ee00450d33e44a9ba921baaac5f1b625b2ef8b16241029e3db8,false
RRSF424,[Draft] Research & Related Application for Federal Assistance (SF424 R&R),5.0,PDPIContactInfo.OrganizationName,RR_SF424_5_0.PDPIContactInfo.OrganizationName,OrganizationName,question,question-candidate:sha256:0bd3b63ba6f5014ec61323fa42d92e7acb4b591cc2fd963d12fe03847923c75e,question-candidate:sha256:0bd3b63ba6f5014ec61323fa42d92e7acb4b591cc2fd963d12fe03847923c75e,question:sha256:f98dd286f0ae8d26a62751729e83aae2710f1fa7434acb7994859afbac2d6b18,agent_proposed,project_director_or_principal_investigator,,application-shell|organization-identity|project-director-pi,string,,,https://apply07.grants.gov/apply/forms/schemas/RR_SF424_5_0-V5.0.xsd,f140f32afed9d7efbe30fc8f299542bbbc3121dbc87a79aa351fcf096163d3bc,sha256:f791759c9a5c0ee00450d33e44a9ba921baaac5f1b625b2ef8b16241029e3db8,false
RRSF424,[Draft] Research & Related Application for Federal Assistance (SF424 R&R),5.0,PDPIContactInfo.Phone,RR_SF424_5_0.PDPIContactInfo.Phone,Phone,question,question-candidate:sha256:749db48451cd62d6cff0caab1b87b566e1db58625a9965c78c21b85abef25fad,question-candidate:sha256:749db48451cd62d6cff0caab1b87b566e1db58625a9965c78c21b85abef25fad,question:sha256:e9990af6746660b42d26efe9512e1cfd6a4c8fd97015568c1f0d026935d6de68,agent_proposed,project_director_or_principal_investigator,,application-shell|contact-channels|project-director-pi,string,,,https://apply07.grants.gov/apply/forms/schemas/RR_SF424_5_0-V5.0.xsd,f140f32afed9d7efbe30fc8f299542bbbc3121dbc87a79aa351fcf096163d3bc,sha256:f791759c9a5c0ee00450d33e44a9ba921baaac5f1b625b2ef8b16241029e3db8,false
RRSF424,[Draft] Research & Related Application for Federal Assistance (SF424 R&R),5.0,PDPIContactInfo.Title,RR_SF424_5_0.PDPIContactInfo.Title,Title,question,question-candidate:sha256:8422788e7c3c178cf2ed41e24f62bc245e148260c3537c4a9763f138e18a88f9,question-candidate:sha256:8422788e7c3c178cf2ed41e24f62bc245e148260c3537c4a9763f138e18a88f9,question:sha256:523fd7358ec17427613f1a11a2b25cc9e3ccfea98ed7c03c24ad19434fbfe98c,agent_proposed,project_director_or_principal_investigator,,application-shell|project-director-pi,string,,,https://apply07.grants.gov/apply/forms/schemas/RR_SF424_5_0-V5.0.xsd,f140f32afed9d7efbe30fc8f299542bbbc3121dbc87a79aa351fcf096163d3bc,sha256:f791759c9a5c0ee00450d33e44a9ba921baaac5f1b625b2ef8b16241029e3db8,false
RRSF424,[Draft] Research & Related Application for Federal Assistance (SF424 R&R),5.0,PreApplicationAttachment,RR_SF424_5_0.PreApplicationAttachment,PreApplicationAttachment,question,question-candidate:sha256:18a59f255fce2a4b3e62b64e0a6c66496e357cd8ebfdb299fa402b9c762740f7,question-candidate:sha256:18a59f255fce2a4b3e62b64e0a6c66496e357cd8ebfdb299fa402b9c762740f7,question:sha256:3951a04e8a0da0475a0007b7e6c0e939b4db95d86f3dc6d9138013d298bc9e31,agent_proposed,application_shell,,application-shell|attachment-envelope,string,,,https://apply07.grants.gov/apply/forms/schemas/RR_SF424_5_0-V5.0.xsd,f140f32afed9d7efbe30fc8f299542bbbc3121dbc87a79aa351fcf096163d3bc,sha256:f791759c9a5c0ee00450d33e44a9ba921baaac5f1b625b2ef8b16241029e3db8,false
RRSF424,[Draft] Research & Related Application for Federal Assistance (SF424 R&R),5.0,ProjectTitle,RR_SF424_5_0.ProjectTitle,ProjectTitle,question,question-candidate:sha256:99b17e8a145566a16eb640a2106b8156cc1c13e8aceed9223489af840919c685,question-candidate:sha256:99b17e8a145566a16eb640a2106b8156cc1c13e8aceed9223489af840919c685,question:sha256:305e4d30fdbdc0d84afc620d3130571f12140fdcf47eeba865400bb9327680af,agent_proposed,application_shell,,application-shell|project-identity-period,string,,,https://apply07.grants.gov/apply/forms/schemas/RR_SF424_5_0-V5.0.xsd,f140f32afed9d7efbe30fc8f299542bbbc3121dbc87a79aa351fcf096163d3bc,sha256:f791759c9a5c0ee00450d33e44a9ba921baaac5f1b625b2ef8b16241029e3db8,false
RRSF424,[Draft] Research & Related Application for Federal Assistance (SF424 R&R),5.0,ProposedProjectPeriod.ProposedEndDate,RR_SF424_5_0.ProposedProjectPeriod.ProposedEndDate,ProposedEndDate,question,question-candidate:sha256:0fbf9540dd0141de99f982c78fb9b33ed553efce516f0f7fc1029d1f06cdd668,question-candidate:sha256:0fbf9540dd0141de99f982c78fb9b33ed553efce516f0f7fc1029d1f06cdd668,question:sha256:3ba8e0d2d5032ec07161048d0d2945438e6b3b9a6b9731c14b7af85107c2340b,agent_proposed,application_shell,,application-shell|project-identity-period,string,,,https://apply07.grants.gov/apply/forms/schemas/RR_SF424_5_0-V5.0.xsd,f140f32afed9d7efbe30fc8f299542bbbc3121dbc87a79aa351fcf096163d3bc,sha256:f791759c9a5c0ee00450d33e44a9ba921baaac5f1b625b2ef8b16241029e3db8,false
RRSF424,[Draft] Research & Related Application for Federal Assistance (SF424 R&R),5.0,ProposedProjectPeriod.ProposedStartDate,RR_SF424_5_0.ProposedProjectPeriod.ProposedStartDate,ProposedStartDate,question,question-candidate:sha256:2caeb8aa28c148e711e67f643f5b09bad74d0fa58385379573c076f0b417a512,question-candidate:sha256:2caeb8aa28c148e711e67f643f5b09bad74d0fa58385379573c076f0b417a512,question:sha256:af2e5ebbdb1d1a1eec0aed0274f62a5054d23447de1cbf812311e06e98770714,agent_proposed,application_shell,,application-shell|project-identity-period,string,,,https://apply07.grants.gov/apply/forms/schemas/RR_SF424_5_0-V5.0.xsd,f140f32afed9d7efbe30fc8f299542bbbc3121dbc87a79aa351fcf096163d3bc,sha256:f791759c9a5c0ee00450d33e44a9ba921baaac5f1b625b2ef8b16241029e3db8,false
RRSF424,[Draft] Research & Related Application for Federal Assistance (SF424 R&R),5.0,SFLLLAttachment,RR_SF424_5_0.SFLLLAttachment,SFLLLAttachment,question,question-candidate:sha256:dba366ceb14d6b4c08195d54cef4c6c0f6b8477ce33ba1374a211926b0cd1093,question-candidate:sha256:dba366ceb14d6b4c08195d54cef4c6c0f6b8477ce33ba1374a211926b0cd1093,question:sha256:42fe258e21503779e95404af5bf360e53406a6ac5c025538d21555c0eb8dd38d,agent_proposed,application_shell,,application-shell|attachment-envelope,string,,,https://apply07.grants.gov/apply/forms/schemas/RR_SF424_5_0-V5.0.xsd,f140f32afed9d7efbe30fc8f299542bbbc3121dbc87a79aa351fcf096163d3bc,sha256:f791759c9a5c0ee00450d33e44a9ba921baaac5f1b625b2ef8b16241029e3db8,false
RRSF424,[Draft] Research & Related Application for Federal Assistance (SF424 R&R),5.0,StateID,RR_SF424_5_0.StateID,StateID,question,question-candidate:sha256:69dd9f6ec6bca9f80728ca504e18abac77684c2f1c29e065fb343152aa2c8c47,question-candidate:sha256:69dd9f6ec6bca9f80728ca504e18abac77684c2f1c29e065fb343152aa2c8c47,question:sha256:4571bfcb55a7470cb05d3f64f523c60bd329fd9263ba1e48db182cc1061bdb75,agent_proposed,application_shell,,application-identifiers|application-shell,string,,,https://apply07.grants.gov/apply/forms/schemas/RR_SF424_5_0-V5.0.xsd,f140f32afed9d7efbe30fc8f299542bbbc3121dbc87a79aa351fcf096163d3bc,sha256:f791759c9a5c0ee00450d33e44a9ba921baaac5f1b625b2ef8b16241029e3db8,false
RRSF424,[Draft] Research & Related Application for Federal Assistance (SF424 R&R),5.0,StateReceivedDate,RR_SF424_5_0.StateReceivedDate,StateReceivedDate,question,question-candidate:sha256:329be2d1d4296aac0fa016cc54db7090835e16880bd01e123aa552388be1e951,question-candidate:sha256:329be2d1d4296aac0fa016cc54db7090835e16880bd01e123aa552388be1e951,question:sha256:35d2f76b5f0d91d45108c767b944abd10eaad50397e4e6412dac088fdd257cfc,agent_proposed,application_shell,,application-identifiers|application-shell,string,,,https://apply07.grants.gov/apply/forms/schemas/RR_SF424_5_0-V5.0.xsd,f140f32afed9d7efbe30fc8f299542bbbc3121dbc87a79aa351fcf096163d3bc,sha256:f791759c9a5c0ee00450d33e44a9ba921baaac5f1b625b2ef8b16241029e3db8,false
RRSF424,[Draft] Research & Related Application for Federal Assistance (SF424 R&R),5.0,StateReview.StateReviewCodeType,RR_SF424_5_0.StateReview.StateReviewCodeType,StateReviewCodeType,question,question-candidate:sha256:48e6a5ffe1a15b4bc06d4298705485ea8428153116456df5e882ad298bc5b678,question-candidate:sha256:48e6a5ffe1a15b4bc06d4298705485ea8428153116456df5e882ad298bc5b678,question:sha256:57b3e10863f345f365704ea751beec623a0da9d4442cb50327a80a2e40f3635a,agent_proposed,application_shell,,application-shell|state-review-debt,string,,,https://apply07.grants.gov/apply/forms/schemas/RR_SF424_5_0-V5.0.xsd,f140f32afed9d7efbe30fc8f299542bbbc3121dbc87a79aa351fcf096163d3bc,sha256:f791759c9a5c0ee00450d33e44a9ba921baaac5f1b625b2ef8b16241029e3db8,false
RRSF424,[Draft] Research & Related Application for Federal Assistance (SF424 R&R),5.0,StateReview.StateReviewDate,RR_SF424_5_0.StateReview.StateReviewDate,StateReviewDate,question,question-candidate:sha256:4784717aff746cffe0233b8ba2e01ad7494f4704c18d697e8ead6a07b8f98fbc,question-candidate:sha256:4784717aff746cffe0233b8ba2e01ad7494f4704c18d697e8ead6a07b8f98fbc,question:sha256:cb82a6c9643c8f1e82f40887ebd88f029d1243b12f8e1558c26cc6046b42a423,agent_proposed,application_shell,,application-shell|state-review-debt,string,,,https://apply07.grants.gov/apply/forms/schemas/RR_SF424_5_0-V5.0.xsd,f140f32afed9d7efbe30fc8f299542bbbc3121dbc87a79aa351fcf096163d3bc,sha256:f791759c9a5c0ee00450d33e44a9ba921baaac5f1b625b2ef8b16241029e3db8,false
RRSF424,[Draft] Research & Related Application for Federal Assistance (SF424 R&R),5.0,SubmissionTypeCode,RR_SF424_5_0.SubmissionTypeCode,SubmissionTypeCode,question,question-candidate:sha256:08af578fa5f2be06a3090e2d9eb709e71cad21f0ae07a604bc9c6bc60be135f8,question-candidate:sha256:08af578fa5f2be06a3090e2d9eb709e71cad21f0ae07a604bc9c6bc60be135f8,question:sha256:ddc8902909a380b0771711ed5f17c2f859c688a361c64d8d45a43f237cdd9afa,agent_proposed,application_shell,,application-shell,string,,,https://apply07.grants.gov/apply/forms/schemas/RR_SF424_5_0-V5.0.xsd,f140f32afed9d7efbe30fc8f299542bbbc3121dbc87a79aa351fcf096163d3bc,sha256:f791759c9a5c0ee00450d33e44a9ba921baaac5f1b625b2ef8b16241029e3db8,false
RRSF424,[Draft] Research & Related Application for Federal Assistance (SF424 R&R),5.0,SubmittedDate,RR_SF424_5_0.SubmittedDate,SubmittedDate,question,question-candidate:sha256:8bb409be1ad8c6f311829414f0ca15545633f325138c9d34255379dc6df44eba,question-candidate:sha256:8bb409be1ad8c6f311829414f0ca15545633f325138c9d34255379dc6df44eba,question:sha256:4ff280fbaf92940dc9fb1b8d77348e6f7527bf04ca01f1c6ec43ebaf8a8c476e,agent_proposed,application_shell,,application-identifiers|application-shell,string,,,https://apply07.grants.gov/apply/forms/schemas/RR_SF424_5_0-V5.0.xsd,f140f32afed9d7efbe30fc8f299542bbbc3121dbc87a79aa351fcf096163d3bc,sha256:f791759c9a5c0ee00450d33e44a9ba921baaac5f1b625b2ef8b16241029e3db8,false
RRSF424,[Draft] Research & Related Application for Federal Assistance (SF424 R&R),5.0,TrustAgree,RR_SF424_5_0.TrustAgree,TrustAgree,question,question-candidate:sha256:28744372403da66b1e8bb044f0fce11694dcf232add9f38744a555cf84e6eae1,question-candidate:sha256:28744372403da66b1e8bb044f0fce11694dcf232add9f38744a555cf84e6eae1,question:sha256:bbfe616c3530134e482b4f175a4a34f2cf52f7b7624b04ff6f55710161abcb8b,agent_proposed,application_shell,,application-shell|signature-certification,string,,,https://apply07.grants.gov/apply/forms/schemas/RR_SF424_5_0-V5.0.xsd,f140f32afed9d7efbe30fc8f299542bbbc3121dbc87a79aa351fcf096163d3bc,sha256:f791759c9a5c0ee00450d33e44a9ba921baaac5f1b625b2ef8b16241029e3db8,false
RRSubawardBudget10_30,[Draft] R&R Subaward Budget Attachment(s) Form 10 YR 30 ATT,3.0,att_1,RR_SubawardBudget10_30_3_0.ATT1,ATT1,technical_field,,concept:attachment:subaward-budget,question:sha256:88d5fefe5a7b4cf2e2e8a6898022e30b75e34a8a3bec2fd4a648c0d97652c504,excluded_non_question,,,,string,,,https://apply07.grants.gov/apply/forms/schemas/RR_SubawardBudget10_30_3_0-V3.0.xsd,0ed112b2e50f0e0c43423f690201b207f5b9c5a85349335260e4fd999f3a611a,,false
RRSubawardBudget10_30,[Draft] R&R Subaward Budget Attachment(s) Form 10 YR 30 ATT,3.0,att_10,RR_SubawardBudget10_30_3_0.ATT10,ATT10,technical_field,,concept:attachment:subaward-budget,question:sha256:0bd5ea789b9c97b15139e17d70240218c0bdd3783693f53502aee1c72d9356b6,excluded_non_question,,,,string,,,https://apply07.grants.gov/apply/forms/schemas/RR_SubawardBudget10_30_3_0-V3.0.xsd,0ed112b2e50f0e0c43423f690201b207f5b9c5a85349335260e4fd999f3a611a,,false
RRSubawardBudget10_30,[Draft] R&R Subaward Budget Attachment(s) Form 10 YR 30 ATT,3.0,att_11,RR_SubawardBudget10_30_3_0.ATT11,ATT11,technical_field,,concept:attachment:subaward-budget,question:sha256:4e2be69d4407eb887f7b856021a294909c8066b79810f5753c77c585920d1268,excluded_non_question,,,,string,,,https://apply07.grants.gov/apply/forms/schemas/RR_SubawardBudget10_30_3_0-V3.0.xsd,0ed112b2e50f0e0c43423f690201b207f5b9c5a85349335260e4fd999f3a611a,,false
RRSubawardBudget10_30,[Draft] R&R Subaward Budget Attachment(s) Form 10 YR 30 ATT,3.0,att_12,RR_SubawardBudget10_30_3_0.ATT12,ATT12,technical_field,,concept:attachment:subaward-budget,question:sha256:c714e7bceacbeb08832bbeccf9fe7697e1dae018645efb3ef286d75c26b74aa1,excluded_non_question,,,,string,,,https://apply07.grants.gov/apply/forms/schemas/RR_SubawardBudget10_30_3_0-V3.0.xsd,0ed112b2e50f0e0c43423f690201b207f5b9c5a85349335260e4fd999f3a611a,,false
RRSubawardBudget10_30,[Draft] R&R Subaward Budget Attachment(s) Form 10 YR 30 ATT,3.0,att_13,RR_SubawardBudget10_30_3_0.ATT13,ATT13,technical_field,,concept:attachment:subaward-budget,question:sha256:a8b7804fd0dd59e2dd388b0db24f447542687439b287449fb44d53a339d3c90c,excluded_non_question,,,,string,,,https://apply07.grants.gov/apply/forms/schemas/RR_SubawardBudget10_30_3_0-V3.0.xsd,0ed112b2e50f0e0c43423f690201b207f5b9c5a85349335260e4fd999f3a611a,,false
RRSubawardBudget10_30,[Draft] R&R Subaward Budget Attachment(s) Form 10 YR 30 ATT,3.0,att_14,RR_SubawardBudget10_30_3_0.ATT14,ATT14,technical_field,,concept:attachment:subaward-budget,question:sha256:f07182773a32c1bd0101c61d9190229a240da0dc76ad5dc3d173f4aa0d01cf89,excluded_non_question,,,,string,,,https://apply07.grants.gov/apply/forms/schemas/RR_SubawardBudget10_30_3_0-V3.0.xsd,0ed112b2e50f0e0c43423f690201b207f5b9c5a85349335260e4fd999f3a611a,,false
RRSubawardBudget10_30,[Draft] R&R Subaward Budget Attachment(s) Form 10 YR 30 ATT,3.0,att_15,RR_SubawardBudget10_30_3_0.ATT15,ATT15,technical_field,,concept:attachment:subaward-budget,question:sha256:7136f8ace119ec1d2f68396fdbf3eb91d2c8f73b180643de85af0fcf5182c931,excluded_non_question,,,,string,,,https://apply07.grants.gov/apply/forms/schemas/RR_SubawardBudget10_30_3_0-V3.0.xsd,0ed112b2e50f0e0c43423f690201b207f5b9c5a85349335260e4fd999f3a611a,,false
RRSubawardBudget10_30,[Draft] R&R Subaward Budget Attachment(s) Form 10 YR 30 ATT,3.0,att_16,RR_SubawardBudget10_30_3_0.ATT16,ATT16,technical_field,,concept:attachment:subaward-budget,question:sha256:abd5265fa730307f4f8db44021275ba9b64c3a0d9ee4bc0194293dc2f6323c98,excluded_non_question,,,,string,,,https://apply07.grants.gov/apply/forms/schemas/RR_SubawardBudget10_30_3_0-V3.0.xsd,0ed112b2e50f0e0c43423f690201b207f5b9c5a85349335260e4fd999f3a611a,,false
RRSubawardBudget10_30,[Draft] R&R Subaward Budget Attachment(s) Form 10 YR 30 ATT,3.0,att_17,RR_SubawardBudget10_30_3_0.ATT17,ATT17,technical_field,,concept:attachment:subaward-budget,question:sha256:971747079b4aac19aebffd38da8b2d6358ddb40a9ef6660e5c92ee2781ed641b,excluded_non_question,,,,string,,,https://apply07.grants.gov/apply/forms/schemas/RR_SubawardBudget10_30_3_0-V3.0.xsd,0ed112b2e50f0e0c43423f690201b207f5b9c5a85349335260e4fd999f3a611a,,false
RRSubawardBudget10_30,[Draft] R&R Subaward Budget Attachment(s) Form 10 YR 30 ATT,3.0,att_18,RR_SubawardBudget10_30_3_0.ATT18,ATT18,technical_field,,concept:attachment:subaward-budget,question:sha256:5fe9b6a89bc82412b4ca51ff4fcbebfc02709232c1451d149b22570a2a100368,excluded_non_question,,,,string,,,https://apply07.grants.gov/apply/forms/schemas/RR_SubawardBudget10_30_3_0-V3.0.xsd,0ed112b2e50f0e0c43423f690201b207f5b9c5a85349335260e4fd999f3a611a,,false
RRSubawardBudget10_30,[Draft] R&R Subaward Budget Attachment(s) Form 10 YR 30 ATT,3.0,att_19,RR_SubawardBudget10_30_3_0.ATT19,ATT19,technical_field,,concept:attachment:subaward-budget,question:sha256:65ac344c3ab14b112a4575d0e09cfb5f3fe7bed6da14545fb35c29074a7af880,excluded_non_question,,,,string,,,https://apply07.grants.gov/apply/forms/schemas/RR_SubawardBudget10_30_3_0-V3.0.xsd,0ed112b2e50f0e0c43423f690201b207f5b9c5a85349335260e4fd999f3a611a,,false
RRSubawardBudget10_30,[Draft] R&R Subaward Budget Attachment(s) Form 10 YR 30 ATT,3.0,att_2,RR_SubawardBudget10_30_3_0.ATT2,ATT2,technical_field,,concept:attachment:subaward-budget,question:sha256:12e55badb44ff66094b85b6d7e7b4a65caaf7b5c891a0df500b49192862117ac,excluded_non_question,,,,string,,,https://apply07.grants.gov/apply/forms/schemas/RR_SubawardBudget10_30_3_0-V3.0.xsd,0ed112b2e50f0e0c43423f690201b207f5b9c5a85349335260e4fd999f3a611a,,false
RRSubawardBudget10_30,[Draft] R&R Subaward Budget Attachment(s) Form 10 YR 30 ATT,3.0,att_20,RR_SubawardBudget10_30_3_0.ATT20,ATT20,technical_field,,concept:attachment:subaward-budget,question:sha256:ef46d72aa72b864bfcc154c3f39c2d7480abef66caf3be2095a32796c840cd63,excluded_non_question,,,,string,,,https://apply07.grants.gov/apply/forms/schemas/RR_SubawardBudget10_30_3_0-V3.0.xsd,0ed112b2e50f0e0c43423f690201b207f5b9c5a85349335260e4fd999f3a611a,,false
RRSubawardBudget10_30,[Draft] R&R Subaward Budget Attachment(s) Form 10 YR 30 ATT,3.0,att_21,RR_SubawardBudget10_30_3_0.ATT21,ATT21,technical_field,,concept:attachment:subaward-budget,question:sha256:21544a007ce3776ae5a442f3ad1398e50f154168fc76f12d69743c4b76475a01,excluded_non_question,,,,string,,,https://apply07.grants.gov/apply/forms/schemas/RR_SubawardBudget10_30_3_0-V3.0.xsd,0ed112b2e50f0e0c43423f690201b207f5b9c5a85349335260e4fd999f3a611a,,false
RRSubawardBudget10_30,[Draft] R&R Subaward Budget Attachment(s) Form 10 YR 30 ATT,3.0,att_22,RR_SubawardBudget10_30_3_0.ATT22,ATT22,technical_field,,concept:attachment:subaward-budget,question:sha256:d3aa92fc5bb58af2d63ade75cbb61e297411d8e4204043d2fef0dc0df2cc5bba,excluded_non_question,,,,string,,,https://apply07.grants.gov/apply/forms/schemas/RR_SubawardBudget10_30_3_0-V3.0.xsd,0ed112b2e50f0e0c43423f690201b207f5b9c5a85349335260e4fd999f3a611a,,false
RRSubawardBudget10_30,[Draft] R&R Subaward Budget Attachment(s) Form 10 YR 30 ATT,3.0,att_23,RR_SubawardBudget10_30_3_0.ATT23,ATT23,technical_field,,concept:attachment:subaward-budget,question:sha256:dd6c0a7bad48c1cde34d09e80b9ff5ae44c66f1c68df1a429520d0e670cea734,excluded_non_question,,,,string,,,https://apply07.grants.gov/apply/forms/schemas/RR_SubawardBudget10_30_3_0-V3.0.xsd,0ed112b2e50f0e0c43423f690201b207f5b9c5a85349335260e4fd999f3a611a,,false
RRSubawardBudget10_30,[Draft] R&R Subaward Budget Attachment(s) Form 10 YR 30 ATT,3.0,att_24,RR_SubawardBudget10_30_3_0.ATT24,ATT24,technical_field,,concept:attachment:subaward-budget,question:sha256:e38d61ca2852a394d038c97767f6f703078ef84c0fb6acc3bf1884f185f9ce4b,excluded_non_question,,,,string,,,https://apply07.grants.gov/apply/forms/schemas/RR_SubawardBudget10_30_3_0-V3.0.xsd,0ed112b2e50f0e0c43423f690201b207f5b9c5a85349335260e4fd999f3a611a,,false
RRSubawardBudget10_30,[Draft] R&R Subaward Budget Attachment(s) Form 10 YR 30 ATT,3.0,att_25,RR_SubawardBudget10_30_3_0.ATT25,ATT25,technical_field,,concept:attachment:subaward-budget,question:sha256:61515898adf96ded064486ef45a72eaf11ccebc9f293524fca216ba2e38f0daa,excluded_non_question,,,,string,,,https://apply07.grants.gov/apply/forms/schemas/RR_SubawardBudget10_30_3_0-V3.0.xsd,0ed112b2e50f0e0c43423f690201b207f5b9c5a85349335260e4fd999f3a611a,,false
RRSubawardBudget10_30,[Draft] R&R Subaward Budget Attachment(s) Form 10 YR 30 ATT,3.0,att_26,RR_SubawardBudget10_30_3_0.ATT26,ATT26,technical_field,,concept:attachment:subaward-budget,question:sha256:5504bf923970f7d5ff0f2bda7395c2d44ffcd4df1522649957646ad3d151a0cd,excluded_non_question,,,,string,,,https://apply07.grants.gov/apply/forms/schemas/RR_SubawardBudget10_30_3_0-V3.0.xsd,0ed112b2e50f0e0c43423f690201b207f5b9c5a85349335260e4fd999f3a611a,,false
RRSubawardBudget10_30,[Draft] R&R Subaward Budget Attachment(s) Form 10 YR 30 ATT,3.0,att_27,RR_SubawardBudget10_30_3_0.ATT27,ATT27,technical_field,,concept:attachment:subaward-budget,question:sha256:fa8a9c10e2e5e548cdd492fca329d87d22f874563ffdea1f9a7e5b8239b5dade,excluded_non_question,,,,string,,,https://apply07.grants.gov/apply/forms/schemas/RR_SubawardBudget10_30_3_0-V3.0.xsd,0ed112b2e50f0e0c43423f690201b207f5b9c5a85349335260e4fd999f3a611a,,false
RRSubawardBudget10_30,[Draft] R&R Subaward Budget Attachment(s) Form 10 YR 30 ATT,3.0,att_28,RR_SubawardBudget10_30_3_0.ATT28,ATT28,technical_field,,concept:attachment:subaward-budget,question:sha256:5c3915e3b5566e18b52244b89e4196ab2f6aee4beed3e44356164c5cbe1a374a,excluded_non_question,,,,string,,,https://apply07.grants.gov/apply/forms/schemas/RR_SubawardBudget10_30_3_0-V3.0.xsd,0ed112b2e50f0e0c43423f690201b207f5b9c5a85349335260e4fd999f3a611a,,false
RRSubawardBudget10_30,[Draft] R&R Subaward Budget Attachment(s) Form 10 YR 30 ATT,3.0,att_29,RR_SubawardBudget10_30_3_0.ATT29,ATT29,technical_field,,concept:attachment:subaward-budget,question:sha256:4f636e16a66fb6b812943516779d94071aebfd2e6da5dbe69f27dfaf2f38fc87,excluded_non_question,,,,string,,,https://apply07.grants.gov/apply/forms/schemas/RR_SubawardBudget10_30_3_0-V3.0.xsd,0ed112b2e50f0e0c43423f690201b207f5b9c5a85349335260e4fd999f3a611a,,false
RRSubawardBudget10_30,[Draft] R&R Subaward Budget Attachment(s) Form 10 YR 30 ATT,3.0,att_3,RR_SubawardBudget10_30_3_0.ATT3,ATT3,technical_field,,concept:attachment:subaward-budget,question:sha256:74b3314738582c6fbb02bb4163eb28814fb35dc2b12d9a4c3af96b6af746c0e7,excluded_non_question,,,,string,,,https://apply07.grants.gov/apply/forms/schemas/RR_SubawardBudget10_30_3_0-V3.0.xsd,0ed112b2e50f0e0c43423f690201b207f5b9c5a85349335260e4fd999f3a611a,,false
RRSubawardBudget10_30,[Draft] R&R Subaward Budget Attachment(s) Form 10 YR 30 ATT,3.0,att_30,RR_SubawardBudget10_30_3_0.ATT30,ATT30,technical_field,,concept:attachment:subaward-budget,question:sha256:0db72d74c14e0a3caa4dbadaa5cd054b83bcb4086bf8f3ee4710d93428d9623a,excluded_non_question,,,,string,,,https://apply07.grants.gov/apply/forms/schemas/RR_SubawardBudget10_30_3_0-V3.0.xsd,0ed112b2e50f0e0c43423f690201b207f5b9c5a85349335260e4fd999f3a611a,,false
RRSubawardBudget10_30,[Draft] R&R Subaward Budget Attachment(s) Form 10 YR 30 ATT,3.0,att_4,RR_SubawardBudget10_30_3_0.ATT4,ATT4,technical_field,,concept:attachment:subaward-budget,question:sha256:9a7ebb1bfaa71eed65dda8d343404f4a8cc3c6f28265dce2ea5c1f6639f8ec92,excluded_non_question,,,,string,,,https://apply07.grants.gov/apply/forms/schemas/RR_SubawardBudget10_30_3_0-V3.0.xsd,0ed112b2e50f0e0c43423f690201b207f5b9c5a85349335260e4fd999f3a611a,,false
RRSubawardBudget10_30,[Draft] R&R Subaward Budget Attachment(s) Form 10 YR 30 ATT,3.0,att_5,RR_SubawardBudget10_30_3_0.ATT5,ATT5,technical_field,,concept:attachment:subaward-budget,question:sha256:0bd1778200a38748ef1baad28a6c6c674df7dc5d03e4e8b0de6da2810a8fbb62,excluded_non_question,,,,string,,,https://apply07.grants.gov/apply/forms/schemas/RR_SubawardBudget10_30_3_0-V3.0.xsd,0ed112b2e50f0e0c43423f690201b207f5b9c5a85349335260e4fd999f3a611a,,false
RRSubawardBudget10_30,[Draft] R&R Subaward Budget Attachment(s) Form 10 YR 30 ATT,3.0,att_6,RR_SubawardBudget10_30_3_0.ATT6,ATT6,technical_field,,concept:attachment:subaward-budget,question:sha256:1cb8f6c74cf4946b9c93d685ea75ff3bd50ec3c8c6b3ff9f0da5a5f6d731bfa8,excluded_non_question,,,,string,,,https://apply07.grants.gov/apply/forms/schemas/RR_SubawardBudget10_30_3_0-V3.0.xsd,0ed112b2e50f0e0c43423f690201b207f5b9c5a85349335260e4fd999f3a611a,,false
RRSubawardBudget10_30,[Draft] R&R Subaward Budget Attachment(s) Form 10 YR 30 ATT,3.0,att_7,RR_SubawardBudget10_30_3_0.ATT7,ATT7,technical_field,,concept:attachment:subaward-budget,question:sha256:38d3eb562bea927b8a3310eb1716b4a82b6a3143741f902c5cc8aaf025db77f0,excluded_non_question,,,,string,,,https://apply07.grants.gov/apply/forms/schemas/RR_SubawardBudget10_30_3_0-V3.0.xsd,0ed112b2e50f0e0c43423f690201b207f5b9c5a85349335260e4fd999f3a611a,,false
RRSubawardBudget10_30,[Draft] R&R Subaward Budget Attachment(s) Form 10 YR 30 ATT,3.0,att_8,RR_SubawardBudget10_30_3_0.ATT8,ATT8,technical_field,,concept:attachment:subaward-budget,question:sha256:24c70e72930984888dfbec7eb2b549e6fa24f3316f15fc64e12445807cd830d3,excluded_non_question,,,,string,,,https://apply07.grants.gov/apply/forms/schemas/RR_SubawardBudget10_30_3_0-V3.0.xsd,0ed112b2e50f0e0c43423f690201b207f5b9c5a85349335260e4fd999f3a611a,,false
RRSubawardBudget10_30,[Draft] R&R Subaward Budget Attachment(s) Form 10 YR 30 ATT,3.0,att_9,RR_SubawardBudget10_30_3_0.ATT9,ATT9,technical_field,,concept:attachment:subaward-budget,question:sha256:842c4e4b8ed82ba113a5025d86fcb11bdb99f7d162f5b5fc1a998327cce7a4f2,excluded_non_question,,,,string,,,https://apply07.grants.gov/apply/forms/schemas/RR_SubawardBudget10_30_3_0-V3.0.xsd,0ed112b2e50f0e0c43423f690201b207f5b9c5a85349335260e4fd999f3a611a,,false
RRSubawardBudget10_30,[Draft] R&R Subaward Budget Attachment(s) Form 10 YR 30 ATT,3.0,budget_attachments.rr_budget_10_3_0[].budget_justification_attachment,RR_SubawardBudget10_30_3_0.BudgetAttachments.RR_Budget10_3_0.BudgetJustificationAttachment,L. Budget Justification (Only attach one file.),question,concept:attachment:budget-narrative,concept:attachment:budget-narrative,question:sha256:5edde913a9e67c38fb97a215196a28d713748e2566d95414c0e7155e1a1ceb3e,agent_proposed,,,,,,,https://apply07.grants.gov/apply/forms/schemas/RR_SubawardBudget10_30_3_0-V3.0.xsd,0ed112b2e50f0e0c43423f690201b207f5b9c5a85349335260e4fd999f3a611a,,false
RRSubawardBudget10_30,[Draft] R&R Subaward Budget Attachment(s) Form 10 YR 30 ATT,3.0,budget_attachments.rr_budget_10_3_0[].budget_summary.cumulative_adp_computer_services,RR_SubawardBudget10_30_3_0.BudgetAttachments.RR_Budget10_3_0.BudgetSummary.CumulativeADPComputerServices,4. ADP/Computer Services,calculation,,,question:sha256:51eab430ebd9205f35d5d63ad323d20a0b0a008060c10030196379a6cf0412d4,unmapped,,,,string,,,https://apply07.grants.gov/apply/forms/schemas/RR_SubawardBudget10_30_3_0-V3.0.xsd,0ed112b2e50f0e0c43423f690201b207f5b9c5a85349335260e4fd999f3a611a,,false
RRSubawardBudget10_30,[Draft] R&R Subaward Budget Attachment(s) Form 10 YR 30 ATT,3.0,budget_attachments.rr_budget_10_3_0[].budget_summary.cumulative_alterations_and_renovations,RR_SubawardBudget10_30_3_0.BudgetAttachments.RR_Budget10_3_0.BudgetSummary.CumulativeAlterationsAndRenovations,7. Alterations and Renovations,calculation,,,question:sha256:c06a6ad3f8bac9e08f390427a0386508b22ccc006b9283d8c78dc944b192ed38,unmapped,,,,string,,,https://apply07.grants.gov/apply/forms/schemas/RR_SubawardBudget10_30_3_0-V3.0.xsd,0ed112b2e50f0e0c43423f690201b207f5b9c5a85349335260e4fd999f3a611a,,false
RRSubawardBudget10_30,[Draft] R&R Subaward Budget Attachment(s) Form 10 YR 30 ATT,3.0,budget_attachments.rr_budget_10_3_0[].budget_summary.cumulative_consultant_services,RR_SubawardBudget10_30_3_0.BudgetAttachments.RR_Budget10_3_0.BudgetSummary.CumulativeConsultantServices,3. Consultant Services,calculation,,,question:sha256:019d0db5f56e02073a25c44b6375661326c2667753e81da1aa7ac1febbc37e7b,unmapped,,,,string,,,https://apply07.grants.gov/apply/forms/schemas/RR_SubawardBudget10_30_3_0-V3.0.xsd,0ed112b2e50f0e0c43423f690201b207f5b9c5a85349335260e4fd999f3a611a,,false
RRSubawardBudget10_30,[Draft] R&R Subaward Budget Attachment(s) Form 10 YR 30 ATT,3.0,budget_attachments.rr_budget_10_3_0[].budget_summary.cumulative_domestic_travel_costs,RR_SubawardBudget10_30_3_0.BudgetAttachments.RR_Budget10_3_0.BudgetSummary.CumulativeDomesticTravelCosts,1. Domestic,calculation,,,question:sha256:ee2bb447e50a2ef7aa11aec28b61fdb57be825a60a55427eec331da97a1ba04e,unmapped,,,,string,,,https://apply07.grants.gov/apply/forms/schemas/RR_SubawardBudget10_30_3_0-V3.0.xsd,0ed112b2e50f0e0c43423f690201b207f5b9c5a85349335260e4fd999f3a611a,,false
RRSubawardBudget10_30,[Draft] R&R Subaward Budget Attachment(s) Form 10 YR 30 ATT,3.0,budget_attachments.rr_budget_10_3_0[].budget_summary.cumulative_equipment_facility_rental_fees,RR_SubawardBudget10_30_3_0.BudgetAttachments.RR_Budget10_3_0.BudgetSummary.CumulativeEquipmentFacilityRentalFees,6. Equipment or Facility Rental/User Fees,calculation,,,question:sha256:98c490f19cfd5616dafa871d27556290fbd8ede01f0c2e488abf1c9977a48557,unmapped,,,,string,,,https://apply07.grants.gov/apply/forms/schemas/RR_SubawardBudget10_30_3_0-V3.0.xsd,0ed112b2e50f0e0c43423f690201b207f5b9c5a85349335260e4fd999f3a611a,,false
RRSubawardBudget10_30,[Draft] R&R Subaward Budget Attachment(s) Form 10 YR 30 ATT,3.0,budget_attachments.rr_budget_10_3_0[].budget_summary.cumulative_fee,RR_SubawardBudget10_30_3_0.BudgetAttachments.RR_Budget10_3_0.BudgetSummary.CumulativeFee,"Section J, Fee",calculation,,,question:sha256:85d595938949fce5fd7f0c044e04478979690cbec4c1602a78408d4d14fb10ab,unmapped,,,,string,,,https://apply07.grants.gov/apply/forms/schemas/RR_SubawardBudget10_30_3_0-V3.0.xsd,0ed112b2e50f0e0c43423f690201b207f5b9c5a85349335260e4fd999f3a611a,,false
RRSubawardBudget10_30,[Draft] R&R Subaward Budget Attachment(s) Form 10 YR 30 ATT,3.0,budget_attachments.rr_budget_10_3_0[].budget_summary.cumulative_foreign_travel_costs,RR_SubawardBudget10_30_3_0.BudgetAttachments.RR_Budget10_3_0.BudgetSummary.CumulativeForeignTravelCosts,2. Foreign,calculation,,,question:sha256:7bdacbf4466f23001f5b488095e6fd991b008e6e0a4a9f9edf6a6d9814944a6e,unmapped,,,,string,,,https://apply07.grants.gov/apply/forms/schemas/RR_SubawardBudget10_30_3_0-V3.0.xsd,0ed112b2e50f0e0c43423f690201b207f5b9c5a85349335260e4fd999f3a611a,,false
RRSubawardBudget10_30,[Draft] R&R Subaward Budget Attachment(s) Form 10 YR 30 ATT,3.0,budget_attachments.rr_budget_10_3_0[].budget_summary.cumulative_material_and_supplies,RR_SubawardBudget10_30_3_0.BudgetAttachments.RR_Budget10_3_0.BudgetSummary.CumulativeMaterialAndSupplies,1. Materials and Supplies,calculation,,,question:sha256:11ba5aebb1e1198c5fdfc24fa66238be9cb70269b7e6ffcc989cd33083971d13,unmapped,,,,string,,,https://apply07.grants.gov/apply/forms/schemas/RR_SubawardBudget10_30_3_0-V3.0.xsd,0ed112b2e50f0e0c43423f690201b207f5b9c5a85349335260e4fd999f3a611a,,false
RRSubawardBudget10_30,[Draft] R&R Subaward Budget Attachment(s) Form 10 YR 30 ATT,3.0,budget_attachments.rr_budget_10_3_0[].budget_summary.cumulative_noof_trainees,RR_SubawardBudget10_30_3_0.BudgetAttachments.RR_Budget10_3_0.BudgetSummary.CumulativeNoofTrainees,6. Number of Participants/Trainees,calculation,,,question:sha256:e80aabb0bb984e0d2429e71de1698ccdaf3d556c87494ef416419663c6458547,unmapped,,,,integer,,,https://apply07.grants.gov/apply/forms/schemas/RR_SubawardBudget10_30_3_0-V3.0.xsd,0ed112b2e50f0e0c43423f690201b207f5b9c5a85349335260e4fd999f3a611a,,false
RRSubawardBudget10_30,[Draft] R&R Subaward Budget Attachment(s) Form 10 YR 30 ATT,3.0,budget_attachments.rr_budget_10_3_0[].budget_summary.cumulative_other_10_direct_cost,RR_SubawardBudget10_30_3_0.BudgetAttachments.RR_Budget10_3_0.BudgetSummary.CumulativeOther10DirectCost,17. Other 10,calculation,,,question:sha256:ca8de19620003146f7445c82d4c71dedf27eb101353d02fc3f554af9e70ca205,unmapped,,,,string,,,https://apply07.grants.gov/apply/forms/schemas/RR_SubawardBudget10_30_3_0-V3.0.xsd,0ed112b2e50f0e0c43423f690201b207f5b9c5a85349335260e4fd999f3a611a,,false
RRSubawardBudget10_30,[Draft] R&R Subaward Budget Attachment(s) Form 10 YR 30 ATT,3.0,budget_attachments.rr_budget_10_3_0[].budget_summary.cumulative_other_1_direct_cost,RR_SubawardBudget10_30_3_0.BudgetAttachments.RR_Budget10_3_0.BudgetSummary.CumulativeOther1DirectCost,8. Other 1,calculation,,,question:sha256:27f9b652ba2dca117a9ee23b4b147a83679492cfebaece3e721627cee12414cd,unmapped,,,,string,,,https://apply07.grants.gov/apply/forms/schemas/RR_SubawardBudget10_30_3_0-V3.0.xsd,0ed112b2e50f0e0c43423f690201b207f5b9c5a85349335260e4fd999f3a611a,,false
RRSubawardBudget10_30,[Draft] R&R Subaward Budget Attachment(s) Form 10 YR 30 ATT,3.0,budget_attachments.rr_budget_10_3_0[].budget_summary.cumulative_other_2_direct_cost,RR_SubawardBudget10_30_3_0.BudgetAttachments.RR_Budget10_3_0.BudgetSummary.CumulativeOther2DirectCost,9. Other 2,calculation,,,question:sha256:f00e3e72ec336200cbf474f67a7672000de96c26587490c49f0f8994fe35318c,unmapped,,,,string,,,https://apply07.grants.gov/apply/forms/schemas/RR_SubawardBudget10_30_3_0-V3.0.xsd,0ed112b2e50f0e0c43423f690201b207f5b9c5a85349335260e4fd999f3a611a,,false
RRSubawardBudget10_30,[Draft] R&R Subaward Budget Attachment(s) Form 10 YR 30 ATT,3.0,budget_attachments.rr_budget_10_3_0[].budget_summary.cumulative_other_3_direct_cost,RR_SubawardBudget10_30_3_0.BudgetAttachments.RR_Budget10_3_0.BudgetSummary.CumulativeOther3DirectCost,10. Other 3,calculation,,,question:sha256:d9ac07f69237a0ce4455ad082ac8f953a84c34595702256d28de6dbb6a522ec6,unmapped,,,,string,,,https://apply07.grants.gov/apply/forms/schemas/RR_SubawardBudget10_30_3_0-V3.0.xsd,0ed112b2e50f0e0c43423f690201b207f5b9c5a85349335260e4fd999f3a611a,,false
RRSubawardBudget10_30,[Draft] R&R Subaward Budget Attachment(s) Form 10 YR 30 ATT,3.0,budget_attachments.rr_budget_10_3_0[].budget_summary.cumulative_other_4_direct_cost,RR_SubawardBudget10_30_3_0.BudgetAttachments.RR_Budget10_3_0.BudgetSummary.CumulativeOther4DirectCost,11. Other 4,calculation,,,question:sha256:77b74f048744f0cf60317dd8719ab89eb54a0cfda97cf532d950ae6895d6e2c0,unmapped,,,,string,,,https://apply07.grants.gov/apply/forms/schemas/RR_SubawardBudget10_30_3_0-V3.0.xsd,0ed112b2e50f0e0c43423f690201b207f5b9c5a85349335260e4fd999f3a611a,,false
RRSubawardBudget10_30,[Draft] R&R Subaward Budget Attachment(s) Form 10 YR 30 ATT,3.0,budget_attachments.rr_budget_10_3_0[].budget_summary.cumulative_other_5_direct_cost,RR_SubawardBudget10_30_3_0.BudgetAttachments.RR_Budget10_3_0.BudgetSummary.CumulativeOther5DirectCost,12. Other 5,calculation,,,question:sha256:1a96ead7ac6f870ac19b7172244257e52a47dc76ad99716264e04f60e044d431,unmapped,,,,string,,,https://apply07.grants.gov/apply/forms/schemas/RR_SubawardBudget10_30_3_0-V3.0.xsd,0ed112b2e50f0e0c43423f690201b207f5b9c5a85349335260e4fd999f3a611a,,false
RRSubawardBudget10_30,[Draft] R&R Subaward Budget Attachment(s) Form 10 YR 30 ATT,3.0,budget_attachments.rr_budget_10_3_0[].budget_summary.cumulative_other_6_direct_cost,RR_SubawardBudget10_30_3_0.BudgetAttachments.RR_Budget10_3_0.BudgetSummary.CumulativeOther6DirectCost,13. Other 6,calculation,,,question:sha256:73937650272bf67c520c3f36b8263a3b4a721a513ce7910ba26832e9528cc0fc,unmapped,,,,string,,,https://apply07.grants.gov/apply/forms/schemas/RR_SubawardBudget10_30_3_0-V3.0.xsd,0ed112b2e50f0e0c43423f690201b207f5b9c5a85349335260e4fd999f3a611a,,false
RRSubawardBudget10_30,[Draft] R&R Subaward Budget Attachment(s) Form 10 YR 30 ATT,3.0,budget_attachments.rr_budget_10_3_0[].budget_summary.cumulative_other_7_direct_cost,RR_SubawardBudget10_30_3_0.BudgetAttachments.RR_Budget10_3_0.BudgetSummary.CumulativeOther7DirectCost,14. Other 7,calculation,,,question:sha256:188d0fa06137548adcf78e3a496f775e9ead95bc930bdabe3a360c8a518b55fe,unmapped,,,,string,,,https://apply07.grants.gov/apply/forms/schemas/RR_SubawardBudget10_30_3_0-V3.0.xsd,0ed112b2e50f0e0c43423f690201b207f5b9c5a85349335260e4fd999f3a611a,,false
RRSubawardBudget10_30,[Draft] R&R Subaward Budget Attachment(s) Form 10 YR 30 ATT,3.0,budget_attachments.rr_budget_10_3_0[].budget_summary.cumulative_other_8_direct_cost,RR_SubawardBudget10_30_3_0.BudgetAttachments.RR_Budget10_3_0.BudgetSummary.CumulativeOther8DirectCost,15. Other 8,calculation,,,question:sha256:dfcf494760f2eac1317bbd149326c9cff0e6a030c703f858238fae80f756b339,unmapped,,,,string,,,https://apply07.grants.gov/apply/forms/schemas/RR_SubawardBudget10_30_3_0-V3.0.xsd,0ed112b2e50f0e0c43423f690201b207f5b9c5a85349335260e4fd999f3a611a,,false
RRSubawardBudget10_30,[Draft] R&R Subaward Budget Attachment(s) Form 10 YR 30 ATT,3.0,budget_attachments.rr_budget_10_3_0[].budget_summary.cumulative_other_9_direct_cost,RR_SubawardBudget10_30_3_0.BudgetAttachments.RR_Budget10_3_0.BudgetSummary.CumulativeOther9DirectCost,16. Other 9,calculation,,,question:sha256:ddec7cb75c1d1e9f172775dd7447220ac1a6c1f08f9d14c17de0ffee06bb7f51,unmapped,,,,string,,,https://apply07.grants.gov/apply/forms/schemas/RR_SubawardBudget10_30_3_0-V3.0.xsd,0ed112b2e50f0e0c43423f690201b207f5b9c5a85349335260e4fd999f3a611a,,false
RRSubawardBudget10_30,[Draft] R&R Subaward Budget Attachment(s) Form 10 YR 30 ATT,3.0,budget_attachments.rr_budget_10_3_0[].budget_summary.cumulative_other_trainee_cost,RR_SubawardBudget10_30_3_0.BudgetAttachments.RR_Budget10_3_0.BudgetSummary.CumulativeOtherTraineeCost,5. Other,calculation,,,question:sha256:ec7774a67365bee599b564550518752787ab701fb8ad5b2d2dc7b9d44c18f9dc,unmapped,,,,string,,,https://apply07.grants.gov/apply/forms/schemas/RR_SubawardBudget10_30_3_0-V3.0.xsd,0ed112b2e50f0e0c43423f690201b207f5b9c5a85349335260e4fd999f3a611a,,false
RRSubawardBudget10_30,[Draft] R&R Subaward Budget Attachment(s) Form 10 YR 30 ATT,3.0,budget_attachments.rr_budget_10_3_0[].budget_summary.cumulative_publication_costs,RR_SubawardBudget10_30_3_0.BudgetAttachments.RR_Budget10_3_0.BudgetSummary.CumulativePublicationCosts,2. Publication Costs,calculation,,,question:sha256:1661fb88246a61d43b3f7cef98c38d00ebee12671887aaeae988d241278b52a9,unmapped,,,,string,,,https://apply07.grants.gov/apply/forms/schemas/RR_SubawardBudget10_30_3_0-V3.0.xsd,0ed112b2e50f0e0c43423f690201b207f5b9c5a85349335260e4fd999f3a611a,,false
RRSubawardBudget10_30,[Draft] R&R Subaward Budget Attachment(s) Form 10 YR 30 ATT,3.0,budget_attachments.rr_budget_10_3_0[].budget_summary.cumulative_subaward_consortium_contractual_costs,RR_SubawardBudget10_30_3_0.BudgetAttachments.RR_Budget10_3_0.BudgetSummary.CumulativeSubawardConsortiumContractualCosts,5. Subawards/Consortium/Contractual Costs,calculation,,,question:sha256:c203d26e2e9fa3f56638b56e6e2b2ba84a1592e95e02dd4ab9ae2a335bd11745,unmapped,,,,string,,,https://apply07.grants.gov/apply/forms/schemas/RR_SubawardBudget10_30_3_0-V3.0.xsd,0ed112b2e50f0e0c43423f690201b207f5b9c5a85349335260e4fd999f3a611a,,false
RRSubawardBudget10_30,[Draft] R&R Subaward Budget Attachment(s) Form 10 YR 30 ATT,3.0,budget_attachments.rr_budget_10_3_0[].budget_summary.cumulative_total_costs_fee,RR_SubawardBudget10_30_3_0.BudgetAttachments.RR_Budget10_3_0.BudgetSummary.CumulativeTotalCostsFee,"Section K, Total Costs and Fee (I + J)",calculation,,,question:sha256:c1c55e9a97bbdb2c2936a9a2040cb8eb0f4c9423892f0a42ce31f5be5a7beff8,unmapped,,,,string,,,https://apply07.grants.gov/apply/forms/schemas/RR_SubawardBudget10_30_3_0-V3.0.xsd,0ed112b2e50f0e0c43423f690201b207f5b9c5a85349335260e4fd999f3a611a,,false
RRSubawardBudget10_30,[Draft] R&R Subaward Budget Attachment(s) Form 10 YR 30 ATT,3.0,budget_attachments.rr_budget_10_3_0[].budget_summary.cumulative_total_funds_requested_direct_costs,RR_SubawardBudget10_30_3_0.BudgetAttachments.RR_Budget10_3_0.BudgetSummary.CumulativeTotalFundsRequestedDirectCosts,"Section G, Direct Costs (A thru F)",calculation,,,question:sha256:73dbe7c362cdca299f5025eb253c20ab1fa970187cf3cebbf3af921b9e776304,unmapped,,,,string,,,https://apply07.grants.gov/apply/forms/schemas/RR_SubawardBudget10_30_3_0-V3.0.xsd,0ed112b2e50f0e0c43423f690201b207f5b9c5a85349335260e4fd999f3a611a,,false
RRSubawardBudget10_30,[Draft] R&R Subaward Budget Attachment(s) Form 10 YR 30 ATT,3.0,budget_attachments.rr_budget_10_3_0[].budget_summary.cumulative_total_funds_requested_direct_indirect_costs,RR_SubawardBudget10_30_3_0.BudgetAttachments.RR_Budget10_3_0.BudgetSummary.CumulativeTotalFundsRequestedDirectIndirectCosts,"Section I, Total Direct and Indirect Costs (G + H)",calculation,,,question:sha256:9a28e5522e893e80542f43c99dba4f0eeb153acfe557af1d90c263ba572d7362,unmapped,,,,string,,,https://apply07.grants.gov/apply/forms/schemas/RR_SubawardBudget10_30_3_0-V3.0.xsd,0ed112b2e50f0e0c43423f690201b207f5b9c5a85349335260e4fd999f3a611a,,false
RRSubawardBudget10_30,[Draft] R&R Subaward Budget Attachment(s) Form 10 YR 30 ATT,3.0,budget_attachments.rr_budget_10_3_0[].budget_summary.cumulative_total_funds_requested_equipment,RR_SubawardBudget10_30_3_0.BudgetAttachments.RR_Budget10_3_0.BudgetSummary.CumulativeTotalFundsRequestedEquipment,"Section C, Equipment",calculation,,,question:sha256:c85cf36a5b7777d61592661218f12ff29ca2bf0dfd64b2ec10de44f01c004420,unmapped,,,,string,,,https://apply07.grants.gov/apply/forms/schemas/RR_SubawardBudget10_30_3_0-V3.0.xsd,0ed112b2e50f0e0c43423f690201b207f5b9c5a85349335260e4fd999f3a611a,,false
RRSubawardBudget10_30,[Draft] R&R Subaward Budget Attachment(s) Form 10 YR 30 ATT,3.0,budget_attachments.rr_budget_10_3_0[].budget_summary.cumulative_total_funds_requested_indirect_cost,RR_SubawardBudget10_30_3_0.BudgetAttachments.RR_Budget10_3_0.BudgetSummary.CumulativeTotalFundsRequestedIndirectCost,"Section H, Indirect Costs",calculation,,,question:sha256:b55468ecee06ad17196a5bc6e03cf25d018151485928cff574f8d04c3c5e71ae,unmapped,,,,string,,,https://apply07.grants.gov/apply/forms/schemas/RR_SubawardBudget10_30_3_0-V3.0.xsd,0ed112b2e50f0e0c43423f690201b207f5b9c5a85349335260e4fd999f3a611a,,false
RRSubawardBudget10_30,[Draft] R&R Subaward Budget Attachment(s) Form 10 YR 30 ATT,3.0,budget_attachments.rr_budget_10_3_0[].budget_summary.cumulative_total_funds_requested_other_direct_costs,RR_SubawardBudget10_30_3_0.BudgetAttachments.RR_Budget10_3_0.BudgetSummary.CumulativeTotalFundsRequestedOtherDirectCosts,"Section F, Other Direct Costs",calculation,,,question:sha256:fc3c2920ca68cde3dec87dfa02952b4d960f6efac06577a80b06659af69164ee,unmapped,,,,string,,,https://apply07.grants.gov/apply/forms/schemas/RR_SubawardBudget10_30_3_0-V3.0.xsd,0ed112b2e50f0e0c43423f690201b207f5b9c5a85349335260e4fd999f3a611a,,false
RRSubawardBudget10_30,[Draft] R&R Subaward Budget Attachment(s) Form 10 YR 30 ATT,3.0,budget_attachments.rr_budget_10_3_0[].budget_summary.cumulative_total_funds_requested_other_personnel,RR_SubawardBudget10_30_3_0.BudgetAttachments.RR_Budget10_3_0.BudgetSummary.CumulativeTotalFundsRequestedOtherPersonnel,"Section B, Other Personnel",calculation,,,question:sha256:4e2a1e42bba7c890d7a9933290f790f731f47bd75b893777b955f30216059cc5,unmapped,,,,string,,,https://apply07.grants.gov/apply/forms/schemas/RR_SubawardBudget10_30_3_0-V3.0.xsd,0ed112b2e50f0e0c43423f690201b207f5b9c5a85349335260e4fd999f3a611a,,false
RRSubawardBudget10_30,[Draft] R&R Subaward Budget Attachment(s) Form 10 YR 30 ATT,3.0,budget_attachments.rr_budget_10_3_0[].budget_summary.cumulative_total_funds_requested_personnel,RR_SubawardBudget10_30_3_0.BudgetAttachments.RR_Budget10_3_0.BudgetSummary.CumulativeTotalFundsRequestedPersonnel,"Total Salary, Wages and Fringe Benefits (A + B)",calculation,,,question:sha256:a8c2e21fbc2e520a50296b5f1ec1f08b3f03fdc96a8144d54481edb1390a7433,unmapped,,,,string,,,https://apply07.grants.gov/apply/forms/schemas/RR_SubawardBudget10_30_3_0-V3.0.xsd,0ed112b2e50f0e0c43423f690201b207f5b9c5a85349335260e4fd999f3a611a,,false
RRSubawardBudget10_30,[Draft] R&R Subaward Budget Attachment(s) Form 10 YR 30 ATT,3.0,budget_attachments.rr_budget_10_3_0[].budget_summary.cumulative_total_funds_requested_senior_key_person,RR_SubawardBudget10_30_3_0.BudgetAttachments.RR_Budget10_3_0.BudgetSummary.CumulativeTotalFundsRequestedSeniorKeyPerson,"Section A, Senior/Key Person",calculation,,,question:sha256:3a68c4e0e872a22e5d66de383f693c35559feef6b63162119e06dc02c420210e,unmapped,,,,string,,,https://apply07.grants.gov/apply/forms/schemas/RR_SubawardBudget10_30_3_0-V3.0.xsd,0ed112b2e50f0e0c43423f690201b207f5b9c5a85349335260e4fd999f3a611a,,false
RRSubawardBudget10_30,[Draft] R&R Subaward Budget Attachment(s) Form 10 YR 30 ATT,3.0,budget_attachments.rr_budget_10_3_0[].budget_summary.cumulative_total_funds_requested_trainee_costs,RR_SubawardBudget10_30_3_0.BudgetAttachments.RR_Budget10_3_0.BudgetSummary.CumulativeTotalFundsRequestedTraineeCosts,"Section E, Participant/Trainee Support Costs",calculation,,,question:sha256:c90178caee348d46af01b8c314d9935f6b5aaa96acae9376167dc6119251f471,unmapped,,,,string,,,https://apply07.grants.gov/apply/forms/schemas/RR_SubawardBudget10_30_3_0-V3.0.xsd,0ed112b2e50f0e0c43423f690201b207f5b9c5a85349335260e4fd999f3a611a,,false
RRSubawardBudget10_30,[Draft] R&R Subaward Budget Attachment(s) Form 10 YR 30 ATT,3.0,budget_attachments.rr_budget_10_3_0[].budget_summary.cumulative_total_funds_requested_travel,RR_SubawardBudget10_30_3_0.BudgetAttachments.RR_Budget10_3_0.BudgetSummary.CumulativeTotalFundsRequestedTravel,"Section D, Travel",calculation,,,question:sha256:8f02d33dcf52b3ccd439f3f4057ea4ce91171c152bc264aced65037acda3f49f,unmapped,,,,string,,,https://apply07.grants.gov/apply/forms/schemas/RR_SubawardBudget10_30_3_0-V3.0.xsd,0ed112b2e50f0e0c43423f690201b207f5b9c5a85349335260e4fd999f3a611a,,false
RRSubawardBudget10_30,[Draft] R&R Subaward Budget Attachment(s) Form 10 YR 30 ATT,3.0,budget_attachments.rr_budget_10_3_0[].budget_summary.cumulative_total_no_other_personnel,RR_SubawardBudget10_30_3_0.BudgetAttachments.RR_Budget10_3_0.BudgetSummary.CumulativeTotalNoOtherPersonnel,Total Number Other Personnel,calculation,,,question:sha256:ba68c747efdba9e071cdce0e2179de85e4e7eb55017fd5aac320977ab0b3b7b1,unmapped,,,,integer,,,https://apply07.grants.gov/apply/forms/schemas/RR_SubawardBudget10_30_3_0-V3.0.xsd,0ed112b2e50f0e0c43423f690201b207f5b9c5a85349335260e4fd999f3a611a,,false
RRSubawardBudget10_30,[Draft] R&R Subaward Budget Attachment(s) Form 10 YR 30 ATT,3.0,budget_attachments.rr_budget_10_3_0[].budget_summary.cumulative_trainee_stipends,RR_SubawardBudget10_30_3_0.BudgetAttachments.RR_Budget10_3_0.BudgetSummary.CumulativeTraineeStipends,2. Stipends,calculation,,,question:sha256:2f7a2be654479443b6af2f10dfa7d64cf9f8442b1d3ca6e74ee61da45ff4ec84,unmapped,,,,string,,,https://apply07.grants.gov/apply/forms/schemas/RR_SubawardBudget10_30_3_0-V3.0.xsd,0ed112b2e50f0e0c43423f690201b207f5b9c5a85349335260e4fd999f3a611a,,false
RRSubawardBudget10_30,[Draft] R&R Subaward Budget Attachment(s) Form 10 YR 30 ATT,3.0,budget_attachments.rr_budget_10_3_0[].budget_summary.cumulative_trainee_subsistence,RR_SubawardBudget10_30_3_0.BudgetAttachments.RR_Budget10_3_0.BudgetSummary.CumulativeTraineeSubsistence,4. Subsistence,calculation,,,question:sha256:48017148a957194ae964e3afdbc3e8e36d4f8fd78e9bca2f42f73897b5801db2,unmapped,,,,string,,,https://apply07.grants.gov/apply/forms/schemas/RR_SubawardBudget10_30_3_0-V3.0.xsd,0ed112b2e50f0e0c43423f690201b207f5b9c5a85349335260e4fd999f3a611a,,false
RRSubawardBudget10_30,[Draft] R&R Subaward Budget Attachment(s) Form 10 YR 30 ATT,3.0,budget_attachments.rr_budget_10_3_0[].budget_summary.cumulative_trainee_travel,RR_SubawardBudget10_30_3_0.BudgetAttachments.RR_Budget10_3_0.BudgetSummary.CumulativeTraineeTravel,3. Travel,calculation,,,question:sha256:112627b9c98c449d7369b14d47404e315bb7aca63f271c6fec473a36aa7f28ca,unmapped,,,,string,,,https://apply07.grants.gov/apply/forms/schemas/RR_SubawardBudget10_30_3_0-V3.0.xsd,0ed112b2e50f0e0c43423f690201b207f5b9c5a85349335260e4fd999f3a611a,,false
RRSubawardBudget10_30,[Draft] R&R Subaward Budget Attachment(s) Form 10 YR 30 ATT,3.0,budget_attachments.rr_budget_10_3_0[].budget_summary.cumulative_trainee_tuition_fees_health_insurance,RR_SubawardBudget10_30_3_0.BudgetAttachments.RR_Budget10_3_0.BudgetSummary.CumulativeTraineeTuitionFeesHealthInsurance,1. Tuition/Fees/Health Insurance,calculation,,,question:sha256:c0b08b51345a269f49f87a51f76a2f3dcbc3b909316731b2e252a2cb3282279f,unmapped,,,,string,,,https://apply07.grants.gov/apply/forms/schemas/RR_SubawardBudget10_30_3_0-V3.0.xsd,0ed112b2e50f0e0c43423f690201b207f5b9c5a85349335260e4fd999f3a611a,,false
RRSubawardBudget10_30,[Draft] R&R Subaward Budget Attachment(s) Form 10 YR 30 ATT,3.0,budget_attachments.rr_budget_10_3_0[].budget_type,RR_SubawardBudget10_30_3_0.BudgetAttachments.RR_Budget10_3_0.BudgetType,Budget Type:,question,concept:budget:research:budget-type,concept:budget:research:budget-type,question:sha256:8e7a0f5c516ca1df2f37e448f0ac74c35bde0da4271cd36cdc26b6c1e13bc4e0,agent_proposed,,,,string,,,https://apply07.grants.gov/apply/forms/schemas/RR_SubawardBudget10_30_3_0-V3.0.xsd,0ed112b2e50f0e0c43423f690201b207f5b9c5a85349335260e4fd999f3a611a,,false
RRSubawardBudget10_30,[Draft] R&R Subaward Budget Attachment(s) Form 10 YR 30 ATT,3.0,budget_attachments.rr_budget_10_3_0[].budget_year[].budget_period_end_date,RR_SubawardBudget10_30_3_0.BudgetAttachments.RR_Budget10_3_0.BudgetYear.BudgetPeriodEndDate,End Date:,question,concept:budget:period:end-date,concept:budget:period:end-date,question:sha256:83b1d2ed56331e5c56602bd9778d099f0923f1ac2c6a22aaff029668c97262cd,agent_proposed,,,,string,,,https://apply07.grants.gov/apply/forms/schemas/RR_SubawardBudget10_30_3_0-V3.0.xsd,0ed112b2e50f0e0c43423f690201b207f5b9c5a85349335260e4fd999f3a611a,,false
RRSubawardBudget10_30,[Draft] R&R Subaward Budget Attachment(s) Form 10 YR 30 ATT,3.0,budget_attachments.rr_budget_10_3_0[].budget_year[].budget_period_start_date,RR_SubawardBudget10_30_3_0.BudgetAttachments.RR_Budget10_3_0.BudgetYear.BudgetPeriodStartDate,Start Date:,question,concept:budget:period:start-date,concept:budget:period:start-date,question:sha256:78c7a6542a7067ef31718b468ab66a27a2eba949b0c754881bcf20930afe0efb,agent_proposed,,,,string,,,https://apply07.grants.gov/apply/forms/schemas/RR_SubawardBudget10_30_3_0-V3.0.xsd,0ed112b2e50f0e0c43423f690201b207f5b9c5a85349335260e4fd999f3a611a,,false
RRSubawardBudget10_30,[Draft] R&R Subaward Budget Attachment(s) Form 10 YR 30 ATT,3.0,budget_attachments.rr_budget_10_3_0[].budget_year[].cognizant_federal_agency,RR_SubawardBudget10_30_3_0.BudgetAttachments.RR_Budget10_3_0.BudgetYear.CognizantFederalAgency,"Cognizant Federal Agency (Agency Name, POC Name, and POC Phone Number)",question,concept:budget:indirect:cognizant-agency,concept:budget:indirect:cognizant-agency,question:sha256:54ae90e1609f14ae80218262c75f67daa555ec1dd0cbfe03b9a055f9cf6aee3b,agent_proposed,,,,string,,,https://apply07.grants.gov/apply/forms/schemas/RR_SubawardBudget10_30_3_0-V3.0.xsd,0ed112b2e50f0e0c43423f690201b207f5b9c5a85349335260e4fd999f3a611a,,false
RRSubawardBudget10_30,[Draft] R&R Subaward Budget Attachment(s) Form 10 YR 30 ATT,3.0,budget_attachments.rr_budget_10_3_0[].budget_year[].direct_costs,RR_SubawardBudget10_30_3_0.BudgetAttachments.RR_Budget10_3_0.BudgetYear.DirectCosts,Total Direct Costs (A thru F),calculation,,,question:sha256:c4840642caa33ddaa396b8622b671aff5b8c91ea6c4c210a139fdebfc4032a81,unmapped,,,,string,,,https://apply07.grants.gov/apply/forms/schemas/RR_SubawardBudget10_30_3_0-V3.0.xsd,0ed112b2e50f0e0c43423f690201b207f5b9c5a85349335260e4fd999f3a611a,,false
RRSubawardBudget10_30,[Draft] R&R Subaward Budget Attachment(s) Form 10 YR 30 ATT,3.0,budget_attachments.rr_budget_10_3_0[].budget_year[].equipment.additional_equipments_attachment,RR_SubawardBudget10_30_3_0.BudgetAttachments.RR_Budget10_3_0.BudgetYear.Equipment.AdditionalEquipmentsAttachment,Additional Equipment:,question,concept:attachment:equipment-list,concept:attachment:equipment-list,question:sha256:8d0a4d60bdeb4717f4577074ff5152fd2c152eedddd838fafd0c17420902d32d,agent_proposed,,,,,,,https://apply07.grants.gov/apply/forms/schemas/RR_SubawardBudget10_30_3_0-V3.0.xsd,0ed112b2e50f0e0c43423f690201b207f5b9c5a85349335260e4fd999f3a611a,,false
RRSubawardBudget10_30,[Draft] R&R Subaward Budget Attachment(s) Form 10 YR 30 ATT,3.0,budget_attachments.rr_budget_10_3_0[].budget_year[].equipment.equipment_list[].equipment_item,RR_SubawardBudget10_30_3_0.BudgetAttachments.RR_Budget10_3_0.BudgetYear.Equipment.EquipmentList.EquipmentItem,Equipment Item,question,concept:budget:equipment:item,concept:budget:equipment:item,question:sha256:43cb18df02c2c5110fb976ffc5b1f1228fb5a39b1ff43811d629e7062e1c8f30,agent_proposed,,,,string,,,https://apply07.grants.gov/apply/forms/schemas/RR_SubawardBudget10_30_3_0-V3.0.xsd,0ed112b2e50f0e0c43423f690201b207f5b9c5a85349335260e4fd999f3a611a,,false
RRSubawardBudget10_30,[Draft] R&R Subaward Budget Attachment(s) Form 10 YR 30 ATT,3.0,budget_attachments.rr_budget_10_3_0[].budget_year[].equipment.equipment_list[].funds_requested,RR_SubawardBudget10_30_3_0.BudgetAttachments.RR_Budget10_3_0.BudgetYear.Equipment.EquipmentList.FundsRequested,Equipment Item Funds Requested,question,concept:budget:funds-requested,concept:budget:funds-requested,question:sha256:7244f292d0f20fdbcaa1931ae8036dda31c9177d8ea9bdb746e5f34ceb0626ff,agent_proposed,,,,string,,,https://apply07.grants.gov/apply/forms/schemas/RR_SubawardBudget10_30_3_0-V3.0.xsd,0ed112b2e50f0e0c43423f690201b207f5b9c5a85349335260e4fd999f3a611a,,false
RRSubawardBudget10_30,[Draft] R&R Subaward Budget Attachment(s) Form 10 YR 30 ATT,3.0,budget_attachments.rr_budget_10_3_0[].budget_year[].equipment.total_fund,RR_SubawardBudget10_30_3_0.BudgetAttachments.RR_Budget10_3_0.BudgetYear.Equipment.TotalFund,Total Equipment,calculation,,concept:budget:category:equipment,question:sha256:123384bfdaae7280447dfd83f0f5d5d49ca9072c38c6932e4a5c8ca335114f9f,excluded_non_question,,,,string,,,https://apply07.grants.gov/apply/forms/schemas/RR_SubawardBudget10_30_3_0-V3.0.xsd,0ed112b2e50f0e0c43423f690201b207f5b9c5a85349335260e4fd999f3a611a,,false
RRSubawardBudget10_30,[Draft] R&R Subaward Budget Attachment(s) Form 10 YR 30 ATT,3.0,budget_attachments.rr_budget_10_3_0[].budget_year[].equipment.total_fund_for_attached_equipment,RR_SubawardBudget10_30_3_0.BudgetAttachments.RR_Budget10_3_0.BudgetYear.Equipment.TotalFundForAttachedEquipment,Total funds requested for all equipment listed in the attached file,question,concept:budget:research:attached-equipment-total,concept:budget:research:attached-equipment-total,question:sha256:482f072da2ddb10cd83d76e7a3a3b343d10fd6ac64b0772c34a3c8a596bb33dc,agent_proposed,,,,string,,,https://apply07.grants.gov/apply/forms/schemas/RR_SubawardBudget10_30_3_0-V3.0.xsd,0ed112b2e50f0e0c43423f690201b207f5b9c5a85349335260e4fd999f3a611a,,false
RRSubawardBudget10_30,[Draft] R&R Subaward Budget Attachment(s) Form 10 YR 30 ATT,3.0,budget_attachments.rr_budget_10_3_0[].budget_year[].fee,RR_SubawardBudget10_30_3_0.BudgetAttachments.RR_Budget10_3_0.BudgetYear.Fee,Fee,question,concept:budget:fee,concept:budget:fee,question:sha256:d671e830a403cedacef0e99e92ad9fd660b43f6b8379a6d1728b92a273cf9ce2,agent_proposed,,,,string,,,https://apply07.grants.gov/apply/forms/schemas/RR_SubawardBudget10_30_3_0-V3.0.xsd,0ed112b2e50f0e0c43423f690201b207f5b9c5a85349335260e4fd999f3a611a,,false
RRSubawardBudget10_30,[Draft] R&R Subaward Budget Attachment(s) Form 10 YR 30 ATT,3.0,budget_attachments.rr_budget_10_3_0[].budget_year[].indirect_costs.indirect_cost[].base,RR_SubawardBudget10_30_3_0.BudgetAttachments.RR_Budget10_3_0.BudgetYear.IndirectCosts.IndirectCost.Base,Indirect Cost Base,question,concept:budget:indirect:base,concept:budget:indirect:base,question:sha256:ee03173e6e7db1b923f64e6477e9251d25c0933e798b7625ff72495ea14a5b7f,agent_proposed,,,,string,,,https://apply07.grants.gov/apply/forms/schemas/RR_SubawardBudget10_30_3_0-V3.0.xsd,0ed112b2e50f0e0c43423f690201b207f5b9c5a85349335260e4fd999f3a611a,,false
RRSubawardBudget10_30,[Draft] R&R Subaward Budget Attachment(s) Form 10 YR 30 ATT,3.0,budget_attachments.rr_budget_10_3_0[].budget_year[].indirect_costs.indirect_cost[].cost_type,RR_SubawardBudget10_30_3_0.BudgetAttachments.RR_Budget10_3_0.BudgetYear.IndirectCosts.IndirectCost.CostType,Indirect Cost Type,question,concept:budget:indirect:cost-type,concept:budget:indirect:cost-type,question:sha256:158e665227dd0f83ccf05e81f452a94d6e73d5ca3a6d8b78a6370fee873d72a9,agent_proposed,,,,string,,,https://apply07.grants.gov/apply/forms/schemas/RR_SubawardBudget10_30_3_0-V3.0.xsd,0ed112b2e50f0e0c43423f690201b207f5b9c5a85349335260e4fd999f3a611a,,false
RRSubawardBudget10_30,[Draft] R&R Subaward Budget Attachment(s) Form 10 YR 30 ATT,3.0,budget_attachments.rr_budget_10_3_0[].budget_year[].indirect_costs.indirect_cost[].fund_requested,RR_SubawardBudget10_30_3_0.BudgetAttachments.RR_Budget10_3_0.BudgetYear.IndirectCosts.IndirectCost.FundRequested,Indirect Costs Funds Requested,question,concept:budget:funds-requested,concept:budget:funds-requested,question:sha256:98b9cc391a2da7105daffeead522710f1084a1a792b3cdd81abdfa6456a0ca04,agent_proposed,,,,string,,,https://apply07.grants.gov/apply/forms/schemas/RR_SubawardBudget10_30_3_0-V3.0.xsd,0ed112b2e50f0e0c43423f690201b207f5b9c5a85349335260e4fd999f3a611a,,false
RRSubawardBudget10_30,[Draft] R&R Subaward Budget Attachment(s) Form 10 YR 30 ATT,3.0,budget_attachments.rr_budget_10_3_0[].budget_year[].indirect_costs.indirect_cost[].rate,RR_SubawardBudget10_30_3_0.BudgetAttachments.RR_Budget10_3_0.BudgetYear.IndirectCosts.IndirectCost.Rate,Indirect Cost Rate,question,concept:budget:indirect:rate,concept:budget:indirect:rate,question:sha256:50a7a74653f166eef1cbd8cccc00b2124169e9168e69a03b48573e5b74956424,agent_proposed,,,,string,,,https://apply07.grants.gov/apply/forms/schemas/RR_SubawardBudget10_30_3_0-V3.0.xsd,0ed112b2e50f0e0c43423f690201b207f5b9c5a85349335260e4fd999f3a611a,,false
RRSubawardBudget10_30,[Draft] R&R Subaward Budget Attachment(s) Form 10 YR 30 ATT,3.0,budget_attachments.rr_budget_10_3_0[].budget_year[].indirect_costs.total_indirect_costs,RR_SubawardBudget10_30_3_0.BudgetAttachments.RR_Budget10_3_0.BudgetYear.IndirectCosts.TotalIndirectCosts,Total Indirect Costs,calculation,,concept:budget:category:indirect,question:sha256:1dd7c82a09f7c1426d614aca0f0cc63b6d3fac4e8ee5247267517bc8dcaf0fb7,excluded_non_question,,,,string,,,https://apply07.grants.gov/apply/forms/schemas/RR_SubawardBudget10_30_3_0-V3.0.xsd,0ed112b2e50f0e0c43423f690201b207f5b9c5a85349335260e4fd999f3a611a,,false
RRSubawardBudget10_30,[Draft] R&R Subaward Budget Attachment(s) Form 10 YR 30 ATT,3.0,budget_attachments.rr_budget_10_3_0[].budget_year[].key_persons.attached_key_persons,RR_SubawardBudget10_30_3_0.BudgetAttachments.RR_Budget10_3_0.BudgetYear.KeyPersons.AttachedKeyPersons,Additional Senior Key Persons:,question,concept:attachment:key-person-list,concept:attachment:key-person-list,question:sha256:91f61fd308b08f88512af660d7d52044eaba3f2ee453e3274c2435c95c26d431,agent_proposed,,,,,,,https://apply07.grants.gov/apply/forms/schemas/RR_SubawardBudget10_30_3_0-V3.0.xsd,0ed112b2e50f0e0c43423f690201b207f5b9c5a85349335260e4fd999f3a611a,,false
RRSubawardBudget10_30,[Draft] R&R Subaward Budget Attachment(s) Form 10 YR 30 ATT,3.0,budget_attachments.rr_budget_10_3_0[].budget_year[].key_persons.key_person[].academic_months,RR_SubawardBudget10_30_3_0.BudgetAttachments.RR_Budget10_3_0.BudgetYear.KeyPersons.KeyPerson.AcademicMonths,Senior/Key Person Academic Months,question,concept:budget:personnel:academic-months,concept:budget:personnel:academic-months,question:sha256:5accd2f8a11700846e4296871a26e386e3ccd588a93711d078a3831e90debd34,agent_proposed,,,,string,,,https://apply07.grants.gov/apply/forms/schemas/RR_SubawardBudget10_30_3_0-V3.0.xsd,0ed112b2e50f0e0c43423f690201b207f5b9c5a85349335260e4fd999f3a611a,,false
RRSubawardBudget10_30,[Draft] R&R Subaward Budget Attachment(s) Form 10 YR 30 ATT,3.0,budget_attachments.rr_budget_10_3_0[].budget_year[].key_persons.key_person[].base_salary,RR_SubawardBudget10_30_3_0.BudgetAttachments.RR_Budget10_3_0.BudgetYear.KeyPersons.KeyPerson.BaseSalary,Senior/Key Person Base Salary,question,concept:budget:personnel:base-salary,concept:budget:personnel:base-salary,question:sha256:0a815989cb2c4ae6ed6320d5310c88c37906c26d307fd55960ab8f671de46aa4,agent_proposed,,,,string,,,https://apply07.grants.gov/apply/forms/schemas/RR_SubawardBudget10_30_3_0-V3.0.xsd,0ed112b2e50f0e0c43423f690201b207f5b9c5a85349335260e4fd999f3a611a,,false
RRSubawardBudget10_30,[Draft] R&R Subaward Budget Attachment(s) Form 10 YR 30 ATT,3.0,budget_attachments.rr_budget_10_3_0[].budget_year[].key_persons.key_person[].calendar_months,RR_SubawardBudget10_30_3_0.BudgetAttachments.RR_Budget10_3_0.BudgetYear.KeyPersons.KeyPerson.CalendarMonths,Senior/Key Person Calendar Months,question,concept:budget:personnel:calendar-months,concept:budget:personnel:calendar-months,question:sha256:a06c705cf62e3e5ee55dec8ca6f5f491dcbc9c341436805db9d52a4fbebcdf60,agent_proposed,,,,string,,,https://apply07.grants.gov/apply/forms/schemas/RR_SubawardBudget10_30_3_0-V3.0.xsd,0ed112b2e50f0e0c43423f690201b207f5b9c5a85349335260e4fd999f3a611a,,false
RRSubawardBudget10_30,[Draft] R&R Subaward Budget Attachment(s) Form 10 YR 30 ATT,3.0,budget_attachments.rr_budget_10_3_0[].budget_year[].key_persons.key_person[].fringe_benefits,RR_SubawardBudget10_30_3_0.BudgetAttachments.RR_Budget10_3_0.BudgetYear.KeyPersons.KeyPerson.FringeBenefits,Senior/Key Person Fringe Benefits,question,concept:budget:personnel:fringe-benefits,concept:budget:personnel:fringe-benefits,question:sha256:063a9ccd03e609168150a6b5b3b41003e2151cb2f6f92787f03dd0ccbb88d48c,agent_proposed,,,,string,,,https://apply07.grants.gov/apply/forms/schemas/RR_SubawardBudget10_30_3_0-V3.0.xsd,0ed112b2e50f0e0c43423f690201b207f5b9c5a85349335260e4fd999f3a611a,,false
RRSubawardBudget10_30,[Draft] R&R Subaward Budget Attachment(s) Form 10 YR 30 ATT,3.0,budget_attachments.rr_budget_10_3_0[].budget_year[].key_persons.key_person[].funds_requested,RR_SubawardBudget10_30_3_0.BudgetAttachments.RR_Budget10_3_0.BudgetYear.KeyPersons.KeyPerson.FundsRequested,Senior/Key Person Funds Requested,calculation,,concept:budget:funds-requested,question:sha256:ae862eb387090615d8baef8ebd603825525d38d38920b7494850306a4bcc7eae,excluded_non_question,,,,string,,,https://apply07.grants.gov/apply/forms/schemas/RR_SubawardBudget10_30_3_0-V3.0.xsd,0ed112b2e50f0e0c43423f690201b207f5b9c5a85349335260e4fd999f3a611a,,false
RRSubawardBudget10_30,[Draft] R&R Subaward Budget Attachment(s) Form 10 YR 30 ATT,3.0,budget_attachments.rr_budget_10_3_0[].budget_year[].key_persons.key_person[].name.first_name,RR_SubawardBudget10_30_3_0.BudgetAttachments.RR_Budget10_3_0.BudgetYear.KeyPersons.KeyPerson.Name.FirstName,First Name,question,concept:role:key-person:name:first,concept:role:key-person:name:first,question:sha256:eb6af5cac558631ea13eabf5ab6fe84ad3e7e6f7542c88029e58c8a7b62c14a8,agent_proposed,,,,string,,,https://apply07.grants.gov/apply/forms/schemas/RR_SubawardBudget10_30_3_0-V3.0.xsd,0ed112b2e50f0e0c43423f690201b207f5b9c5a85349335260e4fd999f3a611a,,false
RRSubawardBudget10_30,[Draft] R&R Subaward Budget Attachment(s) Form 10 YR 30 ATT,3.0,budget_attachments.rr_budget_10_3_0[].budget_year[].key_persons.key_person[].name.last_name,RR_SubawardBudget10_30_3_0.BudgetAttachments.RR_Budget10_3_0.BudgetYear.KeyPersons.KeyPerson.Name.LastName,Last Name,question,concept:role:key-person:name:last,concept:role:key-person:name:last,question:sha256:e2f51caec55426625ce1a694d769928cc6ab78845edd57d7703b4d4a7d5ab18c,agent_proposed,,,,string,,,https://apply07.grants.gov/apply/forms/schemas/RR_SubawardBudget10_30_3_0-V3.0.xsd,0ed112b2e50f0e0c43423f690201b207f5b9c5a85349335260e4fd999f3a611a,,false
RRSubawardBudget10_30,[Draft] R&R Subaward Budget Attachment(s) Form 10 YR 30 ATT,3.0,budget_attachments.rr_budget_10_3_0[].budget_year[].key_persons.key_person[].name.middle_name,RR_SubawardBudget10_30_3_0.BudgetAttachments.RR_Budget10_3_0.BudgetYear.KeyPersons.KeyPerson.Name.MiddleName,Middle Name,question,concept:role:key-person:name:middle,concept:role:key-person:name:middle,question:sha256:26ad49fc6db440b40bccc613e1d8b480ebc9422d9c86d41b65104aea73e2f239,agent_proposed,,,,string,,,https://apply07.grants.gov/apply/forms/schemas/RR_SubawardBudget10_30_3_0-V3.0.xsd,0ed112b2e50f0e0c43423f690201b207f5b9c5a85349335260e4fd999f3a611a,,false
RRSubawardBudget10_30,[Draft] R&R Subaward Budget Attachment(s) Form 10 YR 30 ATT,3.0,budget_attachments.rr_budget_10_3_0[].budget_year[].key_persons.key_person[].name.prefix_name,RR_SubawardBudget10_30_3_0.BudgetAttachments.RR_Budget10_3_0.BudgetYear.KeyPersons.KeyPerson.Name.PrefixName,Prefix,question,concept:role:key-person:name:prefix,concept:role:key-person:name:prefix,question:sha256:ba5b54d36d49853d790cb1d035c138d656d4577c814ecb6d69b34a7aa8aafd80,agent_proposed,,,,string,,,https://apply07.grants.gov/apply/forms/schemas/RR_SubawardBudget10_30_3_0-V3.0.xsd,0ed112b2e50f0e0c43423f690201b207f5b9c5a85349335260e4fd999f3a611a,,false
RRSubawardBudget10_30,[Draft] R&R Subaward Budget Attachment(s) Form 10 YR 30 ATT,3.0,budget_attachments.rr_budget_10_3_0[].budget_year[].key_persons.key_person[].name.suffix_name,RR_SubawardBudget10_30_3_0.BudgetAttachments.RR_Budget10_3_0.BudgetYear.KeyPersons.KeyPerson.Name.SuffixName,Suffix,question,concept:role:key-person:name:suffix,concept:role:key-person:name:suffix,question:sha256:0703e9fd1efd9edeed58fc1c69aa496224f47b5b8c775e71b7fbc196dd96489b,agent_proposed,,,,string,,,https://apply07.grants.gov/apply/forms/schemas/RR_SubawardBudget10_30_3_0-V3.0.xsd,0ed112b2e50f0e0c43423f690201b207f5b9c5a85349335260e4fd999f3a611a,,false
RRSubawardBudget10_30,[Draft] R&R Subaward Budget Attachment(s) Form 10 YR 30 ATT,3.0,budget_attachments.rr_budget_10_3_0[].budget_year[].key_persons.key_person[].project_role,RR_SubawardBudget10_30_3_0.BudgetAttachments.RR_Budget10_3_0.BudgetYear.KeyPersons.KeyPerson.ProjectRole,Project Role:,question,concept:research-person:project-role,concept:research-person:project-role,question:sha256:08586c0425a9a7376f08e7547a00221d86dbacd46f872acd390bab981f22aa14,agent_proposed,,,,string,,,https://apply07.grants.gov/apply/forms/schemas/RR_SubawardBudget10_30_3_0-V3.0.xsd,0ed112b2e50f0e0c43423f690201b207f5b9c5a85349335260e4fd999f3a611a,,false
RRSubawardBudget10_30,[Draft] R&R Subaward Budget Attachment(s) Form 10 YR 30 ATT,3.0,budget_attachments.rr_budget_10_3_0[].budget_year[].key_persons.key_person[].requested_salary,RR_SubawardBudget10_30_3_0.BudgetAttachments.RR_Budget10_3_0.BudgetYear.KeyPersons.KeyPerson.RequestedSalary,Senior/Key Person Requested Salary,question,concept:budget:personnel:requested-salary,concept:budget:personnel:requested-salary,question:sha256:90b09916b26a606d45d43883418daeb56da4aee708fe75f712936ab3856afb8c,agent_proposed,,,,string,,,https://apply07.grants.gov/apply/forms/schemas/RR_SubawardBudget10_30_3_0-V3.0.xsd,0ed112b2e50f0e0c43423f690201b207f5b9c5a85349335260e4fd999f3a611a,,false
RRSubawardBudget10_30,[Draft] R&R Subaward Budget Attachment(s) Form 10 YR 30 ATT,3.0,budget_attachments.rr_budget_10_3_0[].budget_year[].key_persons.key_person[].summer_months,RR_SubawardBudget10_30_3_0.BudgetAttachments.RR_Budget10_3_0.BudgetYear.KeyPersons.KeyPerson.SummerMonths,Senior/Key Person Summer Months,question,concept:budget:personnel:summer-months,concept:budget:personnel:summer-months,question:sha256:230b21e4dde1a16c54d599680a7b36cefb35c3134c609eca19bc93db08b7b786,agent_proposed,,,,string,,,https://apply07.grants.gov/apply/forms/schemas/RR_SubawardBudget10_30_3_0-V3.0.xsd,0ed112b2e50f0e0c43423f690201b207f5b9c5a85349335260e4fd999f3a611a,,false
RRSubawardBudget10_30,[Draft] R&R Subaward Budget Attachment(s) Form 10 YR 30 ATT,3.0,budget_attachments.rr_budget_10_3_0[].budget_year[].key_persons.total_fund_for_attached_key_persons,RR_SubawardBudget10_30_3_0.BudgetAttachments.RR_Budget10_3_0.BudgetYear.KeyPersons.TotalFundForAttachedKeyPersons,Total Funds requested for all Senior Key Persons in the attached file,question,concept:budget:research:attached-key-person-total,concept:budget:research:attached-key-person-total,question:sha256:d7c27af4db5ee1eb522cb54f22d24b4a5f995b2692dd8bef7e065d26f95aded3,agent_proposed,,,,string,,,https://apply07.grants.gov/apply/forms/schemas/RR_SubawardBudget10_30_3_0-V3.0.xsd,0ed112b2e50f0e0c43423f690201b207f5b9c5a85349335260e4fd999f3a611a,,false
RRSubawardBudget10_30,[Draft] R&R Subaward Budget Attachment(s) Form 10 YR 30 ATT,3.0,budget_attachments.rr_budget_10_3_0[].budget_year[].key_persons.total_fund_for_key_persons,RR_SubawardBudget10_30_3_0.BudgetAttachments.RR_Budget10_3_0.BudgetYear.KeyPersons.TotalFundForKeyPersons,Total Senior/Key Person,calculation,,,question:sha256:24f87ffb29d4cdca05f2e84fb00cb8e186aa06591d2df048047ab8a62107b102,unmapped,,,,string,,,https://apply07.grants.gov/apply/forms/schemas/RR_SubawardBudget10_30_3_0-V3.0.xsd,0ed112b2e50f0e0c43423f690201b207f5b9c5a85349335260e4fd999f3a611a,,false
RRSubawardBudget10_30,[Draft] R&R Subaward Budget Attachment(s) Form 10 YR 30 ATT,3.0,budget_attachments.rr_budget_10_3_0[].budget_year[].other_direct_costs.adp_computer_services,RR_SubawardBudget10_30_3_0.BudgetAttachments.RR_Budget10_3_0.BudgetYear.OtherDirectCosts.ADPComputerServices,4. ADP/Computer Services,question,concept:budget:other-direct:computer-services,concept:budget:other-direct:computer-services,question:sha256:b41771df1f11344a838d9d7fe450a4157a6aa172af0af6b34074ce3fb06630c2,agent_proposed,,,,string,,,https://apply07.grants.gov/apply/forms/schemas/RR_SubawardBudget10_30_3_0-V3.0.xsd,0ed112b2e50f0e0c43423f690201b207f5b9c5a85349335260e4fd999f3a611a,,false
RRSubawardBudget10_30,[Draft] R&R Subaward Budget Attachment(s) Form 10 YR 30 ATT,3.0,budget_attachments.rr_budget_10_3_0[].budget_year[].other_direct_costs.alterations_renovations,RR_SubawardBudget10_30_3_0.BudgetAttachments.RR_Budget10_3_0.BudgetYear.OtherDirectCosts.AlterationsRenovations,7. Alterations and Renovations,question,concept:budget:other-direct:alterations-renovations,concept:budget:other-direct:alterations-renovations,question:sha256:bb4d95fca2073221c864caff99ebac537e5c5260881bd55b25cbb03f84d82f91,agent_proposed,,,,string,,,https://apply07.grants.gov/apply/forms/schemas/RR_SubawardBudget10_30_3_0-V3.0.xsd,0ed112b2e50f0e0c43423f690201b207f5b9c5a85349335260e4fd999f3a611a,,false
RRSubawardBudget10_30,[Draft] R&R Subaward Budget Attachment(s) Form 10 YR 30 ATT,3.0,budget_attachments.rr_budget_10_3_0[].budget_year[].other_direct_costs.consultant_services,RR_SubawardBudget10_30_3_0.BudgetAttachments.RR_Budget10_3_0.BudgetYear.OtherDirectCosts.ConsultantServices,3. Consultant Services,question,concept:budget:other-direct:consultant,concept:budget:other-direct:consultant,question:sha256:062631acf88548ea0fea4c40b13172fd72e26cee2805a8ac96d8588d1ca68e19,agent_proposed,,,,string,,,https://apply07.grants.gov/apply/forms/schemas/RR_SubawardBudget10_30_3_0-V3.0.xsd,0ed112b2e50f0e0c43423f690201b207f5b9c5a85349335260e4fd999f3a611a,,false
RRSubawardBudget10_30,[Draft] R&R Subaward Budget Attachment(s) Form 10 YR 30 ATT,3.0,budget_attachments.rr_budget_10_3_0[].budget_year[].other_direct_costs.equipment_rental_fee,RR_SubawardBudget10_30_3_0.BudgetAttachments.RR_Budget10_3_0.BudgetYear.OtherDirectCosts.EquipmentRentalFee,6. Equipment or Facility Rental/User Fees,question,concept:budget:other-direct:equipment-rental,concept:budget:other-direct:equipment-rental,question:sha256:83e2d00993c455635fb51c01f597496c3776865f4c1a6e10363dab71a2950483,agent_proposed,,,,string,,,https://apply07.grants.gov/apply/forms/schemas/RR_SubawardBudget10_30_3_0-V3.0.xsd,0ed112b2e50f0e0c43423f690201b207f5b9c5a85349335260e4fd999f3a611a,,false
RRSubawardBudget10_30,[Draft] R&R Subaward Budget Attachment(s) Form 10 YR 30 ATT,3.0,budget_attachments.rr_budget_10_3_0[].budget_year[].other_direct_costs.materials_supplies,RR_SubawardBudget10_30_3_0.BudgetAttachments.RR_Budget10_3_0.BudgetYear.OtherDirectCosts.MaterialsSupplies,1. Materials and Supplies,question,concept:budget:other-direct:materials-supplies,concept:budget:other-direct:materials-supplies,question:sha256:a04ec4b097abb860d7a9370125cd335b258c7027f4338ac46f49ef64d13378e7,agent_proposed,,,,string,,,https://apply07.grants.gov/apply/forms/schemas/RR_SubawardBudget10_30_3_0-V3.0.xsd,0ed112b2e50f0e0c43423f690201b207f5b9c5a85349335260e4fd999f3a611a,,false
RRSubawardBudget10_30,[Draft] R&R Subaward Budget Attachment(s) Form 10 YR 30 ATT,3.0,budget_attachments.rr_budget_10_3_0[].budget_year[].other_direct_costs.other_direct_cost_1.cost,RR_SubawardBudget10_30_3_0.BudgetAttachments.RR_Budget10_3_0.BudgetYear.OtherDirectCosts.OtherDirectCost1.Cost,Additional Other Direct Cost Funds Requested,question,concept:budget:line:cost,concept:budget:line:cost,question:sha256:0665585eae29a1d6c78cf53f70159f42c45c856d099bcab96b23b397224822ef,agent_proposed,,,,string,,,https://apply07.grants.gov/apply/forms/schemas/RR_SubawardBudget10_30_3_0-V3.0.xsd,0ed112b2e50f0e0c43423f690201b207f5b9c5a85349335260e4fd999f3a611a,,false
RRSubawardBudget10_30,[Draft] R&R Subaward Budget Attachment(s) Form 10 YR 30 ATT,3.0,budget_attachments.rr_budget_10_3_0[].budget_year[].other_direct_costs.other_direct_cost_1.description,RR_SubawardBudget10_30_3_0.BudgetAttachments.RR_Budget10_3_0.BudgetYear.OtherDirectCosts.OtherDirectCost1.Description,Additional Other Direct Cost Description,question,concept:budget:line:description,concept:budget:line:description,question:sha256:c6b0a9c4f53920344f4666606edf760d641038fca51669c2bd66bd80089c32d0,agent_proposed,,,,string,,,https://apply07.grants.gov/apply/forms/schemas/RR_SubawardBudget10_30_3_0-V3.0.xsd,0ed112b2e50f0e0c43423f690201b207f5b9c5a85349335260e4fd999f3a611a,,false
RRSubawardBudget10_30,[Draft] R&R Subaward Budget Attachment(s) Form 10 YR 30 ATT,3.0,budget_attachments.rr_budget_10_3_0[].budget_year[].other_direct_costs.other_direct_cost_10.cost,RR_SubawardBudget10_30_3_0.BudgetAttachments.RR_Budget10_3_0.BudgetYear.OtherDirectCosts.OtherDirectCost10.Cost,Additional Other Direct Cost Funds Requested,question,concept:budget:line:cost,concept:budget:line:cost,question:sha256:227e6fadcd8a8e67717d0cbd673441f771519ca684c10343ed8d273231beca0f,agent_proposed,,,,string,,,https://apply07.grants.gov/apply/forms/schemas/RR_SubawardBudget10_30_3_0-V3.0.xsd,0ed112b2e50f0e0c43423f690201b207f5b9c5a85349335260e4fd999f3a611a,,false
RRSubawardBudget10_30,[Draft] R&R Subaward Budget Attachment(s) Form 10 YR 30 ATT,3.0,budget_attachments.rr_budget_10_3_0[].budget_year[].other_direct_costs.other_direct_cost_10.description,RR_SubawardBudget10_30_3_0.BudgetAttachments.RR_Budget10_3_0.BudgetYear.OtherDirectCosts.OtherDirectCost10.Description,Additional Other Direct Cost Description,question,concept:budget:line:description,concept:budget:line:description,question:sha256:edc1cc9f1b75a19c5b6fe793c7af7e56dfff22051e5e381e86f8c603357f152f,agent_proposed,,,,string,,,https://apply07.grants.gov/apply/forms/schemas/RR_SubawardBudget10_30_3_0-V3.0.xsd,0ed112b2e50f0e0c43423f690201b207f5b9c5a85349335260e4fd999f3a611a,,false
RRSubawardBudget10_30,[Draft] R&R Subaward Budget Attachment(s) Form 10 YR 30 ATT,3.0,budget_attachments.rr_budget_10_3_0[].budget_year[].other_direct_costs.other_direct_cost_2.cost,RR_SubawardBudget10_30_3_0.BudgetAttachments.RR_Budget10_3_0.BudgetYear.OtherDirectCosts.OtherDirectCost2.Cost,Additional Other Direct Cost Funds Requested,question,concept:budget:line:cost,concept:budget:line:cost,question:sha256:def1d3daea9a311d6d04484284d16c289cf04e560bc80884c93f0ef4ee166013,agent_proposed,,,,string,,,https://apply07.grants.gov/apply/forms/schemas/RR_SubawardBudget10_30_3_0-V3.0.xsd,0ed112b2e50f0e0c43423f690201b207f5b9c5a85349335260e4fd999f3a611a,,false
RRSubawardBudget10_30,[Draft] R&R Subaward Budget Attachment(s) Form 10 YR 30 ATT,3.0,budget_attachments.rr_budget_10_3_0[].budget_year[].other_direct_costs.other_direct_cost_2.description,RR_SubawardBudget10_30_3_0.BudgetAttachments.RR_Budget10_3_0.BudgetYear.OtherDirectCosts.OtherDirectCost2.Description,Additional Other Direct Cost Description,question,concept:budget:line:description,concept:budget:line:description,question:sha256:4f991c2413125c924a3575ad285ce24f3f69e0071dda3867ac0e099cbdc1666b,agent_proposed,,,,string,,,https://apply07.grants.gov/apply/forms/schemas/RR_SubawardBudget10_30_3_0-V3.0.xsd,0ed112b2e50f0e0c43423f690201b207f5b9c5a85349335260e4fd999f3a611a,,false
RRSubawardBudget10_30,[Draft] R&R Subaward Budget Attachment(s) Form 10 YR 30 ATT,3.0,budget_attachments.rr_budget_10_3_0[].budget_year[].other_direct_costs.other_direct_cost_3.cost,RR_SubawardBudget10_30_3_0.BudgetAttachments.RR_Budget10_3_0.BudgetYear.OtherDirectCosts.OtherDirectCost3.Cost,Additional Other Direct Cost Funds Requested,question,concept:budget:line:cost,concept:budget:line:cost,question:sha256:4c878abab08fe9b86a42a45c60f3ef40d34baa7f86899741d38f3f615afc87f3,agent_proposed,,,,string,,,https://apply07.grants.gov/apply/forms/schemas/RR_SubawardBudget10_30_3_0-V3.0.xsd,0ed112b2e50f0e0c43423f690201b207f5b9c5a85349335260e4fd999f3a611a,,false
RRSubawardBudget10_30,[Draft] R&R Subaward Budget Attachment(s) Form 10 YR 30 ATT,3.0,budget_attachments.rr_budget_10_3_0[].budget_year[].other_direct_costs.other_direct_cost_3.description,RR_SubawardBudget10_30_3_0.BudgetAttachments.RR_Budget10_3_0.BudgetYear.OtherDirectCosts.OtherDirectCost3.Description,Additional Other Direct Cost Description,question,concept:budget:line:description,concept:budget:line:description,question:sha256:0e13417e8284698de1b20b54be7d1780e81960a32da6af967cbaa90183467595,agent_proposed,,,,string,,,https://apply07.grants.gov/apply/forms/schemas/RR_SubawardBudget10_30_3_0-V3.0.xsd,0ed112b2e50f0e0c43423f690201b207f5b9c5a85349335260e4fd999f3a611a,,false
RRSubawardBudget10_30,[Draft] R&R Subaward Budget Attachment(s) Form 10 YR 30 ATT,3.0,budget_attachments.rr_budget_10_3_0[].budget_year[].other_direct_costs.other_direct_cost_4.cost,RR_SubawardBudget10_30_3_0.BudgetAttachments.RR_Budget10_3_0.BudgetYear.OtherDirectCosts.OtherDirectCost4.Cost,Additional Other Direct Cost Funds Requested,question,concept:budget:line:cost,concept:budget:line:cost,question:sha256:5b3563d8ac04bbb80a6a3d7cb28bc051b6d7b36fa02130d65c4ebc64ca5707c1,agent_proposed,,,,string,,,https://apply07.grants.gov/apply/forms/schemas/RR_SubawardBudget10_30_3_0-V3.0.xsd,0ed112b2e50f0e0c43423f690201b207f5b9c5a85349335260e4fd999f3a611a,,false
RRSubawardBudget10_30,[Draft] R&R Subaward Budget Attachment(s) Form 10 YR 30 ATT,3.0,budget_attachments.rr_budget_10_3_0[].budget_year[].other_direct_costs.other_direct_cost_4.description,RR_SubawardBudget10_30_3_0.BudgetAttachments.RR_Budget10_3_0.BudgetYear.OtherDirectCosts.OtherDirectCost4.Description,Additional Other Direct Cost Description,question,concept:budget:line:description,concept:budget:line:description,question:sha256:cacf165a75f2e13382e4d64605ebaaf0aab932d0116c7df4f15dee2e72134324,agent_proposed,,,,string,,,https://apply07.grants.gov/apply/forms/schemas/RR_SubawardBudget10_30_3_0-V3.0.xsd,0ed112b2e50f0e0c43423f690201b207f5b9c5a85349335260e4fd999f3a611a,,false
RRSubawardBudget10_30,[Draft] R&R Subaward Budget Attachment(s) Form 10 YR 30 ATT,3.0,budget_attachments.rr_budget_10_3_0[].budget_year[].other_direct_costs.other_direct_cost_5.cost,RR_SubawardBudget10_30_3_0.BudgetAttachments.RR_Budget10_3_0.BudgetYear.OtherDirectCosts.OtherDirectCost5.Cost,Additional Other Direct Cost Funds Requested,question,concept:budget:line:cost,concept:budget:line:cost,question:sha256:f6b2d1fb227b70d86d6bcc4c55c7cf71dc25bfe0f0dde8238ee99b473473342c,agent_proposed,,,,string,,,https://apply07.grants.gov/apply/forms/schemas/RR_SubawardBudget10_30_3_0-V3.0.xsd,0ed112b2e50f0e0c43423f690201b207f5b9c5a85349335260e4fd999f3a611a,,false
RRSubawardBudget10_30,[Draft] R&R Subaward Budget Attachment(s) Form 10 YR 30 ATT,3.0,budget_attachments.rr_budget_10_3_0[].budget_year[].other_direct_costs.other_direct_cost_5.description,RR_SubawardBudget10_30_3_0.BudgetAttachments.RR_Budget10_3_0.BudgetYear.OtherDirectCosts.OtherDirectCost5.Description,Additional Other Direct Cost Description,question,concept:budget:line:description,concept:budget:line:description,question:sha256:0fc58edf3abb68ffefd89626c2d6d1544b68df123c86800aecbb21cddb94780c,agent_proposed,,,,string,,,https://apply07.grants.gov/apply/forms/schemas/RR_SubawardBudget10_30_3_0-V3.0.xsd,0ed112b2e50f0e0c43423f690201b207f5b9c5a85349335260e4fd999f3a611a,,false
RRSubawardBudget10_30,[Draft] R&R Subaward Budget Attachment(s) Form 10 YR 30 ATT,3.0,budget_attachments.rr_budget_10_3_0[].budget_year[].other_direct_costs.other_direct_cost_6.cost,RR_SubawardBudget10_30_3_0.BudgetAttachments.RR_Budget10_3_0.BudgetYear.OtherDirectCosts.OtherDirectCost6.Cost,Additional Other Direct Cost Funds Requested,question,concept:budget:line:cost,concept:budget:line:cost,question:sha256:0d49a779bda72b6833f5ebb1b27fd1bd4b0ae572193f94e5b79c8c6c51f35bd0,agent_proposed,,,,string,,,https://apply07.grants.gov/apply/forms/schemas/RR_SubawardBudget10_30_3_0-V3.0.xsd,0ed112b2e50f0e0c43423f690201b207f5b9c5a85349335260e4fd999f3a611a,,false
RRSubawardBudget10_30,[Draft] R&R Subaward Budget Attachment(s) Form 10 YR 30 ATT,3.0,budget_attachments.rr_budget_10_3_0[].budget_year[].other_direct_costs.other_direct_cost_6.description,RR_SubawardBudget10_30_3_0.BudgetAttachments.RR_Budget10_3_0.BudgetYear.OtherDirectCosts.OtherDirectCost6.Description,Additional Other Direct Cost Description,question,concept:budget:line:description,concept:budget:line:description,question:sha256:a36cc4f77118060997934c0e74f59ddb0b3c252f0d9106d5f383ac2a15d286be,agent_proposed,,,,string,,,https://apply07.grants.gov/apply/forms/schemas/RR_SubawardBudget10_30_3_0-V3.0.xsd,0ed112b2e50f0e0c43423f690201b207f5b9c5a85349335260e4fd999f3a611a,,false
RRSubawardBudget10_30,[Draft] R&R Subaward Budget Attachment(s) Form 10 YR 30 ATT,3.0,budget_attachments.rr_budget_10_3_0[].budget_year[].other_direct_costs.other_direct_cost_7.cost,RR_SubawardBudget10_30_3_0.BudgetAttachments.RR_Budget10_3_0.BudgetYear.OtherDirectCosts.OtherDirectCost7.Cost,Additional Other Direct Cost Funds Requested,question,concept:budget:line:cost,concept:budget:line:cost,question:sha256:bc2a176350df035d297cbff4fa87e2124ec6208fd1018cbc4acd6f92903fd758,agent_proposed,,,,string,,,https://apply07.grants.gov/apply/forms/schemas/RR_SubawardBudget10_30_3_0-V3.0.xsd,0ed112b2e50f0e0c43423f690201b207f5b9c5a85349335260e4fd999f3a611a,,false
RRSubawardBudget10_30,[Draft] R&R Subaward Budget Attachment(s) Form 10 YR 30 ATT,3.0,budget_attachments.rr_budget_10_3_0[].budget_year[].other_direct_costs.other_direct_cost_7.description,RR_SubawardBudget10_30_3_0.BudgetAttachments.RR_Budget10_3_0.BudgetYear.OtherDirectCosts.OtherDirectCost7.Description,Additional Other Direct Cost Description,question,concept:budget:line:description,concept:budget:line:description,question:sha256:1cffa52bbd4716fe020c2b85ca65a2f7e08fa1ea9839ca7b961b64d1132a5746,agent_proposed,,,,string,,,https://apply07.grants.gov/apply/forms/schemas/RR_SubawardBudget10_30_3_0-V3.0.xsd,0ed112b2e50f0e0c43423f690201b207f5b9c5a85349335260e4fd999f3a611a,,false
RRSubawardBudget10_30,[Draft] R&R Subaward Budget Attachment(s) Form 10 YR 30 ATT,3.0,budget_attachments.rr_budget_10_3_0[].budget_year[].other_direct_costs.other_direct_cost_8.cost,RR_SubawardBudget10_30_3_0.BudgetAttachments.RR_Budget10_3_0.BudgetYear.OtherDirectCosts.OtherDirectCost8.Cost,Additional Other Direct Cost Funds Requested,question,concept:budget:line:cost,concept:budget:line:cost,question:sha256:02de8f5138daa56531a3c4738cc9ee6958a2dab9648440df87b5f71601b0a221,agent_proposed,,,,string,,,https://apply07.grants.gov/apply/forms/schemas/RR_SubawardBudget10_30_3_0-V3.0.xsd,0ed112b2e50f0e0c43423f690201b207f5b9c5a85349335260e4fd999f3a611a,,false
RRSubawardBudget10_30,[Draft] R&R Subaward Budget Attachment(s) Form 10 YR 30 ATT,3.0,budget_attachments.rr_budget_10_3_0[].budget_year[].other_direct_costs.other_direct_cost_8.description,RR_SubawardBudget10_30_3_0.BudgetAttachments.RR_Budget10_3_0.BudgetYear.OtherDirectCosts.OtherDirectCost8.Description,Additional Other Direct Cost Description,question,concept:budget:line:description,concept:budget:line:description,question:sha256:1f992f2a6ac9229c043493a02b22f03bf5202cf5119d5c68888eb271393cb6db,agent_proposed,,,,string,,,https://apply07.grants.gov/apply/forms/schemas/RR_SubawardBudget10_30_3_0-V3.0.xsd,0ed112b2e50f0e0c43423f690201b207f5b9c5a85349335260e4fd999f3a611a,,false
RRSubawardBudget10_30,[Draft] R&R Subaward Budget Attachment(s) Form 10 YR 30 ATT,3.0,budget_attachments.rr_budget_10_3_0[].budget_year[].other_direct_costs.other_direct_cost_9.cost,RR_SubawardBudget10_30_3_0.BudgetAttachments.RR_Budget10_3_0.BudgetYear.OtherDirectCosts.OtherDirectCost9.Cost,Additional Other Direct Cost Funds Requested,question,concept:budget:line:cost,concept:budget:line:cost,question:sha256:4b448f0f7381c28026c73d8ee8f1e10c67531f5bf5251e0bacacc143fe2d08b8,agent_proposed,,,,string,,,https://apply07.grants.gov/apply/forms/schemas/RR_SubawardBudget10_30_3_0-V3.0.xsd,0ed112b2e50f0e0c43423f690201b207f5b9c5a85349335260e4fd999f3a611a,,false
RRSubawardBudget10_30,[Draft] R&R Subaward Budget Attachment(s) Form 10 YR 30 ATT,3.0,budget_attachments.rr_budget_10_3_0[].budget_year[].other_direct_costs.other_direct_cost_9.description,RR_SubawardBudget10_30_3_0.BudgetAttachments.RR_Budget10_3_0.BudgetYear.OtherDirectCosts.OtherDirectCost9.Description,Additional Other Direct Cost Description,question,concept:budget:line:description,concept:budget:line:description,question:sha256:04b94d210dbec4cff23e4697e0c8ebc08bd6a5549f9e74eef53691f1bcfdd7f3,agent_proposed,,,,string,,,https://apply07.grants.gov/apply/forms/schemas/RR_SubawardBudget10_30_3_0-V3.0.xsd,0ed112b2e50f0e0c43423f690201b207f5b9c5a85349335260e4fd999f3a611a,,false
RRSubawardBudget10_30,[Draft] R&R Subaward Budget Attachment(s) Form 10 YR 30 ATT,3.0,budget_attachments.rr_budget_10_3_0[].budget_year[].other_direct_costs.publication_costs,RR_SubawardBudget10_30_3_0.BudgetAttachments.RR_Budget10_3_0.BudgetYear.OtherDirectCosts.PublicationCosts,2. Publication Costs,question,concept:budget:other-direct:publication,concept:budget:other-direct:publication,question:sha256:793189d556c19ec1101674cd1fa22f235c19102a526f6ba4cd03d8e5cdb525bb,agent_proposed,,,,string,,,https://apply07.grants.gov/apply/forms/schemas/RR_SubawardBudget10_30_3_0-V3.0.xsd,0ed112b2e50f0e0c43423f690201b207f5b9c5a85349335260e4fd999f3a611a,,false
RRSubawardBudget10_30,[Draft] R&R Subaward Budget Attachment(s) Form 10 YR 30 ATT,3.0,budget_attachments.rr_budget_10_3_0[].budget_year[].other_direct_costs.subaward_consortium_contractual_costs,RR_SubawardBudget10_30_3_0.BudgetAttachments.RR_Budget10_3_0.BudgetYear.OtherDirectCosts.SubawardConsortiumContractualCosts,5. Subawards/Consortium/Contractual Costs,question,concept:budget:other-direct:subaward-contractual,concept:budget:other-direct:subaward-contractual,question:sha256:8f6e09bcab29f71c6da822647cd3fd8e592bf6d9882fc1a9ca2b6e4121700eb1,agent_proposed,,,,string,,,https://apply07.grants.gov/apply/forms/schemas/RR_SubawardBudget10_30_3_0-V3.0.xsd,0ed112b2e50f0e0c43423f690201b207f5b9c5a85349335260e4fd999f3a611a,,false
RRSubawardBudget10_30,[Draft] R&R Subaward Budget Attachment(s) Form 10 YR 30 ATT,3.0,budget_attachments.rr_budget_10_3_0[].budget_year[].other_direct_costs.total_other_direct_cost,RR_SubawardBudget10_30_3_0.BudgetAttachments.RR_Budget10_3_0.BudgetYear.OtherDirectCosts.TotalOtherDirectCost,Total Other Direct Costs,calculation,,concept:budget:category:other,question:sha256:82bfe49ecb0946e4ec92b41466079d206b7471541156f9e02f2af16b2cdf4d2e,excluded_non_question,,,,string,,,https://apply07.grants.gov/apply/forms/schemas/RR_SubawardBudget10_30_3_0-V3.0.xsd,0ed112b2e50f0e0c43423f690201b207f5b9c5a85349335260e4fd999f3a611a,,false
RRSubawardBudget10_30,[Draft] R&R Subaward Budget Attachment(s) Form 10 YR 30 ATT,3.0,budget_attachments.rr_budget_10_3_0[].budget_year[].other_personnel.graduate_students.academic_months,RR_SubawardBudget10_30_3_0.BudgetAttachments.RR_Budget10_3_0.BudgetYear.OtherPersonnel.GraduateStudents.AcademicMonths,Academic Months Graduate Students,question,concept:budget:personnel:academic-months,concept:budget:personnel:academic-months,question:sha256:ba726198991bd5cca6aecb1f3cbc97a81b6be879f17751ba92e23926757afc3b,agent_proposed,,,,string,,,https://apply07.grants.gov/apply/forms/schemas/RR_SubawardBudget10_30_3_0-V3.0.xsd,0ed112b2e50f0e0c43423f690201b207f5b9c5a85349335260e4fd999f3a611a,,false
RRSubawardBudget10_30,[Draft] R&R Subaward Budget Attachment(s) Form 10 YR 30 ATT,3.0,budget_attachments.rr_budget_10_3_0[].budget_year[].other_personnel.graduate_students.calendar_months,RR_SubawardBudget10_30_3_0.BudgetAttachments.RR_Budget10_3_0.BudgetYear.OtherPersonnel.GraduateStudents.CalendarMonths,Calendar Months Graduate Students,question,concept:budget:personnel:calendar-months,concept:budget:personnel:calendar-months,question:sha256:ca71e6a4530e53c9a29a77574a92b23da927984644795c80a7fc15a677f8abdb,agent_proposed,,,,string,,,https://apply07.grants.gov/apply/forms/schemas/RR_SubawardBudget10_30_3_0-V3.0.xsd,0ed112b2e50f0e0c43423f690201b207f5b9c5a85349335260e4fd999f3a611a,,false
RRSubawardBudget10_30,[Draft] R&R Subaward Budget Attachment(s) Form 10 YR 30 ATT,3.0,budget_attachments.rr_budget_10_3_0[].budget_year[].other_personnel.graduate_students.fringe_benefits,RR_SubawardBudget10_30_3_0.BudgetAttachments.RR_Budget10_3_0.BudgetYear.OtherPersonnel.GraduateStudents.FringeBenefits,Fringe Benefits Graduate Students,question,concept:budget:personnel:fringe-benefits,concept:budget:personnel:fringe-benefits,question:sha256:09be75c59429c5f2594e7b1adbe46d7c2f34c01d4c854ff71af8d4ef9d5824fe,agent_proposed,,,,string,,,https://apply07.grants.gov/apply/forms/schemas/RR_SubawardBudget10_30_3_0-V3.0.xsd,0ed112b2e50f0e0c43423f690201b207f5b9c5a85349335260e4fd999f3a611a,,false
RRSubawardBudget10_30,[Draft] R&R Subaward Budget Attachment(s) Form 10 YR 30 ATT,3.0,budget_attachments.rr_budget_10_3_0[].budget_year[].other_personnel.graduate_students.funds_requested,RR_SubawardBudget10_30_3_0.BudgetAttachments.RR_Budget10_3_0.BudgetYear.OtherPersonnel.GraduateStudents.FundsRequested,Funds Requested Graduate Students,calculation,,concept:budget:funds-requested,question:sha256:8080cb2d1c8e77c142ed7d5826e78bc0e0ba46b0e5a12a94791624d2d045300f,excluded_non_question,,,,string,,,https://apply07.grants.gov/apply/forms/schemas/RR_SubawardBudget10_30_3_0-V3.0.xsd,0ed112b2e50f0e0c43423f690201b207f5b9c5a85349335260e4fd999f3a611a,,false
RRSubawardBudget10_30,[Draft] R&R Subaward Budget Attachment(s) Form 10 YR 30 ATT,3.0,budget_attachments.rr_budget_10_3_0[].budget_year[].other_personnel.graduate_students.number_of_personnel,RR_SubawardBudget10_30_3_0.BudgetAttachments.RR_Budget10_3_0.BudgetYear.OtherPersonnel.GraduateStudents.NumberOfPersonnel,Number of Personnel Graduate Students,question,concept:budget:personnel:count,concept:budget:personnel:count,question:sha256:f0792b6aeadc3de50e36fa9c53cff8216d633cbbf678ce5fa2f24809236f0955,agent_proposed,,,,integer,,,https://apply07.grants.gov/apply/forms/schemas/RR_SubawardBudget10_30_3_0-V3.0.xsd,0ed112b2e50f0e0c43423f690201b207f5b9c5a85349335260e4fd999f3a611a,,false
RRSubawardBudget10_30,[Draft] R&R Subaward Budget Attachment(s) Form 10 YR 30 ATT,3.0,budget_attachments.rr_budget_10_3_0[].budget_year[].other_personnel.graduate_students.project_role,RR_SubawardBudget10_30_3_0.BudgetAttachments.RR_Budget10_3_0.BudgetYear.OtherPersonnel.GraduateStudents.ProjectRole,Project Role Graduate Students,question,concept:research-person:project-role,concept:research-person:project-role,question:sha256:b37e8a29e2d92733e702fcb468662722ad6c53d4f2c8dd1b3060a43475ba9d3e,agent_proposed,,,,string,,,https://apply07.grants.gov/apply/forms/schemas/RR_SubawardBudget10_30_3_0-V3.0.xsd,0ed112b2e50f0e0c43423f690201b207f5b9c5a85349335260e4fd999f3a611a,,false
RRSubawardBudget10_30,[Draft] R&R Subaward Budget Attachment(s) Form 10 YR 30 ATT,3.0,budget_attachments.rr_budget_10_3_0[].budget_year[].other_personnel.graduate_students.requested_salary,RR_SubawardBudget10_30_3_0.BudgetAttachments.RR_Budget10_3_0.BudgetYear.OtherPersonnel.GraduateStudents.RequestedSalary,Requested Salary Graduate Students,question,concept:budget:personnel:requested-salary,concept:budget:personnel:requested-salary,question:sha256:95f7c00e088a4c0de21e4e3ab8eee2df1788b3847d37bfc72893ff16f785d153,agent_proposed,,,,string,,,https://apply07.grants.gov/apply/forms/schemas/RR_SubawardBudget10_30_3_0-V3.0.xsd,0ed112b2e50f0e0c43423f690201b207f5b9c5a85349335260e4fd999f3a611a,,false
RRSubawardBudget10_30,[Draft] R&R Subaward Budget Attachment(s) Form 10 YR 30 ATT,3.0,budget_attachments.rr_budget_10_3_0[].budget_year[].other_personnel.graduate_students.summer_months,RR_SubawardBudget10_30_3_0.BudgetAttachments.RR_Budget10_3_0.BudgetYear.OtherPersonnel.GraduateStudents.SummerMonths,Summer Months Graduate Students,question,concept:budget:personnel:summer-months,concept:budget:personnel:summer-months,question:sha256:2dc637bdaa1b3152119cc645482301549d60fd34eb6a2cb071f6029922849028,agent_proposed,,,,string,,,https://apply07.grants.gov/apply/forms/schemas/RR_SubawardBudget10_30_3_0-V3.0.xsd,0ed112b2e50f0e0c43423f690201b207f5b9c5a85349335260e4fd999f3a611a,,false
RRSubawardBudget10_30,[Draft] R&R Subaward Budget Attachment(s) Form 10 YR 30 ATT,3.0,budget_attachments.rr_budget_10_3_0[].budget_year[].other_personnel.other[].academic_months,RR_SubawardBudget10_30_3_0.BudgetAttachments.RR_Budget10_3_0.BudgetYear.OtherPersonnel.Other.AcademicMonths,Academic Months Additional Project Role,question,concept:budget:personnel:academic-months,concept:budget:personnel:academic-months,question:sha256:2623d1672ed73a916c394d26df2c02f33270b3bf59f75aff6ac8042227138088,agent_proposed,,,,string,,,https://apply07.grants.gov/apply/forms/schemas/RR_SubawardBudget10_30_3_0-V3.0.xsd,0ed112b2e50f0e0c43423f690201b207f5b9c5a85349335260e4fd999f3a611a,,false
RRSubawardBudget10_30,[Draft] R&R Subaward Budget Attachment(s) Form 10 YR 30 ATT,3.0,budget_attachments.rr_budget_10_3_0[].budget_year[].other_personnel.other[].calendar_months,RR_SubawardBudget10_30_3_0.BudgetAttachments.RR_Budget10_3_0.BudgetYear.OtherPersonnel.Other.CalendarMonths,Calendar Months Additional Project Role,question,concept:budget:personnel:calendar-months,concept:budget:personnel:calendar-months,question:sha256:7df313a8f14f617b23845e3762385fa57c1dda59f23a0a335db36ecb212eb23c,agent_proposed,,,,string,,,https://apply07.grants.gov/apply/forms/schemas/RR_SubawardBudget10_30_3_0-V3.0.xsd,0ed112b2e50f0e0c43423f690201b207f5b9c5a85349335260e4fd999f3a611a,,false
RRSubawardBudget10_30,[Draft] R&R Subaward Budget Attachment(s) Form 10 YR 30 ATT,3.0,budget_attachments.rr_budget_10_3_0[].budget_year[].other_personnel.other[].fringe_benefits,RR_SubawardBudget10_30_3_0.BudgetAttachments.RR_Budget10_3_0.BudgetYear.OtherPersonnel.Other.FringeBenefits,Fringe Benefits Additional Project Role,question,concept:budget:personnel:fringe-benefits,concept:budget:personnel:fringe-benefits,question:sha256:d1d527d06d8048bb775c413c2de2597a75eeda71ed855408de3b5cd4ccc0c011,agent_proposed,,,,string,,,https://apply07.grants.gov/apply/forms/schemas/RR_SubawardBudget10_30_3_0-V3.0.xsd,0ed112b2e50f0e0c43423f690201b207f5b9c5a85349335260e4fd999f3a611a,,false
RRSubawardBudget10_30,[Draft] R&R Subaward Budget Attachment(s) Form 10 YR 30 ATT,3.0,budget_attachments.rr_budget_10_3_0[].budget_year[].other_personnel.other[].funds_requested,RR_SubawardBudget10_30_3_0.BudgetAttachments.RR_Budget10_3_0.BudgetYear.OtherPersonnel.Other.FundsRequested,Funds Requested Additional Project Role,calculation,,concept:budget:funds-requested,question:sha256:65bf594023cc86c0e6b30a05c5ff26d23d103173e3502d5e93c73312836a6c2c,excluded_non_question,,,,string,,,https://apply07.grants.gov/apply/forms/schemas/RR_SubawardBudget10_30_3_0-V3.0.xsd,0ed112b2e50f0e0c43423f690201b207f5b9c5a85349335260e4fd999f3a611a,,false
RRSubawardBudget10_30,[Draft] R&R Subaward Budget Attachment(s) Form 10 YR 30 ATT,3.0,budget_attachments.rr_budget_10_3_0[].budget_year[].other_personnel.other[].number_of_personnel,RR_SubawardBudget10_30_3_0.BudgetAttachments.RR_Budget10_3_0.BudgetYear.OtherPersonnel.Other.NumberOfPersonnel,Number of Personnel Additional Project Role,question,concept:budget:personnel:count,concept:budget:personnel:count,question:sha256:54bb2f95610c5e1caa5d03493f33b18a27c6babbbb2d68f74a62bcad458cc061,agent_proposed,,,,integer,,,https://apply07.grants.gov/apply/forms/schemas/RR_SubawardBudget10_30_3_0-V3.0.xsd,0ed112b2e50f0e0c43423f690201b207f5b9c5a85349335260e4fd999f3a611a,,false
RRSubawardBudget10_30,[Draft] R&R Subaward Budget Attachment(s) Form 10 YR 30 ATT,3.0,budget_attachments.rr_budget_10_3_0[].budget_year[].other_personnel.other[].project_role,RR_SubawardBudget10_30_3_0.BudgetAttachments.RR_Budget10_3_0.BudgetYear.OtherPersonnel.Other.ProjectRole,Additional Project Role Description,question,concept:research-person:project-role,concept:research-person:project-role,question:sha256:da1e5bf4cf9cb44bbd1a25f3e5d9417d1be1c379ad553bc0787e474a10f8d760,agent_proposed,,,,string,,,https://apply07.grants.gov/apply/forms/schemas/RR_SubawardBudget10_30_3_0-V3.0.xsd,0ed112b2e50f0e0c43423f690201b207f5b9c5a85349335260e4fd999f3a611a,,false
RRSubawardBudget10_30,[Draft] R&R Subaward Budget Attachment(s) Form 10 YR 30 ATT,3.0,budget_attachments.rr_budget_10_3_0[].budget_year[].other_personnel.other[].requested_salary,RR_SubawardBudget10_30_3_0.BudgetAttachments.RR_Budget10_3_0.BudgetYear.OtherPersonnel.Other.RequestedSalary,Requested Salary Additional Project Role,question,concept:budget:personnel:requested-salary,concept:budget:personnel:requested-salary,question:sha256:5288042eab0c54d8972f6579efb111fb7e2508c733e168e49584a6ee4ab0baf7,agent_proposed,,,,string,,,https://apply07.grants.gov/apply/forms/schemas/RR_SubawardBudget10_30_3_0-V3.0.xsd,0ed112b2e50f0e0c43423f690201b207f5b9c5a85349335260e4fd999f3a611a,,false
RRSubawardBudget10_30,[Draft] R&R Subaward Budget Attachment(s) Form 10 YR 30 ATT,3.0,budget_attachments.rr_budget_10_3_0[].budget_year[].other_personnel.other[].summer_months,RR_SubawardBudget10_30_3_0.BudgetAttachments.RR_Budget10_3_0.BudgetYear.OtherPersonnel.Other.SummerMonths,Summer Months Additional Project Role,question,concept:budget:personnel:summer-months,concept:budget:personnel:summer-months,question:sha256:6308432cfd99425769b433cd572cb8f0f3467c6921181af6ed387d2dac024a4a,agent_proposed,,,,string,,,https://apply07.grants.gov/apply/forms/schemas/RR_SubawardBudget10_30_3_0-V3.0.xsd,0ed112b2e50f0e0c43423f690201b207f5b9c5a85349335260e4fd999f3a611a,,false
RRSubawardBudget10_30,[Draft] R&R Subaward Budget Attachment(s) Form 10 YR 30 ATT,3.0,budget_attachments.rr_budget_10_3_0[].budget_year[].other_personnel.other_personnel_total_number,RR_SubawardBudget10_30_3_0.BudgetAttachments.RR_Budget10_3_0.BudgetYear.OtherPersonnel.OtherPersonnelTotalNumber,Total Number Other Personnel,calculation,,,question:sha256:1ed5dbc06f8d2fa19f29448dafb9883b03dfa61208aee4c01e2de2a045eddb61,unmapped,,,,integer,,,https://apply07.grants.gov/apply/forms/schemas/RR_SubawardBudget10_30_3_0-V3.0.xsd,0ed112b2e50f0e0c43423f690201b207f5b9c5a85349335260e4fd999f3a611a,,false
RRSubawardBudget10_30,[Draft] R&R Subaward Budget Attachment(s) Form 10 YR 30 ATT,3.0,budget_attachments.rr_budget_10_3_0[].budget_year[].other_personnel.post_doc_associates.academic_months,RR_SubawardBudget10_30_3_0.BudgetAttachments.RR_Budget10_3_0.BudgetYear.OtherPersonnel.PostDocAssociates.AcademicMonths,Academic Months Post Doctoral Associates,question,concept:budget:personnel:academic-months,concept:budget:personnel:academic-months,question:sha256:4d33f6bda4adf51db792d6039bd38ed45dc5be661d55628eb6d59c64d30a70c8,agent_proposed,,,,string,,,https://apply07.grants.gov/apply/forms/schemas/RR_SubawardBudget10_30_3_0-V3.0.xsd,0ed112b2e50f0e0c43423f690201b207f5b9c5a85349335260e4fd999f3a611a,,false
RRSubawardBudget10_30,[Draft] R&R Subaward Budget Attachment(s) Form 10 YR 30 ATT,3.0,budget_attachments.rr_budget_10_3_0[].budget_year[].other_personnel.post_doc_associates.calendar_months,RR_SubawardBudget10_30_3_0.BudgetAttachments.RR_Budget10_3_0.BudgetYear.OtherPersonnel.PostDocAssociates.CalendarMonths,Calendar Months Post Doctoral Associates,question,concept:budget:personnel:calendar-months,concept:budget:personnel:calendar-months,question:sha256:c80b6f14157c035e8e10be6a58d46393553e75fd1db0a465dc9a68aac570494c,agent_proposed,,,,string,,,https://apply07.grants.gov/apply/forms/schemas/RR_SubawardBudget10_30_3_0-V3.0.xsd,0ed112b2e50f0e0c43423f690201b207f5b9c5a85349335260e4fd999f3a611a,,false
RRSubawardBudget10_30,[Draft] R&R Subaward Budget Attachment(s) Form 10 YR 30 ATT,3.0,budget_attachments.rr_budget_10_3_0[].budget_year[].other_personnel.post_doc_associates.fringe_benefits,RR_SubawardBudget10_30_3_0.BudgetAttachments.RR_Budget10_3_0.BudgetYear.OtherPersonnel.PostDocAssociates.FringeBenefits,Fringe Benefits Post Doctoral Associates,question,concept:budget:personnel:fringe-benefits,concept:budget:personnel:fringe-benefits,question:sha256:117cd50d803445ea4a7448a6ec6d4a1084d7d0df0e1aea40351d64d61d2ae80f,agent_proposed,,,,string,,,https://apply07.grants.gov/apply/forms/schemas/RR_SubawardBudget10_30_3_0-V3.0.xsd,0ed112b2e50f0e0c43423f690201b207f5b9c5a85349335260e4fd999f3a611a,,false
RRSubawardBudget10_30,[Draft] R&R Subaward Budget Attachment(s) Form 10 YR 30 ATT,3.0,budget_attachments.rr_budget_10_3_0[].budget_year[].other_personnel.post_doc_associates.funds_requested,RR_SubawardBudget10_30_3_0.BudgetAttachments.RR_Budget10_3_0.BudgetYear.OtherPersonnel.PostDocAssociates.FundsRequested,Funds Requested Post Doctoral Associates,calculation,,concept:budget:funds-requested,question:sha256:faa2a0467022eeaaf4b1856cf14d60d7ee3a09885a43392f6ecaaad7caea9010,excluded_non_question,,,,string,,,https://apply07.grants.gov/apply/forms/schemas/RR_SubawardBudget10_30_3_0-V3.0.xsd,0ed112b2e50f0e0c43423f690201b207f5b9c5a85349335260e4fd999f3a611a,,false
RRSubawardBudget10_30,[Draft] R&R Subaward Budget Attachment(s) Form 10 YR 30 ATT,3.0,budget_attachments.rr_budget_10_3_0[].budget_year[].other_personnel.post_doc_associates.number_of_personnel,RR_SubawardBudget10_30_3_0.BudgetAttachments.RR_Budget10_3_0.BudgetYear.OtherPersonnel.PostDocAssociates.NumberOfPersonnel,Number of Personnel Post Doctoral Associates,question,concept:budget:personnel:count,concept:budget:personnel:count,question:sha256:f12326e37044fad4eabf8e39f8bf87fa425ce9863715fb2933c4bd9f6857c1cc,agent_proposed,,,,integer,,,https://apply07.grants.gov/apply/forms/schemas/RR_SubawardBudget10_30_3_0-V3.0.xsd,0ed112b2e50f0e0c43423f690201b207f5b9c5a85349335260e4fd999f3a611a,,false
RRSubawardBudget10_30,[Draft] R&R Subaward Budget Attachment(s) Form 10 YR 30 ATT,3.0,budget_attachments.rr_budget_10_3_0[].budget_year[].other_personnel.post_doc_associates.project_role,RR_SubawardBudget10_30_3_0.BudgetAttachments.RR_Budget10_3_0.BudgetYear.OtherPersonnel.PostDocAssociates.ProjectRole,Project Role Post Doctoral Associates,question,concept:research-person:project-role,concept:research-person:project-role,question:sha256:8546a18b50b9ecb738de3e64c1061225c7acfdef92a66659eebbe9d663601f7e,agent_proposed,,,,string,,,https://apply07.grants.gov/apply/forms/schemas/RR_SubawardBudget10_30_3_0-V3.0.xsd,0ed112b2e50f0e0c43423f690201b207f5b9c5a85349335260e4fd999f3a611a,,false
RRSubawardBudget10_30,[Draft] R&R Subaward Budget Attachment(s) Form 10 YR 30 ATT,3.0,budget_attachments.rr_budget_10_3_0[].budget_year[].other_personnel.post_doc_associates.requested_salary,RR_SubawardBudget10_30_3_0.BudgetAttachments.RR_Budget10_3_0.BudgetYear.OtherPersonnel.PostDocAssociates.RequestedSalary,Requested Salary Post Doctoral Associates,question,concept:budget:personnel:requested-salary,concept:budget:personnel:requested-salary,question:sha256:224f0aac361d9f63809bec53bd5a8257c294863e90357eb8d2097ab20db4edef,agent_proposed,,,,string,,,https://apply07.grants.gov/apply/forms/schemas/RR_SubawardBudget10_30_3_0-V3.0.xsd,0ed112b2e50f0e0c43423f690201b207f5b9c5a85349335260e4fd999f3a611a,,false
RRSubawardBudget10_30,[Draft] R&R Subaward Budget Attachment(s) Form 10 YR 30 ATT,3.0,budget_attachments.rr_budget_10_3_0[].budget_year[].other_personnel.post_doc_associates.summer_months,RR_SubawardBudget10_30_3_0.BudgetAttachments.RR_Budget10_3_0.BudgetYear.OtherPersonnel.PostDocAssociates.SummerMonths,Summer Months Post Doctoral Associates,question,concept:budget:personnel:summer-months,concept:budget:personnel:summer-months,question:sha256:7306d67b453a1e5bdc6c8c7886a1c903b363dea10602b73ca557bbbe8d4dcdb4,agent_proposed,,,,string,,,https://apply07.grants.gov/apply/forms/schemas/RR_SubawardBudget10_30_3_0-V3.0.xsd,0ed112b2e50f0e0c43423f690201b207f5b9c5a85349335260e4fd999f3a611a,,false
RRSubawardBudget10_30,[Draft] R&R Subaward Budget Attachment(s) Form 10 YR 30 ATT,3.0,budget_attachments.rr_budget_10_3_0[].budget_year[].other_personnel.secretarial_clerical.academic_months,RR_SubawardBudget10_30_3_0.BudgetAttachments.RR_Budget10_3_0.BudgetYear.OtherPersonnel.SecretarialClerical.AcademicMonths,Academic Months Secretarial/Clerical,question,concept:budget:personnel:academic-months,concept:budget:personnel:academic-months,question:sha256:1faa3cbbd971add23bd656ec7538ff7d8384035098d6678283f76059bcffee00,agent_proposed,,,,string,,,https://apply07.grants.gov/apply/forms/schemas/RR_SubawardBudget10_30_3_0-V3.0.xsd,0ed112b2e50f0e0c43423f690201b207f5b9c5a85349335260e4fd999f3a611a,,false
RRSubawardBudget10_30,[Draft] R&R Subaward Budget Attachment(s) Form 10 YR 30 ATT,3.0,budget_attachments.rr_budget_10_3_0[].budget_year[].other_personnel.secretarial_clerical.calendar_months,RR_SubawardBudget10_30_3_0.BudgetAttachments.RR_Budget10_3_0.BudgetYear.OtherPersonnel.SecretarialClerical.CalendarMonths,Calendar Months Secretarial/Clerical,question,concept:budget:personnel:calendar-months,concept:budget:personnel:calendar-months,question:sha256:2b2a80cb2bc2ce4305998cfc1c9c474d24eaf4438997faf6236652b4a7e6f854,agent_proposed,,,,string,,,https://apply07.grants.gov/apply/forms/schemas/RR_SubawardBudget10_30_3_0-V3.0.xsd,0ed112b2e50f0e0c43423f690201b207f5b9c5a85349335260e4fd999f3a611a,,false
RRSubawardBudget10_30,[Draft] R&R Subaward Budget Attachment(s) Form 10 YR 30 ATT,3.0,budget_attachments.rr_budget_10_3_0[].budget_year[].other_personnel.secretarial_clerical.fringe_benefits,RR_SubawardBudget10_30_3_0.BudgetAttachments.RR_Budget10_3_0.BudgetYear.OtherPersonnel.SecretarialClerical.FringeBenefits,Fringe Benefits Secretarial/Clerical,question,concept:budget:personnel:fringe-benefits,concept:budget:personnel:fringe-benefits,question:sha256:ef1d509adc8d245a64308863af2cafd22a3d7132cf89d24a110d8f47d3bbd649,agent_proposed,,,,string,,,https://apply07.grants.gov/apply/forms/schemas/RR_SubawardBudget10_30_3_0-V3.0.xsd,0ed112b2e50f0e0c43423f690201b207f5b9c5a85349335260e4fd999f3a611a,,false
RRSubawardBudget10_30,[Draft] R&R Subaward Budget Attachment(s) Form 10 YR 30 ATT,3.0,budget_attachments.rr_budget_10_3_0[].budget_year[].other_personnel.secretarial_clerical.funds_requested,RR_SubawardBudget10_30_3_0.BudgetAttachments.RR_Budget10_3_0.BudgetYear.OtherPersonnel.SecretarialClerical.FundsRequested,Funds Requested Secretarial/Clerical,calculation,,concept:budget:funds-requested,question:sha256:f1121811f0a695aab6f8826e65ab1ba134af0f37b60734a52012bea3655c4138,excluded_non_question,,,,string,,,https://apply07.grants.gov/apply/forms/schemas/RR_SubawardBudget10_30_3_0-V3.0.xsd,0ed112b2e50f0e0c43423f690201b207f5b9c5a85349335260e4fd999f3a611a,,false
RRSubawardBudget10_30,[Draft] R&R Subaward Budget Attachment(s) Form 10 YR 30 ATT,3.0,budget_attachments.rr_budget_10_3_0[].budget_year[].other_personnel.secretarial_clerical.number_of_personnel,RR_SubawardBudget10_30_3_0.BudgetAttachments.RR_Budget10_3_0.BudgetYear.OtherPersonnel.SecretarialClerical.NumberOfPersonnel,Number of Personnel Secretarial/Clerical,question,concept:budget:personnel:count,concept:budget:personnel:count,question:sha256:41e36c0c7d5ea841af563e5e46c9b14dd9aabcecb78b54c808debae28c66d4b1,agent_proposed,,,,integer,,,https://apply07.grants.gov/apply/forms/schemas/RR_SubawardBudget10_30_3_0-V3.0.xsd,0ed112b2e50f0e0c43423f690201b207f5b9c5a85349335260e4fd999f3a611a,,false
RRSubawardBudget10_30,[Draft] R&R Subaward Budget Attachment(s) Form 10 YR 30 ATT,3.0,budget_attachments.rr_budget_10_3_0[].budget_year[].other_personnel.secretarial_clerical.project_role,RR_SubawardBudget10_30_3_0.BudgetAttachments.RR_Budget10_3_0.BudgetYear.OtherPersonnel.SecretarialClerical.ProjectRole,Project Role Secretarial/Clerical,question,concept:research-person:project-role,concept:research-person:project-role,question:sha256:52e4f018a86f4d8d17d0b531309748b14542f371b6a04ae1400691fecff66ea8,agent_proposed,,,,string,,,https://apply07.grants.gov/apply/forms/schemas/RR_SubawardBudget10_30_3_0-V3.0.xsd,0ed112b2e50f0e0c43423f690201b207f5b9c5a85349335260e4fd999f3a611a,,false
RRSubawardBudget10_30,[Draft] R&R Subaward Budget Attachment(s) Form 10 YR 30 ATT,3.0,budget_attachments.rr_budget_10_3_0[].budget_year[].other_personnel.secretarial_clerical.requested_salary,RR_SubawardBudget10_30_3_0.BudgetAttachments.RR_Budget10_3_0.BudgetYear.OtherPersonnel.SecretarialClerical.RequestedSalary,Requested Salary Secretarial/Clerical,question,concept:budget:personnel:requested-salary,concept:budget:personnel:requested-salary,question:sha256:5f2ed5a145a5135d305fc379e9968f21187eff6dfb82c69bbcb2bec99fecb08f,agent_proposed,,,,string,,,https://apply07.grants.gov/apply/forms/schemas/RR_SubawardBudget10_30_3_0-V3.0.xsd,0ed112b2e50f0e0c43423f690201b207f5b9c5a85349335260e4fd999f3a611a,,false
RRSubawardBudget10_30,[Draft] R&R Subaward Budget Attachment(s) Form 10 YR 30 ATT,3.0,budget_attachments.rr_budget_10_3_0[].budget_year[].other_personnel.secretarial_clerical.summer_months,RR_SubawardBudget10_30_3_0.BudgetAttachments.RR_Budget10_3_0.BudgetYear.OtherPersonnel.SecretarialClerical.SummerMonths,Summer Months Secretarial/Clerical,question,concept:budget:personnel:summer-months,concept:budget:personnel:summer-months,question:sha256:2923d086a32f4150cf078f495d08d1887127ee24ffe111683d49b26b46079242,agent_proposed,,,,string,,,https://apply07.grants.gov/apply/forms/schemas/RR_SubawardBudget10_30_3_0-V3.0.xsd,0ed112b2e50f0e0c43423f690201b207f5b9c5a85349335260e4fd999f3a611a,,false
RRSubawardBudget10_30,[Draft] R&R Subaward Budget Attachment(s) Form 10 YR 30 ATT,3.0,budget_attachments.rr_budget_10_3_0[].budget_year[].other_personnel.total_other_personnel_fund,RR_SubawardBudget10_30_3_0.BudgetAttachments.RR_Budget10_3_0.BudgetYear.OtherPersonnel.TotalOtherPersonnelFund,Total Other Personnel,calculation,,,question:sha256:de0460b58f4dd040dd405992babc2d9d6b2f339df9cae6c8636dc6d2d2a3057d,unmapped,,,,string,,,https://apply07.grants.gov/apply/forms/schemas/RR_SubawardBudget10_30_3_0-V3.0.xsd,0ed112b2e50f0e0c43423f690201b207f5b9c5a85349335260e4fd999f3a611a,,false
RRSubawardBudget10_30,[Draft] R&R Subaward Budget Attachment(s) Form 10 YR 30 ATT,3.0,budget_attachments.rr_budget_10_3_0[].budget_year[].other_personnel.undergraduate_students.academic_months,RR_SubawardBudget10_30_3_0.BudgetAttachments.RR_Budget10_3_0.BudgetYear.OtherPersonnel.UndergraduateStudents.AcademicMonths,Academic Months Undergraduate Students,question,concept:budget:personnel:academic-months,concept:budget:personnel:academic-months,question:sha256:17cfc1012427ac13954676e23ea3097f98e1d959099745d1df9ed46e2b89720c,agent_proposed,,,,string,,,https://apply07.grants.gov/apply/forms/schemas/RR_SubawardBudget10_30_3_0-V3.0.xsd,0ed112b2e50f0e0c43423f690201b207f5b9c5a85349335260e4fd999f3a611a,,false
RRSubawardBudget10_30,[Draft] R&R Subaward Budget Attachment(s) Form 10 YR 30 ATT,3.0,budget_attachments.rr_budget_10_3_0[].budget_year[].other_personnel.undergraduate_students.calendar_months,RR_SubawardBudget10_30_3_0.BudgetAttachments.RR_Budget10_3_0.BudgetYear.OtherPersonnel.UndergraduateStudents.CalendarMonths,Calendar Months Undergraduate Students,question,concept:budget:personnel:calendar-months,concept:budget:personnel:calendar-months,question:sha256:30567cad9b05ced7beadc6e948477824045b8b4ba9bbf25904262890ec6ba3b2,agent_proposed,,,,string,,,https://apply07.grants.gov/apply/forms/schemas/RR_SubawardBudget10_30_3_0-V3.0.xsd,0ed112b2e50f0e0c43423f690201b207f5b9c5a85349335260e4fd999f3a611a,,false
RRSubawardBudget10_30,[Draft] R&R Subaward Budget Attachment(s) Form 10 YR 30 ATT,3.0,budget_attachments.rr_budget_10_3_0[].budget_year[].other_personnel.undergraduate_students.fringe_benefits,RR_SubawardBudget10_30_3_0.BudgetAttachments.RR_Budget10_3_0.BudgetYear.OtherPersonnel.UndergraduateStudents.FringeBenefits,Fringe Benefits Undergraduate Students,question,concept:budget:personnel:fringe-benefits,concept:budget:personnel:fringe-benefits,question:sha256:0659ca003727f0606713e71417a5b84c9780449c1dfee81b3b33092e3f6ac396,agent_proposed,,,,string,,,https://apply07.grants.gov/apply/forms/schemas/RR_SubawardBudget10_30_3_0-V3.0.xsd,0ed112b2e50f0e0c43423f690201b207f5b9c5a85349335260e4fd999f3a611a,,false
RRSubawardBudget10_30,[Draft] R&R Subaward Budget Attachment(s) Form 10 YR 30 ATT,3.0,budget_attachments.rr_budget_10_3_0[].budget_year[].other_personnel.undergraduate_students.funds_requested,RR_SubawardBudget10_30_3_0.BudgetAttachments.RR_Budget10_3_0.BudgetYear.OtherPersonnel.UndergraduateStudents.FundsRequested,Funds Requested Undergraduate Students,calculation,,concept:budget:funds-requested,question:sha256:292b95252204b92a7974dffd5b8dd1abb6b607d0084a8f8a39b34666216f3643,excluded_non_question,,,,string,,,https://apply07.grants.gov/apply/forms/schemas/RR_SubawardBudget10_30_3_0-V3.0.xsd,0ed112b2e50f0e0c43423f690201b207f5b9c5a85349335260e4fd999f3a611a,,false
RRSubawardBudget10_30,[Draft] R&R Subaward Budget Attachment(s) Form 10 YR 30 ATT,3.0,budget_attachments.rr_budget_10_3_0[].budget_year[].other_personnel.undergraduate_students.number_of_personnel,RR_SubawardBudget10_30_3_0.BudgetAttachments.RR_Budget10_3_0.BudgetYear.OtherPersonnel.UndergraduateStudents.NumberOfPersonnel,Number of Personnel Undergraduate Students,question,concept:budget:personnel:count,concept:budget:personnel:count,question:sha256:a03dfeb9ae770351c0d859deab0269ea5eafe6c881c2bcadf45650c4cec4d805,agent_proposed,,,,integer,,,https://apply07.grants.gov/apply/forms/schemas/RR_SubawardBudget10_30_3_0-V3.0.xsd,0ed112b2e50f0e0c43423f690201b207f5b9c5a85349335260e4fd999f3a611a,,false
RRSubawardBudget10_30,[Draft] R&R Subaward Budget Attachment(s) Form 10 YR 30 ATT,3.0,budget_attachments.rr_budget_10_3_0[].budget_year[].other_personnel.undergraduate_students.project_role,RR_SubawardBudget10_30_3_0.BudgetAttachments.RR_Budget10_3_0.BudgetYear.OtherPersonnel.UndergraduateStudents.ProjectRole,Project Role Undergraduate Students,question,concept:research-person:project-role,concept:research-person:project-role,question:sha256:e5b3da5f5488c10b324dac33cc0e41aa7c97ca20918d709946197afbba7d6046,agent_proposed,,,,string,,,https://apply07.grants.gov/apply/forms/schemas/RR_SubawardBudget10_30_3_0-V3.0.xsd,0ed112b2e50f0e0c43423f690201b207f5b9c5a85349335260e4fd999f3a611a,,false
RRSubawardBudget10_30,[Draft] R&R Subaward Budget Attachment(s) Form 10 YR 30 ATT,3.0,budget_attachments.rr_budget_10_3_0[].budget_year[].other_personnel.undergraduate_students.requested_salary,RR_SubawardBudget10_30_3_0.BudgetAttachments.RR_Budget10_3_0.BudgetYear.OtherPersonnel.UndergraduateStudents.RequestedSalary,Requested Salary Undergraduate Students,question,concept:budget:personnel:requested-salary,concept:budget:personnel:requested-salary,question:sha256:828831f2bb16bdbfdd0ba5f4ea4e8086200d7e28105f8e6ac55737060d38e10c,agent_proposed,,,,string,,,https://apply07.grants.gov/apply/forms/schemas/RR_SubawardBudget10_30_3_0-V3.0.xsd,0ed112b2e50f0e0c43423f690201b207f5b9c5a85349335260e4fd999f3a611a,,false
RRSubawardBudget10_30,[Draft] R&R Subaward Budget Attachment(s) Form 10 YR 30 ATT,3.0,budget_attachments.rr_budget_10_3_0[].budget_year[].other_personnel.undergraduate_students.summer_months,RR_SubawardBudget10_30_3_0.BudgetAttachments.RR_Budget10_3_0.BudgetYear.OtherPersonnel.UndergraduateStudents.SummerMonths,Summer Months Undergraduate Students,question,concept:budget:personnel:summer-months,concept:budget:personnel:summer-months,question:sha256:c07c724050ff1e59318d2c17c4fbc44a51d1a62fdab296d56a6860ea240a18eb,agent_proposed,,,,string,,,https://apply07.grants.gov/apply/forms/schemas/RR_SubawardBudget10_30_3_0-V3.0.xsd,0ed112b2e50f0e0c43423f690201b207f5b9c5a85349335260e4fd999f3a611a,,false
RRSubawardBudget10_30,[Draft] R&R Subaward Budget Attachment(s) Form 10 YR 30 ATT,3.0,budget_attachments.rr_budget_10_3_0[].budget_year[].participant_trainee_support_costs.other.cost,RR_SubawardBudget10_30_3_0.BudgetAttachments.RR_Budget10_3_0.BudgetYear.ParticipantTraineeSupportCosts.Other.Cost,Other Participant/Trainee Costs,question,concept:budget:line:cost,concept:budget:line:cost,question:sha256:6f354cc365146e2868681d694eee36d33db8e4fe968fa3930a1c2790d58287ff,agent_proposed,,,,string,,,https://apply07.grants.gov/apply/forms/schemas/RR_SubawardBudget10_30_3_0-V3.0.xsd,0ed112b2e50f0e0c43423f690201b207f5b9c5a85349335260e4fd999f3a611a,,false
RRSubawardBudget10_30,[Draft] R&R Subaward Budget Attachment(s) Form 10 YR 30 ATT,3.0,budget_attachments.rr_budget_10_3_0[].budget_year[].participant_trainee_support_costs.other.description,RR_SubawardBudget10_30_3_0.BudgetAttachments.RR_Budget10_3_0.BudgetYear.ParticipantTraineeSupportCosts.Other.Description,5. Other,question,concept:budget:line:description,concept:budget:line:description,question:sha256:b2edbacae878a8a9b3978b27304eae3f4ae3779ea603ad7adf27fc1adc87d70c,agent_proposed,,,,string,,,https://apply07.grants.gov/apply/forms/schemas/RR_SubawardBudget10_30_3_0-V3.0.xsd,0ed112b2e50f0e0c43423f690201b207f5b9c5a85349335260e4fd999f3a611a,,false
RRSubawardBudget10_30,[Draft] R&R Subaward Budget Attachment(s) Form 10 YR 30 ATT,3.0,budget_attachments.rr_budget_10_3_0[].budget_year[].participant_trainee_support_costs.participant_trainee_number,RR_SubawardBudget10_30_3_0.BudgetAttachments.RR_Budget10_3_0.BudgetYear.ParticipantTraineeSupportCosts.ParticipantTraineeNumber,Number of Participants/Trainees,question,concept:budget:trainee:count,concept:budget:trainee:count,question:sha256:77a5cb3b14e0449cc33100b37dca121fe5063895c1bed3841272e888cb43ac7e,agent_proposed,,,,integer,,,https://apply07.grants.gov/apply/forms/schemas/RR_SubawardBudget10_30_3_0-V3.0.xsd,0ed112b2e50f0e0c43423f690201b207f5b9c5a85349335260e4fd999f3a611a,,false
RRSubawardBudget10_30,[Draft] R&R Subaward Budget Attachment(s) Form 10 YR 30 ATT,3.0,budget_attachments.rr_budget_10_3_0[].budget_year[].participant_trainee_support_costs.stipends,RR_SubawardBudget10_30_3_0.BudgetAttachments.RR_Budget10_3_0.BudgetYear.ParticipantTraineeSupportCosts.Stipends,2. Stipends,question,concept:budget:trainee:stipends,concept:budget:trainee:stipends,question:sha256:c7919fcd73123ef36dfa013f8bac132c69eaacf05ccb92acaacf8910a557a1a0,agent_proposed,,,,string,,,https://apply07.grants.gov/apply/forms/schemas/RR_SubawardBudget10_30_3_0-V3.0.xsd,0ed112b2e50f0e0c43423f690201b207f5b9c5a85349335260e4fd999f3a611a,,false
RRSubawardBudget10_30,[Draft] R&R Subaward Budget Attachment(s) Form 10 YR 30 ATT,3.0,budget_attachments.rr_budget_10_3_0[].budget_year[].participant_trainee_support_costs.subsistence,RR_SubawardBudget10_30_3_0.BudgetAttachments.RR_Budget10_3_0.BudgetYear.ParticipantTraineeSupportCosts.Subsistence,4. Subsistence,question,concept:budget:trainee:subsistence,concept:budget:trainee:subsistence,question:sha256:a5730654a44bdfcf6c71461d07620c109b6d139ecda2765ecf8639b41b956acb,agent_proposed,,,,string,,,https://apply07.grants.gov/apply/forms/schemas/RR_SubawardBudget10_30_3_0-V3.0.xsd,0ed112b2e50f0e0c43423f690201b207f5b9c5a85349335260e4fd999f3a611a,,false
RRSubawardBudget10_30,[Draft] R&R Subaward Budget Attachment(s) Form 10 YR 30 ATT,3.0,budget_attachments.rr_budget_10_3_0[].budget_year[].participant_trainee_support_costs.total_cost,RR_SubawardBudget10_30_3_0.BudgetAttachments.RR_Budget10_3_0.BudgetYear.ParticipantTraineeSupportCosts.TotalCost,Total Participant/Trainee Support Costs,calculation,,,question:sha256:768b25b03c0478acd57cafd4643064714e12c63300017a6c4af5648d2b65f953,unmapped,,,,string,,,https://apply07.grants.gov/apply/forms/schemas/RR_SubawardBudget10_30_3_0-V3.0.xsd,0ed112b2e50f0e0c43423f690201b207f5b9c5a85349335260e4fd999f3a611a,,false
RRSubawardBudget10_30,[Draft] R&R Subaward Budget Attachment(s) Form 10 YR 30 ATT,3.0,budget_attachments.rr_budget_10_3_0[].budget_year[].participant_trainee_support_costs.travel,RR_SubawardBudget10_30_3_0.BudgetAttachments.RR_Budget10_3_0.BudgetYear.ParticipantTraineeSupportCosts.Travel,3. Travel,question,concept:budget:trainee:travel,concept:budget:trainee:travel,question:sha256:a71c68cdb3ac052bd7b2d3c623079bf5afaf9c1163b45d70a4fc680fd88ca96f,agent_proposed,,,,string,,,https://apply07.grants.gov/apply/forms/schemas/RR_SubawardBudget10_30_3_0-V3.0.xsd,0ed112b2e50f0e0c43423f690201b207f5b9c5a85349335260e4fd999f3a611a,,false
RRSubawardBudget10_30,[Draft] R&R Subaward Budget Attachment(s) Form 10 YR 30 ATT,3.0,budget_attachments.rr_budget_10_3_0[].budget_year[].participant_trainee_support_costs.tuition_fee_health_insurance,RR_SubawardBudget10_30_3_0.BudgetAttachments.RR_Budget10_3_0.BudgetYear.ParticipantTraineeSupportCosts.TuitionFeeHealthInsurance,1. Tuition/Fees/Health Insurance,question,concept:budget:trainee:tuition-fees-insurance,concept:budget:trainee:tuition-fees-insurance,question:sha256:d9c0b0df6ad19ce11d0463135a69b7cc5a755e91cdeb82bbc51f97999a58d6ab,agent_proposed,,,,string,,,https://apply07.grants.gov/apply/forms/schemas/RR_SubawardBudget10_30_3_0-V3.0.xsd,0ed112b2e50f0e0c43423f690201b207f5b9c5a85349335260e4fd999f3a611a,,false
RRSubawardBudget10_30,[Draft] R&R Subaward Budget Attachment(s) Form 10 YR 30 ATT,3.0,budget_attachments.rr_budget_10_3_0[].budget_year[].total_compensation,RR_SubawardBudget10_30_3_0.BudgetAttachments.RR_Budget10_3_0.BudgetYear.TotalCompensation,"Total Salary, Wages and Fringe Benefits (A+B)",calculation,,concept:budget:category:personnel,question:sha256:bec375302cc8905d5e06c9babff20c19813c36a732c5ab0a9fe65c8fae72bcac,excluded_non_question,,,,string,,,https://apply07.grants.gov/apply/forms/schemas/RR_SubawardBudget10_30_3_0-V3.0.xsd,0ed112b2e50f0e0c43423f690201b207f5b9c5a85349335260e4fd999f3a611a,,false
RRSubawardBudget10_30,[Draft] R&R Subaward Budget Attachment(s) Form 10 YR 30 ATT,3.0,budget_attachments.rr_budget_10_3_0[].budget_year[].total_costs,RR_SubawardBudget10_30_3_0.BudgetAttachments.RR_Budget10_3_0.BudgetYear.TotalCosts,Total Direct and Indirect Institutional Costs (G + H),calculation,,,question:sha256:044bd143744d05bafb1b55ea7dbd77fc8f43cdb77d51c71dbc7a8c3cd0bb6669,unmapped,,,,string,,,https://apply07.grants.gov/apply/forms/schemas/RR_SubawardBudget10_30_3_0-V3.0.xsd,0ed112b2e50f0e0c43423f690201b207f5b9c5a85349335260e4fd999f3a611a,,false
RRSubawardBudget10_30,[Draft] R&R Subaward Budget Attachment(s) Form 10 YR 30 ATT,3.0,budget_attachments.rr_budget_10_3_0[].budget_year[].total_costs_fee,RR_SubawardBudget10_30_3_0.BudgetAttachments.RR_Budget10_3_0.BudgetYear.TotalCostsFee,Total Costs and Fee (I + J),calculation,,,question:sha256:bccf3324afe2c708411eff7275530b792528e6db5488297d40d94357d76ce9ce,unmapped,,,,string,,,https://apply07.grants.gov/apply/forms/schemas/RR_SubawardBudget10_30_3_0-V3.0.xsd,0ed112b2e50f0e0c43423f690201b207f5b9c5a85349335260e4fd999f3a611a,,false
RRSubawardBudget10_30,[Draft] R&R Subaward Budget Attachment(s) Form 10 YR 30 ATT,3.0,budget_attachments.rr_budget_10_3_0[].budget_year[].travel.domestic_travel_cost,RR_SubawardBudget10_30_3_0.BudgetAttachments.RR_Budget10_3_0.BudgetYear.Travel.DomesticTravelCost,"1. Domestic Travel Costs ( Incl. Canada, Mexico and U.S. Possessions)",question,concept:budget:travel:domestic,concept:budget:travel:domestic,question:sha256:cb62b91fc5036814c70ac0eb8160aa059dd1f0f715dca32624c8af03ac461ed9,agent_proposed,,,,string,,,https://apply07.grants.gov/apply/forms/schemas/RR_SubawardBudget10_30_3_0-V3.0.xsd,0ed112b2e50f0e0c43423f690201b207f5b9c5a85349335260e4fd999f3a611a,,false
RRSubawardBudget10_30,[Draft] R&R Subaward Budget Attachment(s) Form 10 YR 30 ATT,3.0,budget_attachments.rr_budget_10_3_0[].budget_year[].travel.foreign_travel_cost,RR_SubawardBudget10_30_3_0.BudgetAttachments.RR_Budget10_3_0.BudgetYear.Travel.ForeignTravelCost,2. Foreign Travel Costs,question,concept:budget:travel:foreign,concept:budget:travel:foreign,question:sha256:85085dc98936470f54fdfe3a82f006b7605e3671b518cb29ff5b3a28bdd17dc5,agent_proposed,,,,string,,,https://apply07.grants.gov/apply/forms/schemas/RR_SubawardBudget10_30_3_0-V3.0.xsd,0ed112b2e50f0e0c43423f690201b207f5b9c5a85349335260e4fd999f3a611a,,false
RRSubawardBudget10_30,[Draft] R&R Subaward Budget Attachment(s) Form 10 YR 30 ATT,3.0,budget_attachments.rr_budget_10_3_0[].budget_year[].travel.total_travel_cost,RR_SubawardBudget10_30_3_0.BudgetAttachments.RR_Budget10_3_0.BudgetYear.Travel.TotalTravelCost,Total Travel Cost,calculation,,concept:budget:category:travel,question:sha256:b89f28288fdc8c23ec507d087bed24999bc1dc6f3e70fb5590ca732c60707045,excluded_non_question,,,,string,,,https://apply07.grants.gov/apply/forms/schemas/RR_SubawardBudget10_30_3_0-V3.0.xsd,0ed112b2e50f0e0c43423f690201b207f5b9c5a85349335260e4fd999f3a611a,,false
RRSubawardBudget10_30,[Draft] R&R Subaward Budget Attachment(s) Form 10 YR 30 ATT,3.0,budget_attachments.rr_budget_10_3_0[].organization_name,RR_SubawardBudget10_30_3_0.BudgetAttachments.RR_Budget10_3_0.OrganizationName,Enter name of Organization:,question,concept:role:subaward-organization:name,concept:role:subaward-organization:name,question:sha256:a5d74d5e6533c7fb44938649aeb7cb7163adba16dfa823a7a0ce1f8de7b5ab81,agent_proposed,,,,string,,,https://apply07.grants.gov/apply/forms/schemas/RR_SubawardBudget10_30_3_0-V3.0.xsd,0ed112b2e50f0e0c43423f690201b207f5b9c5a85349335260e4fd999f3a611a,,false
RRSubawardBudget10_30,[Draft] R&R Subaward Budget Attachment(s) Form 10 YR 30 ATT,3.0,budget_attachments.rr_budget_10_3_0[].samuei,RR_SubawardBudget10_30_3_0.BudgetAttachments.RR_Budget10_3_0.SAMUEI,UEI:,question,concept:role:subaward-organization:sam-uei,concept:role:subaward-organization:sam-uei,question:sha256:bd9966c8d10b75a1b34321485f118f276942510294c9bd4be97dd7af9ebad9ac,agent_proposed,,,,string,,,https://apply07.grants.gov/apply/forms/schemas/RR_SubawardBudget10_30_3_0-V3.0.xsd,0ed112b2e50f0e0c43423f690201b207f5b9c5a85349335260e4fd999f3a611a,,false
RRSubawardBudget30,[Draft] R&R Subaward Budget Attachment(s) Form 30,3.0,att_1,RR_SubawardBudget30_3_0.ATT1,ATT1,technical_field,,concept:attachment:subaward-budget,question:sha256:0ea8c5b49df18baec9e9540ab8eb993767405ae6cfe80faa33d234e88d090d79,excluded_non_question,,,,string,,,https://apply07.grants.gov/apply/forms/schemas/RR_SubawardBudget30_3_0-V3.0.xsd,d5d534326e8f7e4416baf98c95c1f9234c0a23628259ee2d7e3199181a24e08a,,false
RRSubawardBudget30,[Draft] R&R Subaward Budget Attachment(s) Form 30,3.0,att_10,RR_SubawardBudget30_3_0.ATT10,ATT10,technical_field,,concept:attachment:subaward-budget,question:sha256:3892dd8ecc3c1d444d35fff3374c9770442ee786d90a4a80363c967b3d076c30,excluded_non_question,,,,string,,,https://apply07.grants.gov/apply/forms/schemas/RR_SubawardBudget30_3_0-V3.0.xsd,d5d534326e8f7e4416baf98c95c1f9234c0a23628259ee2d7e3199181a24e08a,,false
RRSubawardBudget30,[Draft] R&R Subaward Budget Attachment(s) Form 30,3.0,att_11,RR_SubawardBudget30_3_0.ATT11,ATT11,technical_field,,concept:attachment:subaward-budget,question:sha256:76388177280836499a1348a9b650e93f674b658b306b166b71a62ff4d11fafea,excluded_non_question,,,,string,,,https://apply07.grants.gov/apply/forms/schemas/RR_SubawardBudget30_3_0-V3.0.xsd,d5d534326e8f7e4416baf98c95c1f9234c0a23628259ee2d7e3199181a24e08a,,false
RRSubawardBudget30,[Draft] R&R Subaward Budget Attachment(s) Form 30,3.0,att_12,RR_SubawardBudget30_3_0.ATT12,ATT12,technical_field,,concept:attachment:subaward-budget,question:sha256:1a47eb40450e8278c8dd71bd5c212bb0a1b1eb814e4497fd783c424af4dd1854,excluded_non_question,,,,string,,,https://apply07.grants.gov/apply/forms/schemas/RR_SubawardBudget30_3_0-V3.0.xsd,d5d534326e8f7e4416baf98c95c1f9234c0a23628259ee2d7e3199181a24e08a,,false
RRSubawardBudget30,[Draft] R&R Subaward Budget Attachment(s) Form 30,3.0,att_13,RR_SubawardBudget30_3_0.ATT13,ATT13,technical_field,,concept:attachment:subaward-budget,question:sha256:0e68124077634bca48117019d8adcc48fc38affa8bda2e78b6570ab858124fe3,excluded_non_question,,,,string,,,https://apply07.grants.gov/apply/forms/schemas/RR_SubawardBudget30_3_0-V3.0.xsd,d5d534326e8f7e4416baf98c95c1f9234c0a23628259ee2d7e3199181a24e08a,,false
RRSubawardBudget30,[Draft] R&R Subaward Budget Attachment(s) Form 30,3.0,att_14,RR_SubawardBudget30_3_0.ATT14,ATT14,technical_field,,concept:attachment:subaward-budget,question:sha256:aaa0c044cd23af41d4f3e50f272b91986660fe331a1a0326a0e65bd3ba75cd67,excluded_non_question,,,,string,,,https://apply07.grants.gov/apply/forms/schemas/RR_SubawardBudget30_3_0-V3.0.xsd,d5d534326e8f7e4416baf98c95c1f9234c0a23628259ee2d7e3199181a24e08a,,false
RRSubawardBudget30,[Draft] R&R Subaward Budget Attachment(s) Form 30,3.0,att_15,RR_SubawardBudget30_3_0.ATT15,ATT15,technical_field,,concept:attachment:subaward-budget,question:sha256:2645196065243cb9aad2e3af6fb805109033da047fd860ea2cab1ed8dae70660,excluded_non_question,,,,string,,,https://apply07.grants.gov/apply/forms/schemas/RR_SubawardBudget30_3_0-V3.0.xsd,d5d534326e8f7e4416baf98c95c1f9234c0a23628259ee2d7e3199181a24e08a,,false
RRSubawardBudget30,[Draft] R&R Subaward Budget Attachment(s) Form 30,3.0,att_16,RR_SubawardBudget30_3_0.ATT16,ATT16,technical_field,,concept:attachment:subaward-budget,question:sha256:7855e9fb7c8ce9058fdb5b2917159931d42d9b84f898f1831c59fed4cc249c1e,excluded_non_question,,,,string,,,https://apply07.grants.gov/apply/forms/schemas/RR_SubawardBudget30_3_0-V3.0.xsd,d5d534326e8f7e4416baf98c95c1f9234c0a23628259ee2d7e3199181a24e08a,,false
RRSubawardBudget30,[Draft] R&R Subaward Budget Attachment(s) Form 30,3.0,att_17,RR_SubawardBudget30_3_0.ATT17,ATT17,technical_field,,concept:attachment:subaward-budget,question:sha256:cb779186f5388027b9c375a997d08e691d6cf2bbe281a1505c66f0ada3a2b41d,excluded_non_question,,,,string,,,https://apply07.grants.gov/apply/forms/schemas/RR_SubawardBudget30_3_0-V3.0.xsd,d5d534326e8f7e4416baf98c95c1f9234c0a23628259ee2d7e3199181a24e08a,,false
RRSubawardBudget30,[Draft] R&R Subaward Budget Attachment(s) Form 30,3.0,att_18,RR_SubawardBudget30_3_0.ATT18,ATT18,technical_field,,concept:attachment:subaward-budget,question:sha256:f5b325c1a78451f0638bf28f76e3bbbe40581b771b65bac1ba5378286e388f32,excluded_non_question,,,,string,,,https://apply07.grants.gov/apply/forms/schemas/RR_SubawardBudget30_3_0-V3.0.xsd,d5d534326e8f7e4416baf98c95c1f9234c0a23628259ee2d7e3199181a24e08a,,false
RRSubawardBudget30,[Draft] R&R Subaward Budget Attachment(s) Form 30,3.0,att_19,RR_SubawardBudget30_3_0.ATT19,ATT19,technical_field,,concept:attachment:subaward-budget,question:sha256:71f7ec5ce03637349c8d34c6726dc78dae34ee3fc136838294a01ef36a52913a,excluded_non_question,,,,string,,,https://apply07.grants.gov/apply/forms/schemas/RR_SubawardBudget30_3_0-V3.0.xsd,d5d534326e8f7e4416baf98c95c1f9234c0a23628259ee2d7e3199181a24e08a,,false
RRSubawardBudget30,[Draft] R&R Subaward Budget Attachment(s) Form 30,3.0,att_2,RR_SubawardBudget30_3_0.ATT2,ATT2,technical_field,,concept:attachment:subaward-budget,question:sha256:14a5fbe0a2aff9c585a0093337fe003766a90fcf7c1fdbc029959d8dc39a4de7,excluded_non_question,,,,string,,,https://apply07.grants.gov/apply/forms/schemas/RR_SubawardBudget30_3_0-V3.0.xsd,d5d534326e8f7e4416baf98c95c1f9234c0a23628259ee2d7e3199181a24e08a,,false
RRSubawardBudget30,[Draft] R&R Subaward Budget Attachment(s) Form 30,3.0,att_20,RR_SubawardBudget30_3_0.ATT20,ATT20,technical_field,,concept:attachment:subaward-budget,question:sha256:becefe66a79d6492d7d0dcb0d5a3647e0cc061b092160943cbaeb545ae31ad8a,excluded_non_question,,,,string,,,https://apply07.grants.gov/apply/forms/schemas/RR_SubawardBudget30_3_0-V3.0.xsd,d5d534326e8f7e4416baf98c95c1f9234c0a23628259ee2d7e3199181a24e08a,,false
RRSubawardBudget30,[Draft] R&R Subaward Budget Attachment(s) Form 30,3.0,att_21,RR_SubawardBudget30_3_0.ATT21,ATT21,technical_field,,concept:attachment:subaward-budget,question:sha256:d213f0dcf2ad196a1c033cb4186004f98e0b4d1cb4dfe6ab1157a93e373a4e9e,excluded_non_question,,,,string,,,https://apply07.grants.gov/apply/forms/schemas/RR_SubawardBudget30_3_0-V3.0.xsd,d5d534326e8f7e4416baf98c95c1f9234c0a23628259ee2d7e3199181a24e08a,,false
RRSubawardBudget30,[Draft] R&R Subaward Budget Attachment(s) Form 30,3.0,att_22,RR_SubawardBudget30_3_0.ATT22,ATT22,technical_field,,concept:attachment:subaward-budget,question:sha256:1fdfe129e3166a52812d26ec8c64648525e7f8d3c1fafd59bc22f7e9c68fe020,excluded_non_question,,,,string,,,https://apply07.grants.gov/apply/forms/schemas/RR_SubawardBudget30_3_0-V3.0.xsd,d5d534326e8f7e4416baf98c95c1f9234c0a23628259ee2d7e3199181a24e08a,,false
RRSubawardBudget30,[Draft] R&R Subaward Budget Attachment(s) Form 30,3.0,att_23,RR_SubawardBudget30_3_0.ATT23,ATT23,technical_field,,concept:attachment:subaward-budget,question:sha256:a51e6b35318b2b71eecc96a8970aa5e3b2a06e12afc769c2722f6d31b390c8b0,excluded_non_question,,,,string,,,https://apply07.grants.gov/apply/forms/schemas/RR_SubawardBudget30_3_0-V3.0.xsd,d5d534326e8f7e4416baf98c95c1f9234c0a23628259ee2d7e3199181a24e08a,,false
RRSubawardBudget30,[Draft] R&R Subaward Budget Attachment(s) Form 30,3.0,att_24,RR_SubawardBudget30_3_0.ATT24,ATT24,technical_field,,concept:attachment:subaward-budget,question:sha256:1d003fac737cc9417f7b7ffdcc4c30990d8c4ba1e995e034f4f44feb4963a196,excluded_non_question,,,,string,,,https://apply07.grants.gov/apply/forms/schemas/RR_SubawardBudget30_3_0-V3.0.xsd,d5d534326e8f7e4416baf98c95c1f9234c0a23628259ee2d7e3199181a24e08a,,false
RRSubawardBudget30,[Draft] R&R Subaward Budget Attachment(s) Form 30,3.0,att_25,RR_SubawardBudget30_3_0.ATT25,ATT25,technical_field,,concept:attachment:subaward-budget,question:sha256:301287f3b0a75116af600c0ed46a3cfeb68373334f2b8a6332ec4f62f8c942d9,excluded_non_question,,,,string,,,https://apply07.grants.gov/apply/forms/schemas/RR_SubawardBudget30_3_0-V3.0.xsd,d5d534326e8f7e4416baf98c95c1f9234c0a23628259ee2d7e3199181a24e08a,,false
RRSubawardBudget30,[Draft] R&R Subaward Budget Attachment(s) Form 30,3.0,att_26,RR_SubawardBudget30_3_0.ATT26,ATT26,technical_field,,concept:attachment:subaward-budget,question:sha256:63b7055212ff4b8b55163917d046e57258141d3e7ef54daedddb51b5ddf87853,excluded_non_question,,,,string,,,https://apply07.grants.gov/apply/forms/schemas/RR_SubawardBudget30_3_0-V3.0.xsd,d5d534326e8f7e4416baf98c95c1f9234c0a23628259ee2d7e3199181a24e08a,,false
RRSubawardBudget30,[Draft] R&R Subaward Budget Attachment(s) Form 30,3.0,att_27,RR_SubawardBudget30_3_0.ATT27,ATT27,technical_field,,concept:attachment:subaward-budget,question:sha256:ebd03d09aad142a1ae405cfdad5f478f44021071a07000f50cc3fc43bb47fc8f,excluded_non_question,,,,string,,,https://apply07.grants.gov/apply/forms/schemas/RR_SubawardBudget30_3_0-V3.0.xsd,d5d534326e8f7e4416baf98c95c1f9234c0a23628259ee2d7e3199181a24e08a,,false
RRSubawardBudget30,[Draft] R&R Subaward Budget Attachment(s) Form 30,3.0,att_28,RR_SubawardBudget30_3_0.ATT28,ATT28,technical_field,,concept:attachment:subaward-budget,question:sha256:b19b56f215ee2a194e50aa2ee0627ea0e498a605bac533e78e7fcd8109953170,excluded_non_question,,,,string,,,https://apply07.grants.gov/apply/forms/schemas/RR_SubawardBudget30_3_0-V3.0.xsd,d5d534326e8f7e4416baf98c95c1f9234c0a23628259ee2d7e3199181a24e08a,,false
RRSubawardBudget30,[Draft] R&R Subaward Budget Attachment(s) Form 30,3.0,att_29,RR_SubawardBudget30_3_0.ATT29,ATT29,technical_field,,concept:attachment:subaward-budget,question:sha256:9afaafce3c737a69485972bf53c1f4d3a653720c14c4c2141dde195426304c10,excluded_non_question,,,,string,,,https://apply07.grants.gov/apply/forms/schemas/RR_SubawardBudget30_3_0-V3.0.xsd,d5d534326e8f7e4416baf98c95c1f9234c0a23628259ee2d7e3199181a24e08a,,false
RRSubawardBudget30,[Draft] R&R Subaward Budget Attachment(s) Form 30,3.0,att_3,RR_SubawardBudget30_3_0.ATT3,ATT3,technical_field,,concept:attachment:subaward-budget,question:sha256:2cc85025b627deb638739cae9ddc54bc7d6fb8abb838ccdf320327128bde1ad2,excluded_non_question,,,,string,,,https://apply07.grants.gov/apply/forms/schemas/RR_SubawardBudget30_3_0-V3.0.xsd,d5d534326e8f7e4416baf98c95c1f9234c0a23628259ee2d7e3199181a24e08a,,false
RRSubawardBudget30,[Draft] R&R Subaward Budget Attachment(s) Form 30,3.0,att_30,RR_SubawardBudget30_3_0.ATT30,ATT30,technical_field,,concept:attachment:subaward-budget,question:sha256:c88292128ec08bbac0d8ab6920d87651c3c2b5a1055238de11dd01b485224a3d,excluded_non_question,,,,string,,,https://apply07.grants.gov/apply/forms/schemas/RR_SubawardBudget30_3_0-V3.0.xsd,d5d534326e8f7e4416baf98c95c1f9234c0a23628259ee2d7e3199181a24e08a,,false
RRSubawardBudget30,[Draft] R&R Subaward Budget Attachment(s) Form 30,3.0,att_4,RR_SubawardBudget30_3_0.ATT4,ATT4,technical_field,,concept:attachment:subaward-budget,question:sha256:2feef21b489b8a85bfd73144fc60a9226efdc240c70119625b4642a4f3299801,excluded_non_question,,,,string,,,https://apply07.grants.gov/apply/forms/schemas/RR_SubawardBudget30_3_0-V3.0.xsd,d5d534326e8f7e4416baf98c95c1f9234c0a23628259ee2d7e3199181a24e08a,,false
RRSubawardBudget30,[Draft] R&R Subaward Budget Attachment(s) Form 30,3.0,att_5,RR_SubawardBudget30_3_0.ATT5,ATT5,technical_field,,concept:attachment:subaward-budget,question:sha256:e09e630bcfd3bf84fa746af3d124160a774883565a82477acf46e1c4ca8a62f5,excluded_non_question,,,,string,,,https://apply07.grants.gov/apply/forms/schemas/RR_SubawardBudget30_3_0-V3.0.xsd,d5d534326e8f7e4416baf98c95c1f9234c0a23628259ee2d7e3199181a24e08a,,false
RRSubawardBudget30,[Draft] R&R Subaward Budget Attachment(s) Form 30,3.0,att_6,RR_SubawardBudget30_3_0.ATT6,ATT6,technical_field,,concept:attachment:subaward-budget,question:sha256:8dcfc83645cc6690d890d960c975b705b75aa0ae6de67251fa0394ed70e5afc1,excluded_non_question,,,,string,,,https://apply07.grants.gov/apply/forms/schemas/RR_SubawardBudget30_3_0-V3.0.xsd,d5d534326e8f7e4416baf98c95c1f9234c0a23628259ee2d7e3199181a24e08a,,false
RRSubawardBudget30,[Draft] R&R Subaward Budget Attachment(s) Form 30,3.0,att_7,RR_SubawardBudget30_3_0.ATT7,ATT7,technical_field,,concept:attachment:subaward-budget,question:sha256:f968a0b45274249036fae596fca1b65cf53fa29a184354b4bb98b414cf2f50b3,excluded_non_question,,,,string,,,https://apply07.grants.gov/apply/forms/schemas/RR_SubawardBudget30_3_0-V3.0.xsd,d5d534326e8f7e4416baf98c95c1f9234c0a23628259ee2d7e3199181a24e08a,,false
RRSubawardBudget30,[Draft] R&R Subaward Budget Attachment(s) Form 30,3.0,att_8,RR_SubawardBudget30_3_0.ATT8,ATT8,technical_field,,concept:attachment:subaward-budget,question:sha256:df348699af7a107b18e0e3777d590a03cf0aefa26232b3164886a61d0dd00906,excluded_non_question,,,,string,,,https://apply07.grants.gov/apply/forms/schemas/RR_SubawardBudget30_3_0-V3.0.xsd,d5d534326e8f7e4416baf98c95c1f9234c0a23628259ee2d7e3199181a24e08a,,false
RRSubawardBudget30,[Draft] R&R Subaward Budget Attachment(s) Form 30,3.0,att_9,RR_SubawardBudget30_3_0.ATT9,ATT9,technical_field,,concept:attachment:subaward-budget,question:sha256:c03ae5947d7d4a43995183afea5027f4c62d1cef67bd1646d2896574c647a6d0,excluded_non_question,,,,string,,,https://apply07.grants.gov/apply/forms/schemas/RR_SubawardBudget30_3_0-V3.0.xsd,d5d534326e8f7e4416baf98c95c1f9234c0a23628259ee2d7e3199181a24e08a,,false
RRSubawardBudget30,[Draft] R&R Subaward Budget Attachment(s) Form 30,3.0,budget_attachments.rr_budget_3_0[].budget_justification_attachment,RR_SubawardBudget30_3_0.BudgetAttachments.RR_Budget_3_0.BudgetJustificationAttachment,L. Budget Justification (Only attach one file.),question,concept:attachment:budget-narrative,concept:attachment:budget-narrative,question:sha256:80960ca8a123be9a7ee95e254c36e90928c48364dcac9d84b44946e69932727e,agent_proposed,,,,,,,https://apply07.grants.gov/apply/forms/schemas/RR_SubawardBudget30_3_0-V3.0.xsd,d5d534326e8f7e4416baf98c95c1f9234c0a23628259ee2d7e3199181a24e08a,,false
RRSubawardBudget30,[Draft] R&R Subaward Budget Attachment(s) Form 30,3.0,budget_attachments.rr_budget_3_0[].budget_summary.cumulative_adp_computer_services,RR_SubawardBudget30_3_0.BudgetAttachments.RR_Budget_3_0.BudgetSummary.CumulativeADPComputerServices,4. ADP/Computer Services,calculation,,concept:budget:research:cumulative:computer-services,question:sha256:db61d396cd7751326fa003c37d1bae45ca4a354e708f7c8501bfddff0152a9c0,excluded_non_question,,,,string,,,https://apply07.grants.gov/apply/forms/schemas/RR_SubawardBudget30_3_0-V3.0.xsd,d5d534326e8f7e4416baf98c95c1f9234c0a23628259ee2d7e3199181a24e08a,,false
RRSubawardBudget30,[Draft] R&R Subaward Budget Attachment(s) Form 30,3.0,budget_attachments.rr_budget_3_0[].budget_summary.cumulative_alterations_and_renovations,RR_SubawardBudget30_3_0.BudgetAttachments.RR_Budget_3_0.BudgetSummary.CumulativeAlterationsAndRenovations,7. Alterations and Renovations,calculation,,concept:budget:research:cumulative:alterations-renovations,question:sha256:f13cd01b959a986f0ae482e2fe6211c21deedbbcae123e6ca86ac0c984610eaf,excluded_non_question,,,,string,,,https://apply07.grants.gov/apply/forms/schemas/RR_SubawardBudget30_3_0-V3.0.xsd,d5d534326e8f7e4416baf98c95c1f9234c0a23628259ee2d7e3199181a24e08a,,false
RRSubawardBudget30,[Draft] R&R Subaward Budget Attachment(s) Form 30,3.0,budget_attachments.rr_budget_3_0[].budget_summary.cumulative_consultant_services,RR_SubawardBudget30_3_0.BudgetAttachments.RR_Budget_3_0.BudgetSummary.CumulativeConsultantServices,3. Consultant Services,calculation,,concept:budget:research:cumulative:consultant-services,question:sha256:892007f821ca6b939925fbed2c3ee89a03deda0a71e6899cdcfb42c1ea198b16,excluded_non_question,,,,string,,,https://apply07.grants.gov/apply/forms/schemas/RR_SubawardBudget30_3_0-V3.0.xsd,d5d534326e8f7e4416baf98c95c1f9234c0a23628259ee2d7e3199181a24e08a,,false
RRSubawardBudget30,[Draft] R&R Subaward Budget Attachment(s) Form 30,3.0,budget_attachments.rr_budget_3_0[].budget_summary.cumulative_domestic_travel_costs,RR_SubawardBudget30_3_0.BudgetAttachments.RR_Budget_3_0.BudgetSummary.CumulativeDomesticTravelCosts,1. Domestic,calculation,,concept:budget:research:cumulative:travel-domestic,question:sha256:04973b24df25ea7c5453569a129582796bd957f284447e2ac60bf1f729df3e45,excluded_non_question,,,,string,,,https://apply07.grants.gov/apply/forms/schemas/RR_SubawardBudget30_3_0-V3.0.xsd,d5d534326e8f7e4416baf98c95c1f9234c0a23628259ee2d7e3199181a24e08a,,false
RRSubawardBudget30,[Draft] R&R Subaward Budget Attachment(s) Form 30,3.0,budget_attachments.rr_budget_3_0[].budget_summary.cumulative_equipment_facility_rental_fees,RR_SubawardBudget30_3_0.BudgetAttachments.RR_Budget_3_0.BudgetSummary.CumulativeEquipmentFacilityRentalFees,6. Equipment or Facility Rental/User Fees,calculation,,concept:budget:research:cumulative:equipment-facility-rental,question:sha256:ba8da9c9dbe60fd9a3949a658e5db361f96ec2595055c390eab7953bb20a6bcb,excluded_non_question,,,,string,,,https://apply07.grants.gov/apply/forms/schemas/RR_SubawardBudget30_3_0-V3.0.xsd,d5d534326e8f7e4416baf98c95c1f9234c0a23628259ee2d7e3199181a24e08a,,false
RRSubawardBudget30,[Draft] R&R Subaward Budget Attachment(s) Form 30,3.0,budget_attachments.rr_budget_3_0[].budget_summary.cumulative_fee,RR_SubawardBudget30_3_0.BudgetAttachments.RR_Budget_3_0.BudgetSummary.CumulativeFee,"Section J, Fee",calculation,,concept:budget:research:cumulative:fee,question:sha256:c7c31d860671d3f33b0eb69f93836d704913868b18b2425a9a7510eb13c67f06,excluded_non_question,,,,string,,,https://apply07.grants.gov/apply/forms/schemas/RR_SubawardBudget30_3_0-V3.0.xsd,d5d534326e8f7e4416baf98c95c1f9234c0a23628259ee2d7e3199181a24e08a,,false
RRSubawardBudget30,[Draft] R&R Subaward Budget Attachment(s) Form 30,3.0,budget_attachments.rr_budget_3_0[].budget_summary.cumulative_foreign_travel_costs,RR_SubawardBudget30_3_0.BudgetAttachments.RR_Budget_3_0.BudgetSummary.CumulativeForeignTravelCosts,2. Foreign,calculation,,concept:budget:research:cumulative:travel-foreign,question:sha256:26ec11e52b5160fe00ff5dc9348dfd3e8835acdb0656b1f1f4a27c696d08ea93,excluded_non_question,,,,string,,,https://apply07.grants.gov/apply/forms/schemas/RR_SubawardBudget30_3_0-V3.0.xsd,d5d534326e8f7e4416baf98c95c1f9234c0a23628259ee2d7e3199181a24e08a,,false
RRSubawardBudget30,[Draft] R&R Subaward Budget Attachment(s) Form 30,3.0,budget_attachments.rr_budget_3_0[].budget_summary.cumulative_material_and_supplies,RR_SubawardBudget30_3_0.BudgetAttachments.RR_Budget_3_0.BudgetSummary.CumulativeMaterialAndSupplies,1. Materials and Supplies,calculation,,concept:budget:research:cumulative:materials-supplies,question:sha256:29ce6beba7bf34047622effce31ec8010f1c2306ba0fed9d4b1546b811241aae,excluded_non_question,,,,string,,,https://apply07.grants.gov/apply/forms/schemas/RR_SubawardBudget30_3_0-V3.0.xsd,d5d534326e8f7e4416baf98c95c1f9234c0a23628259ee2d7e3199181a24e08a,,false
RRSubawardBudget30,[Draft] R&R Subaward Budget Attachment(s) Form 30,3.0,budget_attachments.rr_budget_3_0[].budget_summary.cumulative_noof_trainees,RR_SubawardBudget30_3_0.BudgetAttachments.RR_Budget_3_0.BudgetSummary.CumulativeNoofTrainees,6. Number of Participants/Trainees,calculation,,concept:budget:research:cumulative:trainee-count,question:sha256:0edb1978554e5d6784aba8cfbe9a1fc9cb87119997257e8abd9eb82161b34ad5,excluded_non_question,,,,integer,,,https://apply07.grants.gov/apply/forms/schemas/RR_SubawardBudget30_3_0-V3.0.xsd,d5d534326e8f7e4416baf98c95c1f9234c0a23628259ee2d7e3199181a24e08a,,false
RRSubawardBudget30,[Draft] R&R Subaward Budget Attachment(s) Form 30,3.0,budget_attachments.rr_budget_3_0[].budget_summary.cumulative_other_10_direct_cost,RR_SubawardBudget30_3_0.BudgetAttachments.RR_Budget_3_0.BudgetSummary.CumulativeOther10DirectCost,17. Other 10,calculation,,concept:budget:research:cumulative:other-direct-line-cost,question:sha256:5129b172930b1eb5497d67e52da502dbae6348859b4cb54f1c364ccdda24df6d,excluded_non_question,,,,string,,,https://apply07.grants.gov/apply/forms/schemas/RR_SubawardBudget30_3_0-V3.0.xsd,d5d534326e8f7e4416baf98c95c1f9234c0a23628259ee2d7e3199181a24e08a,,false
RRSubawardBudget30,[Draft] R&R Subaward Budget Attachment(s) Form 30,3.0,budget_attachments.rr_budget_3_0[].budget_summary.cumulative_other_1_direct_cost,RR_SubawardBudget30_3_0.BudgetAttachments.RR_Budget_3_0.BudgetSummary.CumulativeOther1DirectCost,8. Other 1,calculation,,concept:budget:research:cumulative:other-direct-line-cost,question:sha256:a6c34e71eefc14e75df3fef87cdd88e9994a82cc89ce27fad3693b2251f893c4,excluded_non_question,,,,string,,,https://apply07.grants.gov/apply/forms/schemas/RR_SubawardBudget30_3_0-V3.0.xsd,d5d534326e8f7e4416baf98c95c1f9234c0a23628259ee2d7e3199181a24e08a,,false
RRSubawardBudget30,[Draft] R&R Subaward Budget Attachment(s) Form 30,3.0,budget_attachments.rr_budget_3_0[].budget_summary.cumulative_other_2_direct_cost,RR_SubawardBudget30_3_0.BudgetAttachments.RR_Budget_3_0.BudgetSummary.CumulativeOther2DirectCost,9. Other 2,calculation,,concept:budget:research:cumulative:other-direct-line-cost,question:sha256:1102115a74a7786145ff4ef137099e177930f735c326a24dd117c0f530a65b3a,excluded_non_question,,,,string,,,https://apply07.grants.gov/apply/forms/schemas/RR_SubawardBudget30_3_0-V3.0.xsd,d5d534326e8f7e4416baf98c95c1f9234c0a23628259ee2d7e3199181a24e08a,,false
RRSubawardBudget30,[Draft] R&R Subaward Budget Attachment(s) Form 30,3.0,budget_attachments.rr_budget_3_0[].budget_summary.cumulative_other_3_direct_cost,RR_SubawardBudget30_3_0.BudgetAttachments.RR_Budget_3_0.BudgetSummary.CumulativeOther3DirectCost,10. Other 3,calculation,,concept:budget:research:cumulative:other-direct-line-cost,question:sha256:930502162d85fcdbb4c46cabf4ae01f1a1465fca94b5abca87bbd6572d6c7d7a,excluded_non_question,,,,string,,,https://apply07.grants.gov/apply/forms/schemas/RR_SubawardBudget30_3_0-V3.0.xsd,d5d534326e8f7e4416baf98c95c1f9234c0a23628259ee2d7e3199181a24e08a,,false
RRSubawardBudget30,[Draft] R&R Subaward Budget Attachment(s) Form 30,3.0,budget_attachments.rr_budget_3_0[].budget_summary.cumulative_other_4_direct_cost,RR_SubawardBudget30_3_0.BudgetAttachments.RR_Budget_3_0.BudgetSummary.CumulativeOther4DirectCost,11. Other 4,calculation,,concept:budget:research:cumulative:other-direct-line-cost,question:sha256:ea5831900aca1cbedaf7bdedad75fce13780cd15dea9b0ddaf5890ffc10dd70d,excluded_non_question,,,,string,,,https://apply07.grants.gov/apply/forms/schemas/RR_SubawardBudget30_3_0-V3.0.xsd,d5d534326e8f7e4416baf98c95c1f9234c0a23628259ee2d7e3199181a24e08a,,false
RRSubawardBudget30,[Draft] R&R Subaward Budget Attachment(s) Form 30,3.0,budget_attachments.rr_budget_3_0[].budget_summary.cumulative_other_5_direct_cost,RR_SubawardBudget30_3_0.BudgetAttachments.RR_Budget_3_0.BudgetSummary.CumulativeOther5DirectCost,12. Other 5,calculation,,concept:budget:research:cumulative:other-direct-line-cost,question:sha256:998c0f4add9f1b453c3d9c1db79b37fff44693cfd71355f4e529285a62a8069b,excluded_non_question,,,,string,,,https://apply07.grants.gov/apply/forms/schemas/RR_SubawardBudget30_3_0-V3.0.xsd,d5d534326e8f7e4416baf98c95c1f9234c0a23628259ee2d7e3199181a24e08a,,false
RRSubawardBudget30,[Draft] R&R Subaward Budget Attachment(s) Form 30,3.0,budget_attachments.rr_budget_3_0[].budget_summary.cumulative_other_6_direct_cost,RR_SubawardBudget30_3_0.BudgetAttachments.RR_Budget_3_0.BudgetSummary.CumulativeOther6DirectCost,13. Other 6,calculation,,concept:budget:research:cumulative:other-direct-line-cost,question:sha256:aa6d1372dcb32d9963e54c8a06d8ac3b064f33517598f0d4ab38f04f4f99d54e,excluded_non_question,,,,string,,,https://apply07.grants.gov/apply/forms/schemas/RR_SubawardBudget30_3_0-V3.0.xsd,d5d534326e8f7e4416baf98c95c1f9234c0a23628259ee2d7e3199181a24e08a,,false
RRSubawardBudget30,[Draft] R&R Subaward Budget Attachment(s) Form 30,3.0,budget_attachments.rr_budget_3_0[].budget_summary.cumulative_other_7_direct_cost,RR_SubawardBudget30_3_0.BudgetAttachments.RR_Budget_3_0.BudgetSummary.CumulativeOther7DirectCost,14. Other 7,calculation,,concept:budget:research:cumulative:other-direct-line-cost,question:sha256:b38c6fb1d95dc124b86772093ed5df45efcc5cfdad255eb3fa781827bfc8f043,excluded_non_question,,,,string,,,https://apply07.grants.gov/apply/forms/schemas/RR_SubawardBudget30_3_0-V3.0.xsd,d5d534326e8f7e4416baf98c95c1f9234c0a23628259ee2d7e3199181a24e08a,,false
RRSubawardBudget30,[Draft] R&R Subaward Budget Attachment(s) Form 30,3.0,budget_attachments.rr_budget_3_0[].budget_summary.cumulative_other_8_direct_cost,RR_SubawardBudget30_3_0.BudgetAttachments.RR_Budget_3_0.BudgetSummary.CumulativeOther8DirectCost,15. Other 8,calculation,,concept:budget:research:cumulative:other-direct-line-cost,question:sha256:c95a3cb3c287608b4d9cafb70799de6537f3e66c0e0b2a48343a482c896586aa,excluded_non_question,,,,string,,,https://apply07.grants.gov/apply/forms/schemas/RR_SubawardBudget30_3_0-V3.0.xsd,d5d534326e8f7e4416baf98c95c1f9234c0a23628259ee2d7e3199181a24e08a,,false
RRSubawardBudget30,[Draft] R&R Subaward Budget Attachment(s) Form 30,3.0,budget_attachments.rr_budget_3_0[].budget_summary.cumulative_other_9_direct_cost,RR_SubawardBudget30_3_0.BudgetAttachments.RR_Budget_3_0.BudgetSummary.CumulativeOther9DirectCost,16. Other 9,calculation,,concept:budget:research:cumulative:other-direct-line-cost,question:sha256:c764e27690afdf01dfb24a96604628d6175b32f8d4f79a0814a12045ca935c37,excluded_non_question,,,,string,,,https://apply07.grants.gov/apply/forms/schemas/RR_SubawardBudget30_3_0-V3.0.xsd,d5d534326e8f7e4416baf98c95c1f9234c0a23628259ee2d7e3199181a24e08a,,false
RRSubawardBudget30,[Draft] R&R Subaward Budget Attachment(s) Form 30,3.0,budget_attachments.rr_budget_3_0[].budget_summary.cumulative_other_trainee_cost,RR_SubawardBudget30_3_0.BudgetAttachments.RR_Budget_3_0.BudgetSummary.CumulativeOtherTraineeCost,5. Other,calculation,,concept:budget:research:cumulative:trainee-other,question:sha256:09f73acc713f35df74d9a8223b166f6473bd396012d1d782377dcf9763241cca,excluded_non_question,,,,string,,,https://apply07.grants.gov/apply/forms/schemas/RR_SubawardBudget30_3_0-V3.0.xsd,d5d534326e8f7e4416baf98c95c1f9234c0a23628259ee2d7e3199181a24e08a,,false
RRSubawardBudget30,[Draft] R&R Subaward Budget Attachment(s) Form 30,3.0,budget_attachments.rr_budget_3_0[].budget_summary.cumulative_publication_costs,RR_SubawardBudget30_3_0.BudgetAttachments.RR_Budget_3_0.BudgetSummary.CumulativePublicationCosts,2. Publication Costs,calculation,,concept:budget:research:cumulative:publication,question:sha256:def6051669de2b697232e753bc6250c6bd81dea7f366a3c16660cc951f9d3f7f,excluded_non_question,,,,string,,,https://apply07.grants.gov/apply/forms/schemas/RR_SubawardBudget30_3_0-V3.0.xsd,d5d534326e8f7e4416baf98c95c1f9234c0a23628259ee2d7e3199181a24e08a,,false
RRSubawardBudget30,[Draft] R&R Subaward Budget Attachment(s) Form 30,3.0,budget_attachments.rr_budget_3_0[].budget_summary.cumulative_subaward_consortium_contractual_costs,RR_SubawardBudget30_3_0.BudgetAttachments.RR_Budget_3_0.BudgetSummary.CumulativeSubawardConsortiumContractualCosts,5. Subawards/Consortium/Contractual Costs,calculation,,concept:budget:research:cumulative:subaward-contractual,question:sha256:b5beebaefeb4994dc64d14985c9011b0567bd1d563be4dac9241c09a785863c0,excluded_non_question,,,,string,,,https://apply07.grants.gov/apply/forms/schemas/RR_SubawardBudget30_3_0-V3.0.xsd,d5d534326e8f7e4416baf98c95c1f9234c0a23628259ee2d7e3199181a24e08a,,false
RRSubawardBudget30,[Draft] R&R Subaward Budget Attachment(s) Form 30,3.0,budget_attachments.rr_budget_3_0[].budget_summary.cumulative_total_costs_fee,RR_SubawardBudget30_3_0.BudgetAttachments.RR_Budget_3_0.BudgetSummary.CumulativeTotalCostsFee,"Section K, Total Costs and Fee (I + J)",calculation,,concept:budget:research:cumulative:total-with-fee,question:sha256:c2c55f0b17fb51850c9c630f43476c6749c0556915c24eff8458bd81f3c6a9a9,excluded_non_question,,,,string,,,https://apply07.grants.gov/apply/forms/schemas/RR_SubawardBudget30_3_0-V3.0.xsd,d5d534326e8f7e4416baf98c95c1f9234c0a23628259ee2d7e3199181a24e08a,,false
RRSubawardBudget30,[Draft] R&R Subaward Budget Attachment(s) Form 30,3.0,budget_attachments.rr_budget_3_0[].budget_summary.cumulative_total_funds_requested_direct_costs,RR_SubawardBudget30_3_0.BudgetAttachments.RR_Budget_3_0.BudgetSummary.CumulativeTotalFundsRequestedDirectCosts,"Section G, Direct Costs (A thru F)",calculation,,concept:budget:research:cumulative:direct-total,question:sha256:e014ce944468fd7844eb254678b7512693fd318b9d2ef5c9f84d6801270f2e59,excluded_non_question,,,,string,,,https://apply07.grants.gov/apply/forms/schemas/RR_SubawardBudget30_3_0-V3.0.xsd,d5d534326e8f7e4416baf98c95c1f9234c0a23628259ee2d7e3199181a24e08a,,false
RRSubawardBudget30,[Draft] R&R Subaward Budget Attachment(s) Form 30,3.0,budget_attachments.rr_budget_3_0[].budget_summary.cumulative_total_funds_requested_direct_indirect_costs,RR_SubawardBudget30_3_0.BudgetAttachments.RR_Budget_3_0.BudgetSummary.CumulativeTotalFundsRequestedDirectIndirectCosts,"Section I, Total Direct and Indirect Costs (G + H)",calculation,,concept:budget:research:cumulative:direct-indirect-total,question:sha256:58bf3169a64ed7964c9154d01ea0ebf27c82ff92580e1f8a01ec8d7e3888ebad,excluded_non_question,,,,string,,,https://apply07.grants.gov/apply/forms/schemas/RR_SubawardBudget30_3_0-V3.0.xsd,d5d534326e8f7e4416baf98c95c1f9234c0a23628259ee2d7e3199181a24e08a,,false
RRSubawardBudget30,[Draft] R&R Subaward Budget Attachment(s) Form 30,3.0,budget_attachments.rr_budget_3_0[].budget_summary.cumulative_total_funds_requested_equipment,RR_SubawardBudget30_3_0.BudgetAttachments.RR_Budget_3_0.BudgetSummary.CumulativeTotalFundsRequestedEquipment,"Section C, Equipment",calculation,,concept:budget:research:cumulative:equipment,question:sha256:9351a204bed9263fd132c736c2bbec4ced84e28d1d919884402c09d636cbefdc,excluded_non_question,,,,string,,,https://apply07.grants.gov/apply/forms/schemas/RR_SubawardBudget30_3_0-V3.0.xsd,d5d534326e8f7e4416baf98c95c1f9234c0a23628259ee2d7e3199181a24e08a,,false
RRSubawardBudget30,[Draft] R&R Subaward Budget Attachment(s) Form 30,3.0,budget_attachments.rr_budget_3_0[].budget_summary.cumulative_total_funds_requested_indirect_cost,RR_SubawardBudget30_3_0.BudgetAttachments.RR_Budget_3_0.BudgetSummary.CumulativeTotalFundsRequestedIndirectCost,"Section H, Indirect Costs",calculation,,concept:budget:research:cumulative:indirect-total,question:sha256:eb3e63ac54ba3d95257d92258a4fc7543d568edff311925a53dc00d5c851632a,excluded_non_question,,,,string,,,https://apply07.grants.gov/apply/forms/schemas/RR_SubawardBudget30_3_0-V3.0.xsd,d5d534326e8f7e4416baf98c95c1f9234c0a23628259ee2d7e3199181a24e08a,,false
RRSubawardBudget30,[Draft] R&R Subaward Budget Attachment(s) Form 30,3.0,budget_attachments.rr_budget_3_0[].budget_summary.cumulative_total_funds_requested_other_direct_costs,RR_SubawardBudget30_3_0.BudgetAttachments.RR_Budget_3_0.BudgetSummary.CumulativeTotalFundsRequestedOtherDirectCosts,"Section F, Other Direct Costs",calculation,,concept:budget:research:cumulative:other-direct-total,question:sha256:bddee1253c91ddacb979ba5d8ed701545eda788b72f9a9e92254d0153c56a92c,excluded_non_question,,,,string,,,https://apply07.grants.gov/apply/forms/schemas/RR_SubawardBudget30_3_0-V3.0.xsd,d5d534326e8f7e4416baf98c95c1f9234c0a23628259ee2d7e3199181a24e08a,,false
RRSubawardBudget30,[Draft] R&R Subaward Budget Attachment(s) Form 30,3.0,budget_attachments.rr_budget_3_0[].budget_summary.cumulative_total_funds_requested_other_personnel,RR_SubawardBudget30_3_0.BudgetAttachments.RR_Budget_3_0.BudgetSummary.CumulativeTotalFundsRequestedOtherPersonnel,"Section B, Other Personnel",calculation,,concept:budget:research:cumulative:other-personnel-funds,question:sha256:a78e017c090b777897f9843850a9b67ffeee22aef07b5350f211bf873a0888e3,excluded_non_question,,,,string,,,https://apply07.grants.gov/apply/forms/schemas/RR_SubawardBudget30_3_0-V3.0.xsd,d5d534326e8f7e4416baf98c95c1f9234c0a23628259ee2d7e3199181a24e08a,,false
RRSubawardBudget30,[Draft] R&R Subaward Budget Attachment(s) Form 30,3.0,budget_attachments.rr_budget_3_0[].budget_summary.cumulative_total_funds_requested_personnel,RR_SubawardBudget30_3_0.BudgetAttachments.RR_Budget_3_0.BudgetSummary.CumulativeTotalFundsRequestedPersonnel,"Total Salary, Wages and Fringe Benefits (A + B)",calculation,,concept:budget:research:cumulative:personnel-total,question:sha256:c604d3e5fa7de36d14ef8f3d79d9366d67764b3e16f75f6bd430bdcc8f534b87,excluded_non_question,,,,string,,,https://apply07.grants.gov/apply/forms/schemas/RR_SubawardBudget30_3_0-V3.0.xsd,d5d534326e8f7e4416baf98c95c1f9234c0a23628259ee2d7e3199181a24e08a,,false
RRSubawardBudget30,[Draft] R&R Subaward Budget Attachment(s) Form 30,3.0,budget_attachments.rr_budget_3_0[].budget_summary.cumulative_total_funds_requested_senior_key_person,RR_SubawardBudget30_3_0.BudgetAttachments.RR_Budget_3_0.BudgetSummary.CumulativeTotalFundsRequestedSeniorKeyPerson,"Section A, Senior/Key Person",calculation,,concept:budget:research:cumulative:key-person-total,question:sha256:0c363e8937e5df6c11dcf3e486083f2771e59170b723bafa1821ec5a19b65eef,excluded_non_question,,,,string,,,https://apply07.grants.gov/apply/forms/schemas/RR_SubawardBudget30_3_0-V3.0.xsd,d5d534326e8f7e4416baf98c95c1f9234c0a23628259ee2d7e3199181a24e08a,,false
RRSubawardBudget30,[Draft] R&R Subaward Budget Attachment(s) Form 30,3.0,budget_attachments.rr_budget_3_0[].budget_summary.cumulative_total_funds_requested_trainee_costs,RR_SubawardBudget30_3_0.BudgetAttachments.RR_Budget_3_0.BudgetSummary.CumulativeTotalFundsRequestedTraineeCosts,"Section E, Participant/Trainee Support Costs",calculation,,concept:budget:research:cumulative:trainee-total,question:sha256:1b3ac973279c6cdb475730ef3f37bc1e45f835b21980bddf4e20ecbe122830d0,excluded_non_question,,,,string,,,https://apply07.grants.gov/apply/forms/schemas/RR_SubawardBudget30_3_0-V3.0.xsd,d5d534326e8f7e4416baf98c95c1f9234c0a23628259ee2d7e3199181a24e08a,,false
RRSubawardBudget30,[Draft] R&R Subaward Budget Attachment(s) Form 30,3.0,budget_attachments.rr_budget_3_0[].budget_summary.cumulative_total_funds_requested_travel,RR_SubawardBudget30_3_0.BudgetAttachments.RR_Budget_3_0.BudgetSummary.CumulativeTotalFundsRequestedTravel,"Section D, Travel",calculation,,concept:budget:research:cumulative:travel-total,question:sha256:33bcf1bc1a99f2f03dfdfd9c0d866700c384c5009e9faed34a955e5e64ed3f48,excluded_non_question,,,,string,,,https://apply07.grants.gov/apply/forms/schemas/RR_SubawardBudget30_3_0-V3.0.xsd,d5d534326e8f7e4416baf98c95c1f9234c0a23628259ee2d7e3199181a24e08a,,false
RRSubawardBudget30,[Draft] R&R Subaward Budget Attachment(s) Form 30,3.0,budget_attachments.rr_budget_3_0[].budget_summary.cumulative_total_no_other_personnel,RR_SubawardBudget30_3_0.BudgetAttachments.RR_Budget_3_0.BudgetSummary.CumulativeTotalNoOtherPersonnel,Total Number Other Personnel,calculation,,concept:budget:research:cumulative:other-personnel-count,question:sha256:2abd1050ef7f5144783839586b83fd33981ac171e92fd602450bec043472ffea,excluded_non_question,,,,integer,,,https://apply07.grants.gov/apply/forms/schemas/RR_SubawardBudget30_3_0-V3.0.xsd,d5d534326e8f7e4416baf98c95c1f9234c0a23628259ee2d7e3199181a24e08a,,false
RRSubawardBudget30,[Draft] R&R Subaward Budget Attachment(s) Form 30,3.0,budget_attachments.rr_budget_3_0[].budget_summary.cumulative_trainee_stipends,RR_SubawardBudget30_3_0.BudgetAttachments.RR_Budget_3_0.BudgetSummary.CumulativeTraineeStipends,2. Stipends,calculation,,concept:budget:research:cumulative:trainee-stipends,question:sha256:381ebb40d688be5606a63c0d3a8070c3d59537ece7d0b25db9816b25ddf46d34,excluded_non_question,,,,string,,,https://apply07.grants.gov/apply/forms/schemas/RR_SubawardBudget30_3_0-V3.0.xsd,d5d534326e8f7e4416baf98c95c1f9234c0a23628259ee2d7e3199181a24e08a,,false
RRSubawardBudget30,[Draft] R&R Subaward Budget Attachment(s) Form 30,3.0,budget_attachments.rr_budget_3_0[].budget_summary.cumulative_trainee_subsistence,RR_SubawardBudget30_3_0.BudgetAttachments.RR_Budget_3_0.BudgetSummary.CumulativeTraineeSubsistence,4. Subsistence,calculation,,concept:budget:research:cumulative:trainee-subsistence,question:sha256:b0c53b012f344fc6a23c26049fc8eb7343c910b7b3bc5a6cd6b50a8257d8f3ef,excluded_non_question,,,,string,,,https://apply07.grants.gov/apply/forms/schemas/RR_SubawardBudget30_3_0-V3.0.xsd,d5d534326e8f7e4416baf98c95c1f9234c0a23628259ee2d7e3199181a24e08a,,false
RRSubawardBudget30,[Draft] R&R Subaward Budget Attachment(s) Form 30,3.0,budget_attachments.rr_budget_3_0[].budget_summary.cumulative_trainee_travel,RR_SubawardBudget30_3_0.BudgetAttachments.RR_Budget_3_0.BudgetSummary.CumulativeTraineeTravel,3. Travel,calculation,,concept:budget:research:cumulative:trainee-travel,question:sha256:77c0518ea79906f070b810a4d7280f3cebf16a9c0a7de79481fdb73b4943f866,excluded_non_question,,,,string,,,https://apply07.grants.gov/apply/forms/schemas/RR_SubawardBudget30_3_0-V3.0.xsd,d5d534326e8f7e4416baf98c95c1f9234c0a23628259ee2d7e3199181a24e08a,,false
RRSubawardBudget30,[Draft] R&R Subaward Budget Attachment(s) Form 30,3.0,budget_attachments.rr_budget_3_0[].budget_summary.cumulative_trainee_tuition_fees_health_insurance,RR_SubawardBudget30_3_0.BudgetAttachments.RR_Budget_3_0.BudgetSummary.CumulativeTraineeTuitionFeesHealthInsurance,1. Tuition/Fees/Health Insurance,calculation,,concept:budget:research:cumulative:trainee-tuition-fees-insurance,question:sha256:c7b3150d28603a955ac18d822f93a1e174089f1abcd8d714d37315833e5f86d6,excluded_non_question,,,,string,,,https://apply07.grants.gov/apply/forms/schemas/RR_SubawardBudget30_3_0-V3.0.xsd,d5d534326e8f7e4416baf98c95c1f9234c0a23628259ee2d7e3199181a24e08a,,false
RRSubawardBudget30,[Draft] R&R Subaward Budget Attachment(s) Form 30,3.0,budget_attachments.rr_budget_3_0[].budget_type,RR_SubawardBudget30_3_0.BudgetAttachments.RR_Budget_3_0.BudgetType,Budget Type:,question,concept:budget:research:budget-type,concept:budget:research:budget-type,question:sha256:eef9d32fd38175dc940bfeff0e50e81c9a90c554458d60f18c7713c1aec26cce,agent_proposed,,,,string,,,https://apply07.grants.gov/apply/forms/schemas/RR_SubawardBudget30_3_0-V3.0.xsd,d5d534326e8f7e4416baf98c95c1f9234c0a23628259ee2d7e3199181a24e08a,,false
RRSubawardBudget30,[Draft] R&R Subaward Budget Attachment(s) Form 30,3.0,budget_attachments.rr_budget_3_0[].budget_year[].budget_period_end_date,RR_SubawardBudget30_3_0.BudgetAttachments.RR_Budget_3_0.BudgetYear.BudgetPeriodEndDate,End Date:,question,concept:budget:period:end-date,concept:budget:period:end-date,question:sha256:d5f08218ec2d7b6cef3419abbd91b102ac2335361bfd0d282598cf171d80d7ca,agent_proposed,,,,string,,,https://apply07.grants.gov/apply/forms/schemas/RR_SubawardBudget30_3_0-V3.0.xsd,d5d534326e8f7e4416baf98c95c1f9234c0a23628259ee2d7e3199181a24e08a,,false
RRSubawardBudget30,[Draft] R&R Subaward Budget Attachment(s) Form 30,3.0,budget_attachments.rr_budget_3_0[].budget_year[].budget_period_start_date,RR_SubawardBudget30_3_0.BudgetAttachments.RR_Budget_3_0.BudgetYear.BudgetPeriodStartDate,Start Date:,question,concept:budget:period:start-date,concept:budget:period:start-date,question:sha256:e8e27cd49d843b1ee730318f58cb2b48c143c645d0f872589149f044abd84ff0,agent_proposed,,,,string,,,https://apply07.grants.gov/apply/forms/schemas/RR_SubawardBudget30_3_0-V3.0.xsd,d5d534326e8f7e4416baf98c95c1f9234c0a23628259ee2d7e3199181a24e08a,,false
RRSubawardBudget30,[Draft] R&R Subaward Budget Attachment(s) Form 30,3.0,budget_attachments.rr_budget_3_0[].budget_year[].cognizant_federal_agency,RR_SubawardBudget30_3_0.BudgetAttachments.RR_Budget_3_0.BudgetYear.CognizantFederalAgency,"Cognizant Federal Agency (Agency Name, POC Name, and POC Phone Number)",question,concept:budget:indirect:cognizant-agency,concept:budget:indirect:cognizant-agency,question:sha256:7779e5c880a2892e26964cbaaf44a5dbbad66f72e763ad7eb16e7f6758e5ba7e,agent_proposed,,,,string,,,https://apply07.grants.gov/apply/forms/schemas/RR_SubawardBudget30_3_0-V3.0.xsd,d5d534326e8f7e4416baf98c95c1f9234c0a23628259ee2d7e3199181a24e08a,,false
RRSubawardBudget30,[Draft] R&R Subaward Budget Attachment(s) Form 30,3.0,budget_attachments.rr_budget_3_0[].budget_year[].direct_costs,RR_SubawardBudget30_3_0.BudgetAttachments.RR_Budget_3_0.BudgetYear.DirectCosts,Total Direct Costs (A thru F),calculation,,concept:budget:category:total-direct,question:sha256:64522145260d9d648f294bdd64384c1ec02865135bd5906c4b47f7a90c3d2f3c,excluded_non_question,,,,string,,,https://apply07.grants.gov/apply/forms/schemas/RR_SubawardBudget30_3_0-V3.0.xsd,d5d534326e8f7e4416baf98c95c1f9234c0a23628259ee2d7e3199181a24e08a,,false
RRSubawardBudget30,[Draft] R&R Subaward Budget Attachment(s) Form 30,3.0,budget_attachments.rr_budget_3_0[].budget_year[].equipment.additional_equipments_attachment,RR_SubawardBudget30_3_0.BudgetAttachments.RR_Budget_3_0.BudgetYear.Equipment.AdditionalEquipmentsAttachment,Additional Equipment:,question,concept:attachment:equipment-list,concept:attachment:equipment-list,question:sha256:37e08b298379d58433cad76a4474b4da8ca4179e0e287772d83bdc8551f4eee7,agent_proposed,,,,,,,https://apply07.grants.gov/apply/forms/schemas/RR_SubawardBudget30_3_0-V3.0.xsd,d5d534326e8f7e4416baf98c95c1f9234c0a23628259ee2d7e3199181a24e08a,,false
RRSubawardBudget30,[Draft] R&R Subaward Budget Attachment(s) Form 30,3.0,budget_attachments.rr_budget_3_0[].budget_year[].equipment.equipment_list[].equipment_item,RR_SubawardBudget30_3_0.BudgetAttachments.RR_Budget_3_0.BudgetYear.Equipment.EquipmentList.EquipmentItem,Equipment Item,question,concept:budget:equipment:item,concept:budget:equipment:item,question:sha256:c2559455f2f82fa209d135f0c1ebfa95d32872305319c3b6bacf38a188171ff0,agent_proposed,,,,string,,,https://apply07.grants.gov/apply/forms/schemas/RR_SubawardBudget30_3_0-V3.0.xsd,d5d534326e8f7e4416baf98c95c1f9234c0a23628259ee2d7e3199181a24e08a,,false
RRSubawardBudget30,[Draft] R&R Subaward Budget Attachment(s) Form 30,3.0,budget_attachments.rr_budget_3_0[].budget_year[].equipment.equipment_list[].funds_requested,RR_SubawardBudget30_3_0.BudgetAttachments.RR_Budget_3_0.BudgetYear.Equipment.EquipmentList.FundsRequested,Equipment Item Funds Requested,question,concept:budget:equipment:funds-requested,concept:budget:equipment:funds-requested,question:sha256:4c125b360b95edef80a9e88560cbf608e05f267a736194fd2c9fd3c98f723e30,agent_proposed,,,,string,,,https://apply07.grants.gov/apply/forms/schemas/RR_SubawardBudget30_3_0-V3.0.xsd,d5d534326e8f7e4416baf98c95c1f9234c0a23628259ee2d7e3199181a24e08a,,false
RRSubawardBudget30,[Draft] R&R Subaward Budget Attachment(s) Form 30,3.0,budget_attachments.rr_budget_3_0[].budget_year[].equipment.total_fund,RR_SubawardBudget30_3_0.BudgetAttachments.RR_Budget_3_0.BudgetYear.Equipment.TotalFund,Total Equipment,calculation,,concept:budget:category:equipment,question:sha256:280574f55f4cb55eace3306e9ed681e0a1b9542ba67961aead78256a5ab3339f,excluded_non_question,,,,string,,,https://apply07.grants.gov/apply/forms/schemas/RR_SubawardBudget30_3_0-V3.0.xsd,d5d534326e8f7e4416baf98c95c1f9234c0a23628259ee2d7e3199181a24e08a,,false
RRSubawardBudget30,[Draft] R&R Subaward Budget Attachment(s) Form 30,3.0,budget_attachments.rr_budget_3_0[].budget_year[].equipment.total_fund_for_attached_equipment,RR_SubawardBudget30_3_0.BudgetAttachments.RR_Budget_3_0.BudgetYear.Equipment.TotalFundForAttachedEquipment,Total funds requested for all equipment listed in the attached file,question,concept:budget:research:attached-equipment-total,concept:budget:research:attached-equipment-total,question:sha256:886c90dc988256581011f4f33075af3a8ac8cda7cc8687f724cdd1d12b63826e,agent_proposed,,,,string,,,https://apply07.grants.gov/apply/forms/schemas/RR_SubawardBudget30_3_0-V3.0.xsd,d5d534326e8f7e4416baf98c95c1f9234c0a23628259ee2d7e3199181a24e08a,,false
RRSubawardBudget30,[Draft] R&R Subaward Budget Attachment(s) Form 30,3.0,budget_attachments.rr_budget_3_0[].budget_year[].fee,RR_SubawardBudget30_3_0.BudgetAttachments.RR_Budget_3_0.BudgetYear.Fee,Fee,question,concept:budget:fee,concept:budget:fee,question:sha256:16d46f92c68c487daadfa76a377176fe2e8a0d7858560dcd8ee205d61f064461,agent_proposed,,,,string,,,https://apply07.grants.gov/apply/forms/schemas/RR_SubawardBudget30_3_0-V3.0.xsd,d5d534326e8f7e4416baf98c95c1f9234c0a23628259ee2d7e3199181a24e08a,,false
RRSubawardBudget30,[Draft] R&R Subaward Budget Attachment(s) Form 30,3.0,budget_attachments.rr_budget_3_0[].budget_year[].indirect_costs.indirect_cost[].base,RR_SubawardBudget30_3_0.BudgetAttachments.RR_Budget_3_0.BudgetYear.IndirectCosts.IndirectCost.Base,Indirect Cost Base,question,concept:budget:indirect:base,concept:budget:indirect:base,question:sha256:7f256bd9575b1754f40e3cee986fa906a119e5d744f82cabcc549b83715db38a,agent_proposed,,,,string,,,https://apply07.grants.gov/apply/forms/schemas/RR_SubawardBudget30_3_0-V3.0.xsd,d5d534326e8f7e4416baf98c95c1f9234c0a23628259ee2d7e3199181a24e08a,,false
RRSubawardBudget30,[Draft] R&R Subaward Budget Attachment(s) Form 30,3.0,budget_attachments.rr_budget_3_0[].budget_year[].indirect_costs.indirect_cost[].cost_type,RR_SubawardBudget30_3_0.BudgetAttachments.RR_Budget_3_0.BudgetYear.IndirectCosts.IndirectCost.CostType,Indirect Cost Type,question,concept:budget:indirect:cost-type,concept:budget:indirect:cost-type,question:sha256:239ca218b0ef37445cf621e20c722d64c8dc5b5c026b6c3fc03ef971d56c25c4,agent_proposed,,,,string,,,https://apply07.grants.gov/apply/forms/schemas/RR_SubawardBudget30_3_0-V3.0.xsd,d5d534326e8f7e4416baf98c95c1f9234c0a23628259ee2d7e3199181a24e08a,,false
RRSubawardBudget30,[Draft] R&R Subaward Budget Attachment(s) Form 30,3.0,budget_attachments.rr_budget_3_0[].budget_year[].indirect_costs.indirect_cost[].fund_requested,RR_SubawardBudget30_3_0.BudgetAttachments.RR_Budget_3_0.BudgetYear.IndirectCosts.IndirectCost.FundRequested,Indirect Costs Funds Requested,question,concept:budget:indirect:funds-requested,concept:budget:indirect:funds-requested,question:sha256:ef87c0158ab18f6a98b9fad5e66b415949044eca0687222929b96d946d0e39ab,agent_proposed,,,,string,,,https://apply07.grants.gov/apply/forms/schemas/RR_SubawardBudget30_3_0-V3.0.xsd,d5d534326e8f7e4416baf98c95c1f9234c0a23628259ee2d7e3199181a24e08a,,false
RRSubawardBudget30,[Draft] R&R Subaward Budget Attachment(s) Form 30,3.0,budget_attachments.rr_budget_3_0[].budget_year[].indirect_costs.indirect_cost[].rate,RR_SubawardBudget30_3_0.BudgetAttachments.RR_Budget_3_0.BudgetYear.IndirectCosts.IndirectCost.Rate,Indirect Cost Rate,question,concept:budget:indirect:rate,concept:budget:indirect:rate,question:sha256:cb04bcd60366ed1e08128b1fcce6b3d0bd0a948766baa090744c846226230cf4,agent_proposed,,,,string,,,https://apply07.grants.gov/apply/forms/schemas/RR_SubawardBudget30_3_0-V3.0.xsd,d5d534326e8f7e4416baf98c95c1f9234c0a23628259ee2d7e3199181a24e08a,,false
RRSubawardBudget30,[Draft] R&R Subaward Budget Attachment(s) Form 30,3.0,budget_attachments.rr_budget_3_0[].budget_year[].indirect_costs.total_indirect_costs,RR_SubawardBudget30_3_0.BudgetAttachments.RR_Budget_3_0.BudgetYear.IndirectCosts.TotalIndirectCosts,Total Indirect Costs,calculation,,concept:budget:category:indirect,question:sha256:de7d23c2db1a3c0d7f35a43e79a92bc8196967a683a10946958fecf2281c025c,excluded_non_question,,,,string,,,https://apply07.grants.gov/apply/forms/schemas/RR_SubawardBudget30_3_0-V3.0.xsd,d5d534326e8f7e4416baf98c95c1f9234c0a23628259ee2d7e3199181a24e08a,,false
RRSubawardBudget30,[Draft] R&R Subaward Budget Attachment(s) Form 30,3.0,budget_attachments.rr_budget_3_0[].budget_year[].key_persons.attached_key_persons,RR_SubawardBudget30_3_0.BudgetAttachments.RR_Budget_3_0.BudgetYear.KeyPersons.AttachedKeyPersons,Additional Senior Key Persons:,question,concept:attachment:key-person-list,concept:attachment:key-person-list,question:sha256:a44630534d3ab9d23a3959d771a0d1ae0bde48f7685b9a2c638f9cf842b45168,agent_proposed,,,,,,,https://apply07.grants.gov/apply/forms/schemas/RR_SubawardBudget30_3_0-V3.0.xsd,d5d534326e8f7e4416baf98c95c1f9234c0a23628259ee2d7e3199181a24e08a,,false
RRSubawardBudget30,[Draft] R&R Subaward Budget Attachment(s) Form 30,3.0,budget_attachments.rr_budget_3_0[].budget_year[].key_persons.key_person[].academic_months,RR_SubawardBudget30_3_0.BudgetAttachments.RR_Budget_3_0.BudgetYear.KeyPersons.KeyPerson.AcademicMonths,Senior/Key Person Academic Months,question,concept:budget:personnel:academic-months,concept:budget:personnel:academic-months,question:sha256:b8ef69a73774ad2699b91b365b58720e716e9cb69c54548f0850f5ba0a0de87e,agent_proposed,,,,string,,,https://apply07.grants.gov/apply/forms/schemas/RR_SubawardBudget30_3_0-V3.0.xsd,d5d534326e8f7e4416baf98c95c1f9234c0a23628259ee2d7e3199181a24e08a,,false
RRSubawardBudget30,[Draft] R&R Subaward Budget Attachment(s) Form 30,3.0,budget_attachments.rr_budget_3_0[].budget_year[].key_persons.key_person[].base_salary,RR_SubawardBudget30_3_0.BudgetAttachments.RR_Budget_3_0.BudgetYear.KeyPersons.KeyPerson.BaseSalary,Senior/Key Person Base Salary,question,concept:budget:personnel:base-salary,concept:budget:personnel:base-salary,question:sha256:3ab7db540ef4fc7c9b46aca68fab2dcd655a74f35dbf3ae216643d5faffe23d1,agent_proposed,,,,string,,,https://apply07.grants.gov/apply/forms/schemas/RR_SubawardBudget30_3_0-V3.0.xsd,d5d534326e8f7e4416baf98c95c1f9234c0a23628259ee2d7e3199181a24e08a,,false
RRSubawardBudget30,[Draft] R&R Subaward Budget Attachment(s) Form 30,3.0,budget_attachments.rr_budget_3_0[].budget_year[].key_persons.key_person[].calendar_months,RR_SubawardBudget30_3_0.BudgetAttachments.RR_Budget_3_0.BudgetYear.KeyPersons.KeyPerson.CalendarMonths,Senior/Key Person Calendar Months,question,concept:budget:personnel:calendar-months,concept:budget:personnel:calendar-months,question:sha256:06ebe6b7fe698fdf3c8a3fc213a11b8908684f2836e55fc1c76283ca018907fd,agent_proposed,,,,string,,,https://apply07.grants.gov/apply/forms/schemas/RR_SubawardBudget30_3_0-V3.0.xsd,d5d534326e8f7e4416baf98c95c1f9234c0a23628259ee2d7e3199181a24e08a,,false
RRSubawardBudget30,[Draft] R&R Subaward Budget Attachment(s) Form 30,3.0,budget_attachments.rr_budget_3_0[].budget_year[].key_persons.key_person[].fringe_benefits,RR_SubawardBudget30_3_0.BudgetAttachments.RR_Budget_3_0.BudgetYear.KeyPersons.KeyPerson.FringeBenefits,Senior/Key Person Fringe Benefits,question,concept:budget:personnel:fringe-benefits,concept:budget:personnel:fringe-benefits,question:sha256:7fa206cb5b0653a5aef05649321401289ceeb06db84e7e657a5e9e2c18276944,agent_proposed,,,,string,,,https://apply07.grants.gov/apply/forms/schemas/RR_SubawardBudget30_3_0-V3.0.xsd,d5d534326e8f7e4416baf98c95c1f9234c0a23628259ee2d7e3199181a24e08a,,false
RRSubawardBudget30,[Draft] R&R Subaward Budget Attachment(s) Form 30,3.0,budget_attachments.rr_budget_3_0[].budget_year[].key_persons.key_person[].funds_requested,RR_SubawardBudget30_3_0.BudgetAttachments.RR_Budget_3_0.BudgetYear.KeyPersons.KeyPerson.FundsRequested,Senior/Key Person Funds Requested,calculation,,concept:budget:personnel:key-person-funds-requested,question:sha256:c8841491ad01673b49e42532c15a73f056f905c5494cd932f3dfe045417e8844,excluded_non_question,,,,string,,,https://apply07.grants.gov/apply/forms/schemas/RR_SubawardBudget30_3_0-V3.0.xsd,d5d534326e8f7e4416baf98c95c1f9234c0a23628259ee2d7e3199181a24e08a,,false
RRSubawardBudget30,[Draft] R&R Subaward Budget Attachment(s) Form 30,3.0,budget_attachments.rr_budget_3_0[].budget_year[].key_persons.key_person[].name.first_name,RR_SubawardBudget30_3_0.BudgetAttachments.RR_Budget_3_0.BudgetYear.KeyPersons.KeyPerson.Name.FirstName,First Name,question,concept:role:key-person:name:first,concept:role:key-person:name:first,question:sha256:9325f4de72b0f5c888938d4d687a40113421e3c7057e4c0780ddf70755af0c1e,agent_proposed,,,,string,,,https://apply07.grants.gov/apply/forms/schemas/RR_SubawardBudget30_3_0-V3.0.xsd,d5d534326e8f7e4416baf98c95c1f9234c0a23628259ee2d7e3199181a24e08a,,false
RRSubawardBudget30,[Draft] R&R Subaward Budget Attachment(s) Form 30,3.0,budget_attachments.rr_budget_3_0[].budget_year[].key_persons.key_person[].name.last_name,RR_SubawardBudget30_3_0.BudgetAttachments.RR_Budget_3_0.BudgetYear.KeyPersons.KeyPerson.Name.LastName,Last Name,question,concept:role:key-person:name:last,concept:role:key-person:name:last,question:sha256:b75ed2d47e6ae85ec7ad2116d8534cf022052544ef73c83997fde320f8fcc0c2,agent_proposed,,,,string,,,https://apply07.grants.gov/apply/forms/schemas/RR_SubawardBudget30_3_0-V3.0.xsd,d5d534326e8f7e4416baf98c95c1f9234c0a23628259ee2d7e3199181a24e08a,,false
RRSubawardBudget30,[Draft] R&R Subaward Budget Attachment(s) Form 30,3.0,budget_attachments.rr_budget_3_0[].budget_year[].key_persons.key_person[].name.middle_name,RR_SubawardBudget30_3_0.BudgetAttachments.RR_Budget_3_0.BudgetYear.KeyPersons.KeyPerson.Name.MiddleName,Middle Name,question,concept:role:key-person:name:middle,concept:role:key-person:name:middle,question:sha256:cc1d08917877c424807dcbee1e55e71bf1dcf33b73074df0b6348853988d6078,agent_proposed,,,,string,,,https://apply07.grants.gov/apply/forms/schemas/RR_SubawardBudget30_3_0-V3.0.xsd,d5d534326e8f7e4416baf98c95c1f9234c0a23628259ee2d7e3199181a24e08a,,false
RRSubawardBudget30,[Draft] R&R Subaward Budget Attachment(s) Form 30,3.0,budget_attachments.rr_budget_3_0[].budget_year[].key_persons.key_person[].name.prefix_name,RR_SubawardBudget30_3_0.BudgetAttachments.RR_Budget_3_0.BudgetYear.KeyPersons.KeyPerson.Name.PrefixName,Prefix,question,concept:role:key-person:name:prefix,concept:role:key-person:name:prefix,question:sha256:3b8b6a59c98142b793115d8b426dccc48fe47653d08890023ac3f20033c62845,agent_proposed,,,,string,,,https://apply07.grants.gov/apply/forms/schemas/RR_SubawardBudget30_3_0-V3.0.xsd,d5d534326e8f7e4416baf98c95c1f9234c0a23628259ee2d7e3199181a24e08a,,false
RRSubawardBudget30,[Draft] R&R Subaward Budget Attachment(s) Form 30,3.0,budget_attachments.rr_budget_3_0[].budget_year[].key_persons.key_person[].name.suffix_name,RR_SubawardBudget30_3_0.BudgetAttachments.RR_Budget_3_0.BudgetYear.KeyPersons.KeyPerson.Name.SuffixName,Suffix,question,concept:role:key-person:name:suffix,concept:role:key-person:name:suffix,question:sha256:a5a8a0b5478e0d49e1a13cdb3b387d72d460434b10f65789944cb75af2cc558f,agent_proposed,,,,string,,,https://apply07.grants.gov/apply/forms/schemas/RR_SubawardBudget30_3_0-V3.0.xsd,d5d534326e8f7e4416baf98c95c1f9234c0a23628259ee2d7e3199181a24e08a,,false
RRSubawardBudget30,[Draft] R&R Subaward Budget Attachment(s) Form 30,3.0,budget_attachments.rr_budget_3_0[].budget_year[].key_persons.key_person[].project_role,RR_SubawardBudget30_3_0.BudgetAttachments.RR_Budget_3_0.BudgetYear.KeyPersons.KeyPerson.ProjectRole,Project Role:,question,concept:research-person:project-role,concept:research-person:project-role,question:sha256:121e2273f496b51a0bd7d4d11d54fb2dc8cd754b772f37d514e2b2252909a665,agent_proposed,,,,string,,,https://apply07.grants.gov/apply/forms/schemas/RR_SubawardBudget30_3_0-V3.0.xsd,d5d534326e8f7e4416baf98c95c1f9234c0a23628259ee2d7e3199181a24e08a,,false
RRSubawardBudget30,[Draft] R&R Subaward Budget Attachment(s) Form 30,3.0,budget_attachments.rr_budget_3_0[].budget_year[].key_persons.key_person[].requested_salary,RR_SubawardBudget30_3_0.BudgetAttachments.RR_Budget_3_0.BudgetYear.KeyPersons.KeyPerson.RequestedSalary,Senior/Key Person Requested Salary,question,concept:budget:personnel:requested-salary,concept:budget:personnel:requested-salary,question:sha256:08daa1d0317b824ef59a2fb0df2bb160f8296a7840c3c18816f067b7297bd35b,agent_proposed,,,,string,,,https://apply07.grants.gov/apply/forms/schemas/RR_SubawardBudget30_3_0-V3.0.xsd,d5d534326e8f7e4416baf98c95c1f9234c0a23628259ee2d7e3199181a24e08a,,false
RRSubawardBudget30,[Draft] R&R Subaward Budget Attachment(s) Form 30,3.0,budget_attachments.rr_budget_3_0[].budget_year[].key_persons.key_person[].summer_months,RR_SubawardBudget30_3_0.BudgetAttachments.RR_Budget_3_0.BudgetYear.KeyPersons.KeyPerson.SummerMonths,Senior/Key Person Summer Months,question,concept:budget:personnel:summer-months,concept:budget:personnel:summer-months,question:sha256:5949e0fef0eb8d825197a00fc731fd4be3c271f8d87c631f5767f1644e519a8d,agent_proposed,,,,string,,,https://apply07.grants.gov/apply/forms/schemas/RR_SubawardBudget30_3_0-V3.0.xsd,d5d534326e8f7e4416baf98c95c1f9234c0a23628259ee2d7e3199181a24e08a,,false
RRSubawardBudget30,[Draft] R&R Subaward Budget Attachment(s) Form 30,3.0,budget_attachments.rr_budget_3_0[].budget_year[].key_persons.total_fund_for_attached_key_persons,RR_SubawardBudget30_3_0.BudgetAttachments.RR_Budget_3_0.BudgetYear.KeyPersons.TotalFundForAttachedKeyPersons,Total Funds requested for all Senior Key Persons in the attached file,question,concept:budget:research:attached-key-person-total,concept:budget:research:attached-key-person-total,question:sha256:321341520d5ce33c2926d09221e953d791a02e8481101f1176a63bc848ed59c4,agent_proposed,,,,string,,,https://apply07.grants.gov/apply/forms/schemas/RR_SubawardBudget30_3_0-V3.0.xsd,d5d534326e8f7e4416baf98c95c1f9234c0a23628259ee2d7e3199181a24e08a,,false
RRSubawardBudget30,[Draft] R&R Subaward Budget Attachment(s) Form 30,3.0,budget_attachments.rr_budget_3_0[].budget_year[].key_persons.total_fund_for_key_persons,RR_SubawardBudget30_3_0.BudgetAttachments.RR_Budget_3_0.BudgetYear.KeyPersons.TotalFundForKeyPersons,Total Senior/Key Person,calculation,,concept:budget:personnel:key-person-total,question:sha256:fe744af1eaaf13be1ffb6cabc821d4d60eb19eed4f464fc8c832785bf0102223,excluded_non_question,,,,string,,,https://apply07.grants.gov/apply/forms/schemas/RR_SubawardBudget30_3_0-V3.0.xsd,d5d534326e8f7e4416baf98c95c1f9234c0a23628259ee2d7e3199181a24e08a,,false
RRSubawardBudget30,[Draft] R&R Subaward Budget Attachment(s) Form 30,3.0,budget_attachments.rr_budget_3_0[].budget_year[].other_direct_costs.adp_computer_services,RR_SubawardBudget30_3_0.BudgetAttachments.RR_Budget_3_0.BudgetYear.OtherDirectCosts.ADPComputerServices,4. ADP/Computer Services,question,concept:budget:other-direct:computer-services,concept:budget:other-direct:computer-services,question:sha256:bf9f086416a191ae3435acbfa254c547d04340dc784eadb8f025414274c5ad6c,agent_proposed,,,,string,,,https://apply07.grants.gov/apply/forms/schemas/RR_SubawardBudget30_3_0-V3.0.xsd,d5d534326e8f7e4416baf98c95c1f9234c0a23628259ee2d7e3199181a24e08a,,false
RRSubawardBudget30,[Draft] R&R Subaward Budget Attachment(s) Form 30,3.0,budget_attachments.rr_budget_3_0[].budget_year[].other_direct_costs.alterations_renovations,RR_SubawardBudget30_3_0.BudgetAttachments.RR_Budget_3_0.BudgetYear.OtherDirectCosts.AlterationsRenovations,7. Alterations and Renovations,question,concept:budget:other-direct:alterations-renovations,concept:budget:other-direct:alterations-renovations,question:sha256:0003af55046324e6464075a23325c544fe67152d59c76980878e5de8ddd29b9c,agent_proposed,,,,string,,,https://apply07.grants.gov/apply/forms/schemas/RR_SubawardBudget30_3_0-V3.0.xsd,d5d534326e8f7e4416baf98c95c1f9234c0a23628259ee2d7e3199181a24e08a,,false
RRSubawardBudget30,[Draft] R&R Subaward Budget Attachment(s) Form 30,3.0,budget_attachments.rr_budget_3_0[].budget_year[].other_direct_costs.consultant_services,RR_SubawardBudget30_3_0.BudgetAttachments.RR_Budget_3_0.BudgetYear.OtherDirectCosts.ConsultantServices,3. Consultant Services,question,concept:budget:other-direct:consultant,concept:budget:other-direct:consultant,question:sha256:0c2404200153384d954e67f9caa37e1fe128593a8614200bfaf25c0b6e013d9a,agent_proposed,,,,string,,,https://apply07.grants.gov/apply/forms/schemas/RR_SubawardBudget30_3_0-V3.0.xsd,d5d534326e8f7e4416baf98c95c1f9234c0a23628259ee2d7e3199181a24e08a,,false
RRSubawardBudget30,[Draft] R&R Subaward Budget Attachment(s) Form 30,3.0,budget_attachments.rr_budget_3_0[].budget_year[].other_direct_costs.equipment_rental_fee,RR_SubawardBudget30_3_0.BudgetAttachments.RR_Budget_3_0.BudgetYear.OtherDirectCosts.EquipmentRentalFee,6. Equipment or Facility Rental/User Fees,question,concept:budget:other-direct:equipment-rental,concept:budget:other-direct:equipment-rental,question:sha256:7efefc6eca271fde46014698b016462a13218ef5c6d823239558f7a067b482ce,agent_proposed,,,,string,,,https://apply07.grants.gov/apply/forms/schemas/RR_SubawardBudget30_3_0-V3.0.xsd,d5d534326e8f7e4416baf98c95c1f9234c0a23628259ee2d7e3199181a24e08a,,false
RRSubawardBudget30,[Draft] R&R Subaward Budget Attachment(s) Form 30,3.0,budget_attachments.rr_budget_3_0[].budget_year[].other_direct_costs.materials_supplies,RR_SubawardBudget30_3_0.BudgetAttachments.RR_Budget_3_0.BudgetYear.OtherDirectCosts.MaterialsSupplies,1. Materials and Supplies,question,concept:budget:other-direct:materials-supplies,concept:budget:other-direct:materials-supplies,question:sha256:09626514df2f455ad26c411046bb3e0ffe4cd5abdae729ebb20a12eafe03b0ae,agent_proposed,,,,string,,,https://apply07.grants.gov/apply/forms/schemas/RR_SubawardBudget30_3_0-V3.0.xsd,d5d534326e8f7e4416baf98c95c1f9234c0a23628259ee2d7e3199181a24e08a,,false
RRSubawardBudget30,[Draft] R&R Subaward Budget Attachment(s) Form 30,3.0,budget_attachments.rr_budget_3_0[].budget_year[].other_direct_costs.other_direct_cost_1.cost,RR_SubawardBudget30_3_0.BudgetAttachments.RR_Budget_3_0.BudgetYear.OtherDirectCosts.OtherDirectCost1.Cost,Additional Other Direct Cost Funds Requested,question,concept:budget:line:cost,concept:budget:line:cost,question:sha256:f604bf20ebe2504dc5799bc58295f598df70b88a3a55dc21348a7e872530a28d,agent_proposed,,,,string,,,https://apply07.grants.gov/apply/forms/schemas/RR_SubawardBudget30_3_0-V3.0.xsd,d5d534326e8f7e4416baf98c95c1f9234c0a23628259ee2d7e3199181a24e08a,,false
RRSubawardBudget30,[Draft] R&R Subaward Budget Attachment(s) Form 30,3.0,budget_attachments.rr_budget_3_0[].budget_year[].other_direct_costs.other_direct_cost_1.description,RR_SubawardBudget30_3_0.BudgetAttachments.RR_Budget_3_0.BudgetYear.OtherDirectCosts.OtherDirectCost1.Description,Additional Other Direct Cost Description,question,concept:budget:line:description,concept:budget:line:description,question:sha256:f3eaeeea8f99dd75501b23217bc7d2a3259dc2739dc44a36cc9f40e784f8e631,agent_proposed,,,,string,,,https://apply07.grants.gov/apply/forms/schemas/RR_SubawardBudget30_3_0-V3.0.xsd,d5d534326e8f7e4416baf98c95c1f9234c0a23628259ee2d7e3199181a24e08a,,false
RRSubawardBudget30,[Draft] R&R Subaward Budget Attachment(s) Form 30,3.0,budget_attachments.rr_budget_3_0[].budget_year[].other_direct_costs.other_direct_cost_10.cost,RR_SubawardBudget30_3_0.BudgetAttachments.RR_Budget_3_0.BudgetYear.OtherDirectCosts.OtherDirectCost10.Cost,Additional Other Direct Cost Funds Requested,question,concept:budget:line:cost,concept:budget:line:cost,question:sha256:5477329131e5bf28d76a9be19692da3f0a0840d7f363ee56e51d02e49ff4a153,agent_proposed,,,,string,,,https://apply07.grants.gov/apply/forms/schemas/RR_SubawardBudget30_3_0-V3.0.xsd,d5d534326e8f7e4416baf98c95c1f9234c0a23628259ee2d7e3199181a24e08a,,false
RRSubawardBudget30,[Draft] R&R Subaward Budget Attachment(s) Form 30,3.0,budget_attachments.rr_budget_3_0[].budget_year[].other_direct_costs.other_direct_cost_10.description,RR_SubawardBudget30_3_0.BudgetAttachments.RR_Budget_3_0.BudgetYear.OtherDirectCosts.OtherDirectCost10.Description,Additional Other Direct Cost Description,question,concept:budget:line:description,concept:budget:line:description,question:sha256:dc78dac18635fd334d341e33eb050efcacf9695a06186e6da504ce4399745ea9,agent_proposed,,,,string,,,https://apply07.grants.gov/apply/forms/schemas/RR_SubawardBudget30_3_0-V3.0.xsd,d5d534326e8f7e4416baf98c95c1f9234c0a23628259ee2d7e3199181a24e08a,,false
RRSubawardBudget30,[Draft] R&R Subaward Budget Attachment(s) Form 30,3.0,budget_attachments.rr_budget_3_0[].budget_year[].other_direct_costs.other_direct_cost_2.cost,RR_SubawardBudget30_3_0.BudgetAttachments.RR_Budget_3_0.BudgetYear.OtherDirectCosts.OtherDirectCost2.Cost,Additional Other Direct Cost Funds Requested,question,concept:budget:line:cost,concept:budget:line:cost,question:sha256:9f1138d1985822fdb14b812870de8065a61b9d713279866261178acb403bc9df,agent_proposed,,,,string,,,https://apply07.grants.gov/apply/forms/schemas/RR_SubawardBudget30_3_0-V3.0.xsd,d5d534326e8f7e4416baf98c95c1f9234c0a23628259ee2d7e3199181a24e08a,,false
RRSubawardBudget30,[Draft] R&R Subaward Budget Attachment(s) Form 30,3.0,budget_attachments.rr_budget_3_0[].budget_year[].other_direct_costs.other_direct_cost_2.description,RR_SubawardBudget30_3_0.BudgetAttachments.RR_Budget_3_0.BudgetYear.OtherDirectCosts.OtherDirectCost2.Description,Additional Other Direct Cost Description,question,concept:budget:line:description,concept:budget:line:description,question:sha256:d32fdeb4f3376fa86baa52754aa4ae0605120ae2ea4e2165083cc0b572d27c28,agent_proposed,,,,string,,,https://apply07.grants.gov/apply/forms/schemas/RR_SubawardBudget30_3_0-V3.0.xsd,d5d534326e8f7e4416baf98c95c1f9234c0a23628259ee2d7e3199181a24e08a,,false
RRSubawardBudget30,[Draft] R&R Subaward Budget Attachment(s) Form 30,3.0,budget_attachments.rr_budget_3_0[].budget_year[].other_direct_costs.other_direct_cost_3.cost,RR_SubawardBudget30_3_0.BudgetAttachments.RR_Budget_3_0.BudgetYear.OtherDirectCosts.OtherDirectCost3.Cost,Additional Other Direct Cost Funds Requested,question,concept:budget:line:cost,concept:budget:line:cost,question:sha256:1fcc727cf83d5cde252a922eb3a2049083a796dd259c6818640ca244abf5a9b7,agent_proposed,,,,string,,,https://apply07.grants.gov/apply/forms/schemas/RR_SubawardBudget30_3_0-V3.0.xsd,d5d534326e8f7e4416baf98c95c1f9234c0a23628259ee2d7e3199181a24e08a,,false
RRSubawardBudget30,[Draft] R&R Subaward Budget Attachment(s) Form 30,3.0,budget_attachments.rr_budget_3_0[].budget_year[].other_direct_costs.other_direct_cost_3.description,RR_SubawardBudget30_3_0.BudgetAttachments.RR_Budget_3_0.BudgetYear.OtherDirectCosts.OtherDirectCost3.Description,Additional Other Direct Cost Description,question,concept:budget:line:description,concept:budget:line:description,question:sha256:9a4d4b7c201f70dba64e59e464265bb955bbfe37613581626b99ae331b2e04e4,agent_proposed,,,,string,,,https://apply07.grants.gov/apply/forms/schemas/RR_SubawardBudget30_3_0-V3.0.xsd,d5d534326e8f7e4416baf98c95c1f9234c0a23628259ee2d7e3199181a24e08a,,false
RRSubawardBudget30,[Draft] R&R Subaward Budget Attachment(s) Form 30,3.0,budget_attachments.rr_budget_3_0[].budget_year[].other_direct_costs.other_direct_cost_4.cost,RR_SubawardBudget30_3_0.BudgetAttachments.RR_Budget_3_0.BudgetYear.OtherDirectCosts.OtherDirectCost4.Cost,Additional Other Direct Cost Funds Requested,question,concept:budget:line:cost,concept:budget:line:cost,question:sha256:48e3d48b0eefd6b0b9d15e87a3d9ea17be2664c9080978685cda9c80b350f99b,agent_proposed,,,,string,,,https://apply07.grants.gov/apply/forms/schemas/RR_SubawardBudget30_3_0-V3.0.xsd,d5d534326e8f7e4416baf98c95c1f9234c0a23628259ee2d7e3199181a24e08a,,false
RRSubawardBudget30,[Draft] R&R Subaward Budget Attachment(s) Form 30,3.0,budget_attachments.rr_budget_3_0[].budget_year[].other_direct_costs.other_direct_cost_4.description,RR_SubawardBudget30_3_0.BudgetAttachments.RR_Budget_3_0.BudgetYear.OtherDirectCosts.OtherDirectCost4.Description,Additional Other Direct Cost Description,question,concept:budget:line:description,concept:budget:line:description,question:sha256:14bb1d9deb76ebae9176fefd230fe1e7ec1fb1c11b4ef325339604702dc8bc9e,agent_proposed,,,,string,,,https://apply07.grants.gov/apply/forms/schemas/RR_SubawardBudget30_3_0-V3.0.xsd,d5d534326e8f7e4416baf98c95c1f9234c0a23628259ee2d7e3199181a24e08a,,false
RRSubawardBudget30,[Draft] R&R Subaward Budget Attachment(s) Form 30,3.0,budget_attachments.rr_budget_3_0[].budget_year[].other_direct_costs.other_direct_cost_5.cost,RR_SubawardBudget30_3_0.BudgetAttachments.RR_Budget_3_0.BudgetYear.OtherDirectCosts.OtherDirectCost5.Cost,Additional Other Direct Cost Funds Requested,question,concept:budget:line:cost,concept:budget:line:cost,question:sha256:08a415f34ef2ab99ef2735b32a144e42f7aa5f3d2e71d3d34aac2f6e8f1c3fa1,agent_proposed,,,,string,,,https://apply07.grants.gov/apply/forms/schemas/RR_SubawardBudget30_3_0-V3.0.xsd,d5d534326e8f7e4416baf98c95c1f9234c0a23628259ee2d7e3199181a24e08a,,false
RRSubawardBudget30,[Draft] R&R Subaward Budget Attachment(s) Form 30,3.0,budget_attachments.rr_budget_3_0[].budget_year[].other_direct_costs.other_direct_cost_5.description,RR_SubawardBudget30_3_0.BudgetAttachments.RR_Budget_3_0.BudgetYear.OtherDirectCosts.OtherDirectCost5.Description,Additional Other Direct Cost Description,question,concept:budget:line:description,concept:budget:line:description,question:sha256:ad00e93015e5dd9542f0212983725b7c23f001e407c12c62443f199bce30fc7a,agent_proposed,,,,string,,,https://apply07.grants.gov/apply/forms/schemas/RR_SubawardBudget30_3_0-V3.0.xsd,d5d534326e8f7e4416baf98c95c1f9234c0a23628259ee2d7e3199181a24e08a,,false
RRSubawardBudget30,[Draft] R&R Subaward Budget Attachment(s) Form 30,3.0,budget_attachments.rr_budget_3_0[].budget_year[].other_direct_costs.other_direct_cost_6.cost,RR_SubawardBudget30_3_0.BudgetAttachments.RR_Budget_3_0.BudgetYear.OtherDirectCosts.OtherDirectCost6.Cost,Additional Other Direct Cost Funds Requested,question,concept:budget:line:cost,concept:budget:line:cost,question:sha256:543ee351ef94384dd9bb33df3967ea4aa34017b340ae7e96277f9ee8a3c535fd,agent_proposed,,,,string,,,https://apply07.grants.gov/apply/forms/schemas/RR_SubawardBudget30_3_0-V3.0.xsd,d5d534326e8f7e4416baf98c95c1f9234c0a23628259ee2d7e3199181a24e08a,,false
RRSubawardBudget30,[Draft] R&R Subaward Budget Attachment(s) Form 30,3.0,budget_attachments.rr_budget_3_0[].budget_year[].other_direct_costs.other_direct_cost_6.description,RR_SubawardBudget30_3_0.BudgetAttachments.RR_Budget_3_0.BudgetYear.OtherDirectCosts.OtherDirectCost6.Description,Additional Other Direct Cost Description,question,concept:budget:line:description,concept:budget:line:description,question:sha256:b6b78673101a9797b86c007c6f9531c6ef22ae50789d64d11a4b52cd2c8f3519,agent_proposed,,,,string,,,https://apply07.grants.gov/apply/forms/schemas/RR_SubawardBudget30_3_0-V3.0.xsd,d5d534326e8f7e4416baf98c95c1f9234c0a23628259ee2d7e3199181a24e08a,,false
RRSubawardBudget30,[Draft] R&R Subaward Budget Attachment(s) Form 30,3.0,budget_attachments.rr_budget_3_0[].budget_year[].other_direct_costs.other_direct_cost_7.cost,RR_SubawardBudget30_3_0.BudgetAttachments.RR_Budget_3_0.BudgetYear.OtherDirectCosts.OtherDirectCost7.Cost,Additional Other Direct Cost Funds Requested,question,concept:budget:line:cost,concept:budget:line:cost,question:sha256:6d5ed7b7841479b1940a989a2263bf14d27d7549ef19c4e03b28a71262b284e9,agent_proposed,,,,string,,,https://apply07.grants.gov/apply/forms/schemas/RR_SubawardBudget30_3_0-V3.0.xsd,d5d534326e8f7e4416baf98c95c1f9234c0a23628259ee2d7e3199181a24e08a,,false
RRSubawardBudget30,[Draft] R&R Subaward Budget Attachment(s) Form 30,3.0,budget_attachments.rr_budget_3_0[].budget_year[].other_direct_costs.other_direct_cost_7.description,RR_SubawardBudget30_3_0.BudgetAttachments.RR_Budget_3_0.BudgetYear.OtherDirectCosts.OtherDirectCost7.Description,Additional Other Direct Cost Description,question,concept:budget:line:description,concept:budget:line:description,question:sha256:a1cf68790cd2832f346b87d38209fc71e01f5f012452442cc295dd1173dd541d,agent_proposed,,,,string,,,https://apply07.grants.gov/apply/forms/schemas/RR_SubawardBudget30_3_0-V3.0.xsd,d5d534326e8f7e4416baf98c95c1f9234c0a23628259ee2d7e3199181a24e08a,,false
RRSubawardBudget30,[Draft] R&R Subaward Budget Attachment(s) Form 30,3.0,budget_attachments.rr_budget_3_0[].budget_year[].other_direct_costs.other_direct_cost_8.cost,RR_SubawardBudget30_3_0.BudgetAttachments.RR_Budget_3_0.BudgetYear.OtherDirectCosts.OtherDirectCost8.Cost,Additional Other Direct Cost Funds Requested,question,concept:budget:line:cost,concept:budget:line:cost,question:sha256:5157fbc1e0ccc057bd0d0f7dcd4ca85d45c155e650e0a08e316e197b62b93183,agent_proposed,,,,string,,,https://apply07.grants.gov/apply/forms/schemas/RR_SubawardBudget30_3_0-V3.0.xsd,d5d534326e8f7e4416baf98c95c1f9234c0a23628259ee2d7e3199181a24e08a,,false
RRSubawardBudget30,[Draft] R&R Subaward Budget Attachment(s) Form 30,3.0,budget_attachments.rr_budget_3_0[].budget_year[].other_direct_costs.other_direct_cost_8.description,RR_SubawardBudget30_3_0.BudgetAttachments.RR_Budget_3_0.BudgetYear.OtherDirectCosts.OtherDirectCost8.Description,Additional Other Direct Cost Description,question,concept:budget:line:description,concept:budget:line:description,question:sha256:d9e3578dcf5341d20d8435b48b442ab1991475b2dd90855d95cd3e75399cdcb5,agent_proposed,,,,string,,,https://apply07.grants.gov/apply/forms/schemas/RR_SubawardBudget30_3_0-V3.0.xsd,d5d534326e8f7e4416baf98c95c1f9234c0a23628259ee2d7e3199181a24e08a,,false
RRSubawardBudget30,[Draft] R&R Subaward Budget Attachment(s) Form 30,3.0,budget_attachments.rr_budget_3_0[].budget_year[].other_direct_costs.other_direct_cost_9.cost,RR_SubawardBudget30_3_0.BudgetAttachments.RR_Budget_3_0.BudgetYear.OtherDirectCosts.OtherDirectCost9.Cost,Additional Other Direct Cost Funds Requested,question,concept:budget:line:cost,concept:budget:line:cost,question:sha256:8306c6fca5be8164a3822bd600b47fe2d3e70a5dfba2b85d19922e17e9970de8,agent_proposed,,,,string,,,https://apply07.grants.gov/apply/forms/schemas/RR_SubawardBudget30_3_0-V3.0.xsd,d5d534326e8f7e4416baf98c95c1f9234c0a23628259ee2d7e3199181a24e08a,,false
RRSubawardBudget30,[Draft] R&R Subaward Budget Attachment(s) Form 30,3.0,budget_attachments.rr_budget_3_0[].budget_year[].other_direct_costs.other_direct_cost_9.description,RR_SubawardBudget30_3_0.BudgetAttachments.RR_Budget_3_0.BudgetYear.OtherDirectCosts.OtherDirectCost9.Description,Additional Other Direct Cost Description,question,concept:budget:line:description,concept:budget:line:description,question:sha256:6c04f8ed749024ab6a36b16444f2f8e0fc6c27d32b264c5f6c9d7e7c0fb193d2,agent_proposed,,,,string,,,https://apply07.grants.gov/apply/forms/schemas/RR_SubawardBudget30_3_0-V3.0.xsd,d5d534326e8f7e4416baf98c95c1f9234c0a23628259ee2d7e3199181a24e08a,,false
RRSubawardBudget30,[Draft] R&R Subaward Budget Attachment(s) Form 30,3.0,budget_attachments.rr_budget_3_0[].budget_year[].other_direct_costs.publication_costs,RR_SubawardBudget30_3_0.BudgetAttachments.RR_Budget_3_0.BudgetYear.OtherDirectCosts.PublicationCosts,2. Publication Costs,question,concept:budget:other-direct:publication,concept:budget:other-direct:publication,question:sha256:f2b09de0927afc1b39b7f39ccb051c0699d4d33acf5ffe5c7ae9474ab4f99dcc,agent_proposed,,,,string,,,https://apply07.grants.gov/apply/forms/schemas/RR_SubawardBudget30_3_0-V3.0.xsd,d5d534326e8f7e4416baf98c95c1f9234c0a23628259ee2d7e3199181a24e08a,,false
RRSubawardBudget30,[Draft] R&R Subaward Budget Attachment(s) Form 30,3.0,budget_attachments.rr_budget_3_0[].budget_year[].other_direct_costs.subaward_consortium_contractual_costs,RR_SubawardBudget30_3_0.BudgetAttachments.RR_Budget_3_0.BudgetYear.OtherDirectCosts.SubawardConsortiumContractualCosts,5. Subawards/Consortium/Contractual Costs,question,concept:budget:other-direct:subaward-contractual,concept:budget:other-direct:subaward-contractual,question:sha256:7fc214e52f5022e2221eb74f0f14fd1f4fb558e0aa1a00c67fc558981d4f67bb,agent_proposed,,,,string,,,https://apply07.grants.gov/apply/forms/schemas/RR_SubawardBudget30_3_0-V3.0.xsd,d5d534326e8f7e4416baf98c95c1f9234c0a23628259ee2d7e3199181a24e08a,,false
RRSubawardBudget30,[Draft] R&R Subaward Budget Attachment(s) Form 30,3.0,budget_attachments.rr_budget_3_0[].budget_year[].other_direct_costs.total_other_direct_cost,RR_SubawardBudget30_3_0.BudgetAttachments.RR_Budget_3_0.BudgetYear.OtherDirectCosts.TotalOtherDirectCost,Total Other Direct Costs,calculation,,concept:budget:category:other,question:sha256:f816615ae20875f0a4a73ad40b2121d2871a4ead485e3b3ed88798f84213c8b0,excluded_non_question,,,,string,,,https://apply07.grants.gov/apply/forms/schemas/RR_SubawardBudget30_3_0-V3.0.xsd,d5d534326e8f7e4416baf98c95c1f9234c0a23628259ee2d7e3199181a24e08a,,false
RRSubawardBudget30,[Draft] R&R Subaward Budget Attachment(s) Form 30,3.0,budget_attachments.rr_budget_3_0[].budget_year[].other_personnel.graduate_students.academic_months,RR_SubawardBudget30_3_0.BudgetAttachments.RR_Budget_3_0.BudgetYear.OtherPersonnel.GraduateStudents.AcademicMonths,Academic Months Graduate Students,question,concept:budget:personnel:academic-months,concept:budget:personnel:academic-months,question:sha256:d400227789d6c8eb038c44071e81a73f26c8a1acc9ad416cb1f4b2d786251bf5,agent_proposed,,,,string,,,https://apply07.grants.gov/apply/forms/schemas/RR_SubawardBudget30_3_0-V3.0.xsd,d5d534326e8f7e4416baf98c95c1f9234c0a23628259ee2d7e3199181a24e08a,,false
RRSubawardBudget30,[Draft] R&R Subaward Budget Attachment(s) Form 30,3.0,budget_attachments.rr_budget_3_0[].budget_year[].other_personnel.graduate_students.calendar_months,RR_SubawardBudget30_3_0.BudgetAttachments.RR_Budget_3_0.BudgetYear.OtherPersonnel.GraduateStudents.CalendarMonths,Calendar Months Graduate Students,question,concept:budget:personnel:calendar-months,concept:budget:personnel:calendar-months,question:sha256:53066ef77fdc1385685acffa0697adc03f7512ebd62fc571027f1fe474ba1ff5,agent_proposed,,,,string,,,https://apply07.grants.gov/apply/forms/schemas/RR_SubawardBudget30_3_0-V3.0.xsd,d5d534326e8f7e4416baf98c95c1f9234c0a23628259ee2d7e3199181a24e08a,,false
RRSubawardBudget30,[Draft] R&R Subaward Budget Attachment(s) Form 30,3.0,budget_attachments.rr_budget_3_0[].budget_year[].other_personnel.graduate_students.fringe_benefits,RR_SubawardBudget30_3_0.BudgetAttachments.RR_Budget_3_0.BudgetYear.OtherPersonnel.GraduateStudents.FringeBenefits,Fringe Benefits Graduate Students,question,concept:budget:personnel:fringe-benefits,concept:budget:personnel:fringe-benefits,question:sha256:bb2c50f96430fa29099506d92d193087891de5e702c0dd130c48b854a3dc378a,agent_proposed,,,,string,,,https://apply07.grants.gov/apply/forms/schemas/RR_SubawardBudget30_3_0-V3.0.xsd,d5d534326e8f7e4416baf98c95c1f9234c0a23628259ee2d7e3199181a24e08a,,false
RRSubawardBudget30,[Draft] R&R Subaward Budget Attachment(s) Form 30,3.0,budget_attachments.rr_budget_3_0[].budget_year[].other_personnel.graduate_students.funds_requested,RR_SubawardBudget30_3_0.BudgetAttachments.RR_Budget_3_0.BudgetYear.OtherPersonnel.GraduateStudents.FundsRequested,Funds Requested Graduate Students,calculation,,concept:budget:personnel:graduate-students-funds-requested,question:sha256:d0e50507e22f7a7eb17f6fb1380a48c2aa6ce87bea5ba28762028db09228017c,excluded_non_question,,,,string,,,https://apply07.grants.gov/apply/forms/schemas/RR_SubawardBudget30_3_0-V3.0.xsd,d5d534326e8f7e4416baf98c95c1f9234c0a23628259ee2d7e3199181a24e08a,,false
RRSubawardBudget30,[Draft] R&R Subaward Budget Attachment(s) Form 30,3.0,budget_attachments.rr_budget_3_0[].budget_year[].other_personnel.graduate_students.number_of_personnel,RR_SubawardBudget30_3_0.BudgetAttachments.RR_Budget_3_0.BudgetYear.OtherPersonnel.GraduateStudents.NumberOfPersonnel,Number of Personnel Graduate Students,question,concept:budget:personnel:count,concept:budget:personnel:count,question:sha256:995f77ddf3a87c771989ae45d58e802d70ad9ff2d5c5dc3bd05e908c70f230f3,agent_proposed,,,,integer,,,https://apply07.grants.gov/apply/forms/schemas/RR_SubawardBudget30_3_0-V3.0.xsd,d5d534326e8f7e4416baf98c95c1f9234c0a23628259ee2d7e3199181a24e08a,,false
RRSubawardBudget30,[Draft] R&R Subaward Budget Attachment(s) Form 30,3.0,budget_attachments.rr_budget_3_0[].budget_year[].other_personnel.graduate_students.project_role,RR_SubawardBudget30_3_0.BudgetAttachments.RR_Budget_3_0.BudgetYear.OtherPersonnel.GraduateStudents.ProjectRole,Project Role Graduate Students,question,concept:research-person:project-role,concept:research-person:project-role,question:sha256:16a1c371f3e608f84ce6999abaf6d5d317c11c6d7da42a82a9a7d9670e629888,agent_proposed,,,,string,,,https://apply07.grants.gov/apply/forms/schemas/RR_SubawardBudget30_3_0-V3.0.xsd,d5d534326e8f7e4416baf98c95c1f9234c0a23628259ee2d7e3199181a24e08a,,false
RRSubawardBudget30,[Draft] R&R Subaward Budget Attachment(s) Form 30,3.0,budget_attachments.rr_budget_3_0[].budget_year[].other_personnel.graduate_students.requested_salary,RR_SubawardBudget30_3_0.BudgetAttachments.RR_Budget_3_0.BudgetYear.OtherPersonnel.GraduateStudents.RequestedSalary,Requested Salary Graduate Students,question,concept:budget:personnel:requested-salary,concept:budget:personnel:requested-salary,question:sha256:857032c9c9c820dd872ec9b73e3b615e18f6d9b8a4de935f10418bcee422bf63,agent_proposed,,,,string,,,https://apply07.grants.gov/apply/forms/schemas/RR_SubawardBudget30_3_0-V3.0.xsd,d5d534326e8f7e4416baf98c95c1f9234c0a23628259ee2d7e3199181a24e08a,,false
RRSubawardBudget30,[Draft] R&R Subaward Budget Attachment(s) Form 30,3.0,budget_attachments.rr_budget_3_0[].budget_year[].other_personnel.graduate_students.summer_months,RR_SubawardBudget30_3_0.BudgetAttachments.RR_Budget_3_0.BudgetYear.OtherPersonnel.GraduateStudents.SummerMonths,Summer Months Graduate Students,question,concept:budget:personnel:summer-months,concept:budget:personnel:summer-months,question:sha256:df49187aa8b3a623071c46b9f8c95b73ba2fc92ec095ecf375016e83c4779fb3,agent_proposed,,,,string,,,https://apply07.grants.gov/apply/forms/schemas/RR_SubawardBudget30_3_0-V3.0.xsd,d5d534326e8f7e4416baf98c95c1f9234c0a23628259ee2d7e3199181a24e08a,,false
RRSubawardBudget30,[Draft] R&R Subaward Budget Attachment(s) Form 30,3.0,budget_attachments.rr_budget_3_0[].budget_year[].other_personnel.other[].academic_months,RR_SubawardBudget30_3_0.BudgetAttachments.RR_Budget_3_0.BudgetYear.OtherPersonnel.Other.AcademicMonths,Academic Months Additional Project Role,question,concept:budget:personnel:academic-months,concept:budget:personnel:academic-months,question:sha256:2d54c99731ac6b4fe92e7c39cb3ea7d4841a60fc860057a070e2cad57de1670f,agent_proposed,,,,string,,,https://apply07.grants.gov/apply/forms/schemas/RR_SubawardBudget30_3_0-V3.0.xsd,d5d534326e8f7e4416baf98c95c1f9234c0a23628259ee2d7e3199181a24e08a,,false
RRSubawardBudget30,[Draft] R&R Subaward Budget Attachment(s) Form 30,3.0,budget_attachments.rr_budget_3_0[].budget_year[].other_personnel.other[].calendar_months,RR_SubawardBudget30_3_0.BudgetAttachments.RR_Budget_3_0.BudgetYear.OtherPersonnel.Other.CalendarMonths,Calendar Months Additional Project Role,question,concept:budget:personnel:calendar-months,concept:budget:personnel:calendar-months,question:sha256:3b451b4497211af38e3dc6731b4402b17a8da17bfd6ff924f098a1f4508c5084,agent_proposed,,,,string,,,https://apply07.grants.gov/apply/forms/schemas/RR_SubawardBudget30_3_0-V3.0.xsd,d5d534326e8f7e4416baf98c95c1f9234c0a23628259ee2d7e3199181a24e08a,,false
RRSubawardBudget30,[Draft] R&R Subaward Budget Attachment(s) Form 30,3.0,budget_attachments.rr_budget_3_0[].budget_year[].other_personnel.other[].fringe_benefits,RR_SubawardBudget30_3_0.BudgetAttachments.RR_Budget_3_0.BudgetYear.OtherPersonnel.Other.FringeBenefits,Fringe Benefits Additional Project Role,question,concept:budget:personnel:fringe-benefits,concept:budget:personnel:fringe-benefits,question:sha256:444abe6deffcd2d4a16e972095cd05240a857dc2ff5c7b35f4fc9652640afbbe,agent_proposed,,,,string,,,https://apply07.grants.gov/apply/forms/schemas/RR_SubawardBudget30_3_0-V3.0.xsd,d5d534326e8f7e4416baf98c95c1f9234c0a23628259ee2d7e3199181a24e08a,,false
RRSubawardBudget30,[Draft] R&R Subaward Budget Attachment(s) Form 30,3.0,budget_attachments.rr_budget_3_0[].budget_year[].other_personnel.other[].funds_requested,RR_SubawardBudget30_3_0.BudgetAttachments.RR_Budget_3_0.BudgetYear.OtherPersonnel.Other.FundsRequested,Funds Requested Additional Project Role,calculation,,concept:budget:personnel:other-personnel-other-funds-requested,question:sha256:bbc535a80d568bd13c5d557bb1812f077126ecb2bed1e3d666332fa963f3dfd2,excluded_non_question,,,,string,,,https://apply07.grants.gov/apply/forms/schemas/RR_SubawardBudget30_3_0-V3.0.xsd,d5d534326e8f7e4416baf98c95c1f9234c0a23628259ee2d7e3199181a24e08a,,false
RRSubawardBudget30,[Draft] R&R Subaward Budget Attachment(s) Form 30,3.0,budget_attachments.rr_budget_3_0[].budget_year[].other_personnel.other[].number_of_personnel,RR_SubawardBudget30_3_0.BudgetAttachments.RR_Budget_3_0.BudgetYear.OtherPersonnel.Other.NumberOfPersonnel,Number of Personnel Additional Project Role,question,concept:budget:personnel:count,concept:budget:personnel:count,question:sha256:45bab15ffd07d133886ad30a469e4b1a1ed960731cafca3296770bb713bea101,agent_proposed,,,,integer,,,https://apply07.grants.gov/apply/forms/schemas/RR_SubawardBudget30_3_0-V3.0.xsd,d5d534326e8f7e4416baf98c95c1f9234c0a23628259ee2d7e3199181a24e08a,,false
RRSubawardBudget30,[Draft] R&R Subaward Budget Attachment(s) Form 30,3.0,budget_attachments.rr_budget_3_0[].budget_year[].other_personnel.other[].project_role,RR_SubawardBudget30_3_0.BudgetAttachments.RR_Budget_3_0.BudgetYear.OtherPersonnel.Other.ProjectRole,Additional Project Role Description,question,concept:research-person:project-role,concept:research-person:project-role,question:sha256:6860ae5bb02cb0086c297845ee3d2e79e7e9adf2d7b8a1621364da14789632fb,agent_proposed,,,,string,,,https://apply07.grants.gov/apply/forms/schemas/RR_SubawardBudget30_3_0-V3.0.xsd,d5d534326e8f7e4416baf98c95c1f9234c0a23628259ee2d7e3199181a24e08a,,false
RRSubawardBudget30,[Draft] R&R Subaward Budget Attachment(s) Form 30,3.0,budget_attachments.rr_budget_3_0[].budget_year[].other_personnel.other[].requested_salary,RR_SubawardBudget30_3_0.BudgetAttachments.RR_Budget_3_0.BudgetYear.OtherPersonnel.Other.RequestedSalary,Requested Salary Additional Project Role,question,concept:budget:personnel:requested-salary,concept:budget:personnel:requested-salary,question:sha256:a796fd87098361a6cb36cf2ea19149ba775bd7f038595893b36bfcc5735fbb7e,agent_proposed,,,,string,,,https://apply07.grants.gov/apply/forms/schemas/RR_SubawardBudget30_3_0-V3.0.xsd,d5d534326e8f7e4416baf98c95c1f9234c0a23628259ee2d7e3199181a24e08a,,false
RRSubawardBudget30,[Draft] R&R Subaward Budget Attachment(s) Form 30,3.0,budget_attachments.rr_budget_3_0[].budget_year[].other_personnel.other[].summer_months,RR_SubawardBudget30_3_0.BudgetAttachments.RR_Budget_3_0.BudgetYear.OtherPersonnel.Other.SummerMonths,Summer Months Additional Project Role,question,concept:budget:personnel:summer-months,concept:budget:personnel:summer-months,question:sha256:3b5b363a5a181810d478e1e59772829607cb5b07a34d111d6ba9feca183c4ec0,agent_proposed,,,,string,,,https://apply07.grants.gov/apply/forms/schemas/RR_SubawardBudget30_3_0-V3.0.xsd,d5d534326e8f7e4416baf98c95c1f9234c0a23628259ee2d7e3199181a24e08a,,false
RRSubawardBudget30,[Draft] R&R Subaward Budget Attachment(s) Form 30,3.0,budget_attachments.rr_budget_3_0[].budget_year[].other_personnel.other_personnel_total_number,RR_SubawardBudget30_3_0.BudgetAttachments.RR_Budget_3_0.BudgetYear.OtherPersonnel.OtherPersonnelTotalNumber,Total Number Other Personnel,calculation,,concept:budget:personnel:other-total-count,question:sha256:f23093ad9a5506cb37b2f9da89a6d0479a95560b32ef6730dc8e6bec20d4af73,excluded_non_question,,,,integer,,,https://apply07.grants.gov/apply/forms/schemas/RR_SubawardBudget30_3_0-V3.0.xsd,d5d534326e8f7e4416baf98c95c1f9234c0a23628259ee2d7e3199181a24e08a,,false
RRSubawardBudget30,[Draft] R&R Subaward Budget Attachment(s) Form 30,3.0,budget_attachments.rr_budget_3_0[].budget_year[].other_personnel.post_doc_associates.academic_months,RR_SubawardBudget30_3_0.BudgetAttachments.RR_Budget_3_0.BudgetYear.OtherPersonnel.PostDocAssociates.AcademicMonths,Academic Months Post Doctoral Associates,question,concept:budget:personnel:academic-months,concept:budget:personnel:academic-months,question:sha256:e9d19d2b9930c10628852ad45607e19504435cc82bda5f883462d13212e889bf,agent_proposed,,,,string,,,https://apply07.grants.gov/apply/forms/schemas/RR_SubawardBudget30_3_0-V3.0.xsd,d5d534326e8f7e4416baf98c95c1f9234c0a23628259ee2d7e3199181a24e08a,,false
RRSubawardBudget30,[Draft] R&R Subaward Budget Attachment(s) Form 30,3.0,budget_attachments.rr_budget_3_0[].budget_year[].other_personnel.post_doc_associates.calendar_months,RR_SubawardBudget30_3_0.BudgetAttachments.RR_Budget_3_0.BudgetYear.OtherPersonnel.PostDocAssociates.CalendarMonths,Calendar Months Post Doctoral Associates,question,concept:budget:personnel:calendar-months,concept:budget:personnel:calendar-months,question:sha256:ad2fe9185d2addf60d85d553834f43826f070044cd650097278f96652d754c0c,agent_proposed,,,,string,,,https://apply07.grants.gov/apply/forms/schemas/RR_SubawardBudget30_3_0-V3.0.xsd,d5d534326e8f7e4416baf98c95c1f9234c0a23628259ee2d7e3199181a24e08a,,false
RRSubawardBudget30,[Draft] R&R Subaward Budget Attachment(s) Form 30,3.0,budget_attachments.rr_budget_3_0[].budget_year[].other_personnel.post_doc_associates.fringe_benefits,RR_SubawardBudget30_3_0.BudgetAttachments.RR_Budget_3_0.BudgetYear.OtherPersonnel.PostDocAssociates.FringeBenefits,Fringe Benefits Post Doctoral Associates,question,concept:budget:personnel:fringe-benefits,concept:budget:personnel:fringe-benefits,question:sha256:5f361f65d6e2ab1055a1fb6774e675fca5e0aef1686eb1374ba3b28f0153f690,agent_proposed,,,,string,,,https://apply07.grants.gov/apply/forms/schemas/RR_SubawardBudget30_3_0-V3.0.xsd,d5d534326e8f7e4416baf98c95c1f9234c0a23628259ee2d7e3199181a24e08a,,false
RRSubawardBudget30,[Draft] R&R Subaward Budget Attachment(s) Form 30,3.0,budget_attachments.rr_budget_3_0[].budget_year[].other_personnel.post_doc_associates.funds_requested,RR_SubawardBudget30_3_0.BudgetAttachments.RR_Budget_3_0.BudgetYear.OtherPersonnel.PostDocAssociates.FundsRequested,Funds Requested Post Doctoral Associates,calculation,,concept:budget:personnel:postdoctoral-associates-funds-requested,question:sha256:0eeb7bd25c77feaeb02d26ccc1dd3a23b6677e835d86c3b9c1f1aaa65efd5fd0,excluded_non_question,,,,string,,,https://apply07.grants.gov/apply/forms/schemas/RR_SubawardBudget30_3_0-V3.0.xsd,d5d534326e8f7e4416baf98c95c1f9234c0a23628259ee2d7e3199181a24e08a,,false
RRSubawardBudget30,[Draft] R&R Subaward Budget Attachment(s) Form 30,3.0,budget_attachments.rr_budget_3_0[].budget_year[].other_personnel.post_doc_associates.number_of_personnel,RR_SubawardBudget30_3_0.BudgetAttachments.RR_Budget_3_0.BudgetYear.OtherPersonnel.PostDocAssociates.NumberOfPersonnel,Number of Personnel Post Doctoral Associates,question,concept:budget:personnel:count,concept:budget:personnel:count,question:sha256:6ba10a9e6a8dfe8e75ffe3541b83f2d37c09c9290bcafb56a3c94538d2fcf989,agent_proposed,,,,integer,,,https://apply07.grants.gov/apply/forms/schemas/RR_SubawardBudget30_3_0-V3.0.xsd,d5d534326e8f7e4416baf98c95c1f9234c0a23628259ee2d7e3199181a24e08a,,false
RRSubawardBudget30,[Draft] R&R Subaward Budget Attachment(s) Form 30,3.0,budget_attachments.rr_budget_3_0[].budget_year[].other_personnel.post_doc_associates.project_role,RR_SubawardBudget30_3_0.BudgetAttachments.RR_Budget_3_0.BudgetYear.OtherPersonnel.PostDocAssociates.ProjectRole,Project Role Post Doctoral Associates,question,concept:research-person:project-role,concept:research-person:project-role,question:sha256:6fc036140f98538b7b8962c1a8dda1d7edb9307a34f67cb1b773b513fa83adfe,agent_proposed,,,,string,,,https://apply07.grants.gov/apply/forms/schemas/RR_SubawardBudget30_3_0-V3.0.xsd,d5d534326e8f7e4416baf98c95c1f9234c0a23628259ee2d7e3199181a24e08a,,false
RRSubawardBudget30,[Draft] R&R Subaward Budget Attachment(s) Form 30,3.0,budget_attachments.rr_budget_3_0[].budget_year[].other_personnel.post_doc_associates.requested_salary,RR_SubawardBudget30_3_0.BudgetAttachments.RR_Budget_3_0.BudgetYear.OtherPersonnel.PostDocAssociates.RequestedSalary,Requested Salary Post Doctoral Associates,question,concept:budget:personnel:requested-salary,concept:budget:personnel:requested-salary,question:sha256:34f8c285c2f7393c9c66b0e7be615bdfd3e7b3e016b02a177ebbc2b6533a3192,agent_proposed,,,,string,,,https://apply07.grants.gov/apply/forms/schemas/RR_SubawardBudget30_3_0-V3.0.xsd,d5d534326e8f7e4416baf98c95c1f9234c0a23628259ee2d7e3199181a24e08a,,false
RRSubawardBudget30,[Draft] R&R Subaward Budget Attachment(s) Form 30,3.0,budget_attachments.rr_budget_3_0[].budget_year[].other_personnel.post_doc_associates.summer_months,RR_SubawardBudget30_3_0.BudgetAttachments.RR_Budget_3_0.BudgetYear.OtherPersonnel.PostDocAssociates.SummerMonths,Summer Months Post Doctoral Associates,question,concept:budget:personnel:summer-months,concept:budget:personnel:summer-months,question:sha256:9d65739f43fbdd7b7113b818d57a34466795f2f672ee399409a2ae06cdf154e7,agent_proposed,,,,string,,,https://apply07.grants.gov/apply/forms/schemas/RR_SubawardBudget30_3_0-V3.0.xsd,d5d534326e8f7e4416baf98c95c1f9234c0a23628259ee2d7e3199181a24e08a,,false
RRSubawardBudget30,[Draft] R&R Subaward Budget Attachment(s) Form 30,3.0,budget_attachments.rr_budget_3_0[].budget_year[].other_personnel.secretarial_clerical.academic_months,RR_SubawardBudget30_3_0.BudgetAttachments.RR_Budget_3_0.BudgetYear.OtherPersonnel.SecretarialClerical.AcademicMonths,Academic Months Secretarial/Clerical,question,concept:budget:personnel:academic-months,concept:budget:personnel:academic-months,question:sha256:7c47aa9cd37f4fc728711d379334eae6742148a96c075a9130363320efa39b56,agent_proposed,,,,string,,,https://apply07.grants.gov/apply/forms/schemas/RR_SubawardBudget30_3_0-V3.0.xsd,d5d534326e8f7e4416baf98c95c1f9234c0a23628259ee2d7e3199181a24e08a,,false
RRSubawardBudget30,[Draft] R&R Subaward Budget Attachment(s) Form 30,3.0,budget_attachments.rr_budget_3_0[].budget_year[].other_personnel.secretarial_clerical.calendar_months,RR_SubawardBudget30_3_0.BudgetAttachments.RR_Budget_3_0.BudgetYear.OtherPersonnel.SecretarialClerical.CalendarMonths,Calendar Months Secretarial/Clerical,question,concept:budget:personnel:calendar-months,concept:budget:personnel:calendar-months,question:sha256:e70ee4ce35456177347b176855d59271a23d5c23f18da986e9a59559d00183eb,agent_proposed,,,,string,,,https://apply07.grants.gov/apply/forms/schemas/RR_SubawardBudget30_3_0-V3.0.xsd,d5d534326e8f7e4416baf98c95c1f9234c0a23628259ee2d7e3199181a24e08a,,false
RRSubawardBudget30,[Draft] R&R Subaward Budget Attachment(s) Form 30,3.0,budget_attachments.rr_budget_3_0[].budget_year[].other_personnel.secretarial_clerical.fringe_benefits,RR_SubawardBudget30_3_0.BudgetAttachments.RR_Budget_3_0.BudgetYear.OtherPersonnel.SecretarialClerical.FringeBenefits,Fringe Benefits Secretarial/Clerical,question,concept:budget:personnel:fringe-benefits,concept:budget:personnel:fringe-benefits,question:sha256:c320faf9abbbf3b6e36936cf27158fdf205190dd5414029bede69b53a09939a3,agent_proposed,,,,string,,,https://apply07.grants.gov/apply/forms/schemas/RR_SubawardBudget30_3_0-V3.0.xsd,d5d534326e8f7e4416baf98c95c1f9234c0a23628259ee2d7e3199181a24e08a,,false
RRSubawardBudget30,[Draft] R&R Subaward Budget Attachment(s) Form 30,3.0,budget_attachments.rr_budget_3_0[].budget_year[].other_personnel.secretarial_clerical.funds_requested,RR_SubawardBudget30_3_0.BudgetAttachments.RR_Budget_3_0.BudgetYear.OtherPersonnel.SecretarialClerical.FundsRequested,Funds Requested Secretarial/Clerical,calculation,,concept:budget:personnel:secretarial-clerical-funds-requested,question:sha256:9736c5327b6a6df56b720cca53a436a54bd7f63b6ecad8ef537c7fa9cab72ab8,excluded_non_question,,,,string,,,https://apply07.grants.gov/apply/forms/schemas/RR_SubawardBudget30_3_0-V3.0.xsd,d5d534326e8f7e4416baf98c95c1f9234c0a23628259ee2d7e3199181a24e08a,,false
RRSubawardBudget30,[Draft] R&R Subaward Budget Attachment(s) Form 30,3.0,budget_attachments.rr_budget_3_0[].budget_year[].other_personnel.secretarial_clerical.number_of_personnel,RR_SubawardBudget30_3_0.BudgetAttachments.RR_Budget_3_0.BudgetYear.OtherPersonnel.SecretarialClerical.NumberOfPersonnel,Number of Personnel Secretarial/Clerical,question,concept:budget:personnel:count,concept:budget:personnel:count,question:sha256:343c8e6f0157a4ed7e3d666d1cdad1e213bcd7fd9e25b739c0891609ff153933,agent_proposed,,,,integer,,,https://apply07.grants.gov/apply/forms/schemas/RR_SubawardBudget30_3_0-V3.0.xsd,d5d534326e8f7e4416baf98c95c1f9234c0a23628259ee2d7e3199181a24e08a,,false
RRSubawardBudget30,[Draft] R&R Subaward Budget Attachment(s) Form 30,3.0,budget_attachments.rr_budget_3_0[].budget_year[].other_personnel.secretarial_clerical.project_role,RR_SubawardBudget30_3_0.BudgetAttachments.RR_Budget_3_0.BudgetYear.OtherPersonnel.SecretarialClerical.ProjectRole,Project Role Secretarial/Clerical,question,concept:research-person:project-role,concept:research-person:project-role,question:sha256:b011e4d973e735bb8dea8e3ac42e77553dbd17e69542c335d74f568e8853fe10,agent_proposed,,,,string,,,https://apply07.grants.gov/apply/forms/schemas/RR_SubawardBudget30_3_0-V3.0.xsd,d5d534326e8f7e4416baf98c95c1f9234c0a23628259ee2d7e3199181a24e08a,,false
RRSubawardBudget30,[Draft] R&R Subaward Budget Attachment(s) Form 30,3.0,budget_attachments.rr_budget_3_0[].budget_year[].other_personnel.secretarial_clerical.requested_salary,RR_SubawardBudget30_3_0.BudgetAttachments.RR_Budget_3_0.BudgetYear.OtherPersonnel.SecretarialClerical.RequestedSalary,Requested Salary Secretarial/Clerical,question,concept:budget:personnel:requested-salary,concept:budget:personnel:requested-salary,question:sha256:18f82640ef2e75ecc0037007631388cfeb51b6ceccb167a4efadc594870118b9,agent_proposed,,,,string,,,https://apply07.grants.gov/apply/forms/schemas/RR_SubawardBudget30_3_0-V3.0.xsd,d5d534326e8f7e4416baf98c95c1f9234c0a23628259ee2d7e3199181a24e08a,,false
RRSubawardBudget30,[Draft] R&R Subaward Budget Attachment(s) Form 30,3.0,budget_attachments.rr_budget_3_0[].budget_year[].other_personnel.secretarial_clerical.summer_months,RR_SubawardBudget30_3_0.BudgetAttachments.RR_Budget_3_0.BudgetYear.OtherPersonnel.SecretarialClerical.SummerMonths,Summer Months Secretarial/Clerical,question,concept:budget:personnel:summer-months,concept:budget:personnel:summer-months,question:sha256:7e5829cf1c81135579566dc0239ed83d940842dec63234ff02cfd14695517fba,agent_proposed,,,,string,,,https://apply07.grants.gov/apply/forms/schemas/RR_SubawardBudget30_3_0-V3.0.xsd,d5d534326e8f7e4416baf98c95c1f9234c0a23628259ee2d7e3199181a24e08a,,false
RRSubawardBudget30,[Draft] R&R Subaward Budget Attachment(s) Form 30,3.0,budget_attachments.rr_budget_3_0[].budget_year[].other_personnel.total_other_personnel_fund,RR_SubawardBudget30_3_0.BudgetAttachments.RR_Budget_3_0.BudgetYear.OtherPersonnel.TotalOtherPersonnelFund,Total Other Personnel,calculation,,concept:budget:personnel:other-total-funds,question:sha256:092dd1fac71a0e27c139d4d92e79a971f919b198a5469f987ca288c78b178888,excluded_non_question,,,,string,,,https://apply07.grants.gov/apply/forms/schemas/RR_SubawardBudget30_3_0-V3.0.xsd,d5d534326e8f7e4416baf98c95c1f9234c0a23628259ee2d7e3199181a24e08a,,false
RRSubawardBudget30,[Draft] R&R Subaward Budget Attachment(s) Form 30,3.0,budget_attachments.rr_budget_3_0[].budget_year[].other_personnel.undergraduate_students.academic_months,RR_SubawardBudget30_3_0.BudgetAttachments.RR_Budget_3_0.BudgetYear.OtherPersonnel.UndergraduateStudents.AcademicMonths,Academic Months Undergraduate Students,question,concept:budget:personnel:academic-months,concept:budget:personnel:academic-months,question:sha256:4cfca120aa7ca3157d81122dacc24ee8ae0c49e7a0a43c96285440365d79449d,agent_proposed,,,,string,,,https://apply07.grants.gov/apply/forms/schemas/RR_SubawardBudget30_3_0-V3.0.xsd,d5d534326e8f7e4416baf98c95c1f9234c0a23628259ee2d7e3199181a24e08a,,false
RRSubawardBudget30,[Draft] R&R Subaward Budget Attachment(s) Form 30,3.0,budget_attachments.rr_budget_3_0[].budget_year[].other_personnel.undergraduate_students.calendar_months,RR_SubawardBudget30_3_0.BudgetAttachments.RR_Budget_3_0.BudgetYear.OtherPersonnel.UndergraduateStudents.CalendarMonths,Calendar Months Undergraduate Students,question,concept:budget:personnel:calendar-months,concept:budget:personnel:calendar-months,question:sha256:2bae2b06e6309e000addcfe6f5460a2955891249e31e93565cfd5415950d50d0,agent_proposed,,,,string,,,https://apply07.grants.gov/apply/forms/schemas/RR_SubawardBudget30_3_0-V3.0.xsd,d5d534326e8f7e4416baf98c95c1f9234c0a23628259ee2d7e3199181a24e08a,,false
RRSubawardBudget30,[Draft] R&R Subaward Budget Attachment(s) Form 30,3.0,budget_attachments.rr_budget_3_0[].budget_year[].other_personnel.undergraduate_students.fringe_benefits,RR_SubawardBudget30_3_0.BudgetAttachments.RR_Budget_3_0.BudgetYear.OtherPersonnel.UndergraduateStudents.FringeBenefits,Fringe Benefits Undergraduate Students,question,concept:budget:personnel:fringe-benefits,concept:budget:personnel:fringe-benefits,question:sha256:2843b9bdd9c3e58217e23baa8eea235504247103b90b6e6c4e46be9529c97757,agent_proposed,,,,string,,,https://apply07.grants.gov/apply/forms/schemas/RR_SubawardBudget30_3_0-V3.0.xsd,d5d534326e8f7e4416baf98c95c1f9234c0a23628259ee2d7e3199181a24e08a,,false
RRSubawardBudget30,[Draft] R&R Subaward Budget Attachment(s) Form 30,3.0,budget_attachments.rr_budget_3_0[].budget_year[].other_personnel.undergraduate_students.funds_requested,RR_SubawardBudget30_3_0.BudgetAttachments.RR_Budget_3_0.BudgetYear.OtherPersonnel.UndergraduateStudents.FundsRequested,Funds Requested Undergraduate Students,calculation,,concept:budget:personnel:undergraduate-students-funds-requested,question:sha256:b9bb32c2a9667a5c32579bcc28db40c6214011ab36ceadcf26ca3517abd86ed7,excluded_non_question,,,,string,,,https://apply07.grants.gov/apply/forms/schemas/RR_SubawardBudget30_3_0-V3.0.xsd,d5d534326e8f7e4416baf98c95c1f9234c0a23628259ee2d7e3199181a24e08a,,false
RRSubawardBudget30,[Draft] R&R Subaward Budget Attachment(s) Form 30,3.0,budget_attachments.rr_budget_3_0[].budget_year[].other_personnel.undergraduate_students.number_of_personnel,RR_SubawardBudget30_3_0.BudgetAttachments.RR_Budget_3_0.BudgetYear.OtherPersonnel.UndergraduateStudents.NumberOfPersonnel,Number of Personnel Undergraduate Students,question,concept:budget:personnel:count,concept:budget:personnel:count,question:sha256:03a354cdfa4cba17121df17c177a444b609d7edca0caca1484de0dd36577c220,agent_proposed,,,,integer,,,https://apply07.grants.gov/apply/forms/schemas/RR_SubawardBudget30_3_0-V3.0.xsd,d5d534326e8f7e4416baf98c95c1f9234c0a23628259ee2d7e3199181a24e08a,,false
RRSubawardBudget30,[Draft] R&R Subaward Budget Attachment(s) Form 30,3.0,budget_attachments.rr_budget_3_0[].budget_year[].other_personnel.undergraduate_students.project_role,RR_SubawardBudget30_3_0.BudgetAttachments.RR_Budget_3_0.BudgetYear.OtherPersonnel.UndergraduateStudents.ProjectRole,Project Role Undergraduate Students,question,concept:research-person:project-role,concept:research-person:project-role,question:sha256:c70120f3d82e6025aecbd173ec47441f0016facdc083d09fa77993bd3a2b44c0,agent_proposed,,,,string,,,https://apply07.grants.gov/apply/forms/schemas/RR_SubawardBudget30_3_0-V3.0.xsd,d5d534326e8f7e4416baf98c95c1f9234c0a23628259ee2d7e3199181a24e08a,,false
RRSubawardBudget30,[Draft] R&R Subaward Budget Attachment(s) Form 30,3.0,budget_attachments.rr_budget_3_0[].budget_year[].other_personnel.undergraduate_students.requested_salary,RR_SubawardBudget30_3_0.BudgetAttachments.RR_Budget_3_0.BudgetYear.OtherPersonnel.UndergraduateStudents.RequestedSalary,Requested Salary Undergraduate Students,question,concept:budget:personnel:requested-salary,concept:budget:personnel:requested-salary,question:sha256:08dab312a496e026dc019c88eb3c5e8715e4de1c6373895f5bceee22eae6596e,agent_proposed,,,,string,,,https://apply07.grants.gov/apply/forms/schemas/RR_SubawardBudget30_3_0-V3.0.xsd,d5d534326e8f7e4416baf98c95c1f9234c0a23628259ee2d7e3199181a24e08a,,false
RRSubawardBudget30,[Draft] R&R Subaward Budget Attachment(s) Form 30,3.0,budget_attachments.rr_budget_3_0[].budget_year[].other_personnel.undergraduate_students.summer_months,RR_SubawardBudget30_3_0.BudgetAttachments.RR_Budget_3_0.BudgetYear.OtherPersonnel.UndergraduateStudents.SummerMonths,Summer Months Undergraduate Students,question,concept:budget:personnel:summer-months,concept:budget:personnel:summer-months,question:sha256:0a313cc82a9cd80530583edb1d8e34175720701eb2fe9b581dc79c1c2e0d50b1,agent_proposed,,,,string,,,https://apply07.grants.gov/apply/forms/schemas/RR_SubawardBudget30_3_0-V3.0.xsd,d5d534326e8f7e4416baf98c95c1f9234c0a23628259ee2d7e3199181a24e08a,,false
RRSubawardBudget30,[Draft] R&R Subaward Budget Attachment(s) Form 30,3.0,budget_attachments.rr_budget_3_0[].budget_year[].participant_trainee_support_costs.other.cost,RR_SubawardBudget30_3_0.BudgetAttachments.RR_Budget_3_0.BudgetYear.ParticipantTraineeSupportCosts.Other.Cost,Other Participant/Trainee Costs,question,concept:budget:line:cost,concept:budget:line:cost,question:sha256:c1430e9ea73ec22a6100c063d50e5d56437d75d25ed9248acfd6f39f411d9fe8,agent_proposed,,,,string,,,https://apply07.grants.gov/apply/forms/schemas/RR_SubawardBudget30_3_0-V3.0.xsd,d5d534326e8f7e4416baf98c95c1f9234c0a23628259ee2d7e3199181a24e08a,,false
RRSubawardBudget30,[Draft] R&R Subaward Budget Attachment(s) Form 30,3.0,budget_attachments.rr_budget_3_0[].budget_year[].participant_trainee_support_costs.other.description,RR_SubawardBudget30_3_0.BudgetAttachments.RR_Budget_3_0.BudgetYear.ParticipantTraineeSupportCosts.Other.Description,5. Other,question,concept:budget:line:description,concept:budget:line:description,question:sha256:98ab8f4e4e6b9a142f58b2614c9bf8e4c54545730f68cba8a7b5b47a57197a73,agent_proposed,,,,string,,,https://apply07.grants.gov/apply/forms/schemas/RR_SubawardBudget30_3_0-V3.0.xsd,d5d534326e8f7e4416baf98c95c1f9234c0a23628259ee2d7e3199181a24e08a,,false
RRSubawardBudget30,[Draft] R&R Subaward Budget Attachment(s) Form 30,3.0,budget_attachments.rr_budget_3_0[].budget_year[].participant_trainee_support_costs.participant_trainee_number,RR_SubawardBudget30_3_0.BudgetAttachments.RR_Budget_3_0.BudgetYear.ParticipantTraineeSupportCosts.ParticipantTraineeNumber,Number of Participants/Trainees,question,concept:budget:trainee:count,concept:budget:trainee:count,question:sha256:b61a8017ce0f42dbe0156dcf07675b120f30655cce380c0ad895ec2537609394,agent_proposed,,,,integer,,,https://apply07.grants.gov/apply/forms/schemas/RR_SubawardBudget30_3_0-V3.0.xsd,d5d534326e8f7e4416baf98c95c1f9234c0a23628259ee2d7e3199181a24e08a,,false
RRSubawardBudget30,[Draft] R&R Subaward Budget Attachment(s) Form 30,3.0,budget_attachments.rr_budget_3_0[].budget_year[].participant_trainee_support_costs.stipends,RR_SubawardBudget30_3_0.BudgetAttachments.RR_Budget_3_0.BudgetYear.ParticipantTraineeSupportCosts.Stipends,2. Stipends,question,concept:budget:trainee:stipends,concept:budget:trainee:stipends,question:sha256:52bd24c0bd20fc64a4e32378fe14ea92ce713a7f8413234dd9819e4d3404959f,agent_proposed,,,,string,,,https://apply07.grants.gov/apply/forms/schemas/RR_SubawardBudget30_3_0-V3.0.xsd,d5d534326e8f7e4416baf98c95c1f9234c0a23628259ee2d7e3199181a24e08a,,false
RRSubawardBudget30,[Draft] R&R Subaward Budget Attachment(s) Form 30,3.0,budget_attachments.rr_budget_3_0[].budget_year[].participant_trainee_support_costs.subsistence,RR_SubawardBudget30_3_0.BudgetAttachments.RR_Budget_3_0.BudgetYear.ParticipantTraineeSupportCosts.Subsistence,4. Subsistence,question,concept:budget:trainee:subsistence,concept:budget:trainee:subsistence,question:sha256:747ba130b30df4cbf8eac3683e82290e888fde7cc914cf182678304d2aa4069e,agent_proposed,,,,string,,,https://apply07.grants.gov/apply/forms/schemas/RR_SubawardBudget30_3_0-V3.0.xsd,d5d534326e8f7e4416baf98c95c1f9234c0a23628259ee2d7e3199181a24e08a,,false
RRSubawardBudget30,[Draft] R&R Subaward Budget Attachment(s) Form 30,3.0,budget_attachments.rr_budget_3_0[].budget_year[].participant_trainee_support_costs.total_cost,RR_SubawardBudget30_3_0.BudgetAttachments.RR_Budget_3_0.BudgetYear.ParticipantTraineeSupportCosts.TotalCost,Total Participant/Trainee Support Costs,calculation,,concept:budget:trainee:total,question:sha256:49fc96d8b99016cf9bdd7a59883730758511aec34e5726ec7ab2371383f320e3,excluded_non_question,,,,string,,,https://apply07.grants.gov/apply/forms/schemas/RR_SubawardBudget30_3_0-V3.0.xsd,d5d534326e8f7e4416baf98c95c1f9234c0a23628259ee2d7e3199181a24e08a,,false
RRSubawardBudget30,[Draft] R&R Subaward Budget Attachment(s) Form 30,3.0,budget_attachments.rr_budget_3_0[].budget_year[].participant_trainee_support_costs.travel,RR_SubawardBudget30_3_0.BudgetAttachments.RR_Budget_3_0.BudgetYear.ParticipantTraineeSupportCosts.Travel,3. Travel,question,concept:budget:trainee:travel,concept:budget:trainee:travel,question:sha256:f345b7984cac7b55f0e8978cb6d6029a82092ef5ffd621ebdb38a1a3bbdf9edf,agent_proposed,,,,string,,,https://apply07.grants.gov/apply/forms/schemas/RR_SubawardBudget30_3_0-V3.0.xsd,d5d534326e8f7e4416baf98c95c1f9234c0a23628259ee2d7e3199181a24e08a,,false
RRSubawardBudget30,[Draft] R&R Subaward Budget Attachment(s) Form 30,3.0,budget_attachments.rr_budget_3_0[].budget_year[].participant_trainee_support_costs.tuition_fee_health_insurance,RR_SubawardBudget30_3_0.BudgetAttachments.RR_Budget_3_0.BudgetYear.ParticipantTraineeSupportCosts.TuitionFeeHealthInsurance,1. Tuition/Fees/Health Insurance,question,concept:budget:trainee:tuition-fees-insurance,concept:budget:trainee:tuition-fees-insurance,question:sha256:8b4ee0bb5959298e4606a08bbaf89a0270795886b3fdf835f4c198c08e72047b,agent_proposed,,,,string,,,https://apply07.grants.gov/apply/forms/schemas/RR_SubawardBudget30_3_0-V3.0.xsd,d5d534326e8f7e4416baf98c95c1f9234c0a23628259ee2d7e3199181a24e08a,,false
RRSubawardBudget30,[Draft] R&R Subaward Budget Attachment(s) Form 30,3.0,budget_attachments.rr_budget_3_0[].budget_year[].total_compensation,RR_SubawardBudget30_3_0.BudgetAttachments.RR_Budget_3_0.BudgetYear.TotalCompensation,"Total Salary, Wages and Fringe Benefits (A+B)",calculation,,concept:budget:category:personnel,question:sha256:88788478a9cd386f4c0ecae27cc545cae3c3d1be5258f3167f246e466bdcefd6,excluded_non_question,,,,string,,,https://apply07.grants.gov/apply/forms/schemas/RR_SubawardBudget30_3_0-V3.0.xsd,d5d534326e8f7e4416baf98c95c1f9234c0a23628259ee2d7e3199181a24e08a,,false
RRSubawardBudget30,[Draft] R&R Subaward Budget Attachment(s) Form 30,3.0,budget_attachments.rr_budget_3_0[].budget_year[].total_costs,RR_SubawardBudget30_3_0.BudgetAttachments.RR_Budget_3_0.BudgetYear.TotalCosts,Total Direct and Indirect Institutional Costs (G + H),calculation,,concept:budget:total-direct-indirect,question:sha256:2b4ea216e28a390198649b9b2c370b2ea57a9185f9bf28830365506130eda5dd,excluded_non_question,,,,string,,,https://apply07.grants.gov/apply/forms/schemas/RR_SubawardBudget30_3_0-V3.0.xsd,d5d534326e8f7e4416baf98c95c1f9234c0a23628259ee2d7e3199181a24e08a,,false
RRSubawardBudget30,[Draft] R&R Subaward Budget Attachment(s) Form 30,3.0,budget_attachments.rr_budget_3_0[].budget_year[].total_costs_fee,RR_SubawardBudget30_3_0.BudgetAttachments.RR_Budget_3_0.BudgetYear.TotalCostsFee,Total Costs and Fee (I + J),calculation,,concept:budget:total-with-fee,question:sha256:6cec8970fb9aa5f5eec78a7631c31e82e3e8b0f2b23219ef14897321b39d190d,excluded_non_question,,,,string,,,https://apply07.grants.gov/apply/forms/schemas/RR_SubawardBudget30_3_0-V3.0.xsd,d5d534326e8f7e4416baf98c95c1f9234c0a23628259ee2d7e3199181a24e08a,,false
RRSubawardBudget30,[Draft] R&R Subaward Budget Attachment(s) Form 30,3.0,budget_attachments.rr_budget_3_0[].budget_year[].travel.domestic_travel_cost,RR_SubawardBudget30_3_0.BudgetAttachments.RR_Budget_3_0.BudgetYear.Travel.DomesticTravelCost,"1. Domestic Travel Costs ( Incl. Canada, Mexico and U.S. Possessions)",question,concept:budget:travel:domestic,concept:budget:travel:domestic,question:sha256:eca96b4b5a50724a96b2250f3e8f9602b94a047317b6c0e6561ee14bb2554bfe,agent_proposed,,,,string,,,https://apply07.grants.gov/apply/forms/schemas/RR_SubawardBudget30_3_0-V3.0.xsd,d5d534326e8f7e4416baf98c95c1f9234c0a23628259ee2d7e3199181a24e08a,,false
RRSubawardBudget30,[Draft] R&R Subaward Budget Attachment(s) Form 30,3.0,budget_attachments.rr_budget_3_0[].budget_year[].travel.foreign_travel_cost,RR_SubawardBudget30_3_0.BudgetAttachments.RR_Budget_3_0.BudgetYear.Travel.ForeignTravelCost,2. Foreign Travel Costs,question,concept:budget:travel:foreign,concept:budget:travel:foreign,question:sha256:ecd78772812c108f43ad4f4d3d8f36a87c4715f3a32322097f62d945bf1acafb,agent_proposed,,,,string,,,https://apply07.grants.gov/apply/forms/schemas/RR_SubawardBudget30_3_0-V3.0.xsd,d5d534326e8f7e4416baf98c95c1f9234c0a23628259ee2d7e3199181a24e08a,,false
RRSubawardBudget30,[Draft] R&R Subaward Budget Attachment(s) Form 30,3.0,budget_attachments.rr_budget_3_0[].budget_year[].travel.total_travel_cost,RR_SubawardBudget30_3_0.BudgetAttachments.RR_Budget_3_0.BudgetYear.Travel.TotalTravelCost,Total Travel Cost,calculation,,concept:budget:category:travel,question:sha256:6afed789ae7e4f215e95af5f0fc28e54a315afdc1cfcca6200885c3f699ea3d8,excluded_non_question,,,,string,,,https://apply07.grants.gov/apply/forms/schemas/RR_SubawardBudget30_3_0-V3.0.xsd,d5d534326e8f7e4416baf98c95c1f9234c0a23628259ee2d7e3199181a24e08a,,false
RRSubawardBudget30,[Draft] R&R Subaward Budget Attachment(s) Form 30,3.0,budget_attachments.rr_budget_3_0[].organization_name,RR_SubawardBudget30_3_0.BudgetAttachments.RR_Budget_3_0.OrganizationName,Enter name of Organization:,question,concept:role:subaward-organization:name,concept:role:subaward-organization:name,question:sha256:df34c8ce7fd2f2862c39aad6d64468c5d15c8a8605ddee4b896f014b0b2b78b3,agent_proposed,,,,string,,,https://apply07.grants.gov/apply/forms/schemas/RR_SubawardBudget30_3_0-V3.0.xsd,d5d534326e8f7e4416baf98c95c1f9234c0a23628259ee2d7e3199181a24e08a,,false
RRSubawardBudget30,[Draft] R&R Subaward Budget Attachment(s) Form 30,3.0,budget_attachments.rr_budget_3_0[].samuei,RR_SubawardBudget30_3_0.BudgetAttachments.RR_Budget_3_0.SAMUEI,UEI:,question,concept:role:subaward-organization:sam-uei,concept:role:subaward-organization:sam-uei,question:sha256:ab84f0a621a03fab4743c97633b21107fdeab6f4601325145556b595b0a9a22f,agent_proposed,,,,string,,,https://apply07.grants.gov/apply/forms/schemas/RR_SubawardBudget30_3_0-V3.0.xsd,d5d534326e8f7e4416baf98c95c1f9234c0a23628259ee2d7e3199181a24e08a,,false
SF424,Application for Federal Assistance (SF-424),4.0,additional_congressional_districts,,Additional Congressional Districts,unmapped_field,,,,unmapped,,,,,,,work/grantsgov-xsds/SF424_4_0-V4.0.xsd,21670776cc2751c806b1ec43a59d6296628e219733bc654cf518ede5b9ae0364,,false
SF424,Application for Federal Assistance (SF-424),4.0,additional_project_title[],,additional_project_title[],unmapped_field,,,,unmapped,,,,,,,work/grantsgov-xsds/SF424_4_0-V4.0.xsd,21670776cc2751c806b1ec43a59d6296628e219733bc654cf518ede5b9ae0364,,false
SF424,Application for Federal Assistance (SF-424),4.0,agency_name,,Agency Name,unmapped_field,,,,unmapped,,,,string,,,work/grantsgov-xsds/SF424_4_0-V4.0.xsd,21670776cc2751c806b1ec43a59d6296628e219733bc654cf518ede5b9ae0364,,false
SF424,Application for Federal Assistance (SF-424),4.0,aor_signature,,AOR Signature,unmapped_field,,,,unmapped,,,,,,,work/grantsgov-xsds/SF424_4_0-V4.0.xsd,21670776cc2751c806b1ec43a59d6296628e219733bc654cf518ede5b9ae0364,,false
SF424,Application for Federal Assistance (SF-424),4.0,applicant,,Applicant,unmapped_field,,,,unmapped,,,,,,,work/grantsgov-xsds/SF424_4_0-V4.0.xsd,21670776cc2751c806b1ec43a59d6296628e219733bc654cf518ede5b9ae0364,,false
SF424,Application for Federal Assistance (SF-424),4.0,applicant_estimated_funding,,Applicant Estimated Funding,unmapped_field,,,,unmapped,,,,,,,work/grantsgov-xsds/SF424_4_0-V4.0.xsd,21670776cc2751c806b1ec43a59d6296628e219733bc654cf518ede5b9ae0364,,false
SF424,Application for Federal Assistance (SF-424),4.0,applicant_id,,Applicant Identifier,unmapped_field,,,,unmapped,,,,string,,,work/grantsgov-xsds/SF424_4_0-V4.0.xsd,21670776cc2751c806b1ec43a59d6296628e219733bc654cf518ede5b9ae0364,,false
SF424,Application for Federal Assistance (SF-424),4.0,applicant_type_code[],,applicant_type_code[],unmapped_field,,,,unmapped,,,,string,,,work/grantsgov-xsds/SF424_4_0-V4.0.xsd,21670776cc2751c806b1ec43a59d6296628e219733bc654cf518ede5b9ae0364,,false
SF424,Application for Federal Assistance (SF-424),4.0,applicant_type_other_specify,,Type of Applicant Other Explanation,unmapped_field,,,,unmapped,,,,string,,,work/grantsgov-xsds/SF424_4_0-V4.0.xsd,21670776cc2751c806b1ec43a59d6296628e219733bc654cf518ede5b9ae0364,,false
SF424,Application for Federal Assistance (SF-424),4.0,application_type,,Application Type,unmapped_field,,,,unmapped,,,,string,,,work/grantsgov-xsds/SF424_4_0-V4.0.xsd,21670776cc2751c806b1ec43a59d6296628e219733bc654cf518ede5b9ae0364,,false
SF424,Application for Federal Assistance (SF-424),4.0,areas_affected,,Areas Affected,unmapped_field,,,,unmapped,,,,,,,work/grantsgov-xsds/SF424_4_0-V4.0.xsd,21670776cc2751c806b1ec43a59d6296628e219733bc654cf518ede5b9ae0364,,false
SF424,Application for Federal Assistance (SF-424),4.0,assistance_listing_number,,Assistance Listing Number,unmapped_field,,,,unmapped,,,,string,,,work/grantsgov-xsds/SF424_4_0-V4.0.xsd,21670776cc2751c806b1ec43a59d6296628e219733bc654cf518ede5b9ae0364,,false
SF424,Application for Federal Assistance (SF-424),4.0,assistance_listing_program_title,,Assistance Listing Title,unmapped_field,,,,unmapped,,,,string,,,work/grantsgov-xsds/SF424_4_0-V4.0.xsd,21670776cc2751c806b1ec43a59d6296628e219733bc654cf518ede5b9ae0364,,false
SF424,Application for Federal Assistance (SF-424),4.0,authorized_representative,,Authorized Representative,unmapped_field,,,,unmapped,,,,,,,work/grantsgov-xsds/SF424_4_0-V4.0.xsd,21670776cc2751c806b1ec43a59d6296628e219733bc654cf518ede5b9ae0364,,false
SF424,Application for Federal Assistance (SF-424),4.0,authorized_representative_email,,AOR email,unmapped_field,,,,unmapped,,,,string,,,work/grantsgov-xsds/SF424_4_0-V4.0.xsd,21670776cc2751c806b1ec43a59d6296628e219733bc654cf518ede5b9ae0364,,false
SF424,Application for Federal Assistance (SF-424),4.0,authorized_representative_fax,,AOR fax Number,unmapped_field,,,,unmapped,,,,,,,work/grantsgov-xsds/SF424_4_0-V4.0.xsd,21670776cc2751c806b1ec43a59d6296628e219733bc654cf518ede5b9ae0364,,false
SF424,Application for Federal Assistance (SF-424),4.0,authorized_representative_phone_number,,AOR Telephone Number,unmapped_field,,,,unmapped,,,,,,,work/grantsgov-xsds/SF424_4_0-V4.0.xsd,21670776cc2751c806b1ec43a59d6296628e219733bc654cf518ede5b9ae0364,,false
SF424,Application for Federal Assistance (SF-424),4.0,authorized_representative_title,,Title,unmapped_field,,,,unmapped,,,,string,,,work/grantsgov-xsds/SF424_4_0-V4.0.xsd,21670776cc2751c806b1ec43a59d6296628e219733bc654cf518ede5b9ae0364,,false
SF424,Application for Federal Assistance (SF-424),4.0,certification_agree,,Certification Agree,unmapped_field,,,,unmapped,,,,boolean,,,work/grantsgov-xsds/SF424_4_0-V4.0.xsd,21670776cc2751c806b1ec43a59d6296628e219733bc654cf518ede5b9ae0364,,false
SF424,Application for Federal Assistance (SF-424),4.0,competition_identification_number,,Competition Number,unmapped_field,,,,unmapped,,,,string,,,work/grantsgov-xsds/SF424_4_0-V4.0.xsd,21670776cc2751c806b1ec43a59d6296628e219733bc654cf518ede5b9ae0364,,false
SF424,Application for Federal Assistance (SF-424),4.0,competition_identification_title,,Competition Title,unmapped_field,,,,unmapped,,,,string,,,work/grantsgov-xsds/SF424_4_0-V4.0.xsd,21670776cc2751c806b1ec43a59d6296628e219733bc654cf518ede5b9ae0364,,false
SF424,Application for Federal Assistance (SF-424),4.0,congressional_district_applicant,,Applicant District,unmapped_field,,,,unmapped,,,,string,,,work/grantsgov-xsds/SF424_4_0-V4.0.xsd,21670776cc2751c806b1ec43a59d6296628e219733bc654cf518ede5b9ae0364,,false
SF424,Application for Federal Assistance (SF-424),4.0,congressional_district_program_project,,Program District,unmapped_field,,,,unmapped,,,,string,,,work/grantsgov-xsds/SF424_4_0-V4.0.xsd,21670776cc2751c806b1ec43a59d6296628e219733bc654cf518ede5b9ae0364,,false
SF424,Application for Federal Assistance (SF-424),4.0,contact_person,,Contact Person,unmapped_field,,,,unmapped,,,,,,,work/grantsgov-xsds/SF424_4_0-V4.0.xsd,21670776cc2751c806b1ec43a59d6296628e219733bc654cf518ede5b9ae0364,,false
SF424,Application for Federal Assistance (SF-424),4.0,contact_person_title,,Title,unmapped_field,,,,unmapped,,,,,,,work/grantsgov-xsds/SF424_4_0-V4.0.xsd,21670776cc2751c806b1ec43a59d6296628e219733bc654cf518ede5b9ae0364,,false
SF424,Application for Federal Assistance (SF-424),4.0,date_received,,Date Received,unmapped_field,,,,unmapped,,,,string,,,work/grantsgov-xsds/SF424_4_0-V4.0.xsd,21670776cc2751c806b1ec43a59d6296628e219733bc654cf518ede5b9ae0364,,false
SF424,Application for Federal Assistance (SF-424),4.0,date_signed,,Date Signed,unmapped_field,,,,unmapped,,,,,,,work/grantsgov-xsds/SF424_4_0-V4.0.xsd,21670776cc2751c806b1ec43a59d6296628e219733bc654cf518ede5b9ae0364,,false
SF424,Application for Federal Assistance (SF-424),4.0,debt_explanation,,Debt Explanation,unmapped_field,,,,unmapped,,,,,,,work/grantsgov-xsds/SF424_4_0-V4.0.xsd,21670776cc2751c806b1ec43a59d6296628e219733bc654cf518ede5b9ae0364,,false
SF424,Application for Federal Assistance (SF-424),4.0,delinquent_federal_debt,,Applicant Delinquent on Federal Debt,unmapped_field,,,,unmapped,,,,boolean,,,work/grantsgov-xsds/SF424_4_0-V4.0.xsd,21670776cc2751c806b1ec43a59d6296628e219733bc654cf518ede5b9ae0364,,false
SF424,Application for Federal Assistance (SF-424),4.0,department_name,,Department Name,unmapped_field,,,,unmapped,,,,string,,,work/grantsgov-xsds/SF424_4_0-V4.0.xsd,21670776cc2751c806b1ec43a59d6296628e219733bc654cf518ede5b9ae0364,,false
SF424,Application for Federal Assistance (SF-424),4.0,division_name,,Division Name,unmapped_field,,,,unmapped,,,,string,,,work/grantsgov-xsds/SF424_4_0-V4.0.xsd,21670776cc2751c806b1ec43a59d6296628e219733bc654cf518ede5b9ae0364,,false
SF424,Application for Federal Assistance (SF-424),4.0,email,,Email,unmapped_field,,,,unmapped,,,,,,,work/grantsgov-xsds/SF424_4_0-V4.0.xsd,21670776cc2751c806b1ec43a59d6296628e219733bc654cf518ede5b9ae0364,,false
SF424,Application for Federal Assistance (SF-424),4.0,employer_taxpayer_identification_number,,EIN/TIN,unmapped_field,,,,unmapped,,,,string,,,work/grantsgov-xsds/SF424_4_0-V4.0.xsd,21670776cc2751c806b1ec43a59d6296628e219733bc654cf518ede5b9ae0364,,false
SF424,Application for Federal Assistance (SF-424),4.0,fax,,Fax Number,unmapped_field,,,,unmapped,,,,,,,work/grantsgov-xsds/SF424_4_0-V4.0.xsd,21670776cc2751c806b1ec43a59d6296628e219733bc654cf518ede5b9ae0364,,false
SF424,Application for Federal Assistance (SF-424),4.0,federal_award_identifier,,Federal Award Identifier,unmapped_field,,,,unmapped,,,,string,,,work/grantsgov-xsds/SF424_4_0-V4.0.xsd,21670776cc2751c806b1ec43a59d6296628e219733bc654cf518ede5b9ae0364,,false
SF424,Application for Federal Assistance (SF-424),4.0,federal_entity_identifier,,Federal Entity Identifier,unmapped_field,,,,unmapped,,,,string,,,work/grantsgov-xsds/SF424_4_0-V4.0.xsd,21670776cc2751c806b1ec43a59d6296628e219733bc654cf518ede5b9ae0364,,false
SF424,Application for Federal Assistance (SF-424),4.0,federal_estimated_funding,,Federal Estimated Funding,unmapped_field,,,,unmapped,,,,,,,work/grantsgov-xsds/SF424_4_0-V4.0.xsd,21670776cc2751c806b1ec43a59d6296628e219733bc654cf518ede5b9ae0364,,false
SF424,Application for Federal Assistance (SF-424),4.0,funding_opportunity_number,,Opportunity Number,unmapped_field,,,,unmapped,,,,string,,,work/grantsgov-xsds/SF424_4_0-V4.0.xsd,21670776cc2751c806b1ec43a59d6296628e219733bc654cf518ede5b9ae0364,,false
SF424,Application for Federal Assistance (SF-424),4.0,funding_opportunity_title,,Opportunity title,unmapped_field,,,,unmapped,,,,string,,,work/grantsgov-xsds/SF424_4_0-V4.0.xsd,21670776cc2751c806b1ec43a59d6296628e219733bc654cf518ede5b9ae0364,,false
SF424,Application for Federal Assistance (SF-424),4.0,local_estimated_funding,,Local Estimated Funding,unmapped_field,,,,unmapped,,,,,,,work/grantsgov-xsds/SF424_4_0-V4.0.xsd,21670776cc2751c806b1ec43a59d6296628e219733bc654cf518ede5b9ae0364,,false
SF424,Application for Federal Assistance (SF-424),4.0,organization_affiliation,,Organizational Affiliation,unmapped_field,,,,unmapped,,,,string,,,work/grantsgov-xsds/SF424_4_0-V4.0.xsd,21670776cc2751c806b1ec43a59d6296628e219733bc654cf518ede5b9ae0364,,false
SF424,Application for Federal Assistance (SF-424),4.0,organization_name,,Legal Name,unmapped_field,,,,unmapped,,,,,,,work/grantsgov-xsds/SF424_4_0-V4.0.xsd,21670776cc2751c806b1ec43a59d6296628e219733bc654cf518ede5b9ae0364,,false
SF424,Application for Federal Assistance (SF-424),4.0,other_estimated_funding,,Other Estimated Funding,unmapped_field,,,,unmapped,,,,,,,work/grantsgov-xsds/SF424_4_0-V4.0.xsd,21670776cc2751c806b1ec43a59d6296628e219733bc654cf518ede5b9ae0364,,false
SF424,Application for Federal Assistance (SF-424),4.0,phone_number,,Telephone Number,unmapped_field,,,,unmapped,,,,,,,work/grantsgov-xsds/SF424_4_0-V4.0.xsd,21670776cc2751c806b1ec43a59d6296628e219733bc654cf518ede5b9ae0364,,false
SF424,Application for Federal Assistance (SF-424),4.0,program_income_estimated_funding,,Program Income Estimated Funding,unmapped_field,,,,unmapped,,,,,,,work/grantsgov-xsds/SF424_4_0-V4.0.xsd,21670776cc2751c806b1ec43a59d6296628e219733bc654cf518ede5b9ae0364,,false
SF424,Application for Federal Assistance (SF-424),4.0,project_end_date,,Project End Date,unmapped_field,,,,unmapped,,,,string,,,work/grantsgov-xsds/SF424_4_0-V4.0.xsd,21670776cc2751c806b1ec43a59d6296628e219733bc654cf518ede5b9ae0364,,false
SF424,Application for Federal Assistance (SF-424),4.0,project_start_date,,Project Start Date,unmapped_field,,,,unmapped,,,,string,,,work/grantsgov-xsds/SF424_4_0-V4.0.xsd,21670776cc2751c806b1ec43a59d6296628e219733bc654cf518ede5b9ae0364,,false
SF424,Application for Federal Assistance (SF-424),4.0,project_title,,Project Title,unmapped_field,,,,unmapped,,,,string,,,work/grantsgov-xsds/SF424_4_0-V4.0.xsd,21670776cc2751c806b1ec43a59d6296628e219733bc654cf518ede5b9ae0364,,false
SF424,Application for Federal Assistance (SF-424),4.0,revision_other_specify,,Other Explanation,unmapped_field,,,,unmapped,,,,string,,,work/grantsgov-xsds/SF424_4_0-V4.0.xsd,21670776cc2751c806b1ec43a59d6296628e219733bc654cf518ede5b9ae0364,,false
SF424,Application for Federal Assistance (SF-424),4.0,revision_type,,Revision Type,unmapped_field,,,,unmapped,,,,string,,,work/grantsgov-xsds/SF424_4_0-V4.0.xsd,21670776cc2751c806b1ec43a59d6296628e219733bc654cf518ede5b9ae0364,,false
SF424,Application for Federal Assistance (SF-424),4.0,sam_uei,,SAM UEI,unmapped_field,,,,unmapped,,,,,,,work/grantsgov-xsds/SF424_4_0-V4.0.xsd,21670776cc2751c806b1ec43a59d6296628e219733bc654cf518ede5b9ae0364,,false
SF424,Application for Federal Assistance (SF-424),4.0,state_application_id,,State Application Identifier,calculation,,,,unmapped,,,,string,,,work/grantsgov-xsds/SF424_4_0-V4.0.xsd,21670776cc2751c806b1ec43a59d6296628e219733bc654cf518ede5b9ae0364,,false
SF424,Application for Federal Assistance (SF-424),4.0,state_estimated_funding,,State Estimated Funding,unmapped_field,,,,unmapped,,,,,,,work/grantsgov-xsds/SF424_4_0-V4.0.xsd,21670776cc2751c806b1ec43a59d6296628e219733bc654cf518ede5b9ae0364,,false
SF424,Application for Federal Assistance (SF-424),4.0,state_receive_date,,Date Received By State,calculation,,,,unmapped,,,,string,,,work/grantsgov-xsds/SF424_4_0-V4.0.xsd,21670776cc2751c806b1ec43a59d6296628e219733bc654cf518ede5b9ae0364,,false
SF424,Application for Federal Assistance (SF-424),4.0,state_review,,Is Application Subject to Review By State Under Executive Order 12372 Process?,unmapped_field,,,,unmapped,,,,string,,,work/grantsgov-xsds/SF424_4_0-V4.0.xsd,21670776cc2751c806b1ec43a59d6296628e219733bc654cf518ede5b9ae0364,,false
SF424,Application for Federal Assistance (SF-424),4.0,state_review_available_date,,State Review Date,unmapped_field,,,,unmapped,,,,string,,,work/grantsgov-xsds/SF424_4_0-V4.0.xsd,21670776cc2751c806b1ec43a59d6296628e219733bc654cf518ede5b9ae0364,,false
SF424,Application for Federal Assistance (SF-424),4.0,submission_type,,Submission Type,unmapped_field,,,,unmapped,,,,string,,,work/grantsgov-xsds/SF424_4_0-V4.0.xsd,21670776cc2751c806b1ec43a59d6296628e219733bc654cf518ede5b9ae0364,,false
SF424,Application for Federal Assistance (SF-424),4.0,total_estimated_funding,,Total Estimated Funding,unmapped_field,,,,unmapped,,,,,,,work/grantsgov-xsds/SF424_4_0-V4.0.xsd,21670776cc2751c806b1ec43a59d6296628e219733bc654cf518ede5b9ae0364,,false
