form_key,form_name,form_version,runtime_path,xml_path,label,field_class,canonical_question_id,source_semantic_id,source_question_id,mapping_status,role,dimensions,component_ids,cardinality_minimum,cardinality_maximum,source_behavior_ids,runtime_behavior_rule_ids,runtime_behavior_mechanisms,json_type,type_source,type,xsd_source,xsd_sha256,source_version,published_coverage_eligible
PHSFellowshipSupplemental,[Draft] PHS Fellowship Supplemental Form,8.0,Budget.InstitutionalBaseSalary.Amount,PHS_Fellowship_Supplemental_8_0.Budget.InstitutionalBaseSalary.Amount,Amount,question,concept:budget:personnel:base-salary,concept:budget:personnel:base-salary,question:sha256:69f0310ac356d38032fd2d37edbeac06fbc2b8cf0b91afeb893703f8656af32b,agent_proposed,,,semantic-domain-budget,1,1,behavior:sha256:7ad99fe9587d6799393d091d0fc529ffc3133f8e107973ace784b552bef71bb2,runtime-rule:sha256:91db6f344e668756850f81134f61dd3ec3fe39001377e17cb40ed97cdecfa3e1|runtime-rule:sha256:e9a6b236e23bf54e0679d0a729501897a0130fcd6dd9625b38685ef402a9c2cd|runtime-rule:sha256:fcd3fe6ba50e68974ddc160835fb7a7944ce614fc937719807e987e58b721743,condition,number,xsd_declared_type,globLib:BudgetAmountDataType,https://apply07.grants.gov/apply/forms/schemas/PHS_Fellowship_Supplemental_8_0-V8.0.xsd,85f8e33df4641c56f3b6b96108690f89d214de8b5c864b1d6bd1e6bf8c7cc7bc,sha256:85f8e33df4641c56f3b6b96108690f89d214de8b5c864b1d6bd1e6bf8c7cc7bc,false
PHSFellowshipSupplemental,[Draft] PHS Fellowship Supplemental Form,8.0,Budget.FederalStipendRequested.Amount,PHS_Fellowship_Supplemental_8_0.Budget.FederalStipendRequested.Amount,Amount,question,concept:budget:trainee:stipends,concept:budget:trainee:stipends,question:sha256:e422e781a3078cc812276f3154d00be3538457238c5055967ca7ec3239463a65,agent_proposed,,,semantic-domain-budget,1,1,behavior:sha256:8da205f6c7f99ed4168d9104133c7c49d72013994b26fc0f5d75627205e53995,runtime-rule:sha256:301bd1e0bf07fd7a1bccccf832acc55f671bc8417dffd2c8bb17cced8085c8c2|runtime-rule:sha256:4682a7c29009c286017b9cb6298ae72592b155ff0b0927187a2407fb75d8e650,condition,number,xsd_declared_type,globLib:BudgetAmountDataType,https://apply07.grants.gov/apply/forms/schemas/PHS_Fellowship_Supplemental_8_0-V8.0.xsd,85f8e33df4641c56f3b6b96108690f89d214de8b5c864b1d6bd1e6bf8c7cc7bc,sha256:85f8e33df4641c56f3b6b96108690f89d214de8b5c864b1d6bd1e6bf8c7cc7bc,false
PHSFellowshipSupplemental,[Draft] PHS Fellowship Supplemental Form,8.0,Budget.TuitionRequestedYear1,PHS_Fellowship_Supplemental_8_0.Budget.TuitionRequestedYear1,Tuition Requested Year1,question,concept:budget:trainee:tuition-fees-insurance,concept:budget:trainee:tuition-fees-insurance,question:sha256:c1283d409a5267f9f9f466a2275450bde09012da0c1de6329b9bfd1f931a9400,agent_proposed,,,semantic-domain-budget,0,1,behavior:sha256:1401772966a7bad86b884e8f14bf52bc7136c90393ee856b167a8990c0b7d590,runtime-rule:sha256:287a5b5460fd278ef640129f91e7ccf5c28360679a4e101df2922bdff429c04d|runtime-rule:sha256:e962c5b093f43d8b34840d119020855e4f1fec4671a5d71e22378228180d5a51,calculation|condition,string,xsd_declared_type,globLib:BudgetAmountDataType,https://apply07.grants.gov/apply/forms/schemas/PHS_Fellowship_Supplemental_8_0-V8.0.xsd,85f8e33df4641c56f3b6b96108690f89d214de8b5c864b1d6bd1e6bf8c7cc7bc,sha256:85f8e33df4641c56f3b6b96108690f89d214de8b5c864b1d6bd1e6bf8c7cc7bc,false
PHSFellowshipSupplemental,[Draft] PHS Fellowship Supplemental Form,8.0,Budget.TuitionRequestedYear2,PHS_Fellowship_Supplemental_8_0.Budget.TuitionRequestedYear2,Tuition Requested Year2,question,concept:budget:trainee:tuition-fees-insurance,concept:budget:trainee:tuition-fees-insurance,question:sha256:4e8675ffc68d5d1d36b41e36d68b3d4138410795dc6d8441d425ce8ccdbc7230,agent_proposed,,,semantic-domain-budget,0,1,behavior:sha256:d24687d5b5f66a582ea020206d04f94f967683649e50162c6d143ca906026c52,runtime-rule:sha256:7adaac88d4da697a56d42fe69f04d8e751e11ee41c02e39ad995655bfc60a54e|runtime-rule:sha256:e962c5b093f43d8b34840d119020855e4f1fec4671a5d71e22378228180d5a51,calculation|condition,string,xsd_declared_type,globLib:BudgetAmountDataType,https://apply07.grants.gov/apply/forms/schemas/PHS_Fellowship_Supplemental_8_0-V8.0.xsd,85f8e33df4641c56f3b6b96108690f89d214de8b5c864b1d6bd1e6bf8c7cc7bc,sha256:85f8e33df4641c56f3b6b96108690f89d214de8b5c864b1d6bd1e6bf8c7cc7bc,false
PHSFellowshipSupplemental,[Draft] PHS Fellowship Supplemental Form,8.0,Budget.TuitionRequestedYear3,PHS_Fellowship_Supplemental_8_0.Budget.TuitionRequestedYear3,Tuition Requested Year3,question,concept:budget:trainee:tuition-fees-insurance,concept:budget:trainee:tuition-fees-insurance,question:sha256:7af8b62c5206510dd3207c76bebb22858651aca1c9e270005488974832a4addd,agent_proposed,,,semantic-domain-budget,0,1,behavior:sha256:ec58b94b122e71d3f2df81e8f9a0e1373fec08fac501a0d4e0100b40a42dafc1,runtime-rule:sha256:c64917a8ee20af0385b66eeda234baedd9dbdbe1b1a22b66401a05e369243d9e|runtime-rule:sha256:e962c5b093f43d8b34840d119020855e4f1fec4671a5d71e22378228180d5a51,calculation|condition,string,xsd_declared_type,globLib:BudgetAmountDataType,https://apply07.grants.gov/apply/forms/schemas/PHS_Fellowship_Supplemental_8_0-V8.0.xsd,85f8e33df4641c56f3b6b96108690f89d214de8b5c864b1d6bd1e6bf8c7cc7bc,sha256:85f8e33df4641c56f3b6b96108690f89d214de8b5c864b1d6bd1e6bf8c7cc7bc,false
PHSFellowshipSupplemental,[Draft] PHS Fellowship Supplemental Form,8.0,Budget.TuitionRequestedYear4,PHS_Fellowship_Supplemental_8_0.Budget.TuitionRequestedYear4,Tuition Requested Year4,question,concept:budget:trainee:tuition-fees-insurance,concept:budget:trainee:tuition-fees-insurance,question:sha256:cf912cfd194f5c687d85511b2d8b16282749de34d31d171529c13f654b0f5e58,agent_proposed,,,semantic-domain-budget,0,1,behavior:sha256:63680eaba2100d44a70a7d07f42d3b825d7d210314f9b26343fc5b46d3500a65,runtime-rule:sha256:ce8be39f94b7512ff79fd3b268c6d705c7ae0d1c2ad515d38992bf4426592c30|runtime-rule:sha256:e962c5b093f43d8b34840d119020855e4f1fec4671a5d71e22378228180d5a51,calculation|condition,string,xsd_declared_type,globLib:BudgetAmountDataType,https://apply07.grants.gov/apply/forms/schemas/PHS_Fellowship_Supplemental_8_0-V8.0.xsd,85f8e33df4641c56f3b6b96108690f89d214de8b5c864b1d6bd1e6bf8c7cc7bc,sha256:85f8e33df4641c56f3b6b96108690f89d214de8b5c864b1d6bd1e6bf8c7cc7bc,false
PHSFellowshipSupplemental,[Draft] PHS Fellowship Supplemental Form,8.0,Budget.TuitionRequestedYear5,PHS_Fellowship_Supplemental_8_0.Budget.TuitionRequestedYear5,Tuition Requested Year5,question,concept:budget:trainee:tuition-fees-insurance,concept:budget:trainee:tuition-fees-insurance,question:sha256:afb20f1c55b538dd9f6e33742d8e8dfb6088a5187bc2e9070aa82261e7b8f612,agent_proposed,,,semantic-domain-budget,0,1,behavior:sha256:24c0a24a91decb4d3a91d80e77efae800e72e45493311e133cac750130e104ca,runtime-rule:sha256:47ea1e74b384ba278072ecdc406e559604c8c8527dfd8b845ba293e6234f835c|runtime-rule:sha256:e962c5b093f43d8b34840d119020855e4f1fec4671a5d71e22378228180d5a51,calculation|condition,string,xsd_declared_type,globLib:BudgetAmountDataType,https://apply07.grants.gov/apply/forms/schemas/PHS_Fellowship_Supplemental_8_0-V8.0.xsd,85f8e33df4641c56f3b6b96108690f89d214de8b5c864b1d6bd1e6bf8c7cc7bc,sha256:85f8e33df4641c56f3b6b96108690f89d214de8b5c864b1d6bd1e6bf8c7cc7bc,false
PHSFellowshipSupplemental,[Draft] PHS Fellowship Supplemental Form,8.0,Budget.TuitionRequestedYear6,PHS_Fellowship_Supplemental_8_0.Budget.TuitionRequestedYear6,Tuition Requested Year6,question,concept:budget:trainee:tuition-fees-insurance,concept:budget:trainee:tuition-fees-insurance,question:sha256:b9cbc5e008e5f027a64351a65b1eee3b1d7fc2f56548066fc4e4b18a1b18f656,agent_proposed,,,semantic-domain-budget,0,1,behavior:sha256:5461333588756839cc4e45a0d1c76d02b41a40edb80b873b17c08bc8170752fb,runtime-rule:sha256:e7dfc378b362f3c0c180bb1023ad65970a6d615d05a32bbf325f1a998bb6e1e2|runtime-rule:sha256:e962c5b093f43d8b34840d119020855e4f1fec4671a5d71e22378228180d5a51,calculation|condition,string,xsd_declared_type,globLib:BudgetAmountDataType,https://apply07.grants.gov/apply/forms/schemas/PHS_Fellowship_Supplemental_8_0-V8.0.xsd,85f8e33df4641c56f3b6b96108690f89d214de8b5c864b1d6bd1e6bf8c7cc7bc,sha256:85f8e33df4641c56f3b6b96108690f89d214de8b5c864b1d6bd1e6bf8c7cc7bc,false
PHSFellowshipSupplemental,[Draft] PHS Fellowship Supplemental Form,8.0,Budget.ChildcareCostsRequested,PHS_Fellowship_Supplemental_8_0.Budget.ChildcareCostsRequested,Childcare Costs Requested,question,concept:fellowship-budget:childcare-costs-requested,concept:fellowship-budget:childcare-costs-requested,question:sha256:4e8f486a7f9b75a044327ab02c5071255e72a63f5b69acfe506fd209888cd3b5,agent_proposed,,,semantic-domain-fellowship-budget,1,1,behavior:sha256:8828dcfc899aa249cf97f8f0d50f3d58fc4518020b1d1428c8d71f3eb514ed71|behavior:sha256:bc8f84d54667f4e28696886d1e43af8a7a4f15d52231d8b1d800ccb662cca225|behavior:sha256:dac404530126fde6ed144410c3ddde90b8ea21d6cadae70bacbb9826112ac494,runtime-rule:sha256:07f1c5f9d71cb85f26339673156f84d70fad7ec20d409a3e7b67f91f3a480710|runtime-rule:sha256:29cb2f8d54346123beca664de5a0bc0f33426f0563d0f8953e0862321f304a04|runtime-rule:sha256:29d756f1318e3e61cd5fa9ca58cad02f5134c85dac9fd897af496894b42e3259|runtime-rule:sha256:863f1a7bed9f481049a4812dee7f233cf3d623c81a031fed332b97b5321d9201|runtime-rule:sha256:bebaf67f8728aedcaebef66a5f4908929873cb94aa56be3ff785134adf9ed0f1|runtime-rule:sha256:c63ef3fec729b01d30a21e49d28035c6480906e9cc04ef6b8e4595cd6ecf7cda,condition,string,xsd_declared_type,globLib:YesNoDataType,https://apply07.grants.gov/apply/forms/schemas/PHS_Fellowship_Supplemental_8_0-V8.0.xsd,85f8e33df4641c56f3b6b96108690f89d214de8b5c864b1d6bd1e6bf8c7cc7bc,sha256:85f8e33df4641c56f3b6b96108690f89d214de8b5c864b1d6bd1e6bf8c7cc7bc,false
PHSFellowshipSupplemental,[Draft] PHS Fellowship Supplemental Form,8.0,Budget.ChildcareRequestedYear1,PHS_Fellowship_Supplemental_8_0.Budget.ChildcareRequestedYear1,Childcare Requested Year1,question,concept:fellowship-budget:childcare-requested-by-year,concept:fellowship-budget:childcare-requested-by-year,question:sha256:90572db50db98269f250101b550d845e3e0806ed4c2d46007051fae806203985,agent_proposed,,,semantic-domain-fellowship-budget,0,1,behavior:sha256:808e38963d715ea653b4429d30b2a2b824d6ff98074135fc8f76971133a0e078,runtime-rule:sha256:a3b007293d82ea79c65773c16e88693ef6d5664344441e673e4646f50afb9baf|runtime-rule:sha256:bebaf67f8728aedcaebef66a5f4908929873cb94aa56be3ff785134adf9ed0f1,calculation|condition,string,xsd_declared_type,globLib:BudgetAmountDataType,https://apply07.grants.gov/apply/forms/schemas/PHS_Fellowship_Supplemental_8_0-V8.0.xsd,85f8e33df4641c56f3b6b96108690f89d214de8b5c864b1d6bd1e6bf8c7cc7bc,sha256:85f8e33df4641c56f3b6b96108690f89d214de8b5c864b1d6bd1e6bf8c7cc7bc,false
PHSFellowshipSupplemental,[Draft] PHS Fellowship Supplemental Form,8.0,Budget.ChildcareRequestedYear2,PHS_Fellowship_Supplemental_8_0.Budget.ChildcareRequestedYear2,Childcare Requested Year2,question,concept:fellowship-budget:childcare-requested-by-year,concept:fellowship-budget:childcare-requested-by-year,question:sha256:0576e3f63b9eb198e3170db5075322c8702071236a391ac6b8d03a22a4640631,agent_proposed,,,semantic-domain-fellowship-budget,0,1,behavior:sha256:89bdf1e216dc3c93981a48a0fdc3c0f6d2071d4c40bf853c065bfb879cbe00a9,runtime-rule:sha256:29d756f1318e3e61cd5fa9ca58cad02f5134c85dac9fd897af496894b42e3259|runtime-rule:sha256:a3b007293d82ea79c65773c16e88693ef6d5664344441e673e4646f50afb9baf,calculation|condition,string,xsd_declared_type,globLib:BudgetAmountDataType,https://apply07.grants.gov/apply/forms/schemas/PHS_Fellowship_Supplemental_8_0-V8.0.xsd,85f8e33df4641c56f3b6b96108690f89d214de8b5c864b1d6bd1e6bf8c7cc7bc,sha256:85f8e33df4641c56f3b6b96108690f89d214de8b5c864b1d6bd1e6bf8c7cc7bc,false
PHSFellowshipSupplemental,[Draft] PHS Fellowship Supplemental Form,8.0,Budget.ChildcareRequestedYear3,PHS_Fellowship_Supplemental_8_0.Budget.ChildcareRequestedYear3,Childcare Requested Year3,question,concept:fellowship-budget:childcare-requested-by-year,concept:fellowship-budget:childcare-requested-by-year,question:sha256:b12bad85b836a0179d24cae250313a6672b82a20f8076014c903209c22c36b7c,agent_proposed,,,semantic-domain-fellowship-budget,0,1,behavior:sha256:90c330c95fc7af7e0be27b5dc07ce680cf04cdd9917011900966ec7c5e2cb632,runtime-rule:sha256:29cb2f8d54346123beca664de5a0bc0f33426f0563d0f8953e0862321f304a04|runtime-rule:sha256:a3b007293d82ea79c65773c16e88693ef6d5664344441e673e4646f50afb9baf,calculation|condition,string,xsd_declared_type,globLib:BudgetAmountDataType,https://apply07.grants.gov/apply/forms/schemas/PHS_Fellowship_Supplemental_8_0-V8.0.xsd,85f8e33df4641c56f3b6b96108690f89d214de8b5c864b1d6bd1e6bf8c7cc7bc,sha256:85f8e33df4641c56f3b6b96108690f89d214de8b5c864b1d6bd1e6bf8c7cc7bc,false
PHSFellowshipSupplemental,[Draft] PHS Fellowship Supplemental Form,8.0,Budget.ChildcareRequestedYear4,PHS_Fellowship_Supplemental_8_0.Budget.ChildcareRequestedYear4,Childcare Requested Year4,question,concept:fellowship-budget:childcare-requested-by-year,concept:fellowship-budget:childcare-requested-by-year,question:sha256:fdd2562a9bcc5e70d5b8de514feafd081f49fc54af66dffef4a975d627159754,agent_proposed,,,semantic-domain-fellowship-budget,0,1,behavior:sha256:35d87f3618b1297673ab9e8c356e5b9ed1a564ec0b44ae3ca76ed6b235df7452,runtime-rule:sha256:07f1c5f9d71cb85f26339673156f84d70fad7ec20d409a3e7b67f91f3a480710|runtime-rule:sha256:a3b007293d82ea79c65773c16e88693ef6d5664344441e673e4646f50afb9baf,calculation|condition,string,xsd_declared_type,globLib:BudgetAmountDataType,https://apply07.grants.gov/apply/forms/schemas/PHS_Fellowship_Supplemental_8_0-V8.0.xsd,85f8e33df4641c56f3b6b96108690f89d214de8b5c864b1d6bd1e6bf8c7cc7bc,sha256:85f8e33df4641c56f3b6b96108690f89d214de8b5c864b1d6bd1e6bf8c7cc7bc,false
PHSFellowshipSupplemental,[Draft] PHS Fellowship Supplemental Form,8.0,Budget.ChildcareRequestedYear5,PHS_Fellowship_Supplemental_8_0.Budget.ChildcareRequestedYear5,Childcare Requested Year5,question,concept:fellowship-budget:childcare-requested-by-year,concept:fellowship-budget:childcare-requested-by-year,question:sha256:452bdfb66b45898c9f7ec40a97949f70705281a3b0eeb6c93016aa5620bb39b1,agent_proposed,,,semantic-domain-fellowship-budget,0,1,behavior:sha256:6c214794b3af2f5750c82d47f23a89c015b7a80d12b21a61005f4b772f4becba,runtime-rule:sha256:a3b007293d82ea79c65773c16e88693ef6d5664344441e673e4646f50afb9baf|runtime-rule:sha256:c63ef3fec729b01d30a21e49d28035c6480906e9cc04ef6b8e4595cd6ecf7cda,calculation|condition,string,xsd_declared_type,globLib:BudgetAmountDataType,https://apply07.grants.gov/apply/forms/schemas/PHS_Fellowship_Supplemental_8_0-V8.0.xsd,85f8e33df4641c56f3b6b96108690f89d214de8b5c864b1d6bd1e6bf8c7cc7bc,sha256:85f8e33df4641c56f3b6b96108690f89d214de8b5c864b1d6bd1e6bf8c7cc7bc,false
PHSFellowshipSupplemental,[Draft] PHS Fellowship Supplemental Form,8.0,Budget.ChildcareRequestedYear6,PHS_Fellowship_Supplemental_8_0.Budget.ChildcareRequestedYear6,Childcare Requested Year6,question,concept:fellowship-budget:childcare-requested-by-year,concept:fellowship-budget:childcare-requested-by-year,question:sha256:748fc89cf7ffc858671f4dc47b9300c38eb01de76aadf53e5c59ca000167bd07,agent_proposed,,,semantic-domain-fellowship-budget,0,1,behavior:sha256:88474b516aec6144de7e0df9637b23295aabb1808bd5026a8c1a5e1a38b3a7a5,runtime-rule:sha256:863f1a7bed9f481049a4812dee7f233cf3d623c81a031fed332b97b5321d9201|runtime-rule:sha256:a3b007293d82ea79c65773c16e88693ef6d5664344441e673e4646f50afb9baf,calculation|condition,string,xsd_declared_type,globLib:BudgetAmountDataType,https://apply07.grants.gov/apply/forms/schemas/PHS_Fellowship_Supplemental_8_0-V8.0.xsd,85f8e33df4641c56f3b6b96108690f89d214de8b5c864b1d6bd1e6bf8c7cc7bc,sha256:85f8e33df4641c56f3b6b96108690f89d214de8b5c864b1d6bd1e6bf8c7cc7bc,false
PHSFellowshipSupplemental,[Draft] PHS Fellowship Supplemental Form,8.0,Budget.FederalStipendRequested.NumberOfMonths,PHS_Fellowship_Supplemental_8_0.Budget.FederalStipendRequested.NumberOfMonths,Number Of Months,question,concept:fellowship-budget:federal-stipend-months,concept:fellowship-budget:federal-stipend-months,question:sha256:26dbd8aedff058e406f4eee5f4efc27431c4be4cbc196eea0bf472f63e179044,agent_proposed,,,semantic-domain-fellowship-budget,1,1,behavior:sha256:352da4a24b002dfd7395106af0b9e204589f735f39d89e9fa7cc58ec764071bb,runtime-rule:sha256:301bd1e0bf07fd7a1bccccf832acc55f671bc8417dffd2c8bb17cced8085c8c2|runtime-rule:sha256:4682a7c29009c286017b9cb6298ae72592b155ff0b0927187a2407fb75d8e650,condition,number,normalized_source_type,decimal,https://apply07.grants.gov/apply/forms/schemas/PHS_Fellowship_Supplemental_8_0-V8.0.xsd,85f8e33df4641c56f3b6b96108690f89d214de8b5c864b1d6bd1e6bf8c7cc7bc,sha256:85f8e33df4641c56f3b6b96108690f89d214de8b5c864b1d6bd1e6bf8c7cc7bc,false
PHSFellowshipSupplemental,[Draft] PHS Fellowship Supplemental Form,8.0,Budget.InstitutionalBaseSalary.NumberOfMonths,PHS_Fellowship_Supplemental_8_0.Budget.InstitutionalBaseSalary.NumberOfMonths,Number Of Months,question,concept:fellowship-budget:institutional-base-salary-months,concept:fellowship-budget:institutional-base-salary-months,question:sha256:600054d5d0701896959a800a2fd93a989f32a4143b59a8461ae8f0384f0de6f0,agent_proposed,,,semantic-domain-fellowship-budget,1,1,behavior:sha256:a483a42efab0ea3f6e720f89e6133ba76882d0095f011a8f4577234fa79dbd31,runtime-rule:sha256:91db6f344e668756850f81134f61dd3ec3fe39001377e17cb40ed97cdecfa3e1|runtime-rule:sha256:e9a6b236e23bf54e0679d0a729501897a0130fcd6dd9625b38685ef402a9c2cd|runtime-rule:sha256:fcd3fe6ba50e68974ddc160835fb7a7944ce614fc937719807e987e58b721743,condition,number,normalized_source_type,decimal,https://apply07.grants.gov/apply/forms/schemas/PHS_Fellowship_Supplemental_8_0-V8.0.xsd,85f8e33df4641c56f3b6b96108690f89d214de8b5c864b1d6bd1e6bf8c7cc7bc,sha256:85f8e33df4641c56f3b6b96108690f89d214de8b5c864b1d6bd1e6bf8c7cc7bc,false
PHSFellowshipSupplemental,[Draft] PHS Fellowship Supplemental Form,8.0,Budget.InstitutionalBaseSalary.AcademicPeriod,PHS_Fellowship_Supplemental_8_0.Budget.InstitutionalBaseSalary.AcademicPeriod,Academic Period,question,concept:fellowship-budget:institutional-base-salary-period,concept:fellowship-budget:institutional-base-salary-period,question:sha256:b0f997ecb040bbd6b3f39c71bd0aa1076228ba86887b0708642bc0a96a27b760,agent_proposed,,,semantic-domain-fellowship-budget,1,1,behavior:sha256:4c72f5bf6ddc044953360b5656fac04e0476306f350b2882d41f1d519e2820ff,runtime-rule:sha256:91db6f344e668756850f81134f61dd3ec3fe39001377e17cb40ed97cdecfa3e1|runtime-rule:sha256:e9a6b236e23bf54e0679d0a729501897a0130fcd6dd9625b38685ef402a9c2cd|runtime-rule:sha256:fcd3fe6ba50e68974ddc160835fb7a7944ce614fc937719807e987e58b721743,condition,string,normalized_source_type,string,https://apply07.grants.gov/apply/forms/schemas/PHS_Fellowship_Supplemental_8_0-V8.0.xsd,85f8e33df4641c56f3b6b96108690f89d214de8b5c864b1d6bd1e6bf8c7cc7bc,sha256:85f8e33df4641c56f3b6b96108690f89d214de8b5c864b1d6bd1e6bf8c7cc7bc,false
PHSFellowshipSupplemental,[Draft] PHS Fellowship Supplemental Form,8.0,Budget.SupplementationFromOtherSources.Amount,PHS_Fellowship_Supplemental_8_0.Budget.SupplementationFromOtherSources.Amount,Amount,question,concept:fellowship-budget:supplementation-amount,concept:fellowship-budget:supplementation-amount,question:sha256:aa860dc6a26a15f18a8183d604e4b5da392b20f4bc757225f477c8511c299d2a,agent_proposed,,,semantic-domain-fellowship-budget,1,1,behavior:sha256:9dec2df5f0638b8a8b06e7329b691a041813c025580730f8dc2c7057de1d04ae,runtime-rule:sha256:3e879cb43f43a87ff7f3de4a9fd1b2fc1255f098d18c6ea829b70bb2ef1b8a20|runtime-rule:sha256:519f831ec4239ee05d8e5b306794bf97371b24eb587a68d6e4ee982f3b443989|runtime-rule:sha256:9d922477658aea739a0b65da4716021e077fcb82f3b35217673b8e85be7d3baf|runtime-rule:sha256:d4f75f67594e59570283aaec1b56c50f89e4b5e9a34ff29d9a88f8d91a5e5cf3,condition,number,xsd_declared_type,globLib:BudgetAmountDataType,https://apply07.grants.gov/apply/forms/schemas/PHS_Fellowship_Supplemental_8_0-V8.0.xsd,85f8e33df4641c56f3b6b96108690f89d214de8b5c864b1d6bd1e6bf8c7cc7bc,sha256:85f8e33df4641c56f3b6b96108690f89d214de8b5c864b1d6bd1e6bf8c7cc7bc,false
PHSFellowshipSupplemental,[Draft] PHS Fellowship Supplemental Form,8.0,Budget.SupplementationFromOtherSources.NumberOfMonths,PHS_Fellowship_Supplemental_8_0.Budget.SupplementationFromOtherSources.NumberOfMonths,Number Of Months,question,concept:fellowship-budget:supplementation-months,concept:fellowship-budget:supplementation-months,question:sha256:535e8e572423748906028a063794151430cbecc6381c45c705b1c081858fed88,agent_proposed,,,semantic-domain-fellowship-budget,1,1,behavior:sha256:337bd5db9b2bb92d32dd12dc8ce0c70449bdf84cc1999f0b5dcda8ef6218491f,runtime-rule:sha256:3e879cb43f43a87ff7f3de4a9fd1b2fc1255f098d18c6ea829b70bb2ef1b8a20|runtime-rule:sha256:519f831ec4239ee05d8e5b306794bf97371b24eb587a68d6e4ee982f3b443989|runtime-rule:sha256:9d922477658aea739a0b65da4716021e077fcb82f3b35217673b8e85be7d3baf|runtime-rule:sha256:d4f75f67594e59570283aaec1b56c50f89e4b5e9a34ff29d9a88f8d91a5e5cf3,condition,number,normalized_source_type,decimal,https://apply07.grants.gov/apply/forms/schemas/PHS_Fellowship_Supplemental_8_0-V8.0.xsd,85f8e33df4641c56f3b6b96108690f89d214de8b5c864b1d6bd1e6bf8c7cc7bc,sha256:85f8e33df4641c56f3b6b96108690f89d214de8b5c864b1d6bd1e6bf8c7cc7bc,false
PHSFellowshipSupplemental,[Draft] PHS Fellowship Supplemental Form,8.0,Budget.SupplementationFromOtherSources.Source,PHS_Fellowship_Supplemental_8_0.Budget.SupplementationFromOtherSources.Source,Source,question,concept:fellowship-budget:supplementation-source,concept:fellowship-budget:supplementation-source,question:sha256:676f1703dbdedf5d0c0b59f23646e2791c5f66ede1ac749da8f430d3beeb899d,agent_proposed,,,semantic-domain-fellowship-budget,1,1,behavior:sha256:8d6bc6a7fd9207556a0d0b5ebad966874df9b11de39c91f857c206d3b92f7d9b,runtime-rule:sha256:3e879cb43f43a87ff7f3de4a9fd1b2fc1255f098d18c6ea829b70bb2ef1b8a20|runtime-rule:sha256:519f831ec4239ee05d8e5b306794bf97371b24eb587a68d6e4ee982f3b443989|runtime-rule:sha256:9d922477658aea739a0b65da4716021e077fcb82f3b35217673b8e85be7d3baf|runtime-rule:sha256:d4f75f67594e59570283aaec1b56c50f89e4b5e9a34ff29d9a88f8d91a5e5cf3,condition,string,normalized_source_type,string,https://apply07.grants.gov/apply/forms/schemas/PHS_Fellowship_Supplemental_8_0-V8.0.xsd,85f8e33df4641c56f3b6b96108690f89d214de8b5c864b1d6bd1e6bf8c7cc7bc,sha256:85f8e33df4641c56f3b6b96108690f89d214de8b5c864b1d6bd1e6bf8c7cc7bc,false
PHSFellowshipSupplemental,[Draft] PHS Fellowship Supplemental Form,8.0,Budget.SupplementationFromOtherSources.Type,PHS_Fellowship_Supplemental_8_0.Budget.SupplementationFromOtherSources.Type,Type,question,concept:fellowship-budget:supplementation-type,concept:fellowship-budget:supplementation-type,question:sha256:128a8b2d9dc397ded56a6ceb3c6274da8810fc8ef830280516d125fb849ffbe6,agent_proposed,,,semantic-domain-fellowship-budget,1,1,behavior:sha256:a1dde7432bfa4b049538c29a9310efef9762b35e76f144550db8e5206b9e0571,runtime-rule:sha256:3e879cb43f43a87ff7f3de4a9fd1b2fc1255f098d18c6ea829b70bb2ef1b8a20|runtime-rule:sha256:519f831ec4239ee05d8e5b306794bf97371b24eb587a68d6e4ee982f3b443989|runtime-rule:sha256:9d922477658aea739a0b65da4716021e077fcb82f3b35217673b8e85be7d3baf|runtime-rule:sha256:d4f75f67594e59570283aaec1b56c50f89e4b5e9a34ff29d9a88f8d91a5e5cf3,condition,string,normalized_source_type,string,https://apply07.grants.gov/apply/forms/schemas/PHS_Fellowship_Supplemental_8_0-V8.0.xsd,85f8e33df4641c56f3b6b96108690f89d214de8b5c864b1d6bd1e6bf8c7cc7bc,sha256:85f8e33df4641c56f3b6b96108690f89d214de8b5c864b1d6bd1e6bf8c7cc7bc,false
PHSFellowshipSupplemental,[Draft] PHS Fellowship Supplemental Form,8.0,Budget.TuitionAndFeesRequested,PHS_Fellowship_Supplemental_8_0.Budget.TuitionAndFeesRequested,Tuition And Fees Requested,question,concept:fellowship-budget:tuition-fees-requested,concept:fellowship-budget:tuition-fees-requested,question:sha256:358e703a40c6bc40100a80d99535896c323374de63c831b1441207a0323610c2,agent_proposed,,,semantic-domain-fellowship-budget,1,1,behavior:sha256:0f84622520d4a8bec29e22dfba9fafcc6756bebdf15416cec55735f5a5660845|behavior:sha256:d5374a075c6cd3849a4e59c9801d3aae3be314b47cab77782586168bcfdc5e1c|behavior:sha256:e28c8c435423d7932fd5121b0d83a603060a8e4d802dd70e7b62277f8188e5a9,runtime-rule:sha256:287a5b5460fd278ef640129f91e7ccf5c28360679a4e101df2922bdff429c04d|runtime-rule:sha256:47ea1e74b384ba278072ecdc406e559604c8c8527dfd8b845ba293e6234f835c|runtime-rule:sha256:7adaac88d4da697a56d42fe69f04d8e751e11ee41c02e39ad995655bfc60a54e|runtime-rule:sha256:c64917a8ee20af0385b66eeda234baedd9dbdbe1b1a22b66401a05e369243d9e|runtime-rule:sha256:ce8be39f94b7512ff79fd3b268c6d705c7ae0d1c2ad515d38992bf4426592c30|runtime-rule:sha256:e7dfc378b362f3c0c180bb1023ad65970a6d615d05a32bbf325f1a998bb6e1e2,condition,string,xsd_declared_type,globLib:YesNoDataType,https://apply07.grants.gov/apply/forms/schemas/PHS_Fellowship_Supplemental_8_0-V8.0.xsd,85f8e33df4641c56f3b6b96108690f89d214de8b5c864b1d6bd1e6bf8c7cc7bc,sha256:85f8e33df4641c56f3b6b96108690f89d214de8b5c864b1d6bd1e6bf8c7cc7bc,false
PHSFellowshipSupplemental,[Draft] PHS Fellowship Supplemental Form,8.0,AdditionalInformation.ConcurrentSupport,PHS_Fellowship_Supplemental_8_0.AdditionalInformation.ConcurrentSupport,Concurrent Support,question,concept:fellowship:concurrent-support,concept:fellowship:concurrent-support,question:sha256:87b45b1860a7ac4bfaeae88699e9c3ff229c100696d0753ad9b9e619c7f18e65,agent_proposed,,,semantic-domain-fellowship,1,1,behavior:sha256:273d88be574fdd4bcde8420d8eb0db3f563e1b516d91f50fd154198b130adb69|behavior:sha256:7ddabc486bf1e8dc93153e8a9102902c0607217de2997e2b7512d720fbeb9fdd|behavior:sha256:e9db09afa9ea7f8392c54bd9c2813c7f00530f7347554c6b26df5616d1240670,runtime-rule:sha256:303ceac5b71cbd044ca82f08c0b974a4c2f9fbfd463d9259e6aa60eadb36abe5|runtime-rule:sha256:dab764ce32af121030588268db1f7eac2cb8367bd36bfe1619cd97dfe1a62237,condition,string,xsd_declared_type,globLib:YesNoDataType,https://apply07.grants.gov/apply/forms/schemas/PHS_Fellowship_Supplemental_8_0-V8.0.xsd,85f8e33df4641c56f3b6b96108690f89d214de8b5c864b1d6bd1e6bf8c7cc7bc,sha256:85f8e33df4641c56f3b6b96108690f89d214de8b5c864b1d6bd1e6bf8c7cc7bc,false
PHSFellowshipSupplemental,[Draft] PHS Fellowship Supplemental Form,8.0,AdditionalInformation.CurrentPriorNRSASupportIndicator,PHS_Fellowship_Supplemental_8_0.AdditionalInformation.CurrentPriorNRSASupportIndicator,Current Prior NRSASupport Indicator,question,concept:fellowship:nrsa-support:current-or-prior,concept:fellowship:nrsa-support:current-or-prior,question:sha256:e51e12437461e9640a690a9bba63aedca6b15a72c35a3d5fb1a95dedce415c16,agent_proposed,,,semantic-domain-fellowship,1,1,behavior:sha256:09f6f14b171de61c6c8f4d3c6c0cafbd384a1a534a2e456389b475b0587a527e|behavior:sha256:bed347f42e6f8caa0b1d7d3e8515028c6c4f9d16bb9acda03b705e45b3ca1016|behavior:sha256:d3b83e5187280e6845b78376ec12a1e1460877bc5a0ff1d078b80bbcc64ab232,runtime-rule:sha256:6041737b4c18ab3edd1cba3f92a20873704997939fb6855439bd9e3e697c6837|runtime-rule:sha256:95ccb10e7275a0cd568e2abd7aef097d8fc5183b75b4b2131dd89b8fd6113492|runtime-rule:sha256:b4d90a33e41700751e1665e8325294909e1041324fb6967178a925fdf778ca7a|runtime-rule:sha256:cb85b7809475082ff491883d8f86790d365c2bbdcc49937b16e19c0a539944b1|runtime-rule:sha256:d9d2d66f0010a873f089f7ccbc9ffc300fd8ce754321996ea44908c473d321b2,condition,string,xsd_declared_type,globLib:YesNoDataType,https://apply07.grants.gov/apply/forms/schemas/PHS_Fellowship_Supplemental_8_0-V8.0.xsd,85f8e33df4641c56f3b6b96108690f89d214de8b5c864b1d6bd1e6bf8c7cc7bc,sha256:85f8e33df4641c56f3b6b96108690f89d214de8b5c864b1d6bd1e6bf8c7cc7bc,false
PHSFellowshipSupplemental,[Draft] PHS Fellowship Supplemental Form,8.0,AdditionalInformation.CurrentPriorNRSASupport[].EndDate,PHS_Fellowship_Supplemental_8_0.AdditionalInformation.CurrentPriorNRSASupport.EndDate,End Date,question,concept:fellowship:nrsa-support:end-date,concept:fellowship:nrsa-support:end-date,question:sha256:56c0ffdd7d2490652172fd2fa4f6edb36ccedd7858b592cece32ceb25b97b599,agent_proposed,,,semantic-domain-fellowship,0,1,behavior:sha256:4e021ae28b9a211e983d567a4048dc6319ed5c10612e28f03495f108f9c93066,runtime-rule:sha256:b4d90a33e41700751e1665e8325294909e1041324fb6967178a925fdf778ca7a,condition,string,xsd_declared_type,xs:date,https://apply07.grants.gov/apply/forms/schemas/PHS_Fellowship_Supplemental_8_0-V8.0.xsd,85f8e33df4641c56f3b6b96108690f89d214de8b5c864b1d6bd1e6bf8c7cc7bc,sha256:85f8e33df4641c56f3b6b96108690f89d214de8b5c864b1d6bd1e6bf8c7cc7bc,false
PHSFellowshipSupplemental,[Draft] PHS Fellowship Supplemental Form,8.0,AdditionalInformation.CurrentPriorNRSASupport[].GrantNumber,PHS_Fellowship_Supplemental_8_0.AdditionalInformation.CurrentPriorNRSASupport.GrantNumber,Grant Number,question,concept:fellowship:nrsa-support:grant-number,concept:fellowship:nrsa-support:grant-number,question:sha256:c30ee02ab1d21debe45ab48d63ea60e2227dacf6b8741cc89640cbd7d48621bb,agent_proposed,,,semantic-domain-fellowship,0,1,behavior:sha256:c84a2d593e81d7008fa6481886d55d0c98ed69b6cef126664894091a27b93dc0,runtime-rule:sha256:d9d2d66f0010a873f089f7ccbc9ffc300fd8ce754321996ea44908c473d321b2,condition,string,normalized_source_type,string,https://apply07.grants.gov/apply/forms/schemas/PHS_Fellowship_Supplemental_8_0-V8.0.xsd,85f8e33df4641c56f3b6b96108690f89d214de8b5c864b1d6bd1e6bf8c7cc7bc,sha256:85f8e33df4641c56f3b6b96108690f89d214de8b5c864b1d6bd1e6bf8c7cc7bc,false
PHSFellowshipSupplemental,[Draft] PHS Fellowship Supplemental Form,8.0,AdditionalInformation.CurrentPriorNRSASupport[].Level,PHS_Fellowship_Supplemental_8_0.AdditionalInformation.CurrentPriorNRSASupport.Level,Level,question,concept:fellowship:nrsa-support:level,concept:fellowship:nrsa-support:level,question:sha256:b19086ed28d68d27905631cce14290ac774347a45a3b14d61e4b0c06e382c68a,agent_proposed,,,semantic-domain-fellowship,1,1,behavior:sha256:8ceaf5291b0ce477e29b6fa8c8c1aa57978354f7a95069aed6226c005f902211,runtime-rule:sha256:6041737b4c18ab3edd1cba3f92a20873704997939fb6855439bd9e3e697c6837,condition,string,normalized_source_type,string,https://apply07.grants.gov/apply/forms/schemas/PHS_Fellowship_Supplemental_8_0-V8.0.xsd,85f8e33df4641c56f3b6b96108690f89d214de8b5c864b1d6bd1e6bf8c7cc7bc,sha256:85f8e33df4641c56f3b6b96108690f89d214de8b5c864b1d6bd1e6bf8c7cc7bc,false
PHSFellowshipSupplemental,[Draft] PHS Fellowship Supplemental Form,8.0,AdditionalInformation.CurrentPriorNRSASupport[].StartDate,PHS_Fellowship_Supplemental_8_0.AdditionalInformation.CurrentPriorNRSASupport.StartDate,Start Date,question,concept:fellowship:nrsa-support:start-date,concept:fellowship:nrsa-support:start-date,question:sha256:7694c10d28aaff0a32047743803bc242ec6b1340504a3f1f33a5e5b58c405ae2,agent_proposed,,,semantic-domain-fellowship,0,1,behavior:sha256:86bb4a27e8b243aafaba62bf5e823f5a0ae66acea926c07e861fb65a02836bab,runtime-rule:sha256:95ccb10e7275a0cd568e2abd7aef097d8fc5183b75b4b2131dd89b8fd6113492,condition,string,xsd_declared_type,xs:date,https://apply07.grants.gov/apply/forms/schemas/PHS_Fellowship_Supplemental_8_0-V8.0.xsd,85f8e33df4641c56f3b6b96108690f89d214de8b5c864b1d6bd1e6bf8c7cc7bc,sha256:85f8e33df4641c56f3b6b96108690f89d214de8b5c864b1d6bd1e6bf8c7cc7bc,false
PHSFellowshipSupplemental,[Draft] PHS Fellowship Supplemental Form,8.0,AdditionalInformation.CurrentPriorNRSASupport[].Type,PHS_Fellowship_Supplemental_8_0.AdditionalInformation.CurrentPriorNRSASupport.Type,Type,question,concept:fellowship:nrsa-support:type,concept:fellowship:nrsa-support:type,question:sha256:36429b779583e527aa73f0fcb7ab718457d181427cb873aad87a50698762e6d7,agent_proposed,,,semantic-domain-fellowship,1,1,behavior:sha256:9e60f3c08f1c5d8216b87e04d88df14af879755e4e89eef6dd0e8ba59bd58422,runtime-rule:sha256:cb85b7809475082ff491883d8f86790d365c2bbdcc49937b16e19c0a539944b1,condition,string,normalized_source_type,string,https://apply07.grants.gov/apply/forms/schemas/PHS_Fellowship_Supplemental_8_0-V8.0.xsd,85f8e33df4641c56f3b6b96108690f89d214de8b5c864b1d6bd1e6bf8c7cc7bc,sha256:85f8e33df4641c56f3b6b96108690f89d214de8b5c864b1d6bd1e6bf8c7cc7bc,false
PHSFellowshipSupplemental,[Draft] PHS Fellowship Supplemental Form,8.0,OtherResearchTrainingPlan.AreAnimalsEuthanized,PHS_Fellowship_Supplemental_8_0.OtherResearchTrainingPlan.AreAnimalsEuthanized,Are Animals Euthanized,question,concept:hhs-research-policy:animal-euthanasia,concept:hhs-research-policy:animal-euthanasia,question:sha256:51c9aaa50191204b29fce1e23c3c3c3734fbbc2aa172d3d92616794deb5532e1,agent_proposed,,,semantic-domain-hhs-research-policy,0,1,behavior:sha256:a3901b86cce60547d1cbc37e71d048b094ba0fce0756ae82dec62943f8d93ca3|behavior:sha256:b6f3a750a88a3f3da9154f2cc158996645dd00811bd0c1875bf82a4f6a5bce30|behavior:sha256:dd593ede5a2f465cace732ff37a84054c355baf620568c33e05cdfe6fb99944c,runtime-rule:sha256:7595bf01123cc1e8b5a7edaa0158bb3c52ea133af675814ddc75a11fdaa97029|runtime-rule:sha256:7d3b7236fe7af6752d1b7eb91fb9c556a1678c428b21f652669f6542d7c0ec75|runtime-rule:sha256:999a544958bc19b94c419439f53334723a4c3f6d9e60bed1c8b9879f47019a90|runtime-rule:sha256:dc3e0a53db81b1e68ac8fd0cd120597a08068e2e11ad315e0b1b2f1729984069,condition,string,xsd_declared_type,globLib:YesNoDataType,https://apply07.grants.gov/apply/forms/schemas/PHS_Fellowship_Supplemental_8_0-V8.0.xsd,85f8e33df4641c56f3b6b96108690f89d214de8b5c864b1d6bd1e6bf8c7cc7bc,sha256:85f8e33df4641c56f3b6b96108690f89d214de8b5c864b1d6bd1e6bf8c7cc7bc,false
PHSFellowshipSupplemental,[Draft] PHS Fellowship Supplemental Form,8.0,AdditionalInformation.ChangeOfInstitution,PHS_Fellowship_Supplemental_8_0.AdditionalInformation.ChangeOfInstitution,Change Of Institution,question,concept:hhs-research-policy:change-of-recipient-organization,concept:hhs-research-policy:change-of-recipient-organization,question:sha256:8fedacfc863697ce5631ce07b801db37232c6449103a4d9d43b8c6db463ca730,agent_proposed,,,semantic-domain-hhs-research-policy,0,1,behavior:sha256:865f8fe09f206bb604010c7e8c57a635bb09486a3e6af4be1277e9b48784e159,runtime-rule:sha256:bbeab1aa035f06d244406375fa73d0fa31bc110fe5d6fb63edc9f4f718076cde,condition,string,xsd_declared_type,globLib:YesNoDataType,https://apply07.grants.gov/apply/forms/schemas/PHS_Fellowship_Supplemental_8_0-V8.0.xsd,85f8e33df4641c56f3b6b96108690f89d214de8b5c864b1d6bd1e6bf8c7cc7bc,sha256:85f8e33df4641c56f3b6b96108690f89d214de8b5c864b1d6bd1e6bf8c7cc7bc,false
PHSFellowshipSupplemental,[Draft] PHS Fellowship Supplemental Form,8.0,OtherResearchTrainingPlan.AVMAConsistentIndicator,PHS_Fellowship_Supplemental_8_0.OtherResearchTrainingPlan.AVMAConsistentIndicator,AVMAConsistent Indicator,question,concept:hhs-research-policy:euthanasia-avma-consistent,concept:hhs-research-policy:euthanasia-avma-consistent,question:sha256:4c5f439bf8ff4994052ebf96e2ce2ece638ae75f03a9bc33df5690fb1c49e9bd,agent_proposed,,,semantic-domain-hhs-research-policy,0,1,behavior:sha256:a45889b44e8b372d322de1f282ef696d138cf10248d5314858d54be6158c039a|behavior:sha256:c6ef650203922767b68f865ac292bc15e728e55c6593ee3312047f059f6209e0|behavior:sha256:c8f0ed67d60b6cf21afc6c132b7370c26a3c7824b591ebc95d82f364d2db941d,runtime-rule:sha256:6974ff833dfa47a8f40c8fb8076fad8473b030b86fcb57cc221f4b8856480b09|runtime-rule:sha256:7595bf01123cc1e8b5a7edaa0158bb3c52ea133af675814ddc75a11fdaa97029|runtime-rule:sha256:940bf65d3f25dd52646e33b3258c6d42b8091ac284a13b4af2c1a24ae395f190|runtime-rule:sha256:dc3e0a53db81b1e68ac8fd0cd120597a08068e2e11ad315e0b1b2f1729984069,condition,string,xsd_declared_type,globLib:YesNoDataType,https://apply07.grants.gov/apply/forms/schemas/PHS_Fellowship_Supplemental_8_0-V8.0.xsd,85f8e33df4641c56f3b6b96108690f89d214de8b5c864b1d6bd1e6bf8c7cc7bc,sha256:85f8e33df4641c56f3b6b96108690f89d214de8b5c864b1d6bd1e6bf8c7cc7bc,false
PHSFellowshipSupplemental,[Draft] PHS Fellowship Supplemental Form,8.0,OtherResearchTrainingPlan.EuthanasiaMethodDescription,PHS_Fellowship_Supplemental_8_0.OtherResearchTrainingPlan.EuthanasiaMethodDescription,Euthanasia Method Description,question,concept:hhs-research-policy:euthanasia-method-justification,concept:hhs-research-policy:euthanasia-method-justification,question:sha256:fdcf4ba922d6a1ea00db0219d81054eaa6ece4ecceb988decae47a8f63284e70,agent_proposed,,,semantic-domain-hhs-research-policy,0,1,behavior:sha256:f2fc3327be332f40f0c334f432f7a001de53c1fb7269741022e31dea0650e314,runtime-rule:sha256:6974ff833dfa47a8f40c8fb8076fad8473b030b86fcb57cc221f4b8856480b09|runtime-rule:sha256:940bf65d3f25dd52646e33b3258c6d42b8091ac284a13b4af2c1a24ae395f190,condition,string,normalized_source_type,string,https://apply07.grants.gov/apply/forms/schemas/PHS_Fellowship_Supplemental_8_0-V8.0.xsd,85f8e33df4641c56f3b6b96108690f89d214de8b5c864b1d6bd1e6bf8c7cc7bc,sha256:85f8e33df4641c56f3b6b96108690f89d214de8b5c864b1d6bd1e6bf8c7cc7bc,false
PHSFellowshipSupplemental,[Draft] PHS Fellowship Supplemental Form,8.0,AdditionalInformation.StemCells.isHumanStemCellsInvolved,PHS_Fellowship_Supplemental_8_0.AdditionalInformation.StemCells.isHumanStemCellsInvolved,is Human Stem Cells Involved,question,concept:hhs-research-policy:human-embryonic-stem-cells-involved,concept:hhs-research-policy:human-embryonic-stem-cells-involved,question:sha256:a9a9540dd96c77797e8e74e77c8ebac286ec1f0658076b6976a72b7fc26c06dd,agent_proposed,,,semantic-domain-hhs-research-policy,1,1,behavior:sha256:29d7bc1f5bbb9393cf0d27e85b45aff4cdbc49236b5b5f4d0809a2e70acc6791|behavior:sha256:2ea7fc3eb1b1978493ab8a0282af009929201c8876acad71a486e41fad640514|behavior:sha256:6139761c3c7261e423e4be6064a0408524c65ff138665763f1a44560ce60766f,runtime-rule:sha256:494828701324632e3002c939ede9d3e8b5f924a511baf8122d06818bd689ce22|runtime-rule:sha256:b1572ee8c8ade8b27097b612189d41c4f827c46bc533e39b0f0c4d5ecb10fb16,condition,string,xsd_declared_type,globLib:YesNoDataType,https://apply07.grants.gov/apply/forms/schemas/PHS_Fellowship_Supplemental_8_0-V8.0.xsd,85f8e33df4641c56f3b6b96108690f89d214de8b5c864b1d6bd1e6bf8c7cc7bc,sha256:85f8e33df4641c56f3b6b96108690f89d214de8b5c864b1d6bd1e6bf8c7cc7bc,false
PHSFellowshipSupplemental,[Draft] PHS Fellowship Supplemental Form,8.0,AdditionalInformation.StemCells.CellLines,PHS_Fellowship_Supplemental_8_0.AdditionalInformation.StemCells.CellLines,CellLines,question,concept:hhs-research-policy:stem-cell-line,concept:hhs-research-policy:stem-cell-line,question:sha256:ebab59a3244d812f652567012c26bbd7e8f77c7bb8bec365fdee2c42ab0c3f05,agent_proposed,,,semantic-domain-hhs-research-policy,0,20,behavior:sha256:1eead00017453733bbfec7f418cf6b7b9838126e553ac118c51a4349c414692f,runtime-rule:sha256:494828701324632e3002c939ede9d3e8b5f924a511baf8122d06818bd689ce22,condition,array,normalized_source_type,string,https://apply07.grants.gov/apply/forms/schemas/PHS_Fellowship_Supplemental_8_0-V8.0.xsd,85f8e33df4641c56f3b6b96108690f89d214de8b5c864b1d6bd1e6bf8c7cc7bc,sha256:85f8e33df4641c56f3b6b96108690f89d214de8b5c864b1d6bd1e6bf8c7cc7bc,false
PHSFellowshipSupplemental,[Draft] PHS Fellowship Supplemental Form,8.0,AdditionalInformation.StemCells.StemCellsIndicator,PHS_Fellowship_Supplemental_8_0.AdditionalInformation.StemCells.StemCellsIndicator,Stem Cells Indicator,question,concept:hhs-research-policy:stem-cell-line-not-yet-known,concept:hhs-research-policy:stem-cell-line-not-yet-known,question:sha256:8858eee7b53e9b3c6eceb8681a13e073105410d7425ff5b0370b3abbf26792fd,agent_proposed,,,semantic-domain-hhs-research-policy,0,1,behavior:sha256:db4a0e3f3e8ff9fc41761007255e02281daecb084ee625cd3855878e24355a25,runtime-rule:sha256:b1572ee8c8ade8b27097b612189d41c4f827c46bc533e39b0f0c4d5ecb10fb16,condition,string,xsd_declared_type,globLib:YesNoDataType,https://apply07.grants.gov/apply/forms/schemas/PHS_Fellowship_Supplemental_8_0-V8.0.xsd,85f8e33df4641c56f3b6b96108690f89d214de8b5c864b1d6bd1e6bf8c7cc7bc,sha256:85f8e33df4641c56f3b6b96108690f89d214de8b5c864b1d6bd1e6bf8c7cc7bc,false
PHSFellowshipSupplemental,[Draft] PHS Fellowship Supplemental Form,8.0,AdditionalInformation.FormerInstitution,PHS_Fellowship_Supplemental_8_0.AdditionalInformation.FormerInstitution,Former Institution,question,concept:organization:former-recipient-name,concept:organization:former-recipient-name,question:sha256:a649121d739f45123b36ac4ac484c90b4b8fdd426ec7c07fbe8faf0e193e0b4f,agent_proposed,,,semantic-domain-organization,0,1,behavior:sha256:f8601a7c980cc1a44561ec0a7a4283a6eca005a3c39a9c3f10fe4000998b06ed,runtime-rule:sha256:bbeab1aa035f06d244406375fa73d0fa31bc110fe5d6fb63edc9f4f718076cde,condition,string,normalized_source_type,string,https://apply07.grants.gov/apply/forms/schemas/PHS_Fellowship_Supplemental_8_0-V8.0.xsd,85f8e33df4641c56f3b6b96108690f89d214de8b5c864b1d6bd1e6bf8c7cc7bc,sha256:85f8e33df4641c56f3b6b96108690f89d214de8b5c864b1d6bd1e6bf8c7cc7bc,false
PHSFellowshipSupplemental,[Draft] PHS Fellowship Supplemental Form,8.0,OtherResearchTrainingPlan.VertebrateAnimalsUsed,PHS_Fellowship_Supplemental_8_0.OtherResearchTrainingPlan.VertebrateAnimalsUsed,Vertebrate Animals Used,question,concept:research-policy:vertebrate-animals-involved,concept:research-policy:vertebrate-animals-involved,question:sha256:7ef245453b8ff2117419a17ca55cb607abe1355ccf392cf3f7d9aa440f18b274,agent_proposed,,,semantic-domain-research-policy,1,1,behavior:sha256:3f2d49b99ac3bafbe29a30ce109827dc3e23705552880f188ce2e55dcc97f4de|behavior:sha256:a3bf1ff9ae8adcc5a94a09743fef060e2b8c42c92018523fe5490ae6fd60f4c7|behavior:sha256:eb9324d49b76164db24c936710cbd2051330e5ce41b9717535bd2c873c444504,runtime-rule:sha256:7d3b7236fe7af6752d1b7eb91fb9c556a1678c428b21f652669f6542d7c0ec75|runtime-rule:sha256:999a544958bc19b94c419439f53334723a4c3f6d9e60bed1c8b9879f47019a90,condition,string,xsd_declared_type,globLib:YesNoDataType,https://apply07.grants.gov/apply/forms/schemas/PHS_Fellowship_Supplemental_8_0-V8.0.xsd,85f8e33df4641c56f3b6b96108690f89d214de8b5c864b1d6bd1e6bf8c7cc7bc,sha256:85f8e33df4641c56f3b6b96108690f89d214de8b5c864b1d6bd1e6bf8c7cc7bc,false
PHSFellowshipSupplemental,[Draft] PHS Fellowship Supplemental Form,8.0,AdditionalInformation.GraduateDegreeSought.DegreeDate,PHS_Fellowship_Supplemental_8_0.AdditionalInformation.GraduateDegreeSought.DegreeDate,Degree Date,question,concept:role:fellowship-candidate:degree-expected-date,concept:role:fellowship-candidate:degree-expected-date,question:sha256:3a17595f7b14a0615af7d48a0f1df2eb3b8649c480d06154fb2fe0a7a461388e,agent_proposed,fellowship-candidate,,role-fellowship-candidate,1,1,behavior:sha256:e09783b03ce7cf286587d51a82fe5987dccd16ccbf4a0e1c2fca3f53cd75fbb3,runtime-rule:sha256:19e85701f0e26f359ea6a4f41417abdf7e90cea4abc1819c1dbfb93f876db71a|runtime-rule:sha256:d297a9672e9f4b4082ec0b8834a551363ad06d7c1ef2a7ba42c6b7db6a611587,condition,string,normalized_source_type,string,https://apply07.grants.gov/apply/forms/schemas/PHS_Fellowship_Supplemental_8_0-V8.0.xsd,85f8e33df4641c56f3b6b96108690f89d214de8b5c864b1d6bd1e6bf8c7cc7bc,sha256:85f8e33df4641c56f3b6b96108690f89d214de8b5c864b1d6bd1e6bf8c7cc7bc,false
PHSFellowshipSupplemental,[Draft] PHS Fellowship Supplemental Form,8.0,AdditionalInformation.GraduateDegreeSought.DegreeType,PHS_Fellowship_Supplemental_8_0.AdditionalInformation.GraduateDegreeSought.DegreeType,Degree Type,question,concept:role:fellowship-candidate:degree-type,concept:role:fellowship-candidate:degree-type,question:sha256:14ea5969360b2a84fda66fa8e9424130d047a31fec2614f7c00f47dd58c7730b,agent_proposed,fellowship-candidate,,role-fellowship-candidate,1,1,behavior:sha256:7f950c66b8aa2fb5787f3e202449081361fe3dd2b4aa3bd1136621e0e42442d3,runtime-rule:sha256:19e85701f0e26f359ea6a4f41417abdf7e90cea4abc1819c1dbfb93f876db71a|runtime-rule:sha256:d297a9672e9f4b4082ec0b8834a551363ad06d7c1ef2a7ba42c6b7db6a611587|runtime-rule:sha256:fbfdca07800403a2e9866bb867076c9ecd7fcf6bea470e0b7e31cd166a7c72b3,condition,string,xsd_declared_type,PHS_Fellowship_Supplemental_8_0:DegreeTypeDataType,https://apply07.grants.gov/apply/forms/schemas/PHS_Fellowship_Supplemental_8_0-V8.0.xsd,85f8e33df4641c56f3b6b96108690f89d214de8b5c864b1d6bd1e6bf8c7cc7bc,sha256:85f8e33df4641c56f3b6b96108690f89d214de8b5c864b1d6bd1e6bf8c7cc7bc,false
PHSFellowshipSupplemental,[Draft] PHS Fellowship Supplemental Form,8.0,AdditionalInformation.GraduateDegreeSought.OtherDegreeTypeText,PHS_Fellowship_Supplemental_8_0.AdditionalInformation.GraduateDegreeSought.OtherDegreeTypeText,Other Degree Type Text,question,concept:role:fellowship-candidate:degree-type-other,concept:role:fellowship-candidate:degree-type-other,question:sha256:acbca33db654c26ed538fe1c2a4dab98da3c6826f897fd9a9075ec6dfec81921,agent_proposed,fellowship-candidate,,role-fellowship-candidate,0,1,behavior:sha256:e03225a24a3b6fedb1103a502afef136f31e7da6c973b287b05b07cdeb104b57,runtime-rule:sha256:fbfdca07800403a2e9866bb867076c9ecd7fcf6bea470e0b7e31cd166a7c72b3,condition,string,normalized_source_type,string,https://apply07.grants.gov/apply/forms/schemas/PHS_Fellowship_Supplemental_8_0-V8.0.xsd,85f8e33df4641c56f3b6b96108690f89d214de8b5c864b1d6bd1e6bf8c7cc7bc,sha256:85f8e33df4641c56f3b6b96108690f89d214de8b5c864b1d6bd1e6bf8c7cc7bc,false
PHSFellowshipSupplemental,[Draft] PHS Fellowship Supplemental Form,8.0,AdditionalInformation.FieldOfTraining,PHS_Fellowship_Supplemental_8_0.AdditionalInformation.FieldOfTraining,Field Of Training,question,concept:role:fellowship-candidate:field-of-training,concept:role:fellowship-candidate:field-of-training,question:sha256:a71864ff4b9edd696cdef6073aaac1feaaceb1347639d757bddadfbcc051a3bb,agent_proposed,fellowship-candidate,,role-fellowship-candidate,1,1,behavior:sha256:e9587a888f9fc83f62290b675a354e29713445774b71526f032a6ff52eb52b4f,,,string,xsd_declared_type,PHS_Fellowship_Supplemental_8_0:FieldOfTrainingDataType,https://apply07.grants.gov/apply/forms/schemas/PHS_Fellowship_Supplemental_8_0-V8.0.xsd,85f8e33df4641c56f3b6b96108690f89d214de8b5c864b1d6bd1e6bf8c7cc7bc,sha256:85f8e33df4641c56f3b6b96108690f89d214de8b5c864b1d6bd1e6bf8c7cc7bc,false
PHSFellowshipSupplemental,[Draft] PHS Fellowship Supplemental Form,8.0,AdditionalInformation.NonUSCitizen,PHS_Fellowship_Supplemental_8_0.AdditionalInformation.NonUSCitizen,Non USCitizen,question,concept:role:fellowship-candidate:non-us-citizen-status,concept:role:fellowship-candidate:non-us-citizen-status,question:sha256:4504c4048bba4cfa709c81093ad8f7c51e81bde7cb33686d012af5d1f4e057e2,agent_proposed,fellowship-candidate,,role-fellowship-candidate,0,1,behavior:sha256:578f412438a00b9b26bdf70da60ce922596d37d7716c775795cbc8ac7720f3d2|behavior:sha256:da96bbe2eb335909980ad6822d83e7ad2677267bf567320bffd62a783e30728e|behavior:sha256:dd25b33e23d5b8edb5a40a4fcc313b6efeeb7f260b29f79168e33585bcd99b01,runtime-rule:sha256:48162191c8b36a3807c68ecb8b4ae7ed3919ef17270f62b52a5d8dc285bbba63|runtime-rule:sha256:c4c8f3a33ab6a9c514f53a5a47c4b32e198e801b3aa5da0973629ead9c914a4a|runtime-rule:sha256:d7753a3d45d689e456e71fee249232bfc3a3146ebf08bd1546197ce6eda68ff8,condition,string,xsd_declared_type,PHS_Fellowship_Supplemental_8_0:NonUSCitizenDataType,https://apply07.grants.gov/apply/forms/schemas/PHS_Fellowship_Supplemental_8_0-V8.0.xsd,85f8e33df4641c56f3b6b96108690f89d214de8b5c864b1d6bd1e6bf8c7cc7bc,sha256:85f8e33df4641c56f3b6b96108690f89d214de8b5c864b1d6bd1e6bf8c7cc7bc,false
PHSFellowshipSupplemental,[Draft] PHS Fellowship Supplemental Form,8.0,AdditionalInformation.PermanentResidentByAwardIndicator,PHS_Fellowship_Supplemental_8_0.AdditionalInformation.PermanentResidentByAwardIndicator,Permanent Resident By Award Indicator,question,concept:role:fellowship-candidate:permanent-resident-by-award,concept:role:fellowship-candidate:permanent-resident-by-award,question:sha256:7efc5afd0ab5d8b87e2d65aa4f72de02cd4bdefbf2b5b2247f96c78466cf8c5d,agent_proposed,fellowship-candidate,,role-fellowship-candidate,0,1,behavior:sha256:8a3a1848eb6873e8b38a1c87b78666f19d1da5c728ef14a860df0022932f9184,runtime-rule:sha256:c4c8f3a33ab6a9c514f53a5a47c4b32e198e801b3aa5da0973629ead9c914a4a,condition,string,xsd_declared_type,globLib:YesNoDataType,https://apply07.grants.gov/apply/forms/schemas/PHS_Fellowship_Supplemental_8_0-V8.0.xsd,85f8e33df4641c56f3b6b96108690f89d214de8b5c864b1d6bd1e6bf8c7cc7bc,sha256:85f8e33df4641c56f3b6b96108690f89d214de8b5c864b1d6bd1e6bf8c7cc7bc,false
PHSFellowshipSupplemental,[Draft] PHS Fellowship Supplemental Form,8.0,AdditionalInformation.AlernatePhoneNumber,PHS_Fellowship_Supplemental_8_0.AdditionalInformation.AlernatePhoneNumber,Alernate Phone Number,question,concept:role:fellowship-candidate:phone-alternate,concept:role:fellowship-candidate:phone-alternate,question:sha256:71d7fe2af57d05f3f65862d0094f9a62b95f459319f2a415312c816b967a70b2,agent_proposed,fellowship-candidate,,role-fellowship-candidate,0,1,behavior:sha256:bc288010f55741b10ce646cfa9f4de636bc5ee375638be85359deb0846dea5c7,,,string,xsd_declared_type,globLib:TelephoneNumberDataType,https://apply07.grants.gov/apply/forms/schemas/PHS_Fellowship_Supplemental_8_0-V8.0.xsd,85f8e33df4641c56f3b6b96108690f89d214de8b5c864b1d6bd1e6bf8c7cc7bc,sha256:85f8e33df4641c56f3b6b96108690f89d214de8b5c864b1d6bd1e6bf8c7cc7bc,false
PHSFellowshipSupplemental,[Draft] PHS Fellowship Supplemental Form,8.0,AdditionalInformation.USCitizen,PHS_Fellowship_Supplemental_8_0.AdditionalInformation.USCitizen,USCitizen,question,concept:role:fellowship-candidate:us-citizen,concept:role:fellowship-candidate:us-citizen,question:sha256:b801a11c19b404d15812b7c893aba2810d125fd8ac6bbf98ee65158ed0cdf876,agent_proposed,fellowship-candidate,,role-fellowship-candidate,1,1,behavior:sha256:60ed18351961ca88a014a5805674f0e5fac00a12941a09d7570d9b5b01867d4d|behavior:sha256:6f04350bec688ae02e47312b8557c5db4d4a759bfd5323920d6de48fb01acaed|behavior:sha256:ddbc83e9b3b456abbd49d5547655351a034c7774c7800d0f00f4b5cb2efccf1a,runtime-rule:sha256:48162191c8b36a3807c68ecb8b4ae7ed3919ef17270f62b52a5d8dc285bbba63|runtime-rule:sha256:d7753a3d45d689e456e71fee249232bfc3a3146ebf08bd1546197ce6eda68ff8,condition,string,xsd_declared_type,globLib:YesNoDataType,https://apply07.grants.gov/apply/forms/schemas/PHS_Fellowship_Supplemental_8_0-V8.0.xsd,85f8e33df4641c56f3b6b96108690f89d214de8b5c864b1d6bd1e6bf8c7cc7bc,sha256:85f8e33df4641c56f3b6b96108690f89d214de8b5c864b1d6bd1e6bf8c7cc7bc,false
RRBudget,[Draft] Research & Related Budget,3.0,budget_year[].equipment.equipment_list[].funds_requested,RR_Budget_3_0.BudgetYear.Equipment.EquipmentList.FundsRequested,Equipment Item Funds Requested,question,concept:budget:equipment:funds-requested,concept:budget:equipment:funds-requested,question:sha256:2c567d7c3da18ef49fdc71ecbc91d97341cd4f335922502032d276c9fc736518,agent_proposed,prime_applicant,,parameterized-budget:cost-category,1,1,behavior:sha256:c03954cdef945cf502b2f1bc4c308fa1ed122371ecd3ed0681fa365d0bde7bd2,runtime-rule:sha256:3f388951d6a81abd8feb74c20a1c16055c9b737eb6e6dfac3ab0e1440d92e3db|runtime-rule:sha256:a08dea6998d3dee9fa4822f551cd6306977dd2c7bf57c0d95acd93328b014e5f|runtime-rule:sha256:c76d239b3887bdbbe5cc7f5ba632fce9594cd71fb5c8ba74df01f6bd7506264d,condition|guidance,string,xsd_declared_type,glob:DecimalMin1Max14Places2Type,https://apply07.grants.gov/apply/forms/schemas/RR_Budget_3_0-V3.0.xsd,d474010f85819549990de65fc51292bed08ba98ac0895d0dde9513fbe855cdbc,sha256:b318951e0686bd7978ab791bd63ad36d6fa6e93b6368747b272526360e99fedb,false
RRBudget,[Draft] Research & Related Budget,3.0,budget_year[].equipment.equipment_list[].equipment_item,RR_Budget_3_0.BudgetYear.Equipment.EquipmentList.EquipmentItem,Equipment Item,question,concept:budget:equipment:item,concept:budget:equipment:item,question:sha256:56c633e193fe06116c918b9b97fd4ad102fee27b646a8c6475c40a33e0980811,agent_proposed,prime_applicant,,parameterized-budget:cost-category,1,1,behavior:sha256:04b87e2336d228cac51784ac874864ac84a56e93d8e330836be5fac8fab7266a,runtime-rule:sha256:3f388951d6a81abd8feb74c20a1c16055c9b737eb6e6dfac3ab0e1440d92e3db|runtime-rule:sha256:b4d2e1676d529b53105232c1c3ed748066371e6c3bd504ff21edc4271327edb2|runtime-rule:sha256:c76d239b3887bdbbe5cc7f5ba632fce9594cd71fb5c8ba74df01f6bd7506264d,condition|guidance,string,xsd_declared_type,RR_Budget_3_0:String1_64DataType,https://apply07.grants.gov/apply/forms/schemas/RR_Budget_3_0-V3.0.xsd,d474010f85819549990de65fc51292bed08ba98ac0895d0dde9513fbe855cdbc,sha256:b318951e0686bd7978ab791bd63ad36d6fa6e93b6368747b272526360e99fedb,false
RRBudget,[Draft] Research & Related Budget,3.0,budget_year[].fee,RR_Budget_3_0.BudgetYear.Fee,Fee,question,concept:budget:fee,concept:budget:fee,question:sha256:a056c3c651763e2085f6be56d533a1d8aa8bf669ee4801c88d7df041019eaf34,agent_proposed,prime_applicant,,parameterized-budget:budget-period,0,1,behavior:sha256:5b6fa24a40bcb70fa6b975b78d5ee4f147bb7f2d9a0891b95d93a06d1372bf9d,runtime-rule:sha256:8ec9303aecb0e0862bb0437860834e7604a3030f2fd8e1423da837b377d78a3d|runtime-rule:sha256:aa0fc1c9e8b69a0e4ad1f43039a05d45f340462689ebacf19e9eb00fa0cb381d,calculation,string,xsd_declared_type,globLib:BudgetAmountDataType,https://apply07.grants.gov/apply/forms/schemas/RR_Budget_3_0-V3.0.xsd,d474010f85819549990de65fc51292bed08ba98ac0895d0dde9513fbe855cdbc,sha256:b318951e0686bd7978ab791bd63ad36d6fa6e93b6368747b272526360e99fedb,false
RRBudget,[Draft] Research & Related Budget,3.0,budget_year[].indirect_costs.indirect_cost[].base,RR_Budget_3_0.BudgetYear.IndirectCosts.IndirectCost.Base,Indirect Cost Base,question,concept:budget:indirect:base,concept:budget:indirect:base,question:sha256:1d21a163a608e488f40de21e1e5672325277deb579047f3e49b07e2a8b07480a,agent_proposed,prime_applicant,,parameterized-budget:indirect-cost,0,1,behavior:sha256:b598c5114e7c4e437c916f4cf2c12ec50cb9e074291f11f08f06fa75e3b55078,,,string,xsd_declared_type,glob:DecimalMin1Max14Places2Type,https://apply07.grants.gov/apply/forms/schemas/RR_Budget_3_0-V3.0.xsd,d474010f85819549990de65fc51292bed08ba98ac0895d0dde9513fbe855cdbc,sha256:b318951e0686bd7978ab791bd63ad36d6fa6e93b6368747b272526360e99fedb,false
RRBudget,[Draft] Research & Related Budget,3.0,budget_year[].cognizant_federal_agency,RR_Budget_3_0.BudgetYear.CognizantFederalAgency,"Cognizant Federal Agency (Agency Name, POC Name, and POC Phone Number)",question,concept:budget:indirect:cognizant-agency,concept:budget:indirect:cognizant-agency,question:sha256:437fe4272b22e8d65d80558398e78e536855b36bfc46699cd992a181312d1413,agent_proposed,prime_applicant,,parameterized-budget:indirect-cost,0,1,behavior:sha256:78964578bdf38429ae6acc27cf2756ee1c8547b46712fb2f2fb1a22827d93456,,,string,normalized_source_type,string,https://apply07.grants.gov/apply/forms/schemas/RR_Budget_3_0-V3.0.xsd,d474010f85819549990de65fc51292bed08ba98ac0895d0dde9513fbe855cdbc,sha256:b318951e0686bd7978ab791bd63ad36d6fa6e93b6368747b272526360e99fedb,false
RRBudget,[Draft] Research & Related Budget,3.0,budget_year[].indirect_costs.indirect_cost[].cost_type,RR_Budget_3_0.BudgetYear.IndirectCosts.IndirectCost.CostType,Indirect Cost Type,question,concept:budget:indirect:cost-type,concept:budget:indirect:cost-type,question:sha256:465fc30143dcabda5e15ac2b74d3f2073727bd986c39c0fb5f1db061cb7cbdae,agent_proposed,prime_applicant,,parameterized-budget:indirect-cost,1,1,behavior:sha256:ce8cf4b2c3587623f4eeb32db30cd188f60c487e409e1c64e77f0364caef5cd8,runtime-rule:sha256:9872c79bfc86acf687a78e7c3662340ff9a3d47a75d77d8f3aa208e1bb91f08a,guidance,string,xsd_declared_type,RR_Budget_3_0:String1_64DataType,https://apply07.grants.gov/apply/forms/schemas/RR_Budget_3_0-V3.0.xsd,d474010f85819549990de65fc51292bed08ba98ac0895d0dde9513fbe855cdbc,sha256:b318951e0686bd7978ab791bd63ad36d6fa6e93b6368747b272526360e99fedb,false
RRBudget,[Draft] Research & Related Budget,3.0,budget_year[].indirect_costs.indirect_cost[].fund_requested,RR_Budget_3_0.BudgetYear.IndirectCosts.IndirectCost.FundRequested,Indirect Costs Funds Requested,question,concept:budget:indirect:funds-requested,concept:budget:indirect:funds-requested,question:sha256:2e9463db01b406ed453d43d99f9199fa51c220cfde3ea58f740b20c29d3679e5,agent_proposed,prime_applicant,,parameterized-budget:indirect-cost,1,1,behavior:sha256:e17d9fad042d42fcb4a1935912723da266b19f83577cd9f53cbc603ae7f1d970,runtime-rule:sha256:9b798d9c890663223896d1dc1ef2110691a082157cf55d040e5f62e3a2a90ab6,guidance,string,xsd_declared_type,glob:DecimalMin1Max14Places2Type,https://apply07.grants.gov/apply/forms/schemas/RR_Budget_3_0-V3.0.xsd,d474010f85819549990de65fc51292bed08ba98ac0895d0dde9513fbe855cdbc,sha256:b318951e0686bd7978ab791bd63ad36d6fa6e93b6368747b272526360e99fedb,false
RRBudget,[Draft] Research & Related Budget,3.0,budget_year[].indirect_costs.indirect_cost[].rate,RR_Budget_3_0.BudgetYear.IndirectCosts.IndirectCost.Rate,Indirect Cost Rate,question,concept:budget:indirect:rate,concept:budget:indirect:rate,question:sha256:1367a1de6b866eae6a5924849d675107954a9febe9b8714ff298d120d1d8e883,agent_proposed,prime_applicant,,parameterized-budget:indirect-cost,0,1,behavior:sha256:708e4fc49659765ed6318f93b0dccce64b06bc6d6cf6f23e12f83cf75d955030,runtime-rule:sha256:058ae32d486d1c18c23958dd576ed45cd71f0e2e76bafd108a1630741f75aba9,guidance,string,normalized_source_type,decimal,https://apply07.grants.gov/apply/forms/schemas/RR_Budget_3_0-V3.0.xsd,d474010f85819549990de65fc51292bed08ba98ac0895d0dde9513fbe855cdbc,sha256:b318951e0686bd7978ab791bd63ad36d6fa6e93b6368747b272526360e99fedb,false
RRBudget,[Draft] Research & Related Budget,3.0,budget_year[].other_direct_costs.other_direct_cost_1.cost,RR_Budget_3_0.BudgetYear.OtherDirectCosts.OtherDirectCost1.Cost,Additional Other Direct Cost Funds Requested,question,concept:budget:line:cost,concept:budget:line:cost,question:sha256:5f9c3af7a715afed9fea48f38aa43f067013b98c26a5c2ba229a26100f0c2fd4,agent_proposed,prime_applicant,,parameterized-budget:cost-category,1,1,behavior:sha256:38f14a3bd655c303f1e443a09d3692b9cda56e626dc3aa30d09bbdaf208d4966,runtime-rule:sha256:a7c4bfd9f3f1a625d2eb479ebe3c532c609eb60c5d4d1d5747a626aea00672ca|runtime-rule:sha256:e98890d9d5a3131027d422a1818e68b58915261d0c9158e22902818fb23846f0,condition|guidance,string,xsd_declared_type,glob:DecimalMin1Max14Places2Type,https://apply07.grants.gov/apply/forms/schemas/RR_Budget_3_0-V3.0.xsd,d474010f85819549990de65fc51292bed08ba98ac0895d0dde9513fbe855cdbc,sha256:b318951e0686bd7978ab791bd63ad36d6fa6e93b6368747b272526360e99fedb,false
RRBudget,[Draft] Research & Related Budget,3.0,budget_year[].other_direct_costs.other_direct_cost_10.cost,RR_Budget_3_0.BudgetYear.OtherDirectCosts.OtherDirectCost10.Cost,Additional Other Direct Cost Funds Requested,question,concept:budget:line:cost,concept:budget:line:cost,question:sha256:474b8f91d74014d14fbdcb69e4fac5c5ceb09bda2f2ee3d1cd97af58af0cab9b,agent_proposed,prime_applicant,,parameterized-budget:cost-category,1,1,behavior:sha256:38f14a3bd655c303f1e443a09d3692b9cda56e626dc3aa30d09bbdaf208d4966,runtime-rule:sha256:319db3a9794110e3c2e7bf07c4c424334cb015880f112412297ee7c53bb3c110|runtime-rule:sha256:3673c31b9e1101fe1467caa67ba25b51936f27a13c385f50bec0c8ce6d84db39,condition|guidance,string,xsd_declared_type,glob:DecimalMin1Max14Places2Type,https://apply07.grants.gov/apply/forms/schemas/RR_Budget_3_0-V3.0.xsd,d474010f85819549990de65fc51292bed08ba98ac0895d0dde9513fbe855cdbc,sha256:b318951e0686bd7978ab791bd63ad36d6fa6e93b6368747b272526360e99fedb,false
RRBudget,[Draft] Research & Related Budget,3.0,budget_year[].other_direct_costs.other_direct_cost_2.cost,RR_Budget_3_0.BudgetYear.OtherDirectCosts.OtherDirectCost2.Cost,Additional Other Direct Cost Funds Requested,question,concept:budget:line:cost,concept:budget:line:cost,question:sha256:0221b63bfe92fd480c669986ccc157f6827aad73645eb897f428b21a54400ece,agent_proposed,prime_applicant,,parameterized-budget:cost-category,1,1,behavior:sha256:38f14a3bd655c303f1e443a09d3692b9cda56e626dc3aa30d09bbdaf208d4966,runtime-rule:sha256:26c28ebc094d3e06fc07241b6c6f1981920a82f3c89c4a6effdfd76ccd7705e4|runtime-rule:sha256:5aad643ab247bd502a221683bddf0c8b4f9d63a7fbcc2eccc83a3d1269e937ec,condition|guidance,string,xsd_declared_type,glob:DecimalMin1Max14Places2Type,https://apply07.grants.gov/apply/forms/schemas/RR_Budget_3_0-V3.0.xsd,d474010f85819549990de65fc51292bed08ba98ac0895d0dde9513fbe855cdbc,sha256:b318951e0686bd7978ab791bd63ad36d6fa6e93b6368747b272526360e99fedb,false
RRBudget,[Draft] Research & Related Budget,3.0,budget_year[].other_direct_costs.other_direct_cost_3.cost,RR_Budget_3_0.BudgetYear.OtherDirectCosts.OtherDirectCost3.Cost,Additional Other Direct Cost Funds Requested,question,concept:budget:line:cost,concept:budget:line:cost,question:sha256:f5054928f6884c17aded93662f8da2b8ff14ada1ef68c34c1773a7fa825d0aee,agent_proposed,prime_applicant,,parameterized-budget:cost-category,1,1,behavior:sha256:38f14a3bd655c303f1e443a09d3692b9cda56e626dc3aa30d09bbdaf208d4966,runtime-rule:sha256:365e3228e2b195a2375c5ddd6cf7301706e5c04096ba095d5e4b9e8cd0b83687|runtime-rule:sha256:3c2bbf41fad26c5190eb8c50b82267924c435ed757089e3145a3c717e38bc191,condition|guidance,string,xsd_declared_type,glob:DecimalMin1Max14Places2Type,https://apply07.grants.gov/apply/forms/schemas/RR_Budget_3_0-V3.0.xsd,d474010f85819549990de65fc51292bed08ba98ac0895d0dde9513fbe855cdbc,sha256:b318951e0686bd7978ab791bd63ad36d6fa6e93b6368747b272526360e99fedb,false
RRBudget,[Draft] Research & Related Budget,3.0,budget_year[].other_direct_costs.other_direct_cost_4.cost,RR_Budget_3_0.BudgetYear.OtherDirectCosts.OtherDirectCost4.Cost,Additional Other Direct Cost Funds Requested,question,concept:budget:line:cost,concept:budget:line:cost,question:sha256:9b5b56359f529f6f1f7bb63fce9ca5590b1b935032c390d9a01620abd5c77848,agent_proposed,prime_applicant,,parameterized-budget:cost-category,1,1,behavior:sha256:38f14a3bd655c303f1e443a09d3692b9cda56e626dc3aa30d09bbdaf208d4966,runtime-rule:sha256:734de0e6dbd76fc97f7af402b223ff39531d3efc75f6c440e5e4e30fdde2497e|runtime-rule:sha256:92ae964c784037d190172e4c4e8b73a206d368823e18e9c978ccce03bd0d9f19,condition|guidance,string,xsd_declared_type,glob:DecimalMin1Max14Places2Type,https://apply07.grants.gov/apply/forms/schemas/RR_Budget_3_0-V3.0.xsd,d474010f85819549990de65fc51292bed08ba98ac0895d0dde9513fbe855cdbc,sha256:b318951e0686bd7978ab791bd63ad36d6fa6e93b6368747b272526360e99fedb,false
RRBudget,[Draft] Research & Related Budget,3.0,budget_year[].other_direct_costs.other_direct_cost_5.cost,RR_Budget_3_0.BudgetYear.OtherDirectCosts.OtherDirectCost5.Cost,Additional Other Direct Cost Funds Requested,question,concept:budget:line:cost,concept:budget:line:cost,question:sha256:357ea6681f70dacfa07cbb91a7ca86ba3bf1f3d59fd9fe41c3e767d79c6fe90c,agent_proposed,prime_applicant,,parameterized-budget:cost-category,1,1,behavior:sha256:38f14a3bd655c303f1e443a09d3692b9cda56e626dc3aa30d09bbdaf208d4966,runtime-rule:sha256:a9592e03696980e541b55e8544bbc7cc0e0180a92bc037ce02747b69aea51b33|runtime-rule:sha256:d86abbabd46ed7fd1e3357c0db8e6b2820879c790cb281ee6ecd78f8a0dd8d52,condition|guidance,string,xsd_declared_type,glob:DecimalMin1Max14Places2Type,https://apply07.grants.gov/apply/forms/schemas/RR_Budget_3_0-V3.0.xsd,d474010f85819549990de65fc51292bed08ba98ac0895d0dde9513fbe855cdbc,sha256:b318951e0686bd7978ab791bd63ad36d6fa6e93b6368747b272526360e99fedb,false
RRBudget,[Draft] Research & Related Budget,3.0,budget_year[].other_direct_costs.other_direct_cost_6.cost,RR_Budget_3_0.BudgetYear.OtherDirectCosts.OtherDirectCost6.Cost,Additional Other Direct Cost Funds Requested,question,concept:budget:line:cost,concept:budget:line:cost,question:sha256:cd90d24fa8c9e1ffc8971c9fda6786a080ba23d7ae7d3605af536c04ad22b105,agent_proposed,prime_applicant,,parameterized-budget:cost-category,1,1,behavior:sha256:38f14a3bd655c303f1e443a09d3692b9cda56e626dc3aa30d09bbdaf208d4966,runtime-rule:sha256:50e41bc38a342ed8543eae9de5d8b22831dc7fd75e905c5a53b772b99c34a6b8|runtime-rule:sha256:bf29a3c1e049a9897f83b504ccdf236ca1d7e99dc45f88c9edc09d0f4a2be23b,condition|guidance,string,xsd_declared_type,glob:DecimalMin1Max14Places2Type,https://apply07.grants.gov/apply/forms/schemas/RR_Budget_3_0-V3.0.xsd,d474010f85819549990de65fc51292bed08ba98ac0895d0dde9513fbe855cdbc,sha256:b318951e0686bd7978ab791bd63ad36d6fa6e93b6368747b272526360e99fedb,false
RRBudget,[Draft] Research & Related Budget,3.0,budget_year[].other_direct_costs.other_direct_cost_7.cost,RR_Budget_3_0.BudgetYear.OtherDirectCosts.OtherDirectCost7.Cost,Additional Other Direct Cost Funds Requested,question,concept:budget:line:cost,concept:budget:line:cost,question:sha256:aa52f6b2322b074df111305605dbfc1ad41e7aabb431ec43c9887f7801ad24ab,agent_proposed,prime_applicant,,parameterized-budget:cost-category,1,1,behavior:sha256:38f14a3bd655c303f1e443a09d3692b9cda56e626dc3aa30d09bbdaf208d4966,runtime-rule:sha256:0c90dcb89471fd83e58aee70e1594a299e7b583eec4f0b3b7050f3ee164d05eb|runtime-rule:sha256:bffdbad3658a666d3baedb992bb9bf12131eb89a402472b63a2c46ede8309ba7,condition|guidance,string,xsd_declared_type,glob:DecimalMin1Max14Places2Type,https://apply07.grants.gov/apply/forms/schemas/RR_Budget_3_0-V3.0.xsd,d474010f85819549990de65fc51292bed08ba98ac0895d0dde9513fbe855cdbc,sha256:b318951e0686bd7978ab791bd63ad36d6fa6e93b6368747b272526360e99fedb,false
RRBudget,[Draft] Research & Related Budget,3.0,budget_year[].other_direct_costs.other_direct_cost_8.cost,RR_Budget_3_0.BudgetYear.OtherDirectCosts.OtherDirectCost8.Cost,Additional Other Direct Cost Funds Requested,question,concept:budget:line:cost,concept:budget:line:cost,question:sha256:167f8153a407a59d9a932b8c849575a74df6c9a7181f974c5fd414590e2d64d2,agent_proposed,prime_applicant,,parameterized-budget:cost-category,1,1,behavior:sha256:38f14a3bd655c303f1e443a09d3692b9cda56e626dc3aa30d09bbdaf208d4966,runtime-rule:sha256:14e2944a70a80e25f11d29ce31fb16a846d85eee168feaaf8aabc598fef29fc2|runtime-rule:sha256:2a76a2de108dfec90a314042d47fe33bef493039a7de2be1174d8a7264ead73f,condition|guidance,string,xsd_declared_type,glob:DecimalMin1Max14Places2Type,https://apply07.grants.gov/apply/forms/schemas/RR_Budget_3_0-V3.0.xsd,d474010f85819549990de65fc51292bed08ba98ac0895d0dde9513fbe855cdbc,sha256:b318951e0686bd7978ab791bd63ad36d6fa6e93b6368747b272526360e99fedb,false
RRBudget,[Draft] Research & Related Budget,3.0,budget_year[].other_direct_costs.other_direct_cost_9.cost,RR_Budget_3_0.BudgetYear.OtherDirectCosts.OtherDirectCost9.Cost,Additional Other Direct Cost Funds Requested,question,concept:budget:line:cost,concept:budget:line:cost,question:sha256:447dae9212ecb26fab44d328b8b097b170a4a648df3e2a16ebe1247aebb4f588,agent_proposed,prime_applicant,,parameterized-budget:cost-category,1,1,behavior:sha256:38f14a3bd655c303f1e443a09d3692b9cda56e626dc3aa30d09bbdaf208d4966,runtime-rule:sha256:702f6cdf0516a71dad05e6fe14c022ed97a968865f5d81cdb3f4cf8032cd3283|runtime-rule:sha256:f7093288c5fbf14855e8d3b4a44de634bf48d171f53dfa1643d6382b3333dc1a,condition|guidance,string,xsd_declared_type,glob:DecimalMin1Max14Places2Type,https://apply07.grants.gov/apply/forms/schemas/RR_Budget_3_0-V3.0.xsd,d474010f85819549990de65fc51292bed08ba98ac0895d0dde9513fbe855cdbc,sha256:b318951e0686bd7978ab791bd63ad36d6fa6e93b6368747b272526360e99fedb,false
RRBudget,[Draft] Research & Related Budget,3.0,budget_year[].participant_trainee_support_costs.other.cost,RR_Budget_3_0.BudgetYear.ParticipantTraineeSupportCosts.Other.Cost,Other Participant/Trainee Costs,question,concept:budget:line:cost,concept:budget:line:cost,question:sha256:bc4a4146cd4a669e9ab268d2136ea42cf68646e8312c12db3f167c06cc6140c4,agent_proposed,prime_applicant,,parameterized-budget:cost-category,1,1,behavior:sha256:6fc445b7571a974f6a7067d01710f5fbdc7d75c550910040c22b0bcd59e12b13,runtime-rule:sha256:54eabda353429cec228a87508ed1e41347b295847a7363d26cbe71aa860fd17f|runtime-rule:sha256:b7fbeef52d588293fdc2a65cb8bcaec51ae62d54c221c2f80e93342e8f1ce4a5|runtime-rule:sha256:da0e1d0e57e56efda4454d404e0b09ea65d739cfcb1eff73a561edb50f5ddbb5,condition|guidance,string,xsd_declared_type,glob:DecimalMin1Max14Places2Type,https://apply07.grants.gov/apply/forms/schemas/RR_Budget_3_0-V3.0.xsd,d474010f85819549990de65fc51292bed08ba98ac0895d0dde9513fbe855cdbc,sha256:b318951e0686bd7978ab791bd63ad36d6fa6e93b6368747b272526360e99fedb,false
RRBudget,[Draft] Research & Related Budget,3.0,budget_year[].other_direct_costs.other_direct_cost_1.description,RR_Budget_3_0.BudgetYear.OtherDirectCosts.OtherDirectCost1.Description,Additional Other Direct Cost Description,question,concept:budget:line:description,concept:budget:line:description,question:sha256:88b6fac7675ce711681c2ba65fe7a506908f1135621abfc411e4d3848039c0ae,agent_proposed,prime_applicant,,parameterized-budget:cost-category,1,1,behavior:sha256:558d6e3e22862b8dfefaa17770a96a96874e25f8af1e7e58d2ddd2758d0948f9,runtime-rule:sha256:4a8c346b81dc1de8ad04749df8b48b44f8ca1a1e8eacb3a24ec038f02d6264be|runtime-rule:sha256:97d3de297f513831fc7f383392cdd72ae4edf594458beaf2a233ededee64f194,condition|guidance,string,xsd_declared_type,RR_Budget_3_0:String1_120DataType,https://apply07.grants.gov/apply/forms/schemas/RR_Budget_3_0-V3.0.xsd,d474010f85819549990de65fc51292bed08ba98ac0895d0dde9513fbe855cdbc,sha256:b318951e0686bd7978ab791bd63ad36d6fa6e93b6368747b272526360e99fedb,false
RRBudget,[Draft] Research & Related Budget,3.0,budget_year[].other_direct_costs.other_direct_cost_10.description,RR_Budget_3_0.BudgetYear.OtherDirectCosts.OtherDirectCost10.Description,Additional Other Direct Cost Description,question,concept:budget:line:description,concept:budget:line:description,question:sha256:684ecbc50eacf7755b801a73cf49a1be965349ed8d26241be541f154eabbab95,agent_proposed,prime_applicant,,parameterized-budget:cost-category,1,1,behavior:sha256:558d6e3e22862b8dfefaa17770a96a96874e25f8af1e7e58d2ddd2758d0948f9,runtime-rule:sha256:001ba0608ec43347d9df36ef544d0ca40729863180051156baea7570f0f5422e|runtime-rule:sha256:a9cb81649788611654da824049e4f816670a78e371cc810b6497886e6745c578,condition|guidance,string,xsd_declared_type,RR_Budget_3_0:String1_120DataType,https://apply07.grants.gov/apply/forms/schemas/RR_Budget_3_0-V3.0.xsd,d474010f85819549990de65fc51292bed08ba98ac0895d0dde9513fbe855cdbc,sha256:b318951e0686bd7978ab791bd63ad36d6fa6e93b6368747b272526360e99fedb,false
RRBudget,[Draft] Research & Related Budget,3.0,budget_year[].other_direct_costs.other_direct_cost_2.description,RR_Budget_3_0.BudgetYear.OtherDirectCosts.OtherDirectCost2.Description,Additional Other Direct Cost Description,question,concept:budget:line:description,concept:budget:line:description,question:sha256:4382f9c3e8b507b2d6a13de1d1592eac96d0b347939b8118bcd88bd333a525e0,agent_proposed,prime_applicant,,parameterized-budget:cost-category,1,1,behavior:sha256:558d6e3e22862b8dfefaa17770a96a96874e25f8af1e7e58d2ddd2758d0948f9,runtime-rule:sha256:2866de3b956facd19dda1e5df4ba4762e2e0adfeca8321b7fa4ebc5dd7b1443c|runtime-rule:sha256:9a51eea15ed8a56df482e69d60d7bb1617045b182809b54ce1eca1d873b94bba,condition|guidance,string,xsd_declared_type,RR_Budget_3_0:String1_120DataType,https://apply07.grants.gov/apply/forms/schemas/RR_Budget_3_0-V3.0.xsd,d474010f85819549990de65fc51292bed08ba98ac0895d0dde9513fbe855cdbc,sha256:b318951e0686bd7978ab791bd63ad36d6fa6e93b6368747b272526360e99fedb,false
RRBudget,[Draft] Research & Related Budget,3.0,budget_year[].other_direct_costs.other_direct_cost_3.description,RR_Budget_3_0.BudgetYear.OtherDirectCosts.OtherDirectCost3.Description,Additional Other Direct Cost Description,question,concept:budget:line:description,concept:budget:line:description,question:sha256:51f4dbe3e433ecc9fa1caba5981a0d367179b65f9876baeb7e8f4de6e76f140c,agent_proposed,prime_applicant,,parameterized-budget:cost-category,1,1,behavior:sha256:558d6e3e22862b8dfefaa17770a96a96874e25f8af1e7e58d2ddd2758d0948f9,runtime-rule:sha256:5a5f0189899352bfc29da0869e79f3f256ba1b64a1796e3e43871d7019ad6882|runtime-rule:sha256:a9836f7845618cc13aa5b373595732c452c4b61b680269de0b219a6e2028a421,condition|guidance,string,xsd_declared_type,RR_Budget_3_0:String1_120DataType,https://apply07.grants.gov/apply/forms/schemas/RR_Budget_3_0-V3.0.xsd,d474010f85819549990de65fc51292bed08ba98ac0895d0dde9513fbe855cdbc,sha256:b318951e0686bd7978ab791bd63ad36d6fa6e93b6368747b272526360e99fedb,false
RRBudget,[Draft] Research & Related Budget,3.0,budget_year[].other_direct_costs.other_direct_cost_4.description,RR_Budget_3_0.BudgetYear.OtherDirectCosts.OtherDirectCost4.Description,Additional Other Direct Cost Description,question,concept:budget:line:description,concept:budget:line:description,question:sha256:b9afc7898963e9bb3fb5e29c46b465643a6a5fc789eae8138c3ee54439665ada,agent_proposed,prime_applicant,,parameterized-budget:cost-category,1,1,behavior:sha256:558d6e3e22862b8dfefaa17770a96a96874e25f8af1e7e58d2ddd2758d0948f9,runtime-rule:sha256:9e295ce6aa111c6f2be781b56a4fa148a1ea8861b8ace06e2c35d91f7ee4a4d9|runtime-rule:sha256:b2268449b2f354d465af3fcf13241f95f579c43ad90854487d9fb915738127bb,condition|guidance,string,xsd_declared_type,RR_Budget_3_0:String1_120DataType,https://apply07.grants.gov/apply/forms/schemas/RR_Budget_3_0-V3.0.xsd,d474010f85819549990de65fc51292bed08ba98ac0895d0dde9513fbe855cdbc,sha256:b318951e0686bd7978ab791bd63ad36d6fa6e93b6368747b272526360e99fedb,false
RRBudget,[Draft] Research & Related Budget,3.0,budget_year[].other_direct_costs.other_direct_cost_5.description,RR_Budget_3_0.BudgetYear.OtherDirectCosts.OtherDirectCost5.Description,Additional Other Direct Cost Description,question,concept:budget:line:description,concept:budget:line:description,question:sha256:2297cc9e3011434412be38891be7ea762da6248ca26760240553abfe81ccd797,agent_proposed,prime_applicant,,parameterized-budget:cost-category,1,1,behavior:sha256:558d6e3e22862b8dfefaa17770a96a96874e25f8af1e7e58d2ddd2758d0948f9,runtime-rule:sha256:1f98da44a42be0bc5262284a963c9d6840fdd378cae64439b83b3ccb8b434433|runtime-rule:sha256:e5015f1ca4f325ba6343ed262097c66ffb459b572f2da272001896da8fc90709,condition|guidance,string,xsd_declared_type,RR_Budget_3_0:String1_120DataType,https://apply07.grants.gov/apply/forms/schemas/RR_Budget_3_0-V3.0.xsd,d474010f85819549990de65fc51292bed08ba98ac0895d0dde9513fbe855cdbc,sha256:b318951e0686bd7978ab791bd63ad36d6fa6e93b6368747b272526360e99fedb,false
RRBudget,[Draft] Research & Related Budget,3.0,budget_year[].other_direct_costs.other_direct_cost_6.description,RR_Budget_3_0.BudgetYear.OtherDirectCosts.OtherDirectCost6.Description,Additional Other Direct Cost Description,question,concept:budget:line:description,concept:budget:line:description,question:sha256:884940ae9c4f2bcc7d45630ff4afc1b051e93c59272a347ec8294749ee48b616,agent_proposed,prime_applicant,,parameterized-budget:cost-category,1,1,behavior:sha256:558d6e3e22862b8dfefaa17770a96a96874e25f8af1e7e58d2ddd2758d0948f9,runtime-rule:sha256:0af990d92b3c90f803a32568bcb52c717b3f9f30b850f1bd67c783e0edf574be|runtime-rule:sha256:685caa0ac0c555c10dc4c8ccb528fc14ece0bd5a98757828a93632e7901ebbb4,condition|guidance,string,xsd_declared_type,RR_Budget_3_0:String1_120DataType,https://apply07.grants.gov/apply/forms/schemas/RR_Budget_3_0-V3.0.xsd,d474010f85819549990de65fc51292bed08ba98ac0895d0dde9513fbe855cdbc,sha256:b318951e0686bd7978ab791bd63ad36d6fa6e93b6368747b272526360e99fedb,false
RRBudget,[Draft] Research & Related Budget,3.0,budget_year[].other_direct_costs.other_direct_cost_7.description,RR_Budget_3_0.BudgetYear.OtherDirectCosts.OtherDirectCost7.Description,Additional Other Direct Cost Description,question,concept:budget:line:description,concept:budget:line:description,question:sha256:b7c603796637afacfff68b8224f834abab9295dfbfcf1f148c1e1459e3a19681,agent_proposed,prime_applicant,,parameterized-budget:cost-category,1,1,behavior:sha256:558d6e3e22862b8dfefaa17770a96a96874e25f8af1e7e58d2ddd2758d0948f9,runtime-rule:sha256:125d7f0fb0dfb24236eec09413263f186cd08ca8c9a4bacb2e7e8fc8779dfe61|runtime-rule:sha256:46d48edbae203f82f81603d5141555ce867da88f88293056b4c3d7a8f6bb2e61,condition|guidance,string,xsd_declared_type,RR_Budget_3_0:String1_120DataType,https://apply07.grants.gov/apply/forms/schemas/RR_Budget_3_0-V3.0.xsd,d474010f85819549990de65fc51292bed08ba98ac0895d0dde9513fbe855cdbc,sha256:b318951e0686bd7978ab791bd63ad36d6fa6e93b6368747b272526360e99fedb,false
RRBudget,[Draft] Research & Related Budget,3.0,budget_year[].other_direct_costs.other_direct_cost_8.description,RR_Budget_3_0.BudgetYear.OtherDirectCosts.OtherDirectCost8.Description,Additional Other Direct Cost Description,question,concept:budget:line:description,concept:budget:line:description,question:sha256:f5be98c50f0ee51a89a7ad4f93de22b1391a904b60caf67a8389556eb3d8b640,agent_proposed,prime_applicant,,parameterized-budget:cost-category,1,1,behavior:sha256:558d6e3e22862b8dfefaa17770a96a96874e25f8af1e7e58d2ddd2758d0948f9,runtime-rule:sha256:18642c76e4c27e2fa553e82de750d2d8c2ae9dee5023262f068511f311c9c439|runtime-rule:sha256:e92c6a4bad3bafe4215a8408bde5f74e45a64092e45ea45418fe8cde6a22a4f2,condition|guidance,string,xsd_declared_type,RR_Budget_3_0:String1_120DataType,https://apply07.grants.gov/apply/forms/schemas/RR_Budget_3_0-V3.0.xsd,d474010f85819549990de65fc51292bed08ba98ac0895d0dde9513fbe855cdbc,sha256:b318951e0686bd7978ab791bd63ad36d6fa6e93b6368747b272526360e99fedb,false
RRBudget,[Draft] Research & Related Budget,3.0,budget_year[].other_direct_costs.other_direct_cost_9.description,RR_Budget_3_0.BudgetYear.OtherDirectCosts.OtherDirectCost9.Description,Additional Other Direct Cost Description,question,concept:budget:line:description,concept:budget:line:description,question:sha256:46fe9d458dfef5c1033d613a8a3e9764f1e7e1454992bc43f81250843c059ebd,agent_proposed,prime_applicant,,parameterized-budget:cost-category,1,1,behavior:sha256:558d6e3e22862b8dfefaa17770a96a96874e25f8af1e7e58d2ddd2758d0948f9,runtime-rule:sha256:03b6d6784b756af4ace4d68ca699ce90de442f88648a0a68ea80f3ced1c92a2d|runtime-rule:sha256:5469933327d24042bbb694fba1119d17e1f397f70135d0bd17a26c8a19b67e63,condition|guidance,string,xsd_declared_type,RR_Budget_3_0:String1_120DataType,https://apply07.grants.gov/apply/forms/schemas/RR_Budget_3_0-V3.0.xsd,d474010f85819549990de65fc51292bed08ba98ac0895d0dde9513fbe855cdbc,sha256:b318951e0686bd7978ab791bd63ad36d6fa6e93b6368747b272526360e99fedb,false
RRBudget,[Draft] Research & Related Budget,3.0,budget_year[].participant_trainee_support_costs.other.description,RR_Budget_3_0.BudgetYear.ParticipantTraineeSupportCosts.Other.Description,5. Other,question,concept:budget:line:description,concept:budget:line:description,question:sha256:d9db81c4cc7269cc3dde4a9f5ef70ff87356cfa2573793894eef31f06c1d0bd5,agent_proposed,prime_applicant,,parameterized-budget:cost-category,1,1,behavior:sha256:6e5d742760148af04dd241ff88683de213ae8a73270432fd64e3583db7a5b960,runtime-rule:sha256:4da84dd78cad955c5a774e379e0d457de9be8031dcd826648abf2dd4cd62c93f|runtime-rule:sha256:54eabda353429cec228a87508ed1e41347b295847a7363d26cbe71aa860fd17f|runtime-rule:sha256:b7fbeef52d588293fdc2a65cb8bcaec51ae62d54c221c2f80e93342e8f1ce4a5,condition|guidance,string,xsd_declared_type,glob:StringMin1Max100Type,https://apply07.grants.gov/apply/forms/schemas/RR_Budget_3_0-V3.0.xsd,d474010f85819549990de65fc51292bed08ba98ac0895d0dde9513fbe855cdbc,sha256:b318951e0686bd7978ab791bd63ad36d6fa6e93b6368747b272526360e99fedb,false
RRBudget,[Draft] Research & Related Budget,3.0,budget_year[].other_direct_costs.alterations_renovations,RR_Budget_3_0.BudgetYear.OtherDirectCosts.AlterationsRenovations,7. Alterations and Renovations,question,concept:budget:other-direct:alterations-renovations,concept:budget:other-direct:alterations-renovations,question:sha256:d424621139468df9d14c879e5f5dd22c10e45bb459d503e3956d8e53b76346df,agent_proposed,prime_applicant,,parameterized-budget:cost-category,0,1,behavior:sha256:c5a7ffc5e91fa721624098fa1f176a477ddeb1c88d0d328a0f34e2e41ea2d389,runtime-rule:sha256:7111c842b2d93c7f05f05bb33fb719e2061bd84e655eac2a802bd7c843ca7f42|runtime-rule:sha256:80b243db613919207e8c1e32e01d5e784b017b6c7ba78be0121d98891c121e84,calculation|guidance,string,xsd_declared_type,glob:DecimalMin1Max14Places2Type,https://apply07.grants.gov/apply/forms/schemas/RR_Budget_3_0-V3.0.xsd,d474010f85819549990de65fc51292bed08ba98ac0895d0dde9513fbe855cdbc,sha256:b318951e0686bd7978ab791bd63ad36d6fa6e93b6368747b272526360e99fedb,false
RRBudget,[Draft] Research & Related Budget,3.0,budget_year[].other_direct_costs.adp_computer_services,RR_Budget_3_0.BudgetYear.OtherDirectCosts.ADPComputerServices,4. ADP/Computer Services,question,concept:budget:other-direct:computer-services,concept:budget:other-direct:computer-services,question:sha256:dd39b3878655050617137f9a0a55d16667724f0fa092d0ed8cdd9242c2f9b443,agent_proposed,prime_applicant,,parameterized-budget:cost-category,0,1,behavior:sha256:a56066eb9ed80b3acb50ffb8468b7138e713c6fa87a876e5debb21dbef294206,runtime-rule:sha256:61ae215964606b46aa534802919adee1e9e9d6d8257478833e6953340b3f8abb|runtime-rule:sha256:788b81053077509fc39ebbb7e0c7d8e29b4afa5b56a7020294da86c3227ee4f7,calculation|guidance,string,xsd_declared_type,glob:DecimalMin1Max14Places2Type,https://apply07.grants.gov/apply/forms/schemas/RR_Budget_3_0-V3.0.xsd,d474010f85819549990de65fc51292bed08ba98ac0895d0dde9513fbe855cdbc,sha256:b318951e0686bd7978ab791bd63ad36d6fa6e93b6368747b272526360e99fedb,false
RRBudget,[Draft] Research & Related Budget,3.0,budget_year[].other_direct_costs.consultant_services,RR_Budget_3_0.BudgetYear.OtherDirectCosts.ConsultantServices,3. Consultant Services,question,concept:budget:other-direct:consultant,concept:budget:other-direct:consultant,question:sha256:32fcec38d0a96080c6755fb6f754a62de9f7110099478943ba9236f3c7aedb5e,agent_proposed,prime_applicant,,parameterized-budget:cost-category,0,1,behavior:sha256:62d6cfd01dc7f534e73e17e2e5744a8b77f10585d5ab28728ffac8a52696d84b,runtime-rule:sha256:c12ad021cb2ba4c52ed1b909df26b9d780bf284d15792df54864673e36ac1cf2|runtime-rule:sha256:feeaef162388c4cbd2ed8823b0339b4cfeb9e205a476bc659f05665808f60b9f,calculation|guidance,string,xsd_declared_type,glob:DecimalMin1Max14Places2Type,https://apply07.grants.gov/apply/forms/schemas/RR_Budget_3_0-V3.0.xsd,d474010f85819549990de65fc51292bed08ba98ac0895d0dde9513fbe855cdbc,sha256:b318951e0686bd7978ab791bd63ad36d6fa6e93b6368747b272526360e99fedb,false
RRBudget,[Draft] Research & Related Budget,3.0,budget_year[].other_direct_costs.equipment_rental_fee,RR_Budget_3_0.BudgetYear.OtherDirectCosts.EquipmentRentalFee,6. Equipment or Facility Rental/User Fees,question,concept:budget:other-direct:equipment-rental,concept:budget:other-direct:equipment-rental,question:sha256:7667d782f53fd910d3b323a48de6b9e45012f181c624b938922414d3ab9267c7,agent_proposed,prime_applicant,,parameterized-budget:cost-category,0,1,behavior:sha256:edd444c045e675c5af420d8c144a811f1a0a5dc5eedec9121da8a70d6bedd655,runtime-rule:sha256:b665f4d163febec5dbf459a6e2732abaa6dd6fed8de89a6e0e10a1d4a215309f|runtime-rule:sha256:db749f8c9cd3c7cc6d5c20de12ffb505509dd30384f4f7086644bbf6339178f6,calculation|guidance,string,xsd_declared_type,glob:DecimalMin1Max14Places2Type,https://apply07.grants.gov/apply/forms/schemas/RR_Budget_3_0-V3.0.xsd,d474010f85819549990de65fc51292bed08ba98ac0895d0dde9513fbe855cdbc,sha256:b318951e0686bd7978ab791bd63ad36d6fa6e93b6368747b272526360e99fedb,false
RRBudget,[Draft] Research & Related Budget,3.0,budget_year[].other_direct_costs.materials_supplies,RR_Budget_3_0.BudgetYear.OtherDirectCosts.MaterialsSupplies,1. Materials and Supplies,question,concept:budget:other-direct:materials-supplies,concept:budget:other-direct:materials-supplies,question:sha256:18058bdb7ea3f12618ed9fc14a4c49473316eac3148a3ee710a15b499b3812df,agent_proposed,prime_applicant,,parameterized-budget:cost-category,0,1,behavior:sha256:9c46403d149c60e5cb2450e1170337aa4f64012afef83e6b8e3b4c4960eb41e5,runtime-rule:sha256:40f54291a7e31b868d377d759fb98a8092610b3a56e0960272e92fe535da6671|runtime-rule:sha256:4c1f69d6c955129908352d70202a9a8362cc56fe7b26a5914501c6ff71790690,calculation|guidance,string,xsd_declared_type,glob:DecimalMin1Max14Places2Type,https://apply07.grants.gov/apply/forms/schemas/RR_Budget_3_0-V3.0.xsd,d474010f85819549990de65fc51292bed08ba98ac0895d0dde9513fbe855cdbc,sha256:b318951e0686bd7978ab791bd63ad36d6fa6e93b6368747b272526360e99fedb,false
RRBudget,[Draft] Research & Related Budget,3.0,budget_year[].other_direct_costs.publication_costs,RR_Budget_3_0.BudgetYear.OtherDirectCosts.PublicationCosts,2. Publication Costs,question,concept:budget:other-direct:publication,concept:budget:other-direct:publication,question:sha256:120b91762a5d481405c0b9ea1fbce0292fd70839d9d4664fa9ef04a405528886,agent_proposed,prime_applicant,,parameterized-budget:cost-category,0,1,behavior:sha256:d80c58cbd7f941630762d94258f1a0964de5f6a0878466a85631fe7c67f00bac,runtime-rule:sha256:53117b05db2bedf70b8cf652628f2cc2b31a24ed991fcd70b52d04a4ea526fab|runtime-rule:sha256:d513fb4f66237974b005cb8180f71cf27ebd9f0521196516c5c9530df9b43ba8,calculation|guidance,string,xsd_declared_type,glob:DecimalMin1Max14Places2Type,https://apply07.grants.gov/apply/forms/schemas/RR_Budget_3_0-V3.0.xsd,d474010f85819549990de65fc51292bed08ba98ac0895d0dde9513fbe855cdbc,sha256:b318951e0686bd7978ab791bd63ad36d6fa6e93b6368747b272526360e99fedb,false
RRBudget,[Draft] Research & Related Budget,3.0,budget_year[].other_direct_costs.subaward_consortium_contractual_costs,RR_Budget_3_0.BudgetYear.OtherDirectCosts.SubawardConsortiumContractualCosts,5. Subawards/Consortium/Contractual Costs,question,concept:budget:other-direct:subaward-contractual,concept:budget:other-direct:subaward-contractual,question:sha256:3b7c3678353c47f10c340e71ed26a7aee05afad8ba7fb7c049c232d5e56637a0,agent_proposed,prime_applicant,,parameterized-budget:cost-category,0,1,behavior:sha256:632a69ccd7d8e1c90e6e97fe4665f3a6c784081569eeabf8caa0ef2465412741,runtime-rule:sha256:2a16150c136fbc706513d08adc581a09365c54fbd541cb3b8e9c3ef54923505d|runtime-rule:sha256:424e0779d63ef7f813d2bbb0e9f442dbee7308fffa9b9c51bc5f811208ab0afe,calculation|guidance,string,xsd_declared_type,glob:DecimalMin1Max14Places2Type,https://apply07.grants.gov/apply/forms/schemas/RR_Budget_3_0-V3.0.xsd,d474010f85819549990de65fc51292bed08ba98ac0895d0dde9513fbe855cdbc,sha256:b318951e0686bd7978ab791bd63ad36d6fa6e93b6368747b272526360e99fedb,false
RRBudget,[Draft] Research & Related Budget,3.0,budget_year[].budget_period_end_date,RR_Budget_3_0.BudgetYear.BudgetPeriodEndDate,End Date:,question,concept:budget:period:end-date,concept:budget:period:end-date,question:sha256:3da68056e85947646b8c11f66a27fa9a96996173b00caa8d7ca567f206e7468b,agent_proposed,prime_applicant,,parameterized-budget:budget-period,1,1,behavior:sha256:de4911d62d42d0d15ca7686b3bcaaa1e8e86705e6f0b93cc63b8c677d0282684,runtime-rule:sha256:1462b7617f8b873ebf7d600b4351068e53e521279a0723f488632ee2cbb714c9,guidance,string,xsd_declared_type,xs:date,https://apply07.grants.gov/apply/forms/schemas/RR_Budget_3_0-V3.0.xsd,d474010f85819549990de65fc51292bed08ba98ac0895d0dde9513fbe855cdbc,sha256:b318951e0686bd7978ab791bd63ad36d6fa6e93b6368747b272526360e99fedb,false
RRBudget,[Draft] Research & Related Budget,3.0,budget_year[].budget_period_start_date,RR_Budget_3_0.BudgetYear.BudgetPeriodStartDate,Start Date:,question,concept:budget:period:start-date,concept:budget:period:start-date,question:sha256:346b1cd9185e2aed58ae7607f041b4130fb557990030dbb1d6b6fa5af417a17e,agent_proposed,prime_applicant,,parameterized-budget:budget-period,1,1,behavior:sha256:4e4eb9b17f17a047060eddace3c8069efa400f70361776c98401e696100119b4,runtime-rule:sha256:1abe670595cfa1e48ac22a6d860c9280e75f69e91ad7f94d5986623bbb99707c,guidance,string,xsd_declared_type,xs:date,https://apply07.grants.gov/apply/forms/schemas/RR_Budget_3_0-V3.0.xsd,d474010f85819549990de65fc51292bed08ba98ac0895d0dde9513fbe855cdbc,sha256:b318951e0686bd7978ab791bd63ad36d6fa6e93b6368747b272526360e99fedb,false
RRBudget,[Draft] Research & Related Budget,3.0,budget_year[].key_persons.key_person[].academic_months,RR_Budget_3_0.BudgetYear.KeyPersons.KeyPerson.AcademicMonths,Senior/Key Person Academic Months,question,concept:budget:personnel:academic-months,concept:budget:personnel:academic-months,question:sha256:8bba63e64e91536964da8cfba3128f1555557806c4f6603c73f491d0cd11f5fb,agent_proposed,prime_applicant,,parameterized-budget:personnel,0,1,behavior:sha256:35e81b4d33c706f0458de47ff5940507c32e9427e9206ed10b1abfefbd6562fd,,,string,xsd_declared_type,RR_Budget_3_0:Month2whole2fracDataType,https://apply07.grants.gov/apply/forms/schemas/RR_Budget_3_0-V3.0.xsd,d474010f85819549990de65fc51292bed08ba98ac0895d0dde9513fbe855cdbc,sha256:b318951e0686bd7978ab791bd63ad36d6fa6e93b6368747b272526360e99fedb,false
RRBudget,[Draft] Research & Related Budget,3.0,budget_year[].other_personnel.graduate_students.academic_months,RR_Budget_3_0.BudgetYear.OtherPersonnel.GraduateStudents.AcademicMonths,Academic Months Graduate Students,question,concept:budget:personnel:academic-months,concept:budget:personnel:academic-months,question:sha256:a7f527c90c600ec682a5954777230fc5fb2e7760513aef915effd864d8f0ae91,agent_proposed,prime_applicant,,parameterized-budget:personnel,0,1,behavior:sha256:e243ff3aa3c0f09bc11e30a2d9f94f2707388984cff733ff308303dfff8bdf50,runtime-rule:sha256:2bbf735ce5ab592e03e9eb142125c13412a6ead465295122d063c19b260452cf|runtime-rule:sha256:62552126019a5e9ba438ffa1c9596dfad55deb936143add27f1a8565772d1f9f|runtime-rule:sha256:e03100aab1b412456cbf7395e4a8ada6ecefa5103df00839df5a245cca7686dd,condition,string,xsd_declared_type,RR_Budget_3_0:Month3whole2fracDataType,https://apply07.grants.gov/apply/forms/schemas/RR_Budget_3_0-V3.0.xsd,d474010f85819549990de65fc51292bed08ba98ac0895d0dde9513fbe855cdbc,sha256:b318951e0686bd7978ab791bd63ad36d6fa6e93b6368747b272526360e99fedb,false
RRBudget,[Draft] Research & Related Budget,3.0,budget_year[].other_personnel.other[].academic_months,RR_Budget_3_0.BudgetYear.OtherPersonnel.Other.AcademicMonths,Academic Months Additional Project Role,question,concept:budget:personnel:academic-months,concept:budget:personnel:academic-months,question:sha256:7314058afca0ca32241852b8228ad1c81ad01d3622bca6501d57be279e92fe3f,agent_proposed,prime_applicant,,parameterized-budget:personnel,0,1,behavior:sha256:ab6af592cfe5fce05d1c7915435ba0050fe0a8d9348bb8510d3ed92291e24b2c,runtime-rule:sha256:3c1c18e8ce7eb500eeacb7d17901f44c187f7a6c0b98dbf6c807c7505749bd2b|runtime-rule:sha256:6ca6e6248991ebb721b8c02e893d255717ac8843ad5e41b3ab62db1ac4c353b4|runtime-rule:sha256:9822852a5e84cdc3ecb26e2bc92c908d926f78269c534b6a7ed9996aae9ab72a|runtime-rule:sha256:bd98ad33dbffe439416552e5aa65989138ade009bef9118799b7aad0f1eb80cb,condition,string,xsd_declared_type,RR_Budget_3_0:Month3whole2fracDataType,https://apply07.grants.gov/apply/forms/schemas/RR_Budget_3_0-V3.0.xsd,d474010f85819549990de65fc51292bed08ba98ac0895d0dde9513fbe855cdbc,sha256:b318951e0686bd7978ab791bd63ad36d6fa6e93b6368747b272526360e99fedb,false
RRBudget,[Draft] Research & Related Budget,3.0,budget_year[].other_personnel.post_doc_associates.academic_months,RR_Budget_3_0.BudgetYear.OtherPersonnel.PostDocAssociates.AcademicMonths,Academic Months Post Doctoral Associates,question,concept:budget:personnel:academic-months,concept:budget:personnel:academic-months,question:sha256:ef80423fb6b7889093f2747a63a1def846e0ac17e87f8e0a24339a2aed551f47,agent_proposed,prime_applicant,,parameterized-budget:personnel,0,1,behavior:sha256:615bf5d367889a3dc6c61ee292dde639f966710622ad6a9e4e879b24caeed454,runtime-rule:sha256:8661d125f546656a246292d69af8b2af3bc6ba77ba931d8dc995bbdf8ec2dd4d|runtime-rule:sha256:9db232d597fc17d4e187eb33fd34a54933f2a3ad69681cafd077a91f7dbec955|runtime-rule:sha256:c77eaf278f08fdb293385a8e8df6fdb109b6d56e9cc15a668a495694ad0267e8,condition,string,xsd_declared_type,RR_Budget_3_0:Month3whole2fracDataType,https://apply07.grants.gov/apply/forms/schemas/RR_Budget_3_0-V3.0.xsd,d474010f85819549990de65fc51292bed08ba98ac0895d0dde9513fbe855cdbc,sha256:b318951e0686bd7978ab791bd63ad36d6fa6e93b6368747b272526360e99fedb,false
RRBudget,[Draft] Research & Related Budget,3.0,budget_year[].other_personnel.secretarial_clerical.academic_months,RR_Budget_3_0.BudgetYear.OtherPersonnel.SecretarialClerical.AcademicMonths,Academic Months Secretarial/Clerical,question,concept:budget:personnel:academic-months,concept:budget:personnel:academic-months,question:sha256:1d758529c84b04bb6ff985165ddd6fdb3cbf722d3d924962242c909d5481ef8b,agent_proposed,prime_applicant,,parameterized-budget:personnel,0,1,behavior:sha256:b37682663abcd1183898f178b4952ef2c43c867776da031dcb61d0ba53cfaf6d,runtime-rule:sha256:0379baa049b7268df35d1fc6894b1b7c25f5b55458b1b5cae1e849cea6c2c31e|runtime-rule:sha256:3aae065e3e2332833380e376c98199a786f48bfcc3934ff51715e8a8b20bf956|runtime-rule:sha256:ea2bb3a5fd0c1771829369c4b1c67dcaab456549ad87e1a877c8cc04312b64ea,condition,string,xsd_declared_type,RR_Budget_3_0:Month3whole2fracDataType,https://apply07.grants.gov/apply/forms/schemas/RR_Budget_3_0-V3.0.xsd,d474010f85819549990de65fc51292bed08ba98ac0895d0dde9513fbe855cdbc,sha256:b318951e0686bd7978ab791bd63ad36d6fa6e93b6368747b272526360e99fedb,false
RRBudget,[Draft] Research & Related Budget,3.0,budget_year[].other_personnel.undergraduate_students.academic_months,RR_Budget_3_0.BudgetYear.OtherPersonnel.UndergraduateStudents.AcademicMonths,Academic Months Undergraduate Students,question,concept:budget:personnel:academic-months,concept:budget:personnel:academic-months,question:sha256:34b1ec770a1a4c9160d216ea7ae7e3be0d8550c64900a43a814b8899bf45e8ea,agent_proposed,prime_applicant,,parameterized-budget:personnel,0,1,behavior:sha256:2842e3e903671c32c5814523d2c2198175f2dbf0dbeae9a5e09a9d03f3979411,runtime-rule:sha256:0201bba66a974029433d5cd315de8beded0c57744431ffcbc2a8ace327071c6f|runtime-rule:sha256:335114400eb8de86f7b1ea90f7e327a5f355c408564dd9c0fb373808021de2a1|runtime-rule:sha256:d86f2b1369be8ae0314545146a987231aa444b0e4c56b85b3a23464ec794dec2,condition,string,xsd_declared_type,RR_Budget_3_0:Month3whole2fracDataType,https://apply07.grants.gov/apply/forms/schemas/RR_Budget_3_0-V3.0.xsd,d474010f85819549990de65fc51292bed08ba98ac0895d0dde9513fbe855cdbc,sha256:b318951e0686bd7978ab791bd63ad36d6fa6e93b6368747b272526360e99fedb,false
RRBudget,[Draft] Research & Related Budget,3.0,budget_year[].key_persons.key_person[].base_salary,RR_Budget_3_0.BudgetYear.KeyPersons.KeyPerson.BaseSalary,Senior/Key Person Base Salary,question,concept:budget:personnel:base-salary,concept:budget:personnel:base-salary,question:sha256:2a68fe5613e427e4f3dd8caa46b443fb1289885a030e98a2509758419aaa880b,agent_proposed,prime_applicant,,parameterized-budget:personnel,0,1,behavior:sha256:9fc14e6bc015016bbf7692ebc06fb0fb884299ba2353cff5c277b34d8fa5de5a,,,string,xsd_declared_type,glob:DecimalMin1Max14Places2Type,https://apply07.grants.gov/apply/forms/schemas/RR_Budget_3_0-V3.0.xsd,d474010f85819549990de65fc51292bed08ba98ac0895d0dde9513fbe855cdbc,sha256:b318951e0686bd7978ab791bd63ad36d6fa6e93b6368747b272526360e99fedb,false
RRBudget,[Draft] Research & Related Budget,3.0,budget_year[].key_persons.key_person[].calendar_months,RR_Budget_3_0.BudgetYear.KeyPersons.KeyPerson.CalendarMonths,Senior/Key Person Calendar Months,question,concept:budget:personnel:calendar-months,concept:budget:personnel:calendar-months,question:sha256:b15fbabf40f95bd0bba707f27ce381e8730911b79ce89c528b472350313761fe,agent_proposed,prime_applicant,,parameterized-budget:personnel,0,1,behavior:sha256:1469ecb23fc683c5721ab58538b1bcbc031091857514adbba714ea4f0ab84d0c,,,string,xsd_declared_type,RR_Budget_3_0:Month2whole2fracDataType,https://apply07.grants.gov/apply/forms/schemas/RR_Budget_3_0-V3.0.xsd,d474010f85819549990de65fc51292bed08ba98ac0895d0dde9513fbe855cdbc,sha256:b318951e0686bd7978ab791bd63ad36d6fa6e93b6368747b272526360e99fedb,false
RRBudget,[Draft] Research & Related Budget,3.0,budget_year[].other_personnel.graduate_students.calendar_months,RR_Budget_3_0.BudgetYear.OtherPersonnel.GraduateStudents.CalendarMonths,Calendar Months Graduate Students,question,concept:budget:personnel:calendar-months,concept:budget:personnel:calendar-months,question:sha256:d495902ead64875624b21827a8b42b0532eeb4080c58949de76e414b0a7efb15,agent_proposed,prime_applicant,,parameterized-budget:personnel,0,1,behavior:sha256:55193b61cf3b45523e2784e8eb1427ca1cc43154845ae93cbd3205b94bac3f55,runtime-rule:sha256:2bbf735ce5ab592e03e9eb142125c13412a6ead465295122d063c19b260452cf|runtime-rule:sha256:62552126019a5e9ba438ffa1c9596dfad55deb936143add27f1a8565772d1f9f|runtime-rule:sha256:e03100aab1b412456cbf7395e4a8ada6ecefa5103df00839df5a245cca7686dd,condition,string,xsd_declared_type,RR_Budget_3_0:Month3whole2fracDataType,https://apply07.grants.gov/apply/forms/schemas/RR_Budget_3_0-V3.0.xsd,d474010f85819549990de65fc51292bed08ba98ac0895d0dde9513fbe855cdbc,sha256:b318951e0686bd7978ab791bd63ad36d6fa6e93b6368747b272526360e99fedb,false
RRBudget,[Draft] Research & Related Budget,3.0,budget_year[].other_personnel.other[].calendar_months,RR_Budget_3_0.BudgetYear.OtherPersonnel.Other.CalendarMonths,Calendar Months Additional Project Role,question,concept:budget:personnel:calendar-months,concept:budget:personnel:calendar-months,question:sha256:061364e2d5b98419b83a6ec07c7416c1020d794777e36f8797781874db2e64d6,agent_proposed,prime_applicant,,parameterized-budget:personnel,0,1,behavior:sha256:b1be6af4f930a9f082bf02185b5cd7cd8fb7d612f2b037db665d5dc9a8ffb11b,runtime-rule:sha256:3c1c18e8ce7eb500eeacb7d17901f44c187f7a6c0b98dbf6c807c7505749bd2b|runtime-rule:sha256:6ca6e6248991ebb721b8c02e893d255717ac8843ad5e41b3ab62db1ac4c353b4|runtime-rule:sha256:9822852a5e84cdc3ecb26e2bc92c908d926f78269c534b6a7ed9996aae9ab72a|runtime-rule:sha256:bd98ad33dbffe439416552e5aa65989138ade009bef9118799b7aad0f1eb80cb,condition,string,xsd_declared_type,RR_Budget_3_0:Month3whole2fracDataType,https://apply07.grants.gov/apply/forms/schemas/RR_Budget_3_0-V3.0.xsd,d474010f85819549990de65fc51292bed08ba98ac0895d0dde9513fbe855cdbc,sha256:b318951e0686bd7978ab791bd63ad36d6fa6e93b6368747b272526360e99fedb,false
RRBudget,[Draft] Research & Related Budget,3.0,budget_year[].other_personnel.post_doc_associates.calendar_months,RR_Budget_3_0.BudgetYear.OtherPersonnel.PostDocAssociates.CalendarMonths,Calendar Months Post Doctoral Associates,question,concept:budget:personnel:calendar-months,concept:budget:personnel:calendar-months,question:sha256:54d3a68e197d64f8bb8ae9b859dcc1879042057a8b934e6f5ff771c433c88fa4,agent_proposed,prime_applicant,,parameterized-budget:personnel,0,1,behavior:sha256:3268ecd18ef7039efffe63aca2dd0b56a785f38f5091a014058d0c863bc9fe6c,runtime-rule:sha256:8661d125f546656a246292d69af8b2af3bc6ba77ba931d8dc995bbdf8ec2dd4d|runtime-rule:sha256:9db232d597fc17d4e187eb33fd34a54933f2a3ad69681cafd077a91f7dbec955|runtime-rule:sha256:c77eaf278f08fdb293385a8e8df6fdb109b6d56e9cc15a668a495694ad0267e8,condition,string,xsd_declared_type,RR_Budget_3_0:Month3whole2fracDataType,https://apply07.grants.gov/apply/forms/schemas/RR_Budget_3_0-V3.0.xsd,d474010f85819549990de65fc51292bed08ba98ac0895d0dde9513fbe855cdbc,sha256:b318951e0686bd7978ab791bd63ad36d6fa6e93b6368747b272526360e99fedb,false
RRBudget,[Draft] Research & Related Budget,3.0,budget_year[].other_personnel.secretarial_clerical.calendar_months,RR_Budget_3_0.BudgetYear.OtherPersonnel.SecretarialClerical.CalendarMonths,Calendar Months Secretarial/Clerical,question,concept:budget:personnel:calendar-months,concept:budget:personnel:calendar-months,question:sha256:13514e8e9657c172aa528baaa25a02811b9f9b59f16eccdc0eee6e2158e487c4,agent_proposed,prime_applicant,,parameterized-budget:personnel,0,1,behavior:sha256:e78a31268eabc592f66a46c9e5bad9e077c72cb5e7e2d02a98f971c92a76b2b5,runtime-rule:sha256:0379baa049b7268df35d1fc6894b1b7c25f5b55458b1b5cae1e849cea6c2c31e|runtime-rule:sha256:3aae065e3e2332833380e376c98199a786f48bfcc3934ff51715e8a8b20bf956|runtime-rule:sha256:ea2bb3a5fd0c1771829369c4b1c67dcaab456549ad87e1a877c8cc04312b64ea,condition,string,xsd_declared_type,RR_Budget_3_0:Month3whole2fracDataType,https://apply07.grants.gov/apply/forms/schemas/RR_Budget_3_0-V3.0.xsd,d474010f85819549990de65fc51292bed08ba98ac0895d0dde9513fbe855cdbc,sha256:b318951e0686bd7978ab791bd63ad36d6fa6e93b6368747b272526360e99fedb,false
RRBudget,[Draft] Research & Related Budget,3.0,budget_year[].other_personnel.undergraduate_students.calendar_months,RR_Budget_3_0.BudgetYear.OtherPersonnel.UndergraduateStudents.CalendarMonths,Calendar Months Undergraduate Students,question,concept:budget:personnel:calendar-months,concept:budget:personnel:calendar-months,question:sha256:e4481446512be046feb998f17072a0e0ceb74fbc578f3c4143c22b1b956ae460,agent_proposed,prime_applicant,,parameterized-budget:personnel,0,1,behavior:sha256:bf080a3f8e5ba1bafa457c28fd369f4a3ee49a497e0db78d2edaa68397b0820f,runtime-rule:sha256:0201bba66a974029433d5cd315de8beded0c57744431ffcbc2a8ace327071c6f|runtime-rule:sha256:335114400eb8de86f7b1ea90f7e327a5f355c408564dd9c0fb373808021de2a1|runtime-rule:sha256:d86f2b1369be8ae0314545146a987231aa444b0e4c56b85b3a23464ec794dec2,condition,string,xsd_declared_type,RR_Budget_3_0:Month3whole2fracDataType,https://apply07.grants.gov/apply/forms/schemas/RR_Budget_3_0-V3.0.xsd,d474010f85819549990de65fc51292bed08ba98ac0895d0dde9513fbe855cdbc,sha256:b318951e0686bd7978ab791bd63ad36d6fa6e93b6368747b272526360e99fedb,false
RRBudget,[Draft] Research & Related Budget,3.0,budget_year[].other_personnel.graduate_students.number_of_personnel,RR_Budget_3_0.BudgetYear.OtherPersonnel.GraduateStudents.NumberOfPersonnel,Number of Personnel Graduate Students,question,concept:budget:personnel:count,concept:budget:personnel:count,question:sha256:91dda16b88559cee29dc8ac6e70aeb49b78c9a77b30f0d02b57eb120118bc4aa,agent_proposed,prime_applicant,,parameterized-budget:personnel,1,1,behavior:sha256:f9d02cd2361b8cbdd4a65b185e9e8686fa53640168b9818048b1ed2b2582b891,runtime-rule:sha256:2bbf735ce5ab592e03e9eb142125c13412a6ead465295122d063c19b260452cf|runtime-rule:sha256:62552126019a5e9ba438ffa1c9596dfad55deb936143add27f1a8565772d1f9f|runtime-rule:sha256:6a6e65e5d4115c232ba4ed8fc139de2cf86f9b6758ef9874b3d7e6a0f77eda79|runtime-rule:sha256:e03100aab1b412456cbf7395e4a8ada6ecefa5103df00839df5a245cca7686dd,condition|guidance,integer,xsd_declared_type,RR_Budget_3_0:Int3DataType,https://apply07.grants.gov/apply/forms/schemas/RR_Budget_3_0-V3.0.xsd,d474010f85819549990de65fc51292bed08ba98ac0895d0dde9513fbe855cdbc,sha256:b318951e0686bd7978ab791bd63ad36d6fa6e93b6368747b272526360e99fedb,false
RRBudget,[Draft] Research & Related Budget,3.0,budget_year[].other_personnel.other[].number_of_personnel,RR_Budget_3_0.BudgetYear.OtherPersonnel.Other.NumberOfPersonnel,Number of Personnel Additional Project Role,question,concept:budget:personnel:count,concept:budget:personnel:count,question:sha256:272f4d82e8f7fc64aa68a4b8f0a48d318f611e7f8d969f622ffa6a5e2feb1f0b,agent_proposed,prime_applicant,,parameterized-budget:personnel,1,1,behavior:sha256:e23b381b1baab3948769629394a0f69021ebc5567d56dfb3e901348dacd3ff7d,runtime-rule:sha256:23c7d2cc3ad6cf66c1f46e3b700eddcc51b557b7a0a05223a0523945b74f04d2|runtime-rule:sha256:3c1c18e8ce7eb500eeacb7d17901f44c187f7a6c0b98dbf6c807c7505749bd2b|runtime-rule:sha256:6ca6e6248991ebb721b8c02e893d255717ac8843ad5e41b3ab62db1ac4c353b4|runtime-rule:sha256:9822852a5e84cdc3ecb26e2bc92c908d926f78269c534b6a7ed9996aae9ab72a|runtime-rule:sha256:bd98ad33dbffe439416552e5aa65989138ade009bef9118799b7aad0f1eb80cb,condition|guidance,integer,xsd_declared_type,RR_Budget_3_0:Int3DataType,https://apply07.grants.gov/apply/forms/schemas/RR_Budget_3_0-V3.0.xsd,d474010f85819549990de65fc51292bed08ba98ac0895d0dde9513fbe855cdbc,sha256:b318951e0686bd7978ab791bd63ad36d6fa6e93b6368747b272526360e99fedb,false
RRBudget,[Draft] Research & Related Budget,3.0,budget_year[].other_personnel.post_doc_associates.number_of_personnel,RR_Budget_3_0.BudgetYear.OtherPersonnel.PostDocAssociates.NumberOfPersonnel,Number of Personnel Post Doctoral Associates,question,concept:budget:personnel:count,concept:budget:personnel:count,question:sha256:51c14fb0af4aa31147c3800d9c89b7b1491a89ff8af1ba87e993520ff5986c57,agent_proposed,prime_applicant,,parameterized-budget:personnel,1,1,behavior:sha256:3083502291666c64c50b268c0e19bdcef8f1d3f4345d8cfd816906bf63da1e14,runtime-rule:sha256:8661d125f546656a246292d69af8b2af3bc6ba77ba931d8dc995bbdf8ec2dd4d|runtime-rule:sha256:9db232d597fc17d4e187eb33fd34a54933f2a3ad69681cafd077a91f7dbec955|runtime-rule:sha256:c1acde46a8b26e70a126929603ef6c56d61456605135e3e517d13c7cfd030f99|runtime-rule:sha256:c77eaf278f08fdb293385a8e8df6fdb109b6d56e9cc15a668a495694ad0267e8,condition|guidance,integer,xsd_declared_type,RR_Budget_3_0:Int3DataType,https://apply07.grants.gov/apply/forms/schemas/RR_Budget_3_0-V3.0.xsd,d474010f85819549990de65fc51292bed08ba98ac0895d0dde9513fbe855cdbc,sha256:b318951e0686bd7978ab791bd63ad36d6fa6e93b6368747b272526360e99fedb,false
RRBudget,[Draft] Research & Related Budget,3.0,budget_year[].other_personnel.secretarial_clerical.number_of_personnel,RR_Budget_3_0.BudgetYear.OtherPersonnel.SecretarialClerical.NumberOfPersonnel,Number of Personnel Secretarial/Clerical,question,concept:budget:personnel:count,concept:budget:personnel:count,question:sha256:53fa7f92047f80031fd1388a3f440fcd8278be85d7b3c8d1e67d07068dcc20d6,agent_proposed,prime_applicant,,parameterized-budget:personnel,1,1,behavior:sha256:42f9d46772c2aa0793ee88c70bbe4589cbe37f5ea0610dc465abdba3e11aeb5a,runtime-rule:sha256:0379baa049b7268df35d1fc6894b1b7c25f5b55458b1b5cae1e849cea6c2c31e|runtime-rule:sha256:3aae065e3e2332833380e376c98199a786f48bfcc3934ff51715e8a8b20bf956|runtime-rule:sha256:9a4d1db2ccca153d31f8eddf187fca16298b106d78c8435b1ee4b1732aa2ad5d|runtime-rule:sha256:ea2bb3a5fd0c1771829369c4b1c67dcaab456549ad87e1a877c8cc04312b64ea,condition|guidance,integer,xsd_declared_type,RR_Budget_3_0:Int3DataType,https://apply07.grants.gov/apply/forms/schemas/RR_Budget_3_0-V3.0.xsd,d474010f85819549990de65fc51292bed08ba98ac0895d0dde9513fbe855cdbc,sha256:b318951e0686bd7978ab791bd63ad36d6fa6e93b6368747b272526360e99fedb,false
RRBudget,[Draft] Research & Related Budget,3.0,budget_year[].other_personnel.undergraduate_students.number_of_personnel,RR_Budget_3_0.BudgetYear.OtherPersonnel.UndergraduateStudents.NumberOfPersonnel,Number of Personnel Undergraduate Students,question,concept:budget:personnel:count,concept:budget:personnel:count,question:sha256:88f169d0bdd93896489200f2c382804460b2100e6cbcea91b966ded309313d11,agent_proposed,prime_applicant,,parameterized-budget:personnel,1,1,behavior:sha256:c791f0cf2da158ff3755cd3a490784e763299ed888b4be2a06c80f77935e7640,runtime-rule:sha256:0201bba66a974029433d5cd315de8beded0c57744431ffcbc2a8ace327071c6f|runtime-rule:sha256:335114400eb8de86f7b1ea90f7e327a5f355c408564dd9c0fb373808021de2a1|runtime-rule:sha256:97934b31d894d412eab303601510b6615c1380d5c684748f3e1c77811f20902f|runtime-rule:sha256:d86f2b1369be8ae0314545146a987231aa444b0e4c56b85b3a23464ec794dec2,condition|guidance,integer,xsd_declared_type,RR_Budget_3_0:Int3DataType,https://apply07.grants.gov/apply/forms/schemas/RR_Budget_3_0-V3.0.xsd,d474010f85819549990de65fc51292bed08ba98ac0895d0dde9513fbe855cdbc,sha256:b318951e0686bd7978ab791bd63ad36d6fa6e93b6368747b272526360e99fedb,false
RRBudget,[Draft] Research & Related Budget,3.0,budget_year[].key_persons.key_person[].fringe_benefits,RR_Budget_3_0.BudgetYear.KeyPersons.KeyPerson.FringeBenefits,Senior/Key Person Fringe Benefits,question,concept:budget:personnel:fringe-benefits,concept:budget:personnel:fringe-benefits,question:sha256:be121844b1c71c24f75b6f551edc6cbd7a7f0396f2507012e58d36f56b229fc5,agent_proposed,prime_applicant,,parameterized-budget:personnel,1,1,behavior:sha256:b7d1b7b391071b89b6f9ba05e25a54c1d1ebd3a5925193e1074ca5fed8b2ac46,runtime-rule:sha256:09bf5a7393bc3f1ca6b0c71d0c6acddd5703c2d882c81ae3ec774d45784c0409|runtime-rule:sha256:377d4613f2f338d4d05de82c4dc5bba8987bc3b115371dacefc6c688ef09d189,calculation|guidance,string,xsd_declared_type,glob:DecimalMin1Max14Places2Type,https://apply07.grants.gov/apply/forms/schemas/RR_Budget_3_0-V3.0.xsd,d474010f85819549990de65fc51292bed08ba98ac0895d0dde9513fbe855cdbc,sha256:b318951e0686bd7978ab791bd63ad36d6fa6e93b6368747b272526360e99fedb,false
RRBudget,[Draft] Research & Related Budget,3.0,budget_year[].other_personnel.graduate_students.fringe_benefits,RR_Budget_3_0.BudgetYear.OtherPersonnel.GraduateStudents.FringeBenefits,Fringe Benefits Graduate Students,question,concept:budget:personnel:fringe-benefits,concept:budget:personnel:fringe-benefits,question:sha256:fce8e5bd98a4ed31fae06cc2f4404c1b80d0deb50afedb6583916232d5b8e966,agent_proposed,prime_applicant,,parameterized-budget:personnel,1,1,behavior:sha256:5883d6cbe561b273be8aecec3a5ada9948fdf6385f2bb4f0cd9852c04ca0815b,runtime-rule:sha256:2bbf735ce5ab592e03e9eb142125c13412a6ead465295122d063c19b260452cf|runtime-rule:sha256:2fdb536354c96a246ad7549fc56de85bce84c728c7c4934cc7fb5d794ce6a790|runtime-rule:sha256:62552126019a5e9ba438ffa1c9596dfad55deb936143add27f1a8565772d1f9f|runtime-rule:sha256:6ac9aa9713302b8cbbd75909175ce461dfee96c4d9635d1dfd2b9baf80fe5552|runtime-rule:sha256:e03100aab1b412456cbf7395e4a8ada6ecefa5103df00839df5a245cca7686dd,calculation|condition|guidance,string,xsd_declared_type,glob:DecimalMin1Max14Places2Type,https://apply07.grants.gov/apply/forms/schemas/RR_Budget_3_0-V3.0.xsd,d474010f85819549990de65fc51292bed08ba98ac0895d0dde9513fbe855cdbc,sha256:b318951e0686bd7978ab791bd63ad36d6fa6e93b6368747b272526360e99fedb,false
RRBudget,[Draft] Research & Related Budget,3.0,budget_year[].other_personnel.other[].fringe_benefits,RR_Budget_3_0.BudgetYear.OtherPersonnel.Other.FringeBenefits,Fringe Benefits Additional Project Role,question,concept:budget:personnel:fringe-benefits,concept:budget:personnel:fringe-benefits,question:sha256:04679b43891ab78e392ffa039dc8fae71ac4cddc1cff212a9ba41c47d5c5537d,agent_proposed,prime_applicant,,parameterized-budget:personnel,1,1,behavior:sha256:7e6db1b924cfc08655f6c76ed698b3acd953853baa45e064bd4a5d1bec3e4928,runtime-rule:sha256:399ae8cc6cd4f04d54107ba7560219796ad26614561de3da9f3ff199880cfac4|runtime-rule:sha256:3c1c18e8ce7eb500eeacb7d17901f44c187f7a6c0b98dbf6c807c7505749bd2b|runtime-rule:sha256:63b5e8aa4521e1cea4632284ba24663edd9a202f59b9d75d9c2d72c9b4e86750|runtime-rule:sha256:6ca6e6248991ebb721b8c02e893d255717ac8843ad5e41b3ab62db1ac4c353b4|runtime-rule:sha256:9822852a5e84cdc3ecb26e2bc92c908d926f78269c534b6a7ed9996aae9ab72a|runtime-rule:sha256:bd98ad33dbffe439416552e5aa65989138ade009bef9118799b7aad0f1eb80cb,calculation|condition|guidance,string,xsd_declared_type,glob:DecimalMin1Max14Places2Type,https://apply07.grants.gov/apply/forms/schemas/RR_Budget_3_0-V3.0.xsd,d474010f85819549990de65fc51292bed08ba98ac0895d0dde9513fbe855cdbc,sha256:b318951e0686bd7978ab791bd63ad36d6fa6e93b6368747b272526360e99fedb,false
RRBudget,[Draft] Research & Related Budget,3.0,budget_year[].other_personnel.post_doc_associates.fringe_benefits,RR_Budget_3_0.BudgetYear.OtherPersonnel.PostDocAssociates.FringeBenefits,Fringe Benefits Post Doctoral Associates,question,concept:budget:personnel:fringe-benefits,concept:budget:personnel:fringe-benefits,question:sha256:982d428092bd5ff9a231fbed78396b0124f7799e00bff065e873b447b56efc94,agent_proposed,prime_applicant,,parameterized-budget:personnel,1,1,behavior:sha256:3d22c08e0406860e88fd6cecdac2e8e6afc74f051ffaf011dbd3de4c7e326a0f,runtime-rule:sha256:321ab8d95baff628c4da95348e7fbe40bb8870ad519190c2fb6559af39ea193e|runtime-rule:sha256:8661d125f546656a246292d69af8b2af3bc6ba77ba931d8dc995bbdf8ec2dd4d|runtime-rule:sha256:8ce6f93d21abc4e2bbcee5641f85f8e1e56458193906fc8f2d6bcffde4c3a8f2|runtime-rule:sha256:9db232d597fc17d4e187eb33fd34a54933f2a3ad69681cafd077a91f7dbec955|runtime-rule:sha256:c77eaf278f08fdb293385a8e8df6fdb109b6d56e9cc15a668a495694ad0267e8,calculation|condition|guidance,string,xsd_declared_type,glob:DecimalMin1Max14Places2Type,https://apply07.grants.gov/apply/forms/schemas/RR_Budget_3_0-V3.0.xsd,d474010f85819549990de65fc51292bed08ba98ac0895d0dde9513fbe855cdbc,sha256:b318951e0686bd7978ab791bd63ad36d6fa6e93b6368747b272526360e99fedb,false
RRBudget,[Draft] Research & Related Budget,3.0,budget_year[].other_personnel.secretarial_clerical.fringe_benefits,RR_Budget_3_0.BudgetYear.OtherPersonnel.SecretarialClerical.FringeBenefits,Fringe Benefits Secretarial/Clerical,question,concept:budget:personnel:fringe-benefits,concept:budget:personnel:fringe-benefits,question:sha256:6b1ce39067b08d1a7be67b690f521cf9ab0c64f5683594ef2c2bb773cb947a92,agent_proposed,prime_applicant,,parameterized-budget:personnel,1,1,behavior:sha256:d32915e856bc30a29c74b239b721d264e32d2fc7ee89bc150afc94e7dc81ae11,runtime-rule:sha256:0379baa049b7268df35d1fc6894b1b7c25f5b55458b1b5cae1e849cea6c2c31e|runtime-rule:sha256:3aae065e3e2332833380e376c98199a786f48bfcc3934ff51715e8a8b20bf956|runtime-rule:sha256:8a16afd18b00f850ff68a73f623bc496e010ec17ab3ca1c521f4f63489cd44e2|runtime-rule:sha256:e9fcaf2e13bbda8a75893e549de30a1347918036a2f087fd1e7ca48a5f95659b|runtime-rule:sha256:ea2bb3a5fd0c1771829369c4b1c67dcaab456549ad87e1a877c8cc04312b64ea,calculation|condition|guidance,string,xsd_declared_type,glob:DecimalMin1Max14Places2Type,https://apply07.grants.gov/apply/forms/schemas/RR_Budget_3_0-V3.0.xsd,d474010f85819549990de65fc51292bed08ba98ac0895d0dde9513fbe855cdbc,sha256:b318951e0686bd7978ab791bd63ad36d6fa6e93b6368747b272526360e99fedb,false
RRBudget,[Draft] Research & Related Budget,3.0,budget_year[].other_personnel.undergraduate_students.fringe_benefits,RR_Budget_3_0.BudgetYear.OtherPersonnel.UndergraduateStudents.FringeBenefits,Fringe Benefits Undergraduate Students,question,concept:budget:personnel:fringe-benefits,concept:budget:personnel:fringe-benefits,question:sha256:4f8364b6ff7c8934737dc9388d8282befa9f530e940b5a6f4604244d508b46a4,agent_proposed,prime_applicant,,parameterized-budget:personnel,1,1,behavior:sha256:f8c55a5cdf4c0be367f9bfe1448d321a0ef1f1df6a5112e250b6f1055fa13a1e,runtime-rule:sha256:0201bba66a974029433d5cd315de8beded0c57744431ffcbc2a8ace327071c6f|runtime-rule:sha256:335114400eb8de86f7b1ea90f7e327a5f355c408564dd9c0fb373808021de2a1|runtime-rule:sha256:796d3f058b7fdfe72c7d2a3e5ffc7e0c09d4af812e39891f0926b85bc6101973|runtime-rule:sha256:d86f2b1369be8ae0314545146a987231aa444b0e4c56b85b3a23464ec794dec2|runtime-rule:sha256:e2cf5708645f4f0f5d7d5a5265a985bb783962c2a3dc1c53506cbcba62d5e7d0,calculation|condition|guidance,string,xsd_declared_type,glob:DecimalMin1Max14Places2Type,https://apply07.grants.gov/apply/forms/schemas/RR_Budget_3_0-V3.0.xsd,d474010f85819549990de65fc51292bed08ba98ac0895d0dde9513fbe855cdbc,sha256:b318951e0686bd7978ab791bd63ad36d6fa6e93b6368747b272526360e99fedb,false
RRBudget,[Draft] Research & Related Budget,3.0,budget_year[].key_persons.key_person[].requested_salary,RR_Budget_3_0.BudgetYear.KeyPersons.KeyPerson.RequestedSalary,Senior/Key Person Requested Salary,question,concept:budget:personnel:requested-salary,concept:budget:personnel:requested-salary,question:sha256:c003af85d121bbc507b0a3ffb532b88ca3899d77e7461236711ef42080ab2a63,agent_proposed,prime_applicant,,parameterized-budget:personnel,1,1,behavior:sha256:615b64249790d187c447e3abbfed6d41131ce9792f8444ecf56f69a606e67087,runtime-rule:sha256:1ceb06109969d832b0972b47d36a8b60afa41775ea4b0a7e3f4c52b0742ae7e9|runtime-rule:sha256:377d4613f2f338d4d05de82c4dc5bba8987bc3b115371dacefc6c688ef09d189,calculation|guidance,string,xsd_declared_type,glob:DecimalMin1Max14Places2Type,https://apply07.grants.gov/apply/forms/schemas/RR_Budget_3_0-V3.0.xsd,d474010f85819549990de65fc51292bed08ba98ac0895d0dde9513fbe855cdbc,sha256:b318951e0686bd7978ab791bd63ad36d6fa6e93b6368747b272526360e99fedb,false
RRBudget,[Draft] Research & Related Budget,3.0,budget_year[].other_personnel.graduate_students.requested_salary,RR_Budget_3_0.BudgetYear.OtherPersonnel.GraduateStudents.RequestedSalary,Requested Salary Graduate Students,question,concept:budget:personnel:requested-salary,concept:budget:personnel:requested-salary,question:sha256:1b69e28d334d94cf90e87352ebff81fcc16abff8812478d39beaaf458ee871c4,agent_proposed,prime_applicant,,parameterized-budget:personnel,1,1,behavior:sha256:7b326531cd05895bc8b8b8f28ea66a1fba9c88364468b903d4f2031cc9a49869,runtime-rule:sha256:2bbf735ce5ab592e03e9eb142125c13412a6ead465295122d063c19b260452cf|runtime-rule:sha256:2fdb536354c96a246ad7549fc56de85bce84c728c7c4934cc7fb5d794ce6a790|runtime-rule:sha256:62552126019a5e9ba438ffa1c9596dfad55deb936143add27f1a8565772d1f9f|runtime-rule:sha256:8d13ea08f5a8656123c0cf0a0ea52db7d8153b4c82cd32323f0de90ce2137961|runtime-rule:sha256:e03100aab1b412456cbf7395e4a8ada6ecefa5103df00839df5a245cca7686dd,calculation|condition|guidance,string,xsd_declared_type,glob:DecimalMin1Max14Places2Type,https://apply07.grants.gov/apply/forms/schemas/RR_Budget_3_0-V3.0.xsd,d474010f85819549990de65fc51292bed08ba98ac0895d0dde9513fbe855cdbc,sha256:b318951e0686bd7978ab791bd63ad36d6fa6e93b6368747b272526360e99fedb,false
RRBudget,[Draft] Research & Related Budget,3.0,budget_year[].other_personnel.other[].requested_salary,RR_Budget_3_0.BudgetYear.OtherPersonnel.Other.RequestedSalary,Requested Salary Additional Project Role,question,concept:budget:personnel:requested-salary,concept:budget:personnel:requested-salary,question:sha256:3dc5a1e71395e4d462d9654964caa03b2eb6bc5f598fa4960e22d8525399533e,agent_proposed,prime_applicant,,parameterized-budget:personnel,1,1,behavior:sha256:edc4a7bf115fd9198ba6a17eda18cec1e6b3c3bc2c7519b61634dfc11cb09b6b,runtime-rule:sha256:184e59988cbe62896557349534e61f82a47c82420ba29a5787be65591be4e1e3|runtime-rule:sha256:399ae8cc6cd4f04d54107ba7560219796ad26614561de3da9f3ff199880cfac4|runtime-rule:sha256:3c1c18e8ce7eb500eeacb7d17901f44c187f7a6c0b98dbf6c807c7505749bd2b|runtime-rule:sha256:6ca6e6248991ebb721b8c02e893d255717ac8843ad5e41b3ab62db1ac4c353b4|runtime-rule:sha256:9822852a5e84cdc3ecb26e2bc92c908d926f78269c534b6a7ed9996aae9ab72a|runtime-rule:sha256:bd98ad33dbffe439416552e5aa65989138ade009bef9118799b7aad0f1eb80cb,calculation|condition|guidance,string,xsd_declared_type,glob:DecimalMin1Max14Places2Type,https://apply07.grants.gov/apply/forms/schemas/RR_Budget_3_0-V3.0.xsd,d474010f85819549990de65fc51292bed08ba98ac0895d0dde9513fbe855cdbc,sha256:b318951e0686bd7978ab791bd63ad36d6fa6e93b6368747b272526360e99fedb,false
RRBudget,[Draft] Research & Related Budget,3.0,budget_year[].other_personnel.post_doc_associates.requested_salary,RR_Budget_3_0.BudgetYear.OtherPersonnel.PostDocAssociates.RequestedSalary,Requested Salary Post Doctoral Associates,question,concept:budget:personnel:requested-salary,concept:budget:personnel:requested-salary,question:sha256:c93eeea3d639e84e6a5682860b06fbca2bf5b04d9df34dcefabc44ebad7dbec1,agent_proposed,prime_applicant,,parameterized-budget:personnel,1,1,behavior:sha256:e74a5a964bb5c5f8f412c5a2280290bfb4e494ade27b8d18831dddb4fe021dcd,runtime-rule:sha256:61f2a63870f86ab5b0f5b196bc837b783fee19045afe8090dcd9bd7ffd5e503b|runtime-rule:sha256:8661d125f546656a246292d69af8b2af3bc6ba77ba931d8dc995bbdf8ec2dd4d|runtime-rule:sha256:8ce6f93d21abc4e2bbcee5641f85f8e1e56458193906fc8f2d6bcffde4c3a8f2|runtime-rule:sha256:9db232d597fc17d4e187eb33fd34a54933f2a3ad69681cafd077a91f7dbec955|runtime-rule:sha256:c77eaf278f08fdb293385a8e8df6fdb109b6d56e9cc15a668a495694ad0267e8,calculation|condition|guidance,string,xsd_declared_type,glob:DecimalMin1Max14Places2Type,https://apply07.grants.gov/apply/forms/schemas/RR_Budget_3_0-V3.0.xsd,d474010f85819549990de65fc51292bed08ba98ac0895d0dde9513fbe855cdbc,sha256:b318951e0686bd7978ab791bd63ad36d6fa6e93b6368747b272526360e99fedb,false
RRBudget,[Draft] Research & Related Budget,3.0,budget_year[].other_personnel.secretarial_clerical.requested_salary,RR_Budget_3_0.BudgetYear.OtherPersonnel.SecretarialClerical.RequestedSalary,Requested Salary Secretarial/Clerical,question,concept:budget:personnel:requested-salary,concept:budget:personnel:requested-salary,question:sha256:fcbe5f10c9b21110afc318e1570a405aa82737398aff15287df3be75b0fad3e6,agent_proposed,prime_applicant,,parameterized-budget:personnel,1,1,behavior:sha256:140c4a25eb96e7e21151964264dd3c6c6ca308ac72ea4883f54ecdbbaf7d8b21,runtime-rule:sha256:0379baa049b7268df35d1fc6894b1b7c25f5b55458b1b5cae1e849cea6c2c31e|runtime-rule:sha256:3aae065e3e2332833380e376c98199a786f48bfcc3934ff51715e8a8b20bf956|runtime-rule:sha256:e9fcaf2e13bbda8a75893e549de30a1347918036a2f087fd1e7ca48a5f95659b|runtime-rule:sha256:ea2bb3a5fd0c1771829369c4b1c67dcaab456549ad87e1a877c8cc04312b64ea|runtime-rule:sha256:fb7e014e9df5bd501acb9d7b00ad2729c8d2b9de409d83edb0cf1809cc3d67ec,calculation|condition|guidance,string,xsd_declared_type,glob:DecimalMin1Max14Places2Type,https://apply07.grants.gov/apply/forms/schemas/RR_Budget_3_0-V3.0.xsd,d474010f85819549990de65fc51292bed08ba98ac0895d0dde9513fbe855cdbc,sha256:b318951e0686bd7978ab791bd63ad36d6fa6e93b6368747b272526360e99fedb,false
RRBudget,[Draft] Research & Related Budget,3.0,budget_year[].other_personnel.undergraduate_students.requested_salary,RR_Budget_3_0.BudgetYear.OtherPersonnel.UndergraduateStudents.RequestedSalary,Requested Salary Undergraduate Students,question,concept:budget:personnel:requested-salary,concept:budget:personnel:requested-salary,question:sha256:7b855f0940ddc00d062bc3a1bf1503c89306588346b82a999a89487f068eee0f,agent_proposed,prime_applicant,,parameterized-budget:personnel,1,1,behavior:sha256:b90432f266c9d1be5093af2a40a9bc05d0197fe547a87178189e04afcbc0b410,runtime-rule:sha256:0201bba66a974029433d5cd315de8beded0c57744431ffcbc2a8ace327071c6f|runtime-rule:sha256:335114400eb8de86f7b1ea90f7e327a5f355c408564dd9c0fb373808021de2a1|runtime-rule:sha256:962898e0f395756c17db675f76a75f71204f74426a544932e609ddc806fd5486|runtime-rule:sha256:d86f2b1369be8ae0314545146a987231aa444b0e4c56b85b3a23464ec794dec2|runtime-rule:sha256:e2cf5708645f4f0f5d7d5a5265a985bb783962c2a3dc1c53506cbcba62d5e7d0,calculation|condition|guidance,string,xsd_declared_type,glob:DecimalMin1Max14Places2Type,https://apply07.grants.gov/apply/forms/schemas/RR_Budget_3_0-V3.0.xsd,d474010f85819549990de65fc51292bed08ba98ac0895d0dde9513fbe855cdbc,sha256:b318951e0686bd7978ab791bd63ad36d6fa6e93b6368747b272526360e99fedb,false
RRBudget,[Draft] Research & Related Budget,3.0,budget_year[].key_persons.key_person[].summer_months,RR_Budget_3_0.BudgetYear.KeyPersons.KeyPerson.SummerMonths,Senior/Key Person Summer Months,question,concept:budget:personnel:summer-months,concept:budget:personnel:summer-months,question:sha256:0d1dcfdb946ee4671089959dce93a136f98e01580ee0d4dde94e26c9f114e3af,agent_proposed,prime_applicant,,parameterized-budget:personnel,0,1,behavior:sha256:95d7486f78baed16c6a5464363b5027a3daa83663c932d80bf379ff302896a83,,,string,xsd_declared_type,RR_Budget_3_0:Month2whole2fracDataType,https://apply07.grants.gov/apply/forms/schemas/RR_Budget_3_0-V3.0.xsd,d474010f85819549990de65fc51292bed08ba98ac0895d0dde9513fbe855cdbc,sha256:b318951e0686bd7978ab791bd63ad36d6fa6e93b6368747b272526360e99fedb,false
RRBudget,[Draft] Research & Related Budget,3.0,budget_year[].other_personnel.graduate_students.summer_months,RR_Budget_3_0.BudgetYear.OtherPersonnel.GraduateStudents.SummerMonths,Summer Months Graduate Students,question,concept:budget:personnel:summer-months,concept:budget:personnel:summer-months,question:sha256:86c4282b209a5999cbfefad4275f2501e064a4513040c0f2179b3d93b93b46d6,agent_proposed,prime_applicant,,parameterized-budget:personnel,0,1,behavior:sha256:e9afd5d91be659ed72b9a28cd846e6b31a00d74b7eccf399e3ce37a38e0f45c6,runtime-rule:sha256:2bbf735ce5ab592e03e9eb142125c13412a6ead465295122d063c19b260452cf|runtime-rule:sha256:62552126019a5e9ba438ffa1c9596dfad55deb936143add27f1a8565772d1f9f|runtime-rule:sha256:e03100aab1b412456cbf7395e4a8ada6ecefa5103df00839df5a245cca7686dd,condition,string,xsd_declared_type,RR_Budget_3_0:Month3whole2fracDataType,https://apply07.grants.gov/apply/forms/schemas/RR_Budget_3_0-V3.0.xsd,d474010f85819549990de65fc51292bed08ba98ac0895d0dde9513fbe855cdbc,sha256:b318951e0686bd7978ab791bd63ad36d6fa6e93b6368747b272526360e99fedb,false
RRBudget,[Draft] Research & Related Budget,3.0,budget_year[].other_personnel.other[].summer_months,RR_Budget_3_0.BudgetYear.OtherPersonnel.Other.SummerMonths,Summer Months Additional Project Role,question,concept:budget:personnel:summer-months,concept:budget:personnel:summer-months,question:sha256:a721b9c892a2063e7f05196dcd15933922de2ad0fa58f74c3bf80bd81372bf23,agent_proposed,prime_applicant,,parameterized-budget:personnel,0,1,behavior:sha256:54deb134e3980300934eb16f087ff3127b7db46ce5b63998912d3cd5fd53957c,runtime-rule:sha256:3c1c18e8ce7eb500eeacb7d17901f44c187f7a6c0b98dbf6c807c7505749bd2b|runtime-rule:sha256:6ca6e6248991ebb721b8c02e893d255717ac8843ad5e41b3ab62db1ac4c353b4|runtime-rule:sha256:9822852a5e84cdc3ecb26e2bc92c908d926f78269c534b6a7ed9996aae9ab72a|runtime-rule:sha256:bd98ad33dbffe439416552e5aa65989138ade009bef9118799b7aad0f1eb80cb,condition,string,xsd_declared_type,RR_Budget_3_0:Month3whole2fracDataType,https://apply07.grants.gov/apply/forms/schemas/RR_Budget_3_0-V3.0.xsd,d474010f85819549990de65fc51292bed08ba98ac0895d0dde9513fbe855cdbc,sha256:b318951e0686bd7978ab791bd63ad36d6fa6e93b6368747b272526360e99fedb,false
RRBudget,[Draft] Research & Related Budget,3.0,budget_year[].other_personnel.post_doc_associates.summer_months,RR_Budget_3_0.BudgetYear.OtherPersonnel.PostDocAssociates.SummerMonths,Summer Months Post Doctoral Associates,question,concept:budget:personnel:summer-months,concept:budget:personnel:summer-months,question:sha256:e957d98a2e2d8262993b621e82c992e4f9684fc6c19dcad6bfd02c64e1426de2,agent_proposed,prime_applicant,,parameterized-budget:personnel,0,1,behavior:sha256:770c0de9220fc50980ab9d817db4adde04980db8e25d2b81c209709696d4e345,runtime-rule:sha256:8661d125f546656a246292d69af8b2af3bc6ba77ba931d8dc995bbdf8ec2dd4d|runtime-rule:sha256:9db232d597fc17d4e187eb33fd34a54933f2a3ad69681cafd077a91f7dbec955|runtime-rule:sha256:c77eaf278f08fdb293385a8e8df6fdb109b6d56e9cc15a668a495694ad0267e8,condition,string,xsd_declared_type,RR_Budget_3_0:Month3whole2fracDataType,https://apply07.grants.gov/apply/forms/schemas/RR_Budget_3_0-V3.0.xsd,d474010f85819549990de65fc51292bed08ba98ac0895d0dde9513fbe855cdbc,sha256:b318951e0686bd7978ab791bd63ad36d6fa6e93b6368747b272526360e99fedb,false
RRBudget,[Draft] Research & Related Budget,3.0,budget_year[].other_personnel.secretarial_clerical.summer_months,RR_Budget_3_0.BudgetYear.OtherPersonnel.SecretarialClerical.SummerMonths,Summer Months Secretarial/Clerical,question,concept:budget:personnel:summer-months,concept:budget:personnel:summer-months,question:sha256:e509327c4c4f62152bf1f67fe0e1940eca3351f394a2ea145dfe952c7433407d,agent_proposed,prime_applicant,,parameterized-budget:personnel,0,1,behavior:sha256:7750f860a26ee12510ec94a512d7928bb71e0d4f21b64072926d051df4385b07,runtime-rule:sha256:0379baa049b7268df35d1fc6894b1b7c25f5b55458b1b5cae1e849cea6c2c31e|runtime-rule:sha256:3aae065e3e2332833380e376c98199a786f48bfcc3934ff51715e8a8b20bf956|runtime-rule:sha256:ea2bb3a5fd0c1771829369c4b1c67dcaab456549ad87e1a877c8cc04312b64ea,condition,string,xsd_declared_type,RR_Budget_3_0:Month3whole2fracDataType,https://apply07.grants.gov/apply/forms/schemas/RR_Budget_3_0-V3.0.xsd,d474010f85819549990de65fc51292bed08ba98ac0895d0dde9513fbe855cdbc,sha256:b318951e0686bd7978ab791bd63ad36d6fa6e93b6368747b272526360e99fedb,false
RRBudget,[Draft] Research & Related Budget,3.0,budget_year[].other_personnel.undergraduate_students.summer_months,RR_Budget_3_0.BudgetYear.OtherPersonnel.UndergraduateStudents.SummerMonths,Summer Months Undergraduate Students,question,concept:budget:personnel:summer-months,concept:budget:personnel:summer-months,question:sha256:c6802b8a7018de4d703f74c9d15b4f845bae3e708cd634ef684b63c9e42cb598,agent_proposed,prime_applicant,,parameterized-budget:personnel,0,1,behavior:sha256:d19ec7e0dd5040d9adbd9558584077bc5a6059720eae8d6d1980f8e182d33a51,runtime-rule:sha256:0201bba66a974029433d5cd315de8beded0c57744431ffcbc2a8ace327071c6f|runtime-rule:sha256:335114400eb8de86f7b1ea90f7e327a5f355c408564dd9c0fb373808021de2a1|runtime-rule:sha256:d86f2b1369be8ae0314545146a987231aa444b0e4c56b85b3a23464ec794dec2,condition,string,xsd_declared_type,RR_Budget_3_0:Month3whole2fracDataType,https://apply07.grants.gov/apply/forms/schemas/RR_Budget_3_0-V3.0.xsd,d474010f85819549990de65fc51292bed08ba98ac0895d0dde9513fbe855cdbc,sha256:b318951e0686bd7978ab791bd63ad36d6fa6e93b6368747b272526360e99fedb,false
RRBudget,[Draft] Research & Related Budget,3.0,budget_year[].equipment.total_fund_for_attached_equipment,RR_Budget_3_0.BudgetYear.Equipment.TotalFundForAttachedEquipment,Total funds requested for all equipment listed in the attached file,question,concept:budget:research:attached-equipment-total,concept:budget:research:attached-equipment-total,question:sha256:e601e1ea24e5d6f950b5c56e918c9ce1912bb4ff0702fdc33cf75b5f767d4679,agent_proposed,prime_applicant,,parameterized-budget:cost-category,0,1,behavior:sha256:d6ed03ab5ae99117d1356dbc4b57ffe3e6fe5c0235636b25884d0872c328ef99,runtime-rule:sha256:85ad54951e233b1bcdb171986076b594aa542bf9bd4727a379b044f892193114|runtime-rule:sha256:85c184d656e13ca2a47b817ddb2107ed11364956588b929a616555711cc57034,condition|guidance,string,xsd_declared_type,glob:DecimalMin1Max14Places2Type,https://apply07.grants.gov/apply/forms/schemas/RR_Budget_3_0-V3.0.xsd,d474010f85819549990de65fc51292bed08ba98ac0895d0dde9513fbe855cdbc,sha256:b318951e0686bd7978ab791bd63ad36d6fa6e93b6368747b272526360e99fedb,false
RRBudget,[Draft] Research & Related Budget,3.0,budget_year[].key_persons.total_fund_for_attached_key_persons,RR_Budget_3_0.BudgetYear.KeyPersons.TotalFundForAttachedKeyPersons,Total Funds requested for all Senior Key Persons in the attached file,question,concept:budget:research:attached-key-person-total,concept:budget:research:attached-key-person-total,question:sha256:d31a037f276008d8f38bb5995d1df7c9a154d9f3abe76fa3d26a7eed6f96b6c8,agent_proposed,prime_applicant,,parameterized-budget:personnel,0,1,behavior:sha256:1e7c4345bccf8bd8d632f9b80e035a6a0a68c81740a50034a6f5f5139100d55a,runtime-rule:sha256:b11ea185d5a63b1ab1f3a4ba5af4dd09326d2d30ddf8f3eda73b3a180fdfc4d1|runtime-rule:sha256:eacc153a558953596998c21d63ff1ef7e451a7d2a34bf4459600ee0b62802bb0,condition|guidance,string,xsd_declared_type,glob:DecimalMin1Max15Places2Type,https://apply07.grants.gov/apply/forms/schemas/RR_Budget_3_0-V3.0.xsd,d474010f85819549990de65fc51292bed08ba98ac0895d0dde9513fbe855cdbc,sha256:b318951e0686bd7978ab791bd63ad36d6fa6e93b6368747b272526360e99fedb,false
RRBudget,[Draft] Research & Related Budget,3.0,budget_type,RR_Budget_3_0.BudgetType,Budget Type:,question,concept:budget:research:budget-type,concept:budget:research:budget-type,question:sha256:4b46303d0401459e4637c62ea6381f5b27c53f967a7db8c6f814ae795b2512ef,agent_proposed,prime_applicant,,parameterized-budget:form-shell,1,1,behavior:sha256:3318319185313234932aa13bf12d79472447e8be07d625403fcfc08c869117d4|behavior:sha256:7bc693a6372cd0fea1db9d81aba24e8887a2f0ae6d05f1a85f97cc2d54064524|behavior:sha256:f4178488055e44a993934a7149f22caa760d74cca2a9ee730bc07b990cdaa07e,runtime-rule:sha256:697722d08ea511948de56b261d2e630dd5ae5c16b8c66388a34bc6fb7d45356b,guidance,string,xsd_declared_type,RR_Budget_3_0:BudgetTypeDataType,https://apply07.grants.gov/apply/forms/schemas/RR_Budget_3_0-V3.0.xsd,d474010f85819549990de65fc51292bed08ba98ac0895d0dde9513fbe855cdbc,sha256:b318951e0686bd7978ab791bd63ad36d6fa6e93b6368747b272526360e99fedb,false
RRBudget,[Draft] Research & Related Budget,3.0,budget_year[].participant_trainee_support_costs.participant_trainee_number,RR_Budget_3_0.BudgetYear.ParticipantTraineeSupportCosts.ParticipantTraineeNumber,Number of Participants/Trainees,question,concept:budget:trainee:count,concept:budget:trainee:count,question:sha256:dbdb3dc98f47c01d1386c91cc931e394fb3c0df1c1299d6ef464cbefd1fa2e10,agent_proposed,prime_applicant,,parameterized-budget:cost-category,0,1,behavior:sha256:5e09fe81fe13a3fd00b39a86eae044f7c7aa722f6608cc137b57b046d3f37ed8,runtime-rule:sha256:bb151a3dc2c2ac1647fa872dc115ee85ca306c0ce7e1db6876fb8dbfa091c3e8,calculation,integer,xsd_declared_type,RR_Budget_3_0:Int4DataType,https://apply07.grants.gov/apply/forms/schemas/RR_Budget_3_0-V3.0.xsd,d474010f85819549990de65fc51292bed08ba98ac0895d0dde9513fbe855cdbc,sha256:b318951e0686bd7978ab791bd63ad36d6fa6e93b6368747b272526360e99fedb,false
RRBudget,[Draft] Research & Related Budget,3.0,budget_year[].participant_trainee_support_costs.stipends,RR_Budget_3_0.BudgetYear.ParticipantTraineeSupportCosts.Stipends,2. Stipends,question,concept:budget:trainee:stipends,concept:budget:trainee:stipends,question:sha256:34023cced12cac48d49745758b51fb738c3d7c3569548f01ab73d6e44a5539b1,agent_proposed,prime_applicant,,parameterized-budget:cost-category,0,1,behavior:sha256:18fc217a00655f8d1a0f0eb24ba3151c872fba18457fd863cebd9fe3c69294c1,runtime-rule:sha256:1fbf941aa84ab152812d1a58ae49daf23869d2117cc8806b372d4badc7701490,guidance,string,xsd_declared_type,glob:DecimalMin1Max14Places2Type,https://apply07.grants.gov/apply/forms/schemas/RR_Budget_3_0-V3.0.xsd,d474010f85819549990de65fc51292bed08ba98ac0895d0dde9513fbe855cdbc,sha256:b318951e0686bd7978ab791bd63ad36d6fa6e93b6368747b272526360e99fedb,false
RRBudget,[Draft] Research & Related Budget,3.0,budget_year[].participant_trainee_support_costs.subsistence,RR_Budget_3_0.BudgetYear.ParticipantTraineeSupportCosts.Subsistence,4. Subsistence,question,concept:budget:trainee:subsistence,concept:budget:trainee:subsistence,question:sha256:0a3768821475a99902dd5bd5f1f2b743c0c135c50db61042217fb8501343b59a,agent_proposed,prime_applicant,,parameterized-budget:cost-category,0,1,behavior:sha256:daf24826a4a374c3f1d90facb297bd0cbf0249efcff1e700de68830b2b7bc1be,runtime-rule:sha256:1db40c6c130514d90db69b7217faf7a25f1f820036e8374210092200234eab5c,guidance,string,xsd_declared_type,glob:DecimalMin1Max14Places2Type,https://apply07.grants.gov/apply/forms/schemas/RR_Budget_3_0-V3.0.xsd,d474010f85819549990de65fc51292bed08ba98ac0895d0dde9513fbe855cdbc,sha256:b318951e0686bd7978ab791bd63ad36d6fa6e93b6368747b272526360e99fedb,false
RRBudget,[Draft] Research & Related Budget,3.0,budget_year[].participant_trainee_support_costs.travel,RR_Budget_3_0.BudgetYear.ParticipantTraineeSupportCosts.Travel,3. Travel,question,concept:budget:trainee:travel,concept:budget:trainee:travel,question:sha256:6441408d5199a795b1fdfae9c48d34f70b02d5346f8f1614349bfac077bd1f2c,agent_proposed,prime_applicant,,parameterized-budget:cost-category,0,1,behavior:sha256:262656af75da9697b2c16c86fa0051e1dabe851739bc3e0d7d73d1169353dea6,runtime-rule:sha256:4e92226541da444e73184bb9a5a4cd267fbc7f90a31d46bc4612311090ce767c,guidance,string,xsd_declared_type,glob:DecimalMin1Max14Places2Type,https://apply07.grants.gov/apply/forms/schemas/RR_Budget_3_0-V3.0.xsd,d474010f85819549990de65fc51292bed08ba98ac0895d0dde9513fbe855cdbc,sha256:b318951e0686bd7978ab791bd63ad36d6fa6e93b6368747b272526360e99fedb,false
RRBudget,[Draft] Research & Related Budget,3.0,budget_year[].participant_trainee_support_costs.tuition_fee_health_insurance,RR_Budget_3_0.BudgetYear.ParticipantTraineeSupportCosts.TuitionFeeHealthInsurance,1. Tuition/Fees/Health Insurance,question,concept:budget:trainee:tuition-fees-insurance,concept:budget:trainee:tuition-fees-insurance,question:sha256:0b9b07b0aa9d2a27a0c28e4573335e10f2dbe553119cf5bc352b3b1b4cf608f5,agent_proposed,prime_applicant,,parameterized-budget:cost-category,0,1,behavior:sha256:1000618e42c17ff2b25f10c008ae794e2387036c28037c4792511f195006ab29,runtime-rule:sha256:e88ca4eeee6970510fde8f97c5430b087b85c56cabba2a3f6af3055aa179ec35,guidance,string,xsd_declared_type,glob:DecimalMin1Max14Places2Type,https://apply07.grants.gov/apply/forms/schemas/RR_Budget_3_0-V3.0.xsd,d474010f85819549990de65fc51292bed08ba98ac0895d0dde9513fbe855cdbc,sha256:b318951e0686bd7978ab791bd63ad36d6fa6e93b6368747b272526360e99fedb,false
RRBudget,[Draft] Research & Related Budget,3.0,budget_year[].travel.domestic_travel_cost,RR_Budget_3_0.BudgetYear.Travel.DomesticTravelCost,"1. Domestic Travel Costs ( Incl. Canada, Mexico and U.S. Possessions)",question,concept:budget:travel:domestic,concept:budget:travel:domestic,question:sha256:d2944dd7a554635547648bf318339d9bd561988131b7cb7c874007ebe1b3e0f2,agent_proposed,prime_applicant,,parameterized-budget:cost-category,0,1,behavior:sha256:c12400eeaa13fd73203f2192eb3a6068686ee4c27ac9097d642787c05f4afee4,runtime-rule:sha256:4c84088c21625312ef5158a681ebbbc970d5ceff0c0816bc9d2a6a86a7854b85|runtime-rule:sha256:c330fd8b5d9f4b02df8caf6686a4ce44de6ede6b93cf125952b666915675f68f|runtime-rule:sha256:d8189b3d817d35d2d1c18aa629198949adde081ffe73408c04f7f0ed815cee69,calculation|guidance,string,xsd_declared_type,glob:DecimalMin1Max14Places2Type,https://apply07.grants.gov/apply/forms/schemas/RR_Budget_3_0-V3.0.xsd,d474010f85819549990de65fc51292bed08ba98ac0895d0dde9513fbe855cdbc,sha256:b318951e0686bd7978ab791bd63ad36d6fa6e93b6368747b272526360e99fedb,false
RRBudget,[Draft] Research & Related Budget,3.0,budget_year[].travel.foreign_travel_cost,RR_Budget_3_0.BudgetYear.Travel.ForeignTravelCost,2. Foreign Travel Costs,question,concept:budget:travel:foreign,concept:budget:travel:foreign,question:sha256:51dcc8c4487bf0d8b47f81acb085c3cbd23ade1aee18603b70bfb3463a894a5a,agent_proposed,prime_applicant,,parameterized-budget:cost-category,0,1,behavior:sha256:564a072ecad924c206b816234c351ef3248ccea35a263bcd8ccbbd837e1d23ea,runtime-rule:sha256:4c84088c21625312ef5158a681ebbbc970d5ceff0c0816bc9d2a6a86a7854b85|runtime-rule:sha256:67828496745d975e07c9d939d26de4d79e4613d8d945beb93480f5a733bbae24|runtime-rule:sha256:f082b0d5029af86f6f60432b2af446231a990102d3d9b3daa2a80793692e0df4,calculation|guidance,string,xsd_declared_type,glob:DecimalMin1Max14Places2Type,https://apply07.grants.gov/apply/forms/schemas/RR_Budget_3_0-V3.0.xsd,d474010f85819549990de65fc51292bed08ba98ac0895d0dde9513fbe855cdbc,sha256:b318951e0686bd7978ab791bd63ad36d6fa6e93b6368747b272526360e99fedb,false
RRBudget,[Draft] Research & Related Budget,3.0,budget_year[].key_persons.key_person[].project_role,RR_Budget_3_0.BudgetYear.KeyPersons.KeyPerson.ProjectRole,Project Role:,question,concept:research-person:project-role,concept:research-person:project-role,question:sha256:3e0f698082f5906b9a2e25af74be349f18f46dc8bedcb0f434094851bbbb6af0,agent_proposed,prime_applicant,,parameterized-budget:personnel,1,1,behavior:sha256:aa25a9c76a10247f42e52eb19545c8d355176ff30198ba4858b64012854f9e64,runtime-rule:sha256:fd6661e5cae1810190dfe809c842fffcb055a667a33194195dabc97370e04e9b,guidance,string,xsd_declared_type,glob:StringMin1Max100Type,https://apply07.grants.gov/apply/forms/schemas/RR_Budget_3_0-V3.0.xsd,d474010f85819549990de65fc51292bed08ba98ac0895d0dde9513fbe855cdbc,sha256:b318951e0686bd7978ab791bd63ad36d6fa6e93b6368747b272526360e99fedb,false
RRBudget,[Draft] Research & Related Budget,3.0,budget_year[].other_personnel.other[].project_role,RR_Budget_3_0.BudgetYear.OtherPersonnel.Other.ProjectRole,Additional Project Role Description,question,concept:research-person:project-role,concept:research-person:project-role,question:sha256:7774a1dbe19e18780f9d855754d07b1a1b49d34123829275528dfd7495678398,agent_proposed,prime_applicant,,parameterized-budget:personnel,1,1,behavior:sha256:a0136dcaaf8df3d9813a1d62c3683c4f66d2d5c011af340d12a9acf831784d0a,runtime-rule:sha256:3c1c18e8ce7eb500eeacb7d17901f44c187f7a6c0b98dbf6c807c7505749bd2b|runtime-rule:sha256:6ca6e6248991ebb721b8c02e893d255717ac8843ad5e41b3ab62db1ac4c353b4|runtime-rule:sha256:7c1d048f21b0fb6ef591febea0bdbf24de18884d6da6fe9be84291c7294ffe90|runtime-rule:sha256:9822852a5e84cdc3ecb26e2bc92c908d926f78269c534b6a7ed9996aae9ab72a|runtime-rule:sha256:bd98ad33dbffe439416552e5aa65989138ade009bef9118799b7aad0f1eb80cb,condition|guidance,string,xsd_declared_type,glob:StringMin1Max100Type,https://apply07.grants.gov/apply/forms/schemas/RR_Budget_3_0-V3.0.xsd,d474010f85819549990de65fc51292bed08ba98ac0895d0dde9513fbe855cdbc,sha256:b318951e0686bd7978ab791bd63ad36d6fa6e93b6368747b272526360e99fedb,false
RRBudget,[Draft] Research & Related Budget,3.0,organization_name,RR_Budget_3_0.OrganizationName,Enter name of Organization:,question,concept:role:applicant-organization:name,concept:role:applicant-organization:name,question:sha256:04a0d545d68065561a5aa48c2deb619c2d9220c9649f901088d9557d78e29346,agent_proposed,prime_applicant,,parameterized-budget:form-shell,0,1,behavior:sha256:acddef36c8a2161db9916c23a10dea34e2b649072114bd43003ede638bc5514c,runtime-rule:sha256:099805a3f72e85e2824ed81d3d3e57958cdff6161c39e829992a311b7c04c80f,guidance,string,xsd_declared_type,globLib:OrganizationNameDataType,https://apply07.grants.gov/apply/forms/schemas/RR_Budget_3_0-V3.0.xsd,d474010f85819549990de65fc51292bed08ba98ac0895d0dde9513fbe855cdbc,sha256:b318951e0686bd7978ab791bd63ad36d6fa6e93b6368747b272526360e99fedb,false
RRBudget,[Draft] Research & Related Budget,3.0,samuei,RR_Budget_3_0.SAMUEI,UEI:,question,concept:role:applicant-organization:sam-uei,concept:role:applicant-organization:sam-uei,question:sha256:ec555684403c6a4c6ed74aedb946de6152ad5bffd6b787885d053e0c1b67990d,agent_proposed,prime_applicant,,parameterized-budget:form-shell,1,1,behavior:sha256:25936522ac3dcda12268b1ee52d5d0da51b21751bb983c3988b7be7fe135b22a,runtime-rule:sha256:5adc5234b6a492464c0e8c33b04e1a219be616f2f3dfd2c578df8a388e10680f,guidance,string,xsd_declared_type,globLib:SAMUEIDataType,https://apply07.grants.gov/apply/forms/schemas/RR_Budget_3_0-V3.0.xsd,d474010f85819549990de65fc51292bed08ba98ac0895d0dde9513fbe855cdbc,sha256:b318951e0686bd7978ab791bd63ad36d6fa6e93b6368747b272526360e99fedb,false
RRBudget,[Draft] Research & Related Budget,3.0,budget_year[].key_persons.key_person[].name.first_name,RR_Budget_3_0.BudgetYear.KeyPersons.KeyPerson.Name.FirstName,First Name,question,concept:role:key-person:name:first,concept:role:key-person:name:first,question:sha256:35d684408447fa77e4df69687c5483463c7fd43f3ca3439403432c259ba8e871,agent_proposed,prime_applicant,,parameterized-budget:personnel,1,1,behavior:sha256:733ee3c8bcc2fd4054ae80bf330a545efc3b3d04cfbaf114c3e45ed048ddab0f,runtime-rule:sha256:4c59e83a6818c06f1edfa26e9401118bf1450757343d33b290bf33d158203eba,guidance,string,xsd_declared_type,globLib:FirstNameDataType,https://apply07.grants.gov/apply/system/schemas/GlobalLibrary-V2.0.xsd,ff0214de91b95a4209f50f0fe08a18d0f3d17f280ab8c8bbcb52878f37de7be8,sha256:b318951e0686bd7978ab791bd63ad36d6fa6e93b6368747b272526360e99fedb,false
RRBudget,[Draft] Research & Related Budget,3.0,budget_year[].key_persons.key_person[].name.last_name,RR_Budget_3_0.BudgetYear.KeyPersons.KeyPerson.Name.LastName,Last Name,question,concept:role:key-person:name:last,concept:role:key-person:name:last,question:sha256:32e121773481d4ee4f3bf2913384a0f7a9dfbc8e2fb449bf0a149316c8f41d17,agent_proposed,prime_applicant,,parameterized-budget:personnel,1,1,behavior:sha256:5c80a8fe63966c7013fad8b442c9b9f3943f9a76e6d11d692c864f72d9d86af6,runtime-rule:sha256:605eccacc9860012abf9bbeda8681ce594931d43a0418746bf784c238d44db30,guidance,string,xsd_declared_type,globLib:LastNameDataType,https://apply07.grants.gov/apply/system/schemas/GlobalLibrary-V2.0.xsd,ff0214de91b95a4209f50f0fe08a18d0f3d17f280ab8c8bbcb52878f37de7be8,sha256:b318951e0686bd7978ab791bd63ad36d6fa6e93b6368747b272526360e99fedb,false
RRBudget,[Draft] Research & Related Budget,3.0,budget_year[].key_persons.key_person[].name.middle_name,RR_Budget_3_0.BudgetYear.KeyPersons.KeyPerson.Name.MiddleName,Middle Name,question,concept:role:key-person:name:middle,concept:role:key-person:name:middle,question:sha256:824af1e10ee6fffce06923755978099616712d985d2ee25cabf44aead44fd479,agent_proposed,prime_applicant,,parameterized-budget:personnel,0,1,behavior:sha256:628741135e6b958106078bfbdd60d2f90e62b62c110146dfff2e5aab0bd13761,,,string,xsd_declared_type,globLib:MiddleNameDataType,https://apply07.grants.gov/apply/system/schemas/GlobalLibrary-V2.0.xsd,ff0214de91b95a4209f50f0fe08a18d0f3d17f280ab8c8bbcb52878f37de7be8,sha256:b318951e0686bd7978ab791bd63ad36d6fa6e93b6368747b272526360e99fedb,false
RRBudget,[Draft] Research & Related Budget,3.0,budget_year[].key_persons.key_person[].name.prefix_name,RR_Budget_3_0.BudgetYear.KeyPersons.KeyPerson.Name.PrefixName,Prefix,question,concept:role:key-person:name:prefix,concept:role:key-person:name:prefix,question:sha256:55b5db9d1913687a2c6a14358f9a0cd87abe340bf4c5635bf566f36d9a4e2ecc,agent_proposed,prime_applicant,,parameterized-budget:personnel,0,1,behavior:sha256:63e06f3e53f06a6842314ed07c4cedc30009276121dfaa37f54caa1e8053bf69,,,string,xsd_declared_type,globLib:PrefixNameDataType,https://apply07.grants.gov/apply/system/schemas/GlobalLibrary-V2.0.xsd,ff0214de91b95a4209f50f0fe08a18d0f3d17f280ab8c8bbcb52878f37de7be8,sha256:b318951e0686bd7978ab791bd63ad36d6fa6e93b6368747b272526360e99fedb,false
RRBudget,[Draft] Research & Related Budget,3.0,budget_year[].key_persons.key_person[].name.suffix_name,RR_Budget_3_0.BudgetYear.KeyPersons.KeyPerson.Name.SuffixName,Suffix,question,concept:role:key-person:name:suffix,concept:role:key-person:name:suffix,question:sha256:e6f89d501f1a02f1d1e6a7a131b3bb73137fac6eda2c830a650c3a708a6b2ad2,agent_proposed,prime_applicant,,parameterized-budget:personnel,0,1,behavior:sha256:a6f876940d65f64fd5fe5023f09f34ba27b84e0c1d04d07f4308e78bddac63f9,,,string,xsd_declared_type,globLib:SuffixNameDataType,https://apply07.grants.gov/apply/system/schemas/GlobalLibrary-V2.0.xsd,ff0214de91b95a4209f50f0fe08a18d0f3d17f280ab8c8bbcb52878f37de7be8,sha256:b318951e0686bd7978ab791bd63ad36d6fa6e93b6368747b272526360e99fedb,false
RRBudget10,[Draft] Research & Related Budget 10YR,3.0,budget_year[].equipment.equipment_list[].equipment_item,RR_Budget10_3_0.BudgetYear.Equipment.EquipmentList.EquipmentItem,Equipment Item,question,concept:budget:equipment:item,concept:budget:equipment:item,question:sha256:db4eece3c6bf67f5f91a736c86dd7e248052165fffc64817ab4407d2c20075f9,agent_proposed,prime_applicant,,parameterized-budget:cost-category,1,1,behavior:sha256:04b87e2336d228cac51784ac874864ac84a56e93d8e330836be5fac8fab7266a,runtime-rule:sha256:033768ae23e939f9fa296342ec88bed0348b42e9d9abfd84204868d47942fb01|runtime-rule:sha256:537b5960901893ee1f2af4aa8887f7fde8437ec2f21ecf2125906586ac86e743|runtime-rule:sha256:fdc75d2198c9b58aa337fb58d32e395f4f0303d445cc6a8f9f6d612b97dc51a4,condition|guidance,string,xsd_declared_type,RR_Budget10_3_0:String1_64DataType,https://apply07.grants.gov/apply/forms/schemas/RR_Budget10_3_0-V3.0.xsd,e9d004c15ffcbae04b65087cb0eff7e87b8eb8ba0ffd6bfb6aba5542e04708cc,sha256:cccce03554424d59b5958e4443a54db12a5a10780fbdc5df2ec25955d443fc9d,false
RRBudget10,[Draft] Research & Related Budget 10YR,3.0,budget_year[].fee,RR_Budget10_3_0.BudgetYear.Fee,Fee,question,concept:budget:fee,concept:budget:fee,question:sha256:b0537182c738912c6b58b18a058c017b912eb3000a7a24c7dd38563b9b14a024,agent_proposed,prime_applicant,,parameterized-budget:budget-period,0,1,behavior:sha256:5b6fa24a40bcb70fa6b975b78d5ee4f147bb7f2d9a0891b95d93a06d1372bf9d,runtime-rule:sha256:9a7cd9f38a3d00ac6abee65f710efc4e7b3b49c542655186c1502a772ccbc14e|runtime-rule:sha256:b67581c30a8780d7daa6aea30117a08276757724d499f141ab87fbae53d4df75,calculation,string,xsd_declared_type,globLib:BudgetAmountDataType,https://apply07.grants.gov/apply/forms/schemas/RR_Budget10_3_0-V3.0.xsd,e9d004c15ffcbae04b65087cb0eff7e87b8eb8ba0ffd6bfb6aba5542e04708cc,sha256:cccce03554424d59b5958e4443a54db12a5a10780fbdc5df2ec25955d443fc9d,false
RRBudget10,[Draft] Research & Related Budget 10YR,3.0,budget_year[].equipment.equipment_list[].funds_requested,RR_Budget10_3_0.BudgetYear.Equipment.EquipmentList.FundsRequested,Equipment Item Funds Requested,question,concept:budget:funds-requested,concept:budget:funds-requested,question:sha256:f86395189b7aff155c9826976242c9fd78577a3776a63950b4ad7a73e46af8b2,agent_proposed,prime_applicant,,parameterized-budget:cost-category,1,1,behavior:sha256:c03954cdef945cf502b2f1bc4c308fa1ed122371ecd3ed0681fa365d0bde7bd2,runtime-rule:sha256:033768ae23e939f9fa296342ec88bed0348b42e9d9abfd84204868d47942fb01|runtime-rule:sha256:5ddab9eb81ade296dbd0dfc441a41edfb43f03aab58e9895338e1e2799ba7b22|runtime-rule:sha256:fdc75d2198c9b58aa337fb58d32e395f4f0303d445cc6a8f9f6d612b97dc51a4,condition|guidance,string,xsd_declared_type,glob:DecimalMin1Max14Places2Type,https://apply07.grants.gov/apply/forms/schemas/RR_Budget10_3_0-V3.0.xsd,e9d004c15ffcbae04b65087cb0eff7e87b8eb8ba0ffd6bfb6aba5542e04708cc,sha256:cccce03554424d59b5958e4443a54db12a5a10780fbdc5df2ec25955d443fc9d,false
RRBudget10,[Draft] Research & Related Budget 10YR,3.0,budget_year[].indirect_costs.indirect_cost[].fund_requested,RR_Budget10_3_0.BudgetYear.IndirectCosts.IndirectCost.FundRequested,Indirect Costs Funds Requested,question,concept:budget:funds-requested,concept:budget:funds-requested,question:sha256:dcf5e58888a65d1c03a0cf9c7a086feec3c01c33d2920ccc112fb2ab56360526,agent_proposed,prime_applicant,,parameterized-budget:indirect-cost,1,1,behavior:sha256:e17d9fad042d42fcb4a1935912723da266b19f83577cd9f53cbc603ae7f1d970,runtime-rule:sha256:ebea8dd8c3fe7a2cd8f2fde3ba49a1e19f3cfd8248dd04acd17c06739951a099,guidance,string,xsd_declared_type,glob:DecimalMin1Max14Places2Type,https://apply07.grants.gov/apply/forms/schemas/RR_Budget10_3_0-V3.0.xsd,e9d004c15ffcbae04b65087cb0eff7e87b8eb8ba0ffd6bfb6aba5542e04708cc,sha256:cccce03554424d59b5958e4443a54db12a5a10780fbdc5df2ec25955d443fc9d,false
RRBudget10,[Draft] Research & Related Budget 10YR,3.0,budget_year[].indirect_costs.indirect_cost[].base,RR_Budget10_3_0.BudgetYear.IndirectCosts.IndirectCost.Base,Indirect Cost Base,question,concept:budget:indirect:base,concept:budget:indirect:base,question:sha256:ec1e56281fa6e552c00ff94ee6fc672a0c9d9ab913b1497c0d5950b4135e210f,agent_proposed,prime_applicant,,parameterized-budget:indirect-cost,0,1,behavior:sha256:b598c5114e7c4e437c916f4cf2c12ec50cb9e074291f11f08f06fa75e3b55078,,,string,xsd_declared_type,glob:DecimalMin1Max14Places2Type,https://apply07.grants.gov/apply/forms/schemas/RR_Budget10_3_0-V3.0.xsd,e9d004c15ffcbae04b65087cb0eff7e87b8eb8ba0ffd6bfb6aba5542e04708cc,sha256:cccce03554424d59b5958e4443a54db12a5a10780fbdc5df2ec25955d443fc9d,false
RRBudget10,[Draft] Research & Related Budget 10YR,3.0,budget_year[].cognizant_federal_agency,RR_Budget10_3_0.BudgetYear.CognizantFederalAgency,"Cognizant Federal Agency (Agency Name, POC Name, and POC Phone Number)",question,concept:budget:indirect:cognizant-agency,concept:budget:indirect:cognizant-agency,question:sha256:1c4ff69120897dac49b66f4f4263f470c47a07177c1dca838280bf8ffef0bb1d,agent_proposed,prime_applicant,,parameterized-budget:indirect-cost,0,1,behavior:sha256:78964578bdf38429ae6acc27cf2756ee1c8547b46712fb2f2fb1a22827d93456,,,string,normalized_source_type,string,https://apply07.grants.gov/apply/forms/schemas/RR_Budget10_3_0-V3.0.xsd,e9d004c15ffcbae04b65087cb0eff7e87b8eb8ba0ffd6bfb6aba5542e04708cc,sha256:cccce03554424d59b5958e4443a54db12a5a10780fbdc5df2ec25955d443fc9d,false
RRBudget10,[Draft] Research & Related Budget 10YR,3.0,budget_year[].indirect_costs.indirect_cost[].cost_type,RR_Budget10_3_0.BudgetYear.IndirectCosts.IndirectCost.CostType,Indirect Cost Type,question,concept:budget:indirect:cost-type,concept:budget:indirect:cost-type,question:sha256:21d892b8ed4a9100df07d31377644fc921a9a37624ea990edd110fdc69985be4,agent_proposed,prime_applicant,,parameterized-budget:indirect-cost,1,1,behavior:sha256:ce8cf4b2c3587623f4eeb32db30cd188f60c487e409e1c64e77f0364caef5cd8,runtime-rule:sha256:1451b7d1d6250bcfeab6102d50d4cae89a9b2154f80e270eafd0ea98878cbd76,guidance,string,xsd_declared_type,RR_Budget10_3_0:String1_64DataType,https://apply07.grants.gov/apply/forms/schemas/RR_Budget10_3_0-V3.0.xsd,e9d004c15ffcbae04b65087cb0eff7e87b8eb8ba0ffd6bfb6aba5542e04708cc,sha256:cccce03554424d59b5958e4443a54db12a5a10780fbdc5df2ec25955d443fc9d,false
RRBudget10,[Draft] Research & Related Budget 10YR,3.0,budget_year[].indirect_costs.indirect_cost[].rate,RR_Budget10_3_0.BudgetYear.IndirectCosts.IndirectCost.Rate,Indirect Cost Rate,question,concept:budget:indirect:rate,concept:budget:indirect:rate,question:sha256:7770064684a3a6abec4f60a833ba1a444a7bb3ab2ff74ce04ef6085459f31d20,agent_proposed,prime_applicant,,parameterized-budget:indirect-cost,0,1,behavior:sha256:708e4fc49659765ed6318f93b0dccce64b06bc6d6cf6f23e12f83cf75d955030,runtime-rule:sha256:c87a11909b80e4190ae238db595ff222f76084794015c6a4461be01ee7d90186,guidance,string,normalized_source_type,decimal,https://apply07.grants.gov/apply/forms/schemas/RR_Budget10_3_0-V3.0.xsd,e9d004c15ffcbae04b65087cb0eff7e87b8eb8ba0ffd6bfb6aba5542e04708cc,sha256:cccce03554424d59b5958e4443a54db12a5a10780fbdc5df2ec25955d443fc9d,false
RRBudget10,[Draft] Research & Related Budget 10YR,3.0,budget_year[].other_direct_costs.other_direct_cost_1.cost,RR_Budget10_3_0.BudgetYear.OtherDirectCosts.OtherDirectCost1.Cost,Additional Other Direct Cost Funds Requested,question,concept:budget:line:cost,concept:budget:line:cost,question:sha256:46e62251b5bb6f63e1d967d38cf84929aa6e43b4bebb7cb996f966cd4e5cb30c,agent_proposed,prime_applicant,,parameterized-budget:cost-category,1,1,behavior:sha256:38f14a3bd655c303f1e443a09d3692b9cda56e626dc3aa30d09bbdaf208d4966,runtime-rule:sha256:52bb05b9ab619c3e5a8fc420631bb7670dc8c0fd993f7fc0c89cf7504798100e|runtime-rule:sha256:c5825f2ea495efd97c0bafbe09295160e62e9974dadd1ddce7a7b11b69867b51,condition|guidance,string,xsd_declared_type,glob:DecimalMin1Max14Places2Type,https://apply07.grants.gov/apply/forms/schemas/RR_Budget10_3_0-V3.0.xsd,e9d004c15ffcbae04b65087cb0eff7e87b8eb8ba0ffd6bfb6aba5542e04708cc,sha256:cccce03554424d59b5958e4443a54db12a5a10780fbdc5df2ec25955d443fc9d,false
RRBudget10,[Draft] Research & Related Budget 10YR,3.0,budget_year[].other_direct_costs.other_direct_cost_10.cost,RR_Budget10_3_0.BudgetYear.OtherDirectCosts.OtherDirectCost10.Cost,Additional Other Direct Cost Funds Requested,question,concept:budget:line:cost,concept:budget:line:cost,question:sha256:ba21538102aa405893cf7ec6b9ba4ddc4b139ff1a9a2935bb0788e32db0b1959,agent_proposed,prime_applicant,,parameterized-budget:cost-category,1,1,behavior:sha256:38f14a3bd655c303f1e443a09d3692b9cda56e626dc3aa30d09bbdaf208d4966,runtime-rule:sha256:a990830ed5e78a2d340e45ec1781413dd0eaef0eb5c170e8d5c6a4c8c29a12ed|runtime-rule:sha256:ec33c436dc384a062973d72aefaee03e3264a41822b4e505024f4d8c22a3ca70,condition|guidance,string,xsd_declared_type,glob:DecimalMin1Max14Places2Type,https://apply07.grants.gov/apply/forms/schemas/RR_Budget10_3_0-V3.0.xsd,e9d004c15ffcbae04b65087cb0eff7e87b8eb8ba0ffd6bfb6aba5542e04708cc,sha256:cccce03554424d59b5958e4443a54db12a5a10780fbdc5df2ec25955d443fc9d,false
RRBudget10,[Draft] Research & Related Budget 10YR,3.0,budget_year[].other_direct_costs.other_direct_cost_2.cost,RR_Budget10_3_0.BudgetYear.OtherDirectCosts.OtherDirectCost2.Cost,Additional Other Direct Cost Funds Requested,question,concept:budget:line:cost,concept:budget:line:cost,question:sha256:4cce5f27ad51657fbe4bf67ca288c47c0dc3b3180ccff801d512f06e7b295a0e,agent_proposed,prime_applicant,,parameterized-budget:cost-category,1,1,behavior:sha256:38f14a3bd655c303f1e443a09d3692b9cda56e626dc3aa30d09bbdaf208d4966,runtime-rule:sha256:4d309bdd03ca360b6298b7cd80cda9757f126791d9d4ee9b4b48011fdf1931e9|runtime-rule:sha256:9eb756630a23fda0d7d1973b0c6772c34b17aee7e09c095a07a38475290ee227,condition|guidance,string,xsd_declared_type,glob:DecimalMin1Max14Places2Type,https://apply07.grants.gov/apply/forms/schemas/RR_Budget10_3_0-V3.0.xsd,e9d004c15ffcbae04b65087cb0eff7e87b8eb8ba0ffd6bfb6aba5542e04708cc,sha256:cccce03554424d59b5958e4443a54db12a5a10780fbdc5df2ec25955d443fc9d,false
RRBudget10,[Draft] Research & Related Budget 10YR,3.0,budget_year[].other_direct_costs.other_direct_cost_3.cost,RR_Budget10_3_0.BudgetYear.OtherDirectCosts.OtherDirectCost3.Cost,Additional Other Direct Cost Funds Requested,question,concept:budget:line:cost,concept:budget:line:cost,question:sha256:8245bf3177602b1548bd38e6f788cd9725702b74e622db17c1ddaa3659804442,agent_proposed,prime_applicant,,parameterized-budget:cost-category,1,1,behavior:sha256:38f14a3bd655c303f1e443a09d3692b9cda56e626dc3aa30d09bbdaf208d4966,runtime-rule:sha256:bc46208adc96f59163672451994235098b53bd1dca6e460e49ad87248ba83812|runtime-rule:sha256:c102fdc0d99d45b9d17b59a4899cb454195da1e27c1b5a8cae92f7ef7213bf12,condition|guidance,string,xsd_declared_type,glob:DecimalMin1Max14Places2Type,https://apply07.grants.gov/apply/forms/schemas/RR_Budget10_3_0-V3.0.xsd,e9d004c15ffcbae04b65087cb0eff7e87b8eb8ba0ffd6bfb6aba5542e04708cc,sha256:cccce03554424d59b5958e4443a54db12a5a10780fbdc5df2ec25955d443fc9d,false
RRBudget10,[Draft] Research & Related Budget 10YR,3.0,budget_year[].other_direct_costs.other_direct_cost_4.cost,RR_Budget10_3_0.BudgetYear.OtherDirectCosts.OtherDirectCost4.Cost,Additional Other Direct Cost Funds Requested,question,concept:budget:line:cost,concept:budget:line:cost,question:sha256:22943689a1841b7472820336984c57191ccbec1a5acee134801b875ce2dd3768,agent_proposed,prime_applicant,,parameterized-budget:cost-category,1,1,behavior:sha256:38f14a3bd655c303f1e443a09d3692b9cda56e626dc3aa30d09bbdaf208d4966,runtime-rule:sha256:0734ace5b131382b529575c7b4caebae76bb9325431f8237b9640f840b794b7d|runtime-rule:sha256:3c94f3b2a7b654b30ef1eb6835026888b3e536ff3121b31b6dc56910a3844e71,condition|guidance,string,xsd_declared_type,glob:DecimalMin1Max14Places2Type,https://apply07.grants.gov/apply/forms/schemas/RR_Budget10_3_0-V3.0.xsd,e9d004c15ffcbae04b65087cb0eff7e87b8eb8ba0ffd6bfb6aba5542e04708cc,sha256:cccce03554424d59b5958e4443a54db12a5a10780fbdc5df2ec25955d443fc9d,false
RRBudget10,[Draft] Research & Related Budget 10YR,3.0,budget_year[].other_direct_costs.other_direct_cost_5.cost,RR_Budget10_3_0.BudgetYear.OtherDirectCosts.OtherDirectCost5.Cost,Additional Other Direct Cost Funds Requested,question,concept:budget:line:cost,concept:budget:line:cost,question:sha256:7b5f189ba75aabf059fa2798181cc1182d539fdbf9f9b4b91764796352b5cd53,agent_proposed,prime_applicant,,parameterized-budget:cost-category,1,1,behavior:sha256:38f14a3bd655c303f1e443a09d3692b9cda56e626dc3aa30d09bbdaf208d4966,runtime-rule:sha256:707c440e39e74b9036fe2dab0ff961a89eee147edc77cb7152b8652bb56ce031|runtime-rule:sha256:c54a845e6bd9426fb94850591d29e843c34c5d19740452d44e975ccdb15242c5,condition|guidance,string,xsd_declared_type,glob:DecimalMin1Max14Places2Type,https://apply07.grants.gov/apply/forms/schemas/RR_Budget10_3_0-V3.0.xsd,e9d004c15ffcbae04b65087cb0eff7e87b8eb8ba0ffd6bfb6aba5542e04708cc,sha256:cccce03554424d59b5958e4443a54db12a5a10780fbdc5df2ec25955d443fc9d,false
RRBudget10,[Draft] Research & Related Budget 10YR,3.0,budget_year[].other_direct_costs.other_direct_cost_6.cost,RR_Budget10_3_0.BudgetYear.OtherDirectCosts.OtherDirectCost6.Cost,Additional Other Direct Cost Funds Requested,question,concept:budget:line:cost,concept:budget:line:cost,question:sha256:3edadc239cfa5dd887afc82f35cb68454ac979174a10eb27a0a440e1d41cfd6f,agent_proposed,prime_applicant,,parameterized-budget:cost-category,1,1,behavior:sha256:38f14a3bd655c303f1e443a09d3692b9cda56e626dc3aa30d09bbdaf208d4966,runtime-rule:sha256:2dc2bb29df4c86cdf384ff366d77ce77c725dbc6c77716ee5d000379e73eba03|runtime-rule:sha256:f2f1a36fad7241b7325b451c4a3c2a61607ace88f8846ef3858baf7fcfc689af,condition|guidance,string,xsd_declared_type,glob:DecimalMin1Max14Places2Type,https://apply07.grants.gov/apply/forms/schemas/RR_Budget10_3_0-V3.0.xsd,e9d004c15ffcbae04b65087cb0eff7e87b8eb8ba0ffd6bfb6aba5542e04708cc,sha256:cccce03554424d59b5958e4443a54db12a5a10780fbdc5df2ec25955d443fc9d,false
RRBudget10,[Draft] Research & Related Budget 10YR,3.0,budget_year[].other_direct_costs.other_direct_cost_7.cost,RR_Budget10_3_0.BudgetYear.OtherDirectCosts.OtherDirectCost7.Cost,Additional Other Direct Cost Funds Requested,question,concept:budget:line:cost,concept:budget:line:cost,question:sha256:6b0973ae0c895c6902a09a88df99355f2443029ce13c4d8f3df1f4fac4adcc13,agent_proposed,prime_applicant,,parameterized-budget:cost-category,1,1,behavior:sha256:38f14a3bd655c303f1e443a09d3692b9cda56e626dc3aa30d09bbdaf208d4966,runtime-rule:sha256:3b536856e0f8066a3e1e0ef636d80bcc1703e39a8b40ef39dbc1d82421936fc2|runtime-rule:sha256:a0d1492b4368e6bc7d3e6db04efff1f3392f17a8f4efcf24671dedb51057b379,condition|guidance,string,xsd_declared_type,glob:DecimalMin1Max14Places2Type,https://apply07.grants.gov/apply/forms/schemas/RR_Budget10_3_0-V3.0.xsd,e9d004c15ffcbae04b65087cb0eff7e87b8eb8ba0ffd6bfb6aba5542e04708cc,sha256:cccce03554424d59b5958e4443a54db12a5a10780fbdc5df2ec25955d443fc9d,false
RRBudget10,[Draft] Research & Related Budget 10YR,3.0,budget_year[].other_direct_costs.other_direct_cost_8.cost,RR_Budget10_3_0.BudgetYear.OtherDirectCosts.OtherDirectCost8.Cost,Additional Other Direct Cost Funds Requested,question,concept:budget:line:cost,concept:budget:line:cost,question:sha256:5aec980042090e27c0ee464568e1b083dd04b25f6e2f98f349ec684b9582b321,agent_proposed,prime_applicant,,parameterized-budget:cost-category,1,1,behavior:sha256:38f14a3bd655c303f1e443a09d3692b9cda56e626dc3aa30d09bbdaf208d4966,runtime-rule:sha256:a6782db8f2accfcd3475e01afd29fcf9a498b91e12efbb8fe41d00cd68f8b421|runtime-rule:sha256:ade5ebf61b5ffeb450d095488b697c01b211ea96629e8de318021dcb791cc337,condition|guidance,string,xsd_declared_type,glob:DecimalMin1Max14Places2Type,https://apply07.grants.gov/apply/forms/schemas/RR_Budget10_3_0-V3.0.xsd,e9d004c15ffcbae04b65087cb0eff7e87b8eb8ba0ffd6bfb6aba5542e04708cc,sha256:cccce03554424d59b5958e4443a54db12a5a10780fbdc5df2ec25955d443fc9d,false
RRBudget10,[Draft] Research & Related Budget 10YR,3.0,budget_year[].other_direct_costs.other_direct_cost_9.cost,RR_Budget10_3_0.BudgetYear.OtherDirectCosts.OtherDirectCost9.Cost,Additional Other Direct Cost Funds Requested,question,concept:budget:line:cost,concept:budget:line:cost,question:sha256:5f6cf13a18d476c295d3bd18c4ad7ecb7942499ed25cf23fbae0ecc2fc5c79d4,agent_proposed,prime_applicant,,parameterized-budget:cost-category,1,1,behavior:sha256:38f14a3bd655c303f1e443a09d3692b9cda56e626dc3aa30d09bbdaf208d4966,runtime-rule:sha256:2925c692b95ff9e2d3695df8be5296fe2677156bcf272c32301a6e1a66be40b7|runtime-rule:sha256:ab76c31df9a568969b61af1f5346f439bede1b22355d65921e71636833eaf414,condition|guidance,string,xsd_declared_type,glob:DecimalMin1Max14Places2Type,https://apply07.grants.gov/apply/forms/schemas/RR_Budget10_3_0-V3.0.xsd,e9d004c15ffcbae04b65087cb0eff7e87b8eb8ba0ffd6bfb6aba5542e04708cc,sha256:cccce03554424d59b5958e4443a54db12a5a10780fbdc5df2ec25955d443fc9d,false
RRBudget10,[Draft] Research & Related Budget 10YR,3.0,budget_year[].participant_trainee_support_costs.other.cost,RR_Budget10_3_0.BudgetYear.ParticipantTraineeSupportCosts.Other.Cost,Other Participant/Trainee Costs,question,concept:budget:line:cost,concept:budget:line:cost,question:sha256:089b2e019c2fa7c94835f6d27df624e3be043454fa197ae1bb202dfdc576b600,agent_proposed,prime_applicant,,parameterized-budget:cost-category,1,1,behavior:sha256:6fc445b7571a974f6a7067d01710f5fbdc7d75c550910040c22b0bcd59e12b13,runtime-rule:sha256:00a4f50bed2c89a3e9d2ee41c8e59f05fa10361b02b29987b90452a3f1788422|runtime-rule:sha256:10f69e4f8929cb4ca4e0831607a4238f035e1d304b190cf8276368f993ce8989|runtime-rule:sha256:5bacaf642a478ac9cdd50bc40a46e06a16199e6e521d8b933c68d502890397fb,condition|guidance,string,xsd_declared_type,glob:DecimalMin1Max14Places2Type,https://apply07.grants.gov/apply/forms/schemas/RR_Budget10_3_0-V3.0.xsd,e9d004c15ffcbae04b65087cb0eff7e87b8eb8ba0ffd6bfb6aba5542e04708cc,sha256:cccce03554424d59b5958e4443a54db12a5a10780fbdc5df2ec25955d443fc9d,false
RRBudget10,[Draft] Research & Related Budget 10YR,3.0,budget_year[].other_direct_costs.other_direct_cost_1.description,RR_Budget10_3_0.BudgetYear.OtherDirectCosts.OtherDirectCost1.Description,Additional Other Direct Cost Description,question,concept:budget:line:description,concept:budget:line:description,question:sha256:b1d32a18e0906227113a2f99fb968f0b317ed35a80c7228b56d1fd8b2dc653e6,agent_proposed,prime_applicant,,parameterized-budget:cost-category,1,1,behavior:sha256:558d6e3e22862b8dfefaa17770a96a96874e25f8af1e7e58d2ddd2758d0948f9,runtime-rule:sha256:454aec28f540a36f4107cdf27f57212d5194ae46f994cea3d494bdfdf4489694|runtime-rule:sha256:4a160230c8b07a8f14cd9b18aab086a02fd74914b368b3bad15acea37d20b7b7,condition|guidance,string,xsd_declared_type,RR_Budget10_3_0:String1_120DataType,https://apply07.grants.gov/apply/forms/schemas/RR_Budget10_3_0-V3.0.xsd,e9d004c15ffcbae04b65087cb0eff7e87b8eb8ba0ffd6bfb6aba5542e04708cc,sha256:cccce03554424d59b5958e4443a54db12a5a10780fbdc5df2ec25955d443fc9d,false
RRBudget10,[Draft] Research & Related Budget 10YR,3.0,budget_year[].other_direct_costs.other_direct_cost_10.description,RR_Budget10_3_0.BudgetYear.OtherDirectCosts.OtherDirectCost10.Description,Additional Other Direct Cost Description,question,concept:budget:line:description,concept:budget:line:description,question:sha256:5f8076ead08edbb1a3928e1a83f4f7d263fe4bdf9e9039847b242416db651d7f,agent_proposed,prime_applicant,,parameterized-budget:cost-category,1,1,behavior:sha256:558d6e3e22862b8dfefaa17770a96a96874e25f8af1e7e58d2ddd2758d0948f9,runtime-rule:sha256:3b14a5bc26b29c05160668f71f28859690734d7c76be9175147b808207480190|runtime-rule:sha256:f93db20b5797672f265e3971a719064f8fabb5afd945e254edcf159ee8fffa4d,condition|guidance,string,xsd_declared_type,RR_Budget10_3_0:String1_120DataType,https://apply07.grants.gov/apply/forms/schemas/RR_Budget10_3_0-V3.0.xsd,e9d004c15ffcbae04b65087cb0eff7e87b8eb8ba0ffd6bfb6aba5542e04708cc,sha256:cccce03554424d59b5958e4443a54db12a5a10780fbdc5df2ec25955d443fc9d,false
RRBudget10,[Draft] Research & Related Budget 10YR,3.0,budget_year[].other_direct_costs.other_direct_cost_2.description,RR_Budget10_3_0.BudgetYear.OtherDirectCosts.OtherDirectCost2.Description,Additional Other Direct Cost Description,question,concept:budget:line:description,concept:budget:line:description,question:sha256:f2040126c4ed4604839275c6c6ae619519fe40e5d4540fc6d80f88959dc407ca,agent_proposed,prime_applicant,,parameterized-budget:cost-category,1,1,behavior:sha256:558d6e3e22862b8dfefaa17770a96a96874e25f8af1e7e58d2ddd2758d0948f9,runtime-rule:sha256:845b9ccb0f470a7cbe1cd683d4a3bc5393c4fcb38c7552d85e832e069fc9d643|runtime-rule:sha256:fb656f72c663fd8bcbb5079dba9f510b1e5fea637dc1afcd9bd91126da1c825a,condition|guidance,string,xsd_declared_type,RR_Budget10_3_0:String1_120DataType,https://apply07.grants.gov/apply/forms/schemas/RR_Budget10_3_0-V3.0.xsd,e9d004c15ffcbae04b65087cb0eff7e87b8eb8ba0ffd6bfb6aba5542e04708cc,sha256:cccce03554424d59b5958e4443a54db12a5a10780fbdc5df2ec25955d443fc9d,false
RRBudget10,[Draft] Research & Related Budget 10YR,3.0,budget_year[].other_direct_costs.other_direct_cost_3.description,RR_Budget10_3_0.BudgetYear.OtherDirectCosts.OtherDirectCost3.Description,Additional Other Direct Cost Description,question,concept:budget:line:description,concept:budget:line:description,question:sha256:d60118ea717a74c3aa4f3552970cd1144e7f65ebb490304799d3ce043ecb0a45,agent_proposed,prime_applicant,,parameterized-budget:cost-category,1,1,behavior:sha256:558d6e3e22862b8dfefaa17770a96a96874e25f8af1e7e58d2ddd2758d0948f9,runtime-rule:sha256:9e1cab8c5679fcee3d769bb3a12d10f7231878f77d07a311215557c2af359fef|runtime-rule:sha256:c7018c743e29aded8fdd230f81878da3b4955ce9107a9e29791a91fb35b78ce9,condition|guidance,string,xsd_declared_type,RR_Budget10_3_0:String1_120DataType,https://apply07.grants.gov/apply/forms/schemas/RR_Budget10_3_0-V3.0.xsd,e9d004c15ffcbae04b65087cb0eff7e87b8eb8ba0ffd6bfb6aba5542e04708cc,sha256:cccce03554424d59b5958e4443a54db12a5a10780fbdc5df2ec25955d443fc9d,false
RRBudget10,[Draft] Research & Related Budget 10YR,3.0,budget_year[].other_direct_costs.other_direct_cost_4.description,RR_Budget10_3_0.BudgetYear.OtherDirectCosts.OtherDirectCost4.Description,Additional Other Direct Cost Description,question,concept:budget:line:description,concept:budget:line:description,question:sha256:f302273a92224056a55408defc39e881feab6da34dfec9658761688fcacd1b01,agent_proposed,prime_applicant,,parameterized-budget:cost-category,1,1,behavior:sha256:558d6e3e22862b8dfefaa17770a96a96874e25f8af1e7e58d2ddd2758d0948f9,runtime-rule:sha256:1c70aa76d75d258644db393a3a71a9e549abb0e6b1564a20ea3a48d5471cc01a|runtime-rule:sha256:56dbd3def20c650079d3b46bb689d615d1f21bc10b2116d134e274c2c61b75d8,condition|guidance,string,xsd_declared_type,RR_Budget10_3_0:String1_120DataType,https://apply07.grants.gov/apply/forms/schemas/RR_Budget10_3_0-V3.0.xsd,e9d004c15ffcbae04b65087cb0eff7e87b8eb8ba0ffd6bfb6aba5542e04708cc,sha256:cccce03554424d59b5958e4443a54db12a5a10780fbdc5df2ec25955d443fc9d,false
RRBudget10,[Draft] Research & Related Budget 10YR,3.0,budget_year[].other_direct_costs.other_direct_cost_5.description,RR_Budget10_3_0.BudgetYear.OtherDirectCosts.OtherDirectCost5.Description,Additional Other Direct Cost Description,question,concept:budget:line:description,concept:budget:line:description,question:sha256:4a38344e25d07d9cfa021a49185117e4c80098d8b8b4dd82ff0c9db8fa03b30e,agent_proposed,prime_applicant,,parameterized-budget:cost-category,1,1,behavior:sha256:558d6e3e22862b8dfefaa17770a96a96874e25f8af1e7e58d2ddd2758d0948f9,runtime-rule:sha256:64505bc6f481a18b2d63b3a1a59cd00198cf627c1c70bbb2d5caf7821ce26a67|runtime-rule:sha256:9266efd53b7dc17cd821f755c3301b8388ce3d7192fd219f619add4ba3a4ac9d,condition|guidance,string,xsd_declared_type,RR_Budget10_3_0:String1_120DataType,https://apply07.grants.gov/apply/forms/schemas/RR_Budget10_3_0-V3.0.xsd,e9d004c15ffcbae04b65087cb0eff7e87b8eb8ba0ffd6bfb6aba5542e04708cc,sha256:cccce03554424d59b5958e4443a54db12a5a10780fbdc5df2ec25955d443fc9d,false
RRBudget10,[Draft] Research & Related Budget 10YR,3.0,budget_year[].other_direct_costs.other_direct_cost_6.description,RR_Budget10_3_0.BudgetYear.OtherDirectCosts.OtherDirectCost6.Description,Additional Other Direct Cost Description,question,concept:budget:line:description,concept:budget:line:description,question:sha256:d85b0a84770d8c139e5224f3dbd41816e92384c213c429cfd9fbca888f4fad9d,agent_proposed,prime_applicant,,parameterized-budget:cost-category,1,1,behavior:sha256:558d6e3e22862b8dfefaa17770a96a96874e25f8af1e7e58d2ddd2758d0948f9,runtime-rule:sha256:6cdcbe6c08f1b286880a155c2ca03035afc6e0174c1a095487ffd2d57aa2adf4|runtime-rule:sha256:c937462a26ca782429e3b9dc3bdd8df72d6d3f50ca6df64482d25ca514ee2e81,condition|guidance,string,xsd_declared_type,RR_Budget10_3_0:String1_120DataType,https://apply07.grants.gov/apply/forms/schemas/RR_Budget10_3_0-V3.0.xsd,e9d004c15ffcbae04b65087cb0eff7e87b8eb8ba0ffd6bfb6aba5542e04708cc,sha256:cccce03554424d59b5958e4443a54db12a5a10780fbdc5df2ec25955d443fc9d,false
RRBudget10,[Draft] Research & Related Budget 10YR,3.0,budget_year[].other_direct_costs.other_direct_cost_7.description,RR_Budget10_3_0.BudgetYear.OtherDirectCosts.OtherDirectCost7.Description,Additional Other Direct Cost Description,question,concept:budget:line:description,concept:budget:line:description,question:sha256:c5f6ec068370c264592c0a18385ce62fabe99f755c4083fd5696fa6b60fd66d9,agent_proposed,prime_applicant,,parameterized-budget:cost-category,1,1,behavior:sha256:558d6e3e22862b8dfefaa17770a96a96874e25f8af1e7e58d2ddd2758d0948f9,runtime-rule:sha256:06ca0a515abde469975dbd00e71761ba3d416817f700e5d79b307696aef96689|runtime-rule:sha256:b60faf6106f61ba888e544f5a92935a4ad087a7fd7a0794eec6248dc9daf74a1,condition|guidance,string,xsd_declared_type,RR_Budget10_3_0:String1_120DataType,https://apply07.grants.gov/apply/forms/schemas/RR_Budget10_3_0-V3.0.xsd,e9d004c15ffcbae04b65087cb0eff7e87b8eb8ba0ffd6bfb6aba5542e04708cc,sha256:cccce03554424d59b5958e4443a54db12a5a10780fbdc5df2ec25955d443fc9d,false
RRBudget10,[Draft] Research & Related Budget 10YR,3.0,budget_year[].other_direct_costs.other_direct_cost_8.description,RR_Budget10_3_0.BudgetYear.OtherDirectCosts.OtherDirectCost8.Description,Additional Other Direct Cost Description,question,concept:budget:line:description,concept:budget:line:description,question:sha256:8274f484b9eb4246cf7f5c51e6c5cd38a43e340d339896ee228fd3d51b997a72,agent_proposed,prime_applicant,,parameterized-budget:cost-category,1,1,behavior:sha256:558d6e3e22862b8dfefaa17770a96a96874e25f8af1e7e58d2ddd2758d0948f9,runtime-rule:sha256:1f2b274acac10177931f17de446448e16e5c74eae064870f7fb6b0f07441f892|runtime-rule:sha256:b41247a28992ddf18e1d9ad3a1a248c92331225fb2276e7bbc4a75394dbd83b4,condition|guidance,string,xsd_declared_type,RR_Budget10_3_0:String1_120DataType,https://apply07.grants.gov/apply/forms/schemas/RR_Budget10_3_0-V3.0.xsd,e9d004c15ffcbae04b65087cb0eff7e87b8eb8ba0ffd6bfb6aba5542e04708cc,sha256:cccce03554424d59b5958e4443a54db12a5a10780fbdc5df2ec25955d443fc9d,false
RRBudget10,[Draft] Research & Related Budget 10YR,3.0,budget_year[].other_direct_costs.other_direct_cost_9.description,RR_Budget10_3_0.BudgetYear.OtherDirectCosts.OtherDirectCost9.Description,Additional Other Direct Cost Description,question,concept:budget:line:description,concept:budget:line:description,question:sha256:926c7c3b6b3d81c4414cf04f46e99ec636131e1774fbab9eb3b1c84435fe5646,agent_proposed,prime_applicant,,parameterized-budget:cost-category,1,1,behavior:sha256:558d6e3e22862b8dfefaa17770a96a96874e25f8af1e7e58d2ddd2758d0948f9,runtime-rule:sha256:844871d853a179036dca17c57deef8e2601e8cd542f8e649ed3b28f36b5d040f|runtime-rule:sha256:ac6fa7c6a2f9d15127b61aa99292538e4f009d95e2319a07abffa70054bc9216,condition|guidance,string,xsd_declared_type,RR_Budget10_3_0:String1_120DataType,https://apply07.grants.gov/apply/forms/schemas/RR_Budget10_3_0-V3.0.xsd,e9d004c15ffcbae04b65087cb0eff7e87b8eb8ba0ffd6bfb6aba5542e04708cc,sha256:cccce03554424d59b5958e4443a54db12a5a10780fbdc5df2ec25955d443fc9d,false
RRBudget10,[Draft] Research & Related Budget 10YR,3.0,budget_year[].participant_trainee_support_costs.other.description,RR_Budget10_3_0.BudgetYear.ParticipantTraineeSupportCosts.Other.Description,5. Other,question,concept:budget:line:description,concept:budget:line:description,question:sha256:48cc1145fed31f4f23fe5d84cb15840d004bc51624d974b51b83678f18abce2b,agent_proposed,prime_applicant,,parameterized-budget:cost-category,1,1,behavior:sha256:6e5d742760148af04dd241ff88683de213ae8a73270432fd64e3583db7a5b960,runtime-rule:sha256:00a4f50bed2c89a3e9d2ee41c8e59f05fa10361b02b29987b90452a3f1788422|runtime-rule:sha256:10f69e4f8929cb4ca4e0831607a4238f035e1d304b190cf8276368f993ce8989|runtime-rule:sha256:66c4fe51de6fc249b64c668c22a38b5665302f322f8b118e5fb83029013eb3ce,condition|guidance,string,xsd_declared_type,glob:StringMin1Max100Type,https://apply07.grants.gov/apply/forms/schemas/RR_Budget10_3_0-V3.0.xsd,e9d004c15ffcbae04b65087cb0eff7e87b8eb8ba0ffd6bfb6aba5542e04708cc,sha256:cccce03554424d59b5958e4443a54db12a5a10780fbdc5df2ec25955d443fc9d,false
RRBudget10,[Draft] Research & Related Budget 10YR,3.0,budget_year[].other_direct_costs.alterations_renovations,RR_Budget10_3_0.BudgetYear.OtherDirectCosts.AlterationsRenovations,7. Alterations and Renovations,question,concept:budget:other-direct:alterations-renovations,concept:budget:other-direct:alterations-renovations,question:sha256:af95aeca1d842ce4a93a9345c2d7fa3f1de3e2530a15342891de102f4d7d1019,agent_proposed,prime_applicant,,parameterized-budget:cost-category,0,1,behavior:sha256:c5a7ffc5e91fa721624098fa1f176a477ddeb1c88d0d328a0f34e2e41ea2d389,runtime-rule:sha256:17b678c1e6032600e96a97acbe689f1ab48162a98211c6b9052e279534451ed2|runtime-rule:sha256:d81494d114e9fb0ce2d498b4b116d0a3d3e34ec4337ae4aeb112401518171c1d,calculation|guidance,string,xsd_declared_type,glob:DecimalMin1Max14Places2Type,https://apply07.grants.gov/apply/forms/schemas/RR_Budget10_3_0-V3.0.xsd,e9d004c15ffcbae04b65087cb0eff7e87b8eb8ba0ffd6bfb6aba5542e04708cc,sha256:cccce03554424d59b5958e4443a54db12a5a10780fbdc5df2ec25955d443fc9d,false
RRBudget10,[Draft] Research & Related Budget 10YR,3.0,budget_year[].other_direct_costs.adp_computer_services,RR_Budget10_3_0.BudgetYear.OtherDirectCosts.ADPComputerServices,4. ADP/Computer Services,question,concept:budget:other-direct:computer-services,concept:budget:other-direct:computer-services,question:sha256:30f6bd36d62092bbd6a5c1e78615663fccb8c8c1d4caeb471cf4e4bd58e9e16f,agent_proposed,prime_applicant,,parameterized-budget:cost-category,0,1,behavior:sha256:a56066eb9ed80b3acb50ffb8468b7138e713c6fa87a876e5debb21dbef294206,runtime-rule:sha256:84a19b94ccc40c97755a961b34d213dcf0add11054c70bf79ec3bef21771c2bb|runtime-rule:sha256:a97cb17ecb508578d4da121ae20b325998b86c2f713a3f22b421bc032596f706,calculation|guidance,string,xsd_declared_type,glob:DecimalMin1Max14Places2Type,https://apply07.grants.gov/apply/forms/schemas/RR_Budget10_3_0-V3.0.xsd,e9d004c15ffcbae04b65087cb0eff7e87b8eb8ba0ffd6bfb6aba5542e04708cc,sha256:cccce03554424d59b5958e4443a54db12a5a10780fbdc5df2ec25955d443fc9d,false
RRBudget10,[Draft] Research & Related Budget 10YR,3.0,budget_year[].other_direct_costs.consultant_services,RR_Budget10_3_0.BudgetYear.OtherDirectCosts.ConsultantServices,3. Consultant Services,question,concept:budget:other-direct:consultant,concept:budget:other-direct:consultant,question:sha256:5b7b1174891a8b7f25f1c7e26f44eb5ff523a33a7c6dea085cc4867d93705a30,agent_proposed,prime_applicant,,parameterized-budget:cost-category,0,1,behavior:sha256:62d6cfd01dc7f534e73e17e2e5744a8b77f10585d5ab28728ffac8a52696d84b,runtime-rule:sha256:a9e98bad225d9aa31b08316587547c491d06ce8cf36f3cebee9f66fa4b1dbe56|runtime-rule:sha256:e9f83afb579a23d5dd436f93ea11a5318da1273a267bd24615e71606abda13b1,calculation|guidance,string,xsd_declared_type,glob:DecimalMin1Max14Places2Type,https://apply07.grants.gov/apply/forms/schemas/RR_Budget10_3_0-V3.0.xsd,e9d004c15ffcbae04b65087cb0eff7e87b8eb8ba0ffd6bfb6aba5542e04708cc,sha256:cccce03554424d59b5958e4443a54db12a5a10780fbdc5df2ec25955d443fc9d,false
RRBudget10,[Draft] Research & Related Budget 10YR,3.0,budget_year[].other_direct_costs.equipment_rental_fee,RR_Budget10_3_0.BudgetYear.OtherDirectCosts.EquipmentRentalFee,6. Equipment or Facility Rental/User Fees,question,concept:budget:other-direct:equipment-rental,concept:budget:other-direct:equipment-rental,question:sha256:1537a725666419c450b65eef1e971efe31951aeb4b4a23d8255d70b7a866c7e4,agent_proposed,prime_applicant,,parameterized-budget:cost-category,0,1,behavior:sha256:edd444c045e675c5af420d8c144a811f1a0a5dc5eedec9121da8a70d6bedd655,runtime-rule:sha256:57af7466364f382de8f157f2bd60cc5510390884070ac3bddde2796712f26b46|runtime-rule:sha256:8f27518381069676fd0fb5fcb31405e5eb87080ec42c136c758719c6a32cf3b5,calculation|guidance,string,xsd_declared_type,glob:DecimalMin1Max14Places2Type,https://apply07.grants.gov/apply/forms/schemas/RR_Budget10_3_0-V3.0.xsd,e9d004c15ffcbae04b65087cb0eff7e87b8eb8ba0ffd6bfb6aba5542e04708cc,sha256:cccce03554424d59b5958e4443a54db12a5a10780fbdc5df2ec25955d443fc9d,false
RRBudget10,[Draft] Research & Related Budget 10YR,3.0,budget_year[].other_direct_costs.materials_supplies,RR_Budget10_3_0.BudgetYear.OtherDirectCosts.MaterialsSupplies,1. Materials and Supplies,question,concept:budget:other-direct:materials-supplies,concept:budget:other-direct:materials-supplies,question:sha256:6089a32231067ce78a90d8f1de7bfe22865696b29427820af1c2bd91d8297ffc,agent_proposed,prime_applicant,,parameterized-budget:cost-category,0,1,behavior:sha256:9c46403d149c60e5cb2450e1170337aa4f64012afef83e6b8e3b4c4960eb41e5,runtime-rule:sha256:7bf7bf613fa3fb20a7427577d0b87f1e25c2436d3368b442763527031ab9b3a6|runtime-rule:sha256:9340c07faf74f46099c764c854ddf1f804e7020553893655dd63dac87faf6819,calculation|guidance,string,xsd_declared_type,glob:DecimalMin1Max14Places2Type,https://apply07.grants.gov/apply/forms/schemas/RR_Budget10_3_0-V3.0.xsd,e9d004c15ffcbae04b65087cb0eff7e87b8eb8ba0ffd6bfb6aba5542e04708cc,sha256:cccce03554424d59b5958e4443a54db12a5a10780fbdc5df2ec25955d443fc9d,false
RRBudget10,[Draft] Research & Related Budget 10YR,3.0,budget_year[].other_direct_costs.publication_costs,RR_Budget10_3_0.BudgetYear.OtherDirectCosts.PublicationCosts,2. Publication Costs,question,concept:budget:other-direct:publication,concept:budget:other-direct:publication,question:sha256:47fd0829903c4626db3b8a66081d0329fe1ac1c96ab915f50870261981c39d86,agent_proposed,prime_applicant,,parameterized-budget:cost-category,0,1,behavior:sha256:d80c58cbd7f941630762d94258f1a0964de5f6a0878466a85631fe7c67f00bac,runtime-rule:sha256:72572c80758868ea2c3558928686d42b97183aee414cb8b6f34f6d9b830531e4|runtime-rule:sha256:a91df7101832d8fd1c3f68788f3ffea765acfba9d24340b97a29657c6640b03f,calculation|guidance,string,xsd_declared_type,glob:DecimalMin1Max14Places2Type,https://apply07.grants.gov/apply/forms/schemas/RR_Budget10_3_0-V3.0.xsd,e9d004c15ffcbae04b65087cb0eff7e87b8eb8ba0ffd6bfb6aba5542e04708cc,sha256:cccce03554424d59b5958e4443a54db12a5a10780fbdc5df2ec25955d443fc9d,false
RRBudget10,[Draft] Research & Related Budget 10YR,3.0,budget_year[].other_direct_costs.subaward_consortium_contractual_costs,RR_Budget10_3_0.BudgetYear.OtherDirectCosts.SubawardConsortiumContractualCosts,5. Subawards/Consortium/Contractual Costs,question,concept:budget:other-direct:subaward-contractual,concept:budget:other-direct:subaward-contractual,question:sha256:443dab983a0e854dbdac85c9b2d203fef7b7630159f7d225a735feac7018a23d,agent_proposed,prime_applicant,,parameterized-budget:cost-category,0,1,behavior:sha256:632a69ccd7d8e1c90e6e97fe4665f3a6c784081569eeabf8caa0ef2465412741,runtime-rule:sha256:48ad36d287c71091e14590bcc81e1f3d785dcb6b7b2f8280a2ebae7600875723|runtime-rule:sha256:b37eb77b7da8b62becbe6644398cf33da134f07c8d87ae067e7c5dab1b60c976,calculation|guidance,string,xsd_declared_type,glob:DecimalMin1Max14Places2Type,https://apply07.grants.gov/apply/forms/schemas/RR_Budget10_3_0-V3.0.xsd,e9d004c15ffcbae04b65087cb0eff7e87b8eb8ba0ffd6bfb6aba5542e04708cc,sha256:cccce03554424d59b5958e4443a54db12a5a10780fbdc5df2ec25955d443fc9d,false
RRBudget10,[Draft] Research & Related Budget 10YR,3.0,budget_year[].budget_period_end_date,RR_Budget10_3_0.BudgetYear.BudgetPeriodEndDate,End Date:,question,concept:budget:period:end-date,concept:budget:period:end-date,question:sha256:7cd7d97db44a29ed37ee496dc64fab467218e62af22f62a3c9aee19a0d302271,agent_proposed,prime_applicant,,parameterized-budget:budget-period,1,1,behavior:sha256:de4911d62d42d0d15ca7686b3bcaaa1e8e86705e6f0b93cc63b8c677d0282684,runtime-rule:sha256:0b6e4da35445164feb5cd728129a4dc8b56d9d40203cd769559ac9b5d67cadbf,guidance,string,xsd_declared_type,xs:date,https://apply07.grants.gov/apply/forms/schemas/RR_Budget10_3_0-V3.0.xsd,e9d004c15ffcbae04b65087cb0eff7e87b8eb8ba0ffd6bfb6aba5542e04708cc,sha256:cccce03554424d59b5958e4443a54db12a5a10780fbdc5df2ec25955d443fc9d,false
RRBudget10,[Draft] Research & Related Budget 10YR,3.0,budget_year[].budget_period_start_date,RR_Budget10_3_0.BudgetYear.BudgetPeriodStartDate,Start Date:,question,concept:budget:period:start-date,concept:budget:period:start-date,question:sha256:08a29103397a1aaed544e65cce70036289e9e7b5f51a0bb12b860c5ed2e9be8a,agent_proposed,prime_applicant,,parameterized-budget:budget-period,1,1,behavior:sha256:4e4eb9b17f17a047060eddace3c8069efa400f70361776c98401e696100119b4,runtime-rule:sha256:fb96dcb4747ab766d1f3b6bdc6cd384037fd181cff1551b88ceda92083d9fe41,guidance,string,xsd_declared_type,xs:date,https://apply07.grants.gov/apply/forms/schemas/RR_Budget10_3_0-V3.0.xsd,e9d004c15ffcbae04b65087cb0eff7e87b8eb8ba0ffd6bfb6aba5542e04708cc,sha256:cccce03554424d59b5958e4443a54db12a5a10780fbdc5df2ec25955d443fc9d,false
RRBudget10,[Draft] Research & Related Budget 10YR,3.0,budget_year[].key_persons.key_person[].academic_months,RR_Budget10_3_0.BudgetYear.KeyPersons.KeyPerson.AcademicMonths,Senior/Key Person Academic Months,question,concept:budget:personnel:academic-months,concept:budget:personnel:academic-months,question:sha256:989fe4b26d105969876a75d34e4f263f6f2048e0804a4434bfdf2691c45088ab,agent_proposed,prime_applicant,,parameterized-budget:personnel,0,1,behavior:sha256:35e81b4d33c706f0458de47ff5940507c32e9427e9206ed10b1abfefbd6562fd,,,string,xsd_declared_type,RR_Budget10_3_0:Month2whole2fracDataType,https://apply07.grants.gov/apply/forms/schemas/RR_Budget10_3_0-V3.0.xsd,e9d004c15ffcbae04b65087cb0eff7e87b8eb8ba0ffd6bfb6aba5542e04708cc,sha256:cccce03554424d59b5958e4443a54db12a5a10780fbdc5df2ec25955d443fc9d,false
RRBudget10,[Draft] Research & Related Budget 10YR,3.0,budget_year[].other_personnel.graduate_students.academic_months,RR_Budget10_3_0.BudgetYear.OtherPersonnel.GraduateStudents.AcademicMonths,Academic Months Graduate Students,question,concept:budget:personnel:academic-months,concept:budget:personnel:academic-months,question:sha256:5eaf33caf44ff05909cd69aa72d2ae0767059789114febe6f6b0fb1a2c70f17f,agent_proposed,prime_applicant,,parameterized-budget:personnel,0,1,behavior:sha256:e243ff3aa3c0f09bc11e30a2d9f94f2707388984cff733ff308303dfff8bdf50,runtime-rule:sha256:309b520e50cf1531a8e0581d3ed5a1a09d93968e49a5c1d9cdb28d67ed07a794|runtime-rule:sha256:6041d8839d112218119e5398ed27131ddee218c227fcdc3c1de37d9050a9f5c3|runtime-rule:sha256:ae3e5dec9e4c73d0aa91b3b56b125e9b35f69a612fd9a41a8ee12b524a85cf78,condition,string,xsd_declared_type,RR_Budget10_3_0:Month3whole2fracDataType,https://apply07.grants.gov/apply/forms/schemas/RR_Budget10_3_0-V3.0.xsd,e9d004c15ffcbae04b65087cb0eff7e87b8eb8ba0ffd6bfb6aba5542e04708cc,sha256:cccce03554424d59b5958e4443a54db12a5a10780fbdc5df2ec25955d443fc9d,false
RRBudget10,[Draft] Research & Related Budget 10YR,3.0,budget_year[].other_personnel.other[].academic_months,RR_Budget10_3_0.BudgetYear.OtherPersonnel.Other.AcademicMonths,Academic Months Additional Project Role,question,concept:budget:personnel:academic-months,concept:budget:personnel:academic-months,question:sha256:aa15506e53711e4bcff3bef8f9e7e70237279e6a98a46459edd2baa002ce21de,agent_proposed,prime_applicant,,parameterized-budget:personnel,0,1,behavior:sha256:ab6af592cfe5fce05d1c7915435ba0050fe0a8d9348bb8510d3ed92291e24b2c,runtime-rule:sha256:12a73bb2dac6938bc94d84945dbc2f362202461d178649212aa1ed70f5fdc1eb|runtime-rule:sha256:82d55e7a6f50b5d00615e0cd3fa8788aac603eda8160b99842bea25257655958|runtime-rule:sha256:83590e34e5d2558a083863aa279875d4255ca966648271a82eb380fd112deb2c|runtime-rule:sha256:c9780ae8327f51cef3a5db62a3174d5cc2863bc6b6c416badebf203e3dafe842,condition,string,xsd_declared_type,RR_Budget10_3_0:Month3whole2fracDataType,https://apply07.grants.gov/apply/forms/schemas/RR_Budget10_3_0-V3.0.xsd,e9d004c15ffcbae04b65087cb0eff7e87b8eb8ba0ffd6bfb6aba5542e04708cc,sha256:cccce03554424d59b5958e4443a54db12a5a10780fbdc5df2ec25955d443fc9d,false
RRBudget10,[Draft] Research & Related Budget 10YR,3.0,budget_year[].other_personnel.post_doc_associates.academic_months,RR_Budget10_3_0.BudgetYear.OtherPersonnel.PostDocAssociates.AcademicMonths,Academic Months Post Doctoral Associates,question,concept:budget:personnel:academic-months,concept:budget:personnel:academic-months,question:sha256:379ba175cc42b194e375798c7ca9abe6e18c4d018261b7b6fe1069626148034b,agent_proposed,prime_applicant,,parameterized-budget:personnel,0,1,behavior:sha256:615bf5d367889a3dc6c61ee292dde639f966710622ad6a9e4e879b24caeed454,runtime-rule:sha256:21b7a18f0f82a67626b05a37094bc76333f9de4d5d413504c78e20889817b77a|runtime-rule:sha256:334a63a4ad440b7b60042a29a8fce9ca4ab4c16ea9b9f737de5df565e39eeee1|runtime-rule:sha256:d58e33e2185e744cd467bb17184a1cea89a1a6cc53c2a2f60c27ccf9cbdef548,condition,string,xsd_declared_type,RR_Budget10_3_0:Month3whole2fracDataType,https://apply07.grants.gov/apply/forms/schemas/RR_Budget10_3_0-V3.0.xsd,e9d004c15ffcbae04b65087cb0eff7e87b8eb8ba0ffd6bfb6aba5542e04708cc,sha256:cccce03554424d59b5958e4443a54db12a5a10780fbdc5df2ec25955d443fc9d,false
RRBudget10,[Draft] Research & Related Budget 10YR,3.0,budget_year[].other_personnel.secretarial_clerical.academic_months,RR_Budget10_3_0.BudgetYear.OtherPersonnel.SecretarialClerical.AcademicMonths,Academic Months Secretarial/Clerical,question,concept:budget:personnel:academic-months,concept:budget:personnel:academic-months,question:sha256:68190ea6633364bc3256997c1e66e66883c06119cd477a7d329d3608bb567bfe,agent_proposed,prime_applicant,,parameterized-budget:personnel,0,1,behavior:sha256:b37682663abcd1183898f178b4952ef2c43c867776da031dcb61d0ba53cfaf6d,runtime-rule:sha256:021c7fb500fad29908832e40f52fb3f2f29461d8189c44b4c1d46969525f1ca1|runtime-rule:sha256:c4e50f4565d1096d70bdc56f3e0cf72b0efa1ff04f65b195c6dfb10fc3c33438|runtime-rule:sha256:dbc9e32e0f0d42eb1faa9a24112349aa353bdfdd9b6580f53b7476f32d46a637,condition,string,xsd_declared_type,RR_Budget10_3_0:Month3whole2fracDataType,https://apply07.grants.gov/apply/forms/schemas/RR_Budget10_3_0-V3.0.xsd,e9d004c15ffcbae04b65087cb0eff7e87b8eb8ba0ffd6bfb6aba5542e04708cc,sha256:cccce03554424d59b5958e4443a54db12a5a10780fbdc5df2ec25955d443fc9d,false
RRBudget10,[Draft] Research & Related Budget 10YR,3.0,budget_year[].other_personnel.undergraduate_students.academic_months,RR_Budget10_3_0.BudgetYear.OtherPersonnel.UndergraduateStudents.AcademicMonths,Academic Months Undergraduate Students,question,concept:budget:personnel:academic-months,concept:budget:personnel:academic-months,question:sha256:549d3250420c391ed66da4e0f2d17599e58d4f320c865b269c31e95066fe0ca8,agent_proposed,prime_applicant,,parameterized-budget:personnel,0,1,behavior:sha256:2842e3e903671c32c5814523d2c2198175f2dbf0dbeae9a5e09a9d03f3979411,runtime-rule:sha256:abec0df988c254ebeb3ef6b9b4a917dc28b5ac552bd4fce53a66796110d51b0e|runtime-rule:sha256:e0862046135f965711c6dac88ef303c33b5ec6410fd2d94a6a1fdb0b0b11c950|runtime-rule:sha256:eaf73c49857b6d6204b34410ea0e0c93b720e95b74786f8bb99646e3993b3fab,condition,string,xsd_declared_type,RR_Budget10_3_0:Month3whole2fracDataType,https://apply07.grants.gov/apply/forms/schemas/RR_Budget10_3_0-V3.0.xsd,e9d004c15ffcbae04b65087cb0eff7e87b8eb8ba0ffd6bfb6aba5542e04708cc,sha256:cccce03554424d59b5958e4443a54db12a5a10780fbdc5df2ec25955d443fc9d,false
RRBudget10,[Draft] Research & Related Budget 10YR,3.0,budget_year[].key_persons.key_person[].base_salary,RR_Budget10_3_0.BudgetYear.KeyPersons.KeyPerson.BaseSalary,Senior/Key Person Base Salary,question,concept:budget:personnel:base-salary,concept:budget:personnel:base-salary,question:sha256:0f9a8b69fb7e28abbe47aae61df070501e1991ba007c96511efda69a2f0d5fe4,agent_proposed,prime_applicant,,parameterized-budget:personnel,0,1,behavior:sha256:9fc14e6bc015016bbf7692ebc06fb0fb884299ba2353cff5c277b34d8fa5de5a,,,string,xsd_declared_type,glob:DecimalMin1Max14Places2Type,https://apply07.grants.gov/apply/forms/schemas/RR_Budget10_3_0-V3.0.xsd,e9d004c15ffcbae04b65087cb0eff7e87b8eb8ba0ffd6bfb6aba5542e04708cc,sha256:cccce03554424d59b5958e4443a54db12a5a10780fbdc5df2ec25955d443fc9d,false
RRBudget10,[Draft] Research & Related Budget 10YR,3.0,budget_year[].key_persons.key_person[].calendar_months,RR_Budget10_3_0.BudgetYear.KeyPersons.KeyPerson.CalendarMonths,Senior/Key Person Calendar Months,question,concept:budget:personnel:calendar-months,concept:budget:personnel:calendar-months,question:sha256:6380a3b55b07cd7f67d447cde956853aa364723d3073ad2bb5548b5cff319e32,agent_proposed,prime_applicant,,parameterized-budget:personnel,0,1,behavior:sha256:1469ecb23fc683c5721ab58538b1bcbc031091857514adbba714ea4f0ab84d0c,,,string,xsd_declared_type,RR_Budget10_3_0:Month2whole2fracDataType,https://apply07.grants.gov/apply/forms/schemas/RR_Budget10_3_0-V3.0.xsd,e9d004c15ffcbae04b65087cb0eff7e87b8eb8ba0ffd6bfb6aba5542e04708cc,sha256:cccce03554424d59b5958e4443a54db12a5a10780fbdc5df2ec25955d443fc9d,false
RRBudget10,[Draft] Research & Related Budget 10YR,3.0,budget_year[].other_personnel.graduate_students.calendar_months,RR_Budget10_3_0.BudgetYear.OtherPersonnel.GraduateStudents.CalendarMonths,Calendar Months Graduate Students,question,concept:budget:personnel:calendar-months,concept:budget:personnel:calendar-months,question:sha256:a80ba06a0cf492e75155a99e6b732480d6e07873a17b189cc2d4dde159ca0793,agent_proposed,prime_applicant,,parameterized-budget:personnel,0,1,behavior:sha256:55193b61cf3b45523e2784e8eb1427ca1cc43154845ae93cbd3205b94bac3f55,runtime-rule:sha256:309b520e50cf1531a8e0581d3ed5a1a09d93968e49a5c1d9cdb28d67ed07a794|runtime-rule:sha256:6041d8839d112218119e5398ed27131ddee218c227fcdc3c1de37d9050a9f5c3|runtime-rule:sha256:ae3e5dec9e4c73d0aa91b3b56b125e9b35f69a612fd9a41a8ee12b524a85cf78,condition,string,xsd_declared_type,RR_Budget10_3_0:Month3whole2fracDataType,https://apply07.grants.gov/apply/forms/schemas/RR_Budget10_3_0-V3.0.xsd,e9d004c15ffcbae04b65087cb0eff7e87b8eb8ba0ffd6bfb6aba5542e04708cc,sha256:cccce03554424d59b5958e4443a54db12a5a10780fbdc5df2ec25955d443fc9d,false
RRBudget10,[Draft] Research & Related Budget 10YR,3.0,budget_year[].other_personnel.other[].calendar_months,RR_Budget10_3_0.BudgetYear.OtherPersonnel.Other.CalendarMonths,Calendar Months Additional Project Role,question,concept:budget:personnel:calendar-months,concept:budget:personnel:calendar-months,question:sha256:65b1528a6cde004ea006ddcfad35398cadfd22aafc1539cf5546b3c450d71c4f,agent_proposed,prime_applicant,,parameterized-budget:personnel,0,1,behavior:sha256:b1be6af4f930a9f082bf02185b5cd7cd8fb7d612f2b037db665d5dc9a8ffb11b,runtime-rule:sha256:12a73bb2dac6938bc94d84945dbc2f362202461d178649212aa1ed70f5fdc1eb|runtime-rule:sha256:82d55e7a6f50b5d00615e0cd3fa8788aac603eda8160b99842bea25257655958|runtime-rule:sha256:83590e34e5d2558a083863aa279875d4255ca966648271a82eb380fd112deb2c|runtime-rule:sha256:c9780ae8327f51cef3a5db62a3174d5cc2863bc6b6c416badebf203e3dafe842,condition,string,xsd_declared_type,RR_Budget10_3_0:Month3whole2fracDataType,https://apply07.grants.gov/apply/forms/schemas/RR_Budget10_3_0-V3.0.xsd,e9d004c15ffcbae04b65087cb0eff7e87b8eb8ba0ffd6bfb6aba5542e04708cc,sha256:cccce03554424d59b5958e4443a54db12a5a10780fbdc5df2ec25955d443fc9d,false
RRBudget10,[Draft] Research & Related Budget 10YR,3.0,budget_year[].other_personnel.post_doc_associates.calendar_months,RR_Budget10_3_0.BudgetYear.OtherPersonnel.PostDocAssociates.CalendarMonths,Calendar Months Post Doctoral Associates,question,concept:budget:personnel:calendar-months,concept:budget:personnel:calendar-months,question:sha256:bae3247873f31a72b35ecd9f2b2ca270e79dbb2c3407b4a944624473996e9d38,agent_proposed,prime_applicant,,parameterized-budget:personnel,0,1,behavior:sha256:3268ecd18ef7039efffe63aca2dd0b56a785f38f5091a014058d0c863bc9fe6c,runtime-rule:sha256:21b7a18f0f82a67626b05a37094bc76333f9de4d5d413504c78e20889817b77a|runtime-rule:sha256:334a63a4ad440b7b60042a29a8fce9ca4ab4c16ea9b9f737de5df565e39eeee1|runtime-rule:sha256:d58e33e2185e744cd467bb17184a1cea89a1a6cc53c2a2f60c27ccf9cbdef548,condition,string,xsd_declared_type,RR_Budget10_3_0:Month3whole2fracDataType,https://apply07.grants.gov/apply/forms/schemas/RR_Budget10_3_0-V3.0.xsd,e9d004c15ffcbae04b65087cb0eff7e87b8eb8ba0ffd6bfb6aba5542e04708cc,sha256:cccce03554424d59b5958e4443a54db12a5a10780fbdc5df2ec25955d443fc9d,false
RRBudget10,[Draft] Research & Related Budget 10YR,3.0,budget_year[].other_personnel.secretarial_clerical.calendar_months,RR_Budget10_3_0.BudgetYear.OtherPersonnel.SecretarialClerical.CalendarMonths,Calendar Months Secretarial/Clerical,question,concept:budget:personnel:calendar-months,concept:budget:personnel:calendar-months,question:sha256:9196ba8234e63d8867365533202d0863ca750aeb80dbcac6e8796e7efbf6805b,agent_proposed,prime_applicant,,parameterized-budget:personnel,0,1,behavior:sha256:e78a31268eabc592f66a46c9e5bad9e077c72cb5e7e2d02a98f971c92a76b2b5,runtime-rule:sha256:021c7fb500fad29908832e40f52fb3f2f29461d8189c44b4c1d46969525f1ca1|runtime-rule:sha256:c4e50f4565d1096d70bdc56f3e0cf72b0efa1ff04f65b195c6dfb10fc3c33438|runtime-rule:sha256:dbc9e32e0f0d42eb1faa9a24112349aa353bdfdd9b6580f53b7476f32d46a637,condition,string,xsd_declared_type,RR_Budget10_3_0:Month3whole2fracDataType,https://apply07.grants.gov/apply/forms/schemas/RR_Budget10_3_0-V3.0.xsd,e9d004c15ffcbae04b65087cb0eff7e87b8eb8ba0ffd6bfb6aba5542e04708cc,sha256:cccce03554424d59b5958e4443a54db12a5a10780fbdc5df2ec25955d443fc9d,false
RRBudget10,[Draft] Research & Related Budget 10YR,3.0,budget_year[].other_personnel.undergraduate_students.calendar_months,RR_Budget10_3_0.BudgetYear.OtherPersonnel.UndergraduateStudents.CalendarMonths,Calendar Months Undergraduate Students,question,concept:budget:personnel:calendar-months,concept:budget:personnel:calendar-months,question:sha256:bcad5ae031945743364a4032b217230aae8eaba45c81645e0fbc2c147dd0625c,agent_proposed,prime_applicant,,parameterized-budget:personnel,0,1,behavior:sha256:bf080a3f8e5ba1bafa457c28fd369f4a3ee49a497e0db78d2edaa68397b0820f,runtime-rule:sha256:abec0df988c254ebeb3ef6b9b4a917dc28b5ac552bd4fce53a66796110d51b0e|runtime-rule:sha256:e0862046135f965711c6dac88ef303c33b5ec6410fd2d94a6a1fdb0b0b11c950|runtime-rule:sha256:eaf73c49857b6d6204b34410ea0e0c93b720e95b74786f8bb99646e3993b3fab,condition,string,xsd_declared_type,RR_Budget10_3_0:Month3whole2fracDataType,https://apply07.grants.gov/apply/forms/schemas/RR_Budget10_3_0-V3.0.xsd,e9d004c15ffcbae04b65087cb0eff7e87b8eb8ba0ffd6bfb6aba5542e04708cc,sha256:cccce03554424d59b5958e4443a54db12a5a10780fbdc5df2ec25955d443fc9d,false
RRBudget10,[Draft] Research & Related Budget 10YR,3.0,budget_year[].other_personnel.graduate_students.number_of_personnel,RR_Budget10_3_0.BudgetYear.OtherPersonnel.GraduateStudents.NumberOfPersonnel,Number of Personnel Graduate Students,question,concept:budget:personnel:count,concept:budget:personnel:count,question:sha256:67438c225895b9f17353b09811de04df589a7a670b07eab70b391bbe4d3f3b5b,agent_proposed,prime_applicant,,parameterized-budget:personnel,1,1,behavior:sha256:f9d02cd2361b8cbdd4a65b185e9e8686fa53640168b9818048b1ed2b2582b891,runtime-rule:sha256:309b520e50cf1531a8e0581d3ed5a1a09d93968e49a5c1d9cdb28d67ed07a794|runtime-rule:sha256:6041d8839d112218119e5398ed27131ddee218c227fcdc3c1de37d9050a9f5c3|runtime-rule:sha256:9cc4ac2ae21d9493db9a937d73326a8bd4602de141384ed78de8b5147f172075|runtime-rule:sha256:ae3e5dec9e4c73d0aa91b3b56b125e9b35f69a612fd9a41a8ee12b524a85cf78,condition|guidance,integer,xsd_declared_type,RR_Budget10_3_0:Int3DataType,https://apply07.grants.gov/apply/forms/schemas/RR_Budget10_3_0-V3.0.xsd,e9d004c15ffcbae04b65087cb0eff7e87b8eb8ba0ffd6bfb6aba5542e04708cc,sha256:cccce03554424d59b5958e4443a54db12a5a10780fbdc5df2ec25955d443fc9d,false
RRBudget10,[Draft] Research & Related Budget 10YR,3.0,budget_year[].other_personnel.other[].number_of_personnel,RR_Budget10_3_0.BudgetYear.OtherPersonnel.Other.NumberOfPersonnel,Number of Personnel Additional Project Role,question,concept:budget:personnel:count,concept:budget:personnel:count,question:sha256:16c525f84bd390ba755296eb306cb2eea8533f2327fdfd7828155f88bb69064f,agent_proposed,prime_applicant,,parameterized-budget:personnel,1,1,behavior:sha256:e23b381b1baab3948769629394a0f69021ebc5567d56dfb3e901348dacd3ff7d,runtime-rule:sha256:12a73bb2dac6938bc94d84945dbc2f362202461d178649212aa1ed70f5fdc1eb|runtime-rule:sha256:4152e0b98f7d06126d3946fa2fad750b439453769e2778b4ddc882697e780fe7|runtime-rule:sha256:82d55e7a6f50b5d00615e0cd3fa8788aac603eda8160b99842bea25257655958|runtime-rule:sha256:83590e34e5d2558a083863aa279875d4255ca966648271a82eb380fd112deb2c|runtime-rule:sha256:c9780ae8327f51cef3a5db62a3174d5cc2863bc6b6c416badebf203e3dafe842,condition|guidance,integer,xsd_declared_type,RR_Budget10_3_0:Int3DataType,https://apply07.grants.gov/apply/forms/schemas/RR_Budget10_3_0-V3.0.xsd,e9d004c15ffcbae04b65087cb0eff7e87b8eb8ba0ffd6bfb6aba5542e04708cc,sha256:cccce03554424d59b5958e4443a54db12a5a10780fbdc5df2ec25955d443fc9d,false
RRBudget10,[Draft] Research & Related Budget 10YR,3.0,budget_year[].other_personnel.post_doc_associates.number_of_personnel,RR_Budget10_3_0.BudgetYear.OtherPersonnel.PostDocAssociates.NumberOfPersonnel,Number of Personnel Post Doctoral Associates,question,concept:budget:personnel:count,concept:budget:personnel:count,question:sha256:e8bcfd3483dc31a8d88fc88c401ee9edd648743c8a005a3db6fb137c46578568,agent_proposed,prime_applicant,,parameterized-budget:personnel,1,1,behavior:sha256:3083502291666c64c50b268c0e19bdcef8f1d3f4345d8cfd816906bf63da1e14,runtime-rule:sha256:21b7a18f0f82a67626b05a37094bc76333f9de4d5d413504c78e20889817b77a|runtime-rule:sha256:334a63a4ad440b7b60042a29a8fce9ca4ab4c16ea9b9f737de5df565e39eeee1|runtime-rule:sha256:d58e33e2185e744cd467bb17184a1cea89a1a6cc53c2a2f60c27ccf9cbdef548|runtime-rule:sha256:f34c0b9d0281ad410b2da1e5f8917a520ebc51ea291a9b1a45b220f4036c835b,condition|guidance,integer,xsd_declared_type,RR_Budget10_3_0:Int3DataType,https://apply07.grants.gov/apply/forms/schemas/RR_Budget10_3_0-V3.0.xsd,e9d004c15ffcbae04b65087cb0eff7e87b8eb8ba0ffd6bfb6aba5542e04708cc,sha256:cccce03554424d59b5958e4443a54db12a5a10780fbdc5df2ec25955d443fc9d,false
RRBudget10,[Draft] Research & Related Budget 10YR,3.0,budget_year[].other_personnel.secretarial_clerical.number_of_personnel,RR_Budget10_3_0.BudgetYear.OtherPersonnel.SecretarialClerical.NumberOfPersonnel,Number of Personnel Secretarial/Clerical,question,concept:budget:personnel:count,concept:budget:personnel:count,question:sha256:fa6971f3e54f54b5463ad3baf6084b531f4369346699bb10e6387eb8f2a440f0,agent_proposed,prime_applicant,,parameterized-budget:personnel,1,1,behavior:sha256:42f9d46772c2aa0793ee88c70bbe4589cbe37f5ea0610dc465abdba3e11aeb5a,runtime-rule:sha256:021c7fb500fad29908832e40f52fb3f2f29461d8189c44b4c1d46969525f1ca1|runtime-rule:sha256:2b02917e11a05d9930cc5641eec1ed2d42ea566e23ba402bae558be8e520c2ed|runtime-rule:sha256:c4e50f4565d1096d70bdc56f3e0cf72b0efa1ff04f65b195c6dfb10fc3c33438|runtime-rule:sha256:dbc9e32e0f0d42eb1faa9a24112349aa353bdfdd9b6580f53b7476f32d46a637,condition|guidance,integer,xsd_declared_type,RR_Budget10_3_0:Int3DataType,https://apply07.grants.gov/apply/forms/schemas/RR_Budget10_3_0-V3.0.xsd,e9d004c15ffcbae04b65087cb0eff7e87b8eb8ba0ffd6bfb6aba5542e04708cc,sha256:cccce03554424d59b5958e4443a54db12a5a10780fbdc5df2ec25955d443fc9d,false
RRBudget10,[Draft] Research & Related Budget 10YR,3.0,budget_year[].other_personnel.undergraduate_students.number_of_personnel,RR_Budget10_3_0.BudgetYear.OtherPersonnel.UndergraduateStudents.NumberOfPersonnel,Number of Personnel Undergraduate Students,question,concept:budget:personnel:count,concept:budget:personnel:count,question:sha256:907d48de5ca5114f948e7db4250ee289ebbb16b3722da4a36b5ff4cccb02b82f,agent_proposed,prime_applicant,,parameterized-budget:personnel,1,1,behavior:sha256:c791f0cf2da158ff3755cd3a490784e763299ed888b4be2a06c80f77935e7640,runtime-rule:sha256:4e49c9acb0a5e5daccb83f505847a904b5c3a1154f48154a8943e06ca1b80c6b|runtime-rule:sha256:abec0df988c254ebeb3ef6b9b4a917dc28b5ac552bd4fce53a66796110d51b0e|runtime-rule:sha256:e0862046135f965711c6dac88ef303c33b5ec6410fd2d94a6a1fdb0b0b11c950|runtime-rule:sha256:eaf73c49857b6d6204b34410ea0e0c93b720e95b74786f8bb99646e3993b3fab,condition|guidance,integer,xsd_declared_type,RR_Budget10_3_0:Int3DataType,https://apply07.grants.gov/apply/forms/schemas/RR_Budget10_3_0-V3.0.xsd,e9d004c15ffcbae04b65087cb0eff7e87b8eb8ba0ffd6bfb6aba5542e04708cc,sha256:cccce03554424d59b5958e4443a54db12a5a10780fbdc5df2ec25955d443fc9d,false
RRBudget10,[Draft] Research & Related Budget 10YR,3.0,budget_year[].key_persons.key_person[].fringe_benefits,RR_Budget10_3_0.BudgetYear.KeyPersons.KeyPerson.FringeBenefits,Senior/Key Person Fringe Benefits,question,concept:budget:personnel:fringe-benefits,concept:budget:personnel:fringe-benefits,question:sha256:a290c49e9cb67439e96570913b5062415c8ae3f84bb8d1b9c8fab70a0dedb228,agent_proposed,prime_applicant,,parameterized-budget:personnel,1,1,behavior:sha256:b7d1b7b391071b89b6f9ba05e25a54c1d1ebd3a5925193e1074ca5fed8b2ac46,runtime-rule:sha256:26c234197a7bf6c71f8baedf945d0d6254b2af7f1b02d9688507001be099525c|runtime-rule:sha256:f4f22b236dea13bec279a23269a357e4b54e65583fb2cf50a30b88ae4d93b8cf,calculation|guidance,string,xsd_declared_type,glob:DecimalMin1Max14Places2Type,https://apply07.grants.gov/apply/forms/schemas/RR_Budget10_3_0-V3.0.xsd,e9d004c15ffcbae04b65087cb0eff7e87b8eb8ba0ffd6bfb6aba5542e04708cc,sha256:cccce03554424d59b5958e4443a54db12a5a10780fbdc5df2ec25955d443fc9d,false
RRBudget10,[Draft] Research & Related Budget 10YR,3.0,budget_year[].other_personnel.graduate_students.fringe_benefits,RR_Budget10_3_0.BudgetYear.OtherPersonnel.GraduateStudents.FringeBenefits,Fringe Benefits Graduate Students,question,concept:budget:personnel:fringe-benefits,concept:budget:personnel:fringe-benefits,question:sha256:39b4e3c60033bc31044e400b2fb14561738fd0ba87403606fdb5a3ff2997f8ea,agent_proposed,prime_applicant,,parameterized-budget:personnel,1,1,behavior:sha256:5883d6cbe561b273be8aecec3a5ada9948fdf6385f2bb4f0cd9852c04ca0815b,runtime-rule:sha256:309b520e50cf1531a8e0581d3ed5a1a09d93968e49a5c1d9cdb28d67ed07a794|runtime-rule:sha256:3fa4c36cc9a4f40e36b884a902d842ef8fc07281ee4dc2acf2080d9fb9b49546|runtime-rule:sha256:6041d8839d112218119e5398ed27131ddee218c227fcdc3c1de37d9050a9f5c3|runtime-rule:sha256:ae3e5dec9e4c73d0aa91b3b56b125e9b35f69a612fd9a41a8ee12b524a85cf78|runtime-rule:sha256:c97a27d247b48932fe36085f754116a45c65b10da6a928495cc1e47d46399f05,calculation|condition|guidance,string,xsd_declared_type,glob:DecimalMin1Max14Places2Type,https://apply07.grants.gov/apply/forms/schemas/RR_Budget10_3_0-V3.0.xsd,e9d004c15ffcbae04b65087cb0eff7e87b8eb8ba0ffd6bfb6aba5542e04708cc,sha256:cccce03554424d59b5958e4443a54db12a5a10780fbdc5df2ec25955d443fc9d,false
RRBudget10,[Draft] Research & Related Budget 10YR,3.0,budget_year[].other_personnel.other[].fringe_benefits,RR_Budget10_3_0.BudgetYear.OtherPersonnel.Other.FringeBenefits,Fringe Benefits Additional Project Role,question,concept:budget:personnel:fringe-benefits,concept:budget:personnel:fringe-benefits,question:sha256:f9b1e628bf94dc039c2adaeec3ca816b1dd2a32547ef16c2ee600eb6de9d84a4,agent_proposed,prime_applicant,,parameterized-budget:personnel,1,1,behavior:sha256:7e6db1b924cfc08655f6c76ed698b3acd953853baa45e064bd4a5d1bec3e4928,runtime-rule:sha256:12a73bb2dac6938bc94d84945dbc2f362202461d178649212aa1ed70f5fdc1eb|runtime-rule:sha256:130476e83e676cd46d6db16ce6f4d969211a0b3fcf4e3af93f1c0ebbc2aebbdc|runtime-rule:sha256:17173450659e8e9868520533604c6e2a23612aa3935f957dcab957b513db91fb|runtime-rule:sha256:82d55e7a6f50b5d00615e0cd3fa8788aac603eda8160b99842bea25257655958|runtime-rule:sha256:83590e34e5d2558a083863aa279875d4255ca966648271a82eb380fd112deb2c|runtime-rule:sha256:c9780ae8327f51cef3a5db62a3174d5cc2863bc6b6c416badebf203e3dafe842,calculation|condition|guidance,string,xsd_declared_type,glob:DecimalMin1Max14Places2Type,https://apply07.grants.gov/apply/forms/schemas/RR_Budget10_3_0-V3.0.xsd,e9d004c15ffcbae04b65087cb0eff7e87b8eb8ba0ffd6bfb6aba5542e04708cc,sha256:cccce03554424d59b5958e4443a54db12a5a10780fbdc5df2ec25955d443fc9d,false
RRBudget10,[Draft] Research & Related Budget 10YR,3.0,budget_year[].other_personnel.post_doc_associates.fringe_benefits,RR_Budget10_3_0.BudgetYear.OtherPersonnel.PostDocAssociates.FringeBenefits,Fringe Benefits Post Doctoral Associates,question,concept:budget:personnel:fringe-benefits,concept:budget:personnel:fringe-benefits,question:sha256:35b0a9187502238f432774c8ac01cb5382ed66b5e8c3287c34a7c16370c55e9e,agent_proposed,prime_applicant,,parameterized-budget:personnel,1,1,behavior:sha256:3d22c08e0406860e88fd6cecdac2e8e6afc74f051ffaf011dbd3de4c7e326a0f,runtime-rule:sha256:21b7a18f0f82a67626b05a37094bc76333f9de4d5d413504c78e20889817b77a|runtime-rule:sha256:280c2ce99d1e12e94ae5c57518de724388cd7c0c11a3b6a760cd9c7611e25168|runtime-rule:sha256:334a63a4ad440b7b60042a29a8fce9ca4ab4c16ea9b9f737de5df565e39eeee1|runtime-rule:sha256:d58e33e2185e744cd467bb17184a1cea89a1a6cc53c2a2f60c27ccf9cbdef548|runtime-rule:sha256:e3c65235a1cd9c1a0451f1204b4881061eda00a30c77417c3cb0b54231e999af,calculation|condition|guidance,string,xsd_declared_type,glob:DecimalMin1Max14Places2Type,https://apply07.grants.gov/apply/forms/schemas/RR_Budget10_3_0-V3.0.xsd,e9d004c15ffcbae04b65087cb0eff7e87b8eb8ba0ffd6bfb6aba5542e04708cc,sha256:cccce03554424d59b5958e4443a54db12a5a10780fbdc5df2ec25955d443fc9d,false
RRBudget10,[Draft] Research & Related Budget 10YR,3.0,budget_year[].other_personnel.secretarial_clerical.fringe_benefits,RR_Budget10_3_0.BudgetYear.OtherPersonnel.SecretarialClerical.FringeBenefits,Fringe Benefits Secretarial/Clerical,question,concept:budget:personnel:fringe-benefits,concept:budget:personnel:fringe-benefits,question:sha256:299650f425924b88685357a6c8606ef92edcd9da8709a442a20089cf0a3b4139,agent_proposed,prime_applicant,,parameterized-budget:personnel,1,1,behavior:sha256:d32915e856bc30a29c74b239b721d264e32d2fc7ee89bc150afc94e7dc81ae11,runtime-rule:sha256:021c7fb500fad29908832e40f52fb3f2f29461d8189c44b4c1d46969525f1ca1|runtime-rule:sha256:3f19733da61c5947973f7c3af18cc8a07cd392084d89376cbe5a60c718b0f835|runtime-rule:sha256:c4e50f4565d1096d70bdc56f3e0cf72b0efa1ff04f65b195c6dfb10fc3c33438|runtime-rule:sha256:dbc9e32e0f0d42eb1faa9a24112349aa353bdfdd9b6580f53b7476f32d46a637|runtime-rule:sha256:ea7835462523b683392e6e3779615737f01aa8d86f44ece6e8d148f99d60997b,calculation|condition|guidance,string,xsd_declared_type,glob:DecimalMin1Max14Places2Type,https://apply07.grants.gov/apply/forms/schemas/RR_Budget10_3_0-V3.0.xsd,e9d004c15ffcbae04b65087cb0eff7e87b8eb8ba0ffd6bfb6aba5542e04708cc,sha256:cccce03554424d59b5958e4443a54db12a5a10780fbdc5df2ec25955d443fc9d,false
RRBudget10,[Draft] Research & Related Budget 10YR,3.0,budget_year[].other_personnel.undergraduate_students.fringe_benefits,RR_Budget10_3_0.BudgetYear.OtherPersonnel.UndergraduateStudents.FringeBenefits,Fringe Benefits Undergraduate Students,question,concept:budget:personnel:fringe-benefits,concept:budget:personnel:fringe-benefits,question:sha256:28ea954f4792f3708feecd22a67292d38c8abf9c5589bf894048b5089e14122c,agent_proposed,prime_applicant,,parameterized-budget:personnel,1,1,behavior:sha256:f8c55a5cdf4c0be367f9bfe1448d321a0ef1f1df6a5112e250b6f1055fa13a1e,runtime-rule:sha256:3366041252d13cdded337a565f3fb491e7dd1b909b90497e79c72ba0b28f5fb6|runtime-rule:sha256:abec0df988c254ebeb3ef6b9b4a917dc28b5ac552bd4fce53a66796110d51b0e|runtime-rule:sha256:d2575bdd12920495a010ebc90b62d10a7a2be205a70d2515c17bffe23215abab|runtime-rule:sha256:e0862046135f965711c6dac88ef303c33b5ec6410fd2d94a6a1fdb0b0b11c950|runtime-rule:sha256:eaf73c49857b6d6204b34410ea0e0c93b720e95b74786f8bb99646e3993b3fab,calculation|condition|guidance,string,xsd_declared_type,glob:DecimalMin1Max14Places2Type,https://apply07.grants.gov/apply/forms/schemas/RR_Budget10_3_0-V3.0.xsd,e9d004c15ffcbae04b65087cb0eff7e87b8eb8ba0ffd6bfb6aba5542e04708cc,sha256:cccce03554424d59b5958e4443a54db12a5a10780fbdc5df2ec25955d443fc9d,false
RRBudget10,[Draft] Research & Related Budget 10YR,3.0,budget_year[].key_persons.key_person[].requested_salary,RR_Budget10_3_0.BudgetYear.KeyPersons.KeyPerson.RequestedSalary,Senior/Key Person Requested Salary,question,concept:budget:personnel:requested-salary,concept:budget:personnel:requested-salary,question:sha256:5f69da0723a1027d6e749734e46546488c49c198d2c3021b4b6b053a9f9b278d,agent_proposed,prime_applicant,,parameterized-budget:personnel,1,1,behavior:sha256:615b64249790d187c447e3abbfed6d41131ce9792f8444ecf56f69a606e67087,runtime-rule:sha256:b413d81c48716a4d6b0057e00632754acafbe28a2d12566164084ae539345b48|runtime-rule:sha256:f4f22b236dea13bec279a23269a357e4b54e65583fb2cf50a30b88ae4d93b8cf,calculation|guidance,string,xsd_declared_type,glob:DecimalMin1Max14Places2Type,https://apply07.grants.gov/apply/forms/schemas/RR_Budget10_3_0-V3.0.xsd,e9d004c15ffcbae04b65087cb0eff7e87b8eb8ba0ffd6bfb6aba5542e04708cc,sha256:cccce03554424d59b5958e4443a54db12a5a10780fbdc5df2ec25955d443fc9d,false
RRBudget10,[Draft] Research & Related Budget 10YR,3.0,budget_year[].other_personnel.graduate_students.requested_salary,RR_Budget10_3_0.BudgetYear.OtherPersonnel.GraduateStudents.RequestedSalary,Requested Salary Graduate Students,question,concept:budget:personnel:requested-salary,concept:budget:personnel:requested-salary,question:sha256:255621b606447da7ed5f0dad55ac7cc9d1b9413914c502de5d0758f83796a690,agent_proposed,prime_applicant,,parameterized-budget:personnel,1,1,behavior:sha256:7b326531cd05895bc8b8b8f28ea66a1fba9c88364468b903d4f2031cc9a49869,runtime-rule:sha256:309b520e50cf1531a8e0581d3ed5a1a09d93968e49a5c1d9cdb28d67ed07a794|runtime-rule:sha256:3fa4c36cc9a4f40e36b884a902d842ef8fc07281ee4dc2acf2080d9fb9b49546|runtime-rule:sha256:4b66fc83b76bc5690b4dd3e7e52e153a0d774c88e861152640a3bab32a4aba33|runtime-rule:sha256:6041d8839d112218119e5398ed27131ddee218c227fcdc3c1de37d9050a9f5c3|runtime-rule:sha256:ae3e5dec9e4c73d0aa91b3b56b125e9b35f69a612fd9a41a8ee12b524a85cf78,calculation|condition|guidance,string,xsd_declared_type,glob:DecimalMin1Max14Places2Type,https://apply07.grants.gov/apply/forms/schemas/RR_Budget10_3_0-V3.0.xsd,e9d004c15ffcbae04b65087cb0eff7e87b8eb8ba0ffd6bfb6aba5542e04708cc,sha256:cccce03554424d59b5958e4443a54db12a5a10780fbdc5df2ec25955d443fc9d,false
RRBudget10,[Draft] Research & Related Budget 10YR,3.0,budget_year[].other_personnel.other[].requested_salary,RR_Budget10_3_0.BudgetYear.OtherPersonnel.Other.RequestedSalary,Requested Salary Additional Project Role,question,concept:budget:personnel:requested-salary,concept:budget:personnel:requested-salary,question:sha256:c93ed7c4e345249755542eeece68ce6a79b9e578b8544ede3e2888a936bff815,agent_proposed,prime_applicant,,parameterized-budget:personnel,1,1,behavior:sha256:edc4a7bf115fd9198ba6a17eda18cec1e6b3c3bc2c7519b61634dfc11cb09b6b,runtime-rule:sha256:12a73bb2dac6938bc94d84945dbc2f362202461d178649212aa1ed70f5fdc1eb|runtime-rule:sha256:17173450659e8e9868520533604c6e2a23612aa3935f957dcab957b513db91fb|runtime-rule:sha256:1bb55c7aaf03fbdb9ba35a03100639e1576cbf46d4ce2cf6f96a3617515db98a|runtime-rule:sha256:82d55e7a6f50b5d00615e0cd3fa8788aac603eda8160b99842bea25257655958|runtime-rule:sha256:83590e34e5d2558a083863aa279875d4255ca966648271a82eb380fd112deb2c|runtime-rule:sha256:c9780ae8327f51cef3a5db62a3174d5cc2863bc6b6c416badebf203e3dafe842,calculation|condition|guidance,string,xsd_declared_type,glob:DecimalMin1Max14Places2Type,https://apply07.grants.gov/apply/forms/schemas/RR_Budget10_3_0-V3.0.xsd,e9d004c15ffcbae04b65087cb0eff7e87b8eb8ba0ffd6bfb6aba5542e04708cc,sha256:cccce03554424d59b5958e4443a54db12a5a10780fbdc5df2ec25955d443fc9d,false
RRBudget10,[Draft] Research & Related Budget 10YR,3.0,budget_year[].other_personnel.post_doc_associates.requested_salary,RR_Budget10_3_0.BudgetYear.OtherPersonnel.PostDocAssociates.RequestedSalary,Requested Salary Post Doctoral Associates,question,concept:budget:personnel:requested-salary,concept:budget:personnel:requested-salary,question:sha256:e9d50a3c6926305f9d95a03cbbfb1d5ceb5ced5a59a36a2b9f7e62e99f45d9c3,agent_proposed,prime_applicant,,parameterized-budget:personnel,1,1,behavior:sha256:e74a5a964bb5c5f8f412c5a2280290bfb4e494ade27b8d18831dddb4fe021dcd,runtime-rule:sha256:21b7a18f0f82a67626b05a37094bc76333f9de4d5d413504c78e20889817b77a|runtime-rule:sha256:334a63a4ad440b7b60042a29a8fce9ca4ab4c16ea9b9f737de5df565e39eeee1|runtime-rule:sha256:4614edf6be6f8a7c50e520c8d80fd86c384451a1130e026d124f99ab9f08d9e4|runtime-rule:sha256:d58e33e2185e744cd467bb17184a1cea89a1a6cc53c2a2f60c27ccf9cbdef548|runtime-rule:sha256:e3c65235a1cd9c1a0451f1204b4881061eda00a30c77417c3cb0b54231e999af,calculation|condition|guidance,string,xsd_declared_type,glob:DecimalMin1Max14Places2Type,https://apply07.grants.gov/apply/forms/schemas/RR_Budget10_3_0-V3.0.xsd,e9d004c15ffcbae04b65087cb0eff7e87b8eb8ba0ffd6bfb6aba5542e04708cc,sha256:cccce03554424d59b5958e4443a54db12a5a10780fbdc5df2ec25955d443fc9d,false
RRBudget10,[Draft] Research & Related Budget 10YR,3.0,budget_year[].other_personnel.secretarial_clerical.requested_salary,RR_Budget10_3_0.BudgetYear.OtherPersonnel.SecretarialClerical.RequestedSalary,Requested Salary Secretarial/Clerical,question,concept:budget:personnel:requested-salary,concept:budget:personnel:requested-salary,question:sha256:c42efc0ec11ec15647a78c25ced4cb3e7401400511bf532fc130b399beb4e986,agent_proposed,prime_applicant,,parameterized-budget:personnel,1,1,behavior:sha256:140c4a25eb96e7e21151964264dd3c6c6ca308ac72ea4883f54ecdbbaf7d8b21,runtime-rule:sha256:021c7fb500fad29908832e40f52fb3f2f29461d8189c44b4c1d46969525f1ca1|runtime-rule:sha256:95ae8c895cd7ab2c8a3a6fe962aa72d2dfeb91600df56653e3d896f86f2173cb|runtime-rule:sha256:c4e50f4565d1096d70bdc56f3e0cf72b0efa1ff04f65b195c6dfb10fc3c33438|runtime-rule:sha256:dbc9e32e0f0d42eb1faa9a24112349aa353bdfdd9b6580f53b7476f32d46a637|runtime-rule:sha256:ea7835462523b683392e6e3779615737f01aa8d86f44ece6e8d148f99d60997b,calculation|condition|guidance,string,xsd_declared_type,glob:DecimalMin1Max14Places2Type,https://apply07.grants.gov/apply/forms/schemas/RR_Budget10_3_0-V3.0.xsd,e9d004c15ffcbae04b65087cb0eff7e87b8eb8ba0ffd6bfb6aba5542e04708cc,sha256:cccce03554424d59b5958e4443a54db12a5a10780fbdc5df2ec25955d443fc9d,false
RRBudget10,[Draft] Research & Related Budget 10YR,3.0,budget_year[].other_personnel.undergraduate_students.requested_salary,RR_Budget10_3_0.BudgetYear.OtherPersonnel.UndergraduateStudents.RequestedSalary,Requested Salary Undergraduate Students,question,concept:budget:personnel:requested-salary,concept:budget:personnel:requested-salary,question:sha256:879530e00f111e274bdd2015c200917dc4d316812608e84f8011950413891e13,agent_proposed,prime_applicant,,parameterized-budget:personnel,1,1,behavior:sha256:b90432f266c9d1be5093af2a40a9bc05d0197fe547a87178189e04afcbc0b410,runtime-rule:sha256:53783b67af6ffadea2c172e351fcd0ecc96c9596ec686241947bcae4828c0001|runtime-rule:sha256:abec0df988c254ebeb3ef6b9b4a917dc28b5ac552bd4fce53a66796110d51b0e|runtime-rule:sha256:d2575bdd12920495a010ebc90b62d10a7a2be205a70d2515c17bffe23215abab|runtime-rule:sha256:e0862046135f965711c6dac88ef303c33b5ec6410fd2d94a6a1fdb0b0b11c950|runtime-rule:sha256:eaf73c49857b6d6204b34410ea0e0c93b720e95b74786f8bb99646e3993b3fab,calculation|condition|guidance,string,xsd_declared_type,glob:DecimalMin1Max14Places2Type,https://apply07.grants.gov/apply/forms/schemas/RR_Budget10_3_0-V3.0.xsd,e9d004c15ffcbae04b65087cb0eff7e87b8eb8ba0ffd6bfb6aba5542e04708cc,sha256:cccce03554424d59b5958e4443a54db12a5a10780fbdc5df2ec25955d443fc9d,false
RRBudget10,[Draft] Research & Related Budget 10YR,3.0,budget_year[].key_persons.key_person[].summer_months,RR_Budget10_3_0.BudgetYear.KeyPersons.KeyPerson.SummerMonths,Senior/Key Person Summer Months,question,concept:budget:personnel:summer-months,concept:budget:personnel:summer-months,question:sha256:3f5dd3d19212d5abca433e179d57082d00da8d1f7f682a0e7c8160001218d16e,agent_proposed,prime_applicant,,parameterized-budget:personnel,0,1,behavior:sha256:95d7486f78baed16c6a5464363b5027a3daa83663c932d80bf379ff302896a83,,,string,xsd_declared_type,RR_Budget10_3_0:Month2whole2fracDataType,https://apply07.grants.gov/apply/forms/schemas/RR_Budget10_3_0-V3.0.xsd,e9d004c15ffcbae04b65087cb0eff7e87b8eb8ba0ffd6bfb6aba5542e04708cc,sha256:cccce03554424d59b5958e4443a54db12a5a10780fbdc5df2ec25955d443fc9d,false
RRBudget10,[Draft] Research & Related Budget 10YR,3.0,budget_year[].other_personnel.graduate_students.summer_months,RR_Budget10_3_0.BudgetYear.OtherPersonnel.GraduateStudents.SummerMonths,Summer Months Graduate Students,question,concept:budget:personnel:summer-months,concept:budget:personnel:summer-months,question:sha256:b6bb4fc8360819e1a4dd4d69baffaf6466198b29997c4f9817c8f0a60fea4cfb,agent_proposed,prime_applicant,,parameterized-budget:personnel,0,1,behavior:sha256:e9afd5d91be659ed72b9a28cd846e6b31a00d74b7eccf399e3ce37a38e0f45c6,runtime-rule:sha256:309b520e50cf1531a8e0581d3ed5a1a09d93968e49a5c1d9cdb28d67ed07a794|runtime-rule:sha256:6041d8839d112218119e5398ed27131ddee218c227fcdc3c1de37d9050a9f5c3|runtime-rule:sha256:ae3e5dec9e4c73d0aa91b3b56b125e9b35f69a612fd9a41a8ee12b524a85cf78,condition,string,xsd_declared_type,RR_Budget10_3_0:Month3whole2fracDataType,https://apply07.grants.gov/apply/forms/schemas/RR_Budget10_3_0-V3.0.xsd,e9d004c15ffcbae04b65087cb0eff7e87b8eb8ba0ffd6bfb6aba5542e04708cc,sha256:cccce03554424d59b5958e4443a54db12a5a10780fbdc5df2ec25955d443fc9d,false
RRBudget10,[Draft] Research & Related Budget 10YR,3.0,budget_year[].other_personnel.other[].summer_months,RR_Budget10_3_0.BudgetYear.OtherPersonnel.Other.SummerMonths,Summer Months Additional Project Role,question,concept:budget:personnel:summer-months,concept:budget:personnel:summer-months,question:sha256:dd61d523e49d884dce36fbae96027484e0d9e44c1a053218834d190205769c00,agent_proposed,prime_applicant,,parameterized-budget:personnel,0,1,behavior:sha256:54deb134e3980300934eb16f087ff3127b7db46ce5b63998912d3cd5fd53957c,runtime-rule:sha256:12a73bb2dac6938bc94d84945dbc2f362202461d178649212aa1ed70f5fdc1eb|runtime-rule:sha256:82d55e7a6f50b5d00615e0cd3fa8788aac603eda8160b99842bea25257655958|runtime-rule:sha256:83590e34e5d2558a083863aa279875d4255ca966648271a82eb380fd112deb2c|runtime-rule:sha256:c9780ae8327f51cef3a5db62a3174d5cc2863bc6b6c416badebf203e3dafe842,condition,string,xsd_declared_type,RR_Budget10_3_0:Month3whole2fracDataType,https://apply07.grants.gov/apply/forms/schemas/RR_Budget10_3_0-V3.0.xsd,e9d004c15ffcbae04b65087cb0eff7e87b8eb8ba0ffd6bfb6aba5542e04708cc,sha256:cccce03554424d59b5958e4443a54db12a5a10780fbdc5df2ec25955d443fc9d,false
RRBudget10,[Draft] Research & Related Budget 10YR,3.0,budget_year[].other_personnel.post_doc_associates.summer_months,RR_Budget10_3_0.BudgetYear.OtherPersonnel.PostDocAssociates.SummerMonths,Summer Months Post Doctoral Associates,question,concept:budget:personnel:summer-months,concept:budget:personnel:summer-months,question:sha256:ea22a4ab8906cf19e01cc44022f01c4d231d86cef238ae847b40129609bd9168,agent_proposed,prime_applicant,,parameterized-budget:personnel,0,1,behavior:sha256:770c0de9220fc50980ab9d817db4adde04980db8e25d2b81c209709696d4e345,runtime-rule:sha256:21b7a18f0f82a67626b05a37094bc76333f9de4d5d413504c78e20889817b77a|runtime-rule:sha256:334a63a4ad440b7b60042a29a8fce9ca4ab4c16ea9b9f737de5df565e39eeee1|runtime-rule:sha256:d58e33e2185e744cd467bb17184a1cea89a1a6cc53c2a2f60c27ccf9cbdef548,condition,string,xsd_declared_type,RR_Budget10_3_0:Month3whole2fracDataType,https://apply07.grants.gov/apply/forms/schemas/RR_Budget10_3_0-V3.0.xsd,e9d004c15ffcbae04b65087cb0eff7e87b8eb8ba0ffd6bfb6aba5542e04708cc,sha256:cccce03554424d59b5958e4443a54db12a5a10780fbdc5df2ec25955d443fc9d,false
RRBudget10,[Draft] Research & Related Budget 10YR,3.0,budget_year[].other_personnel.secretarial_clerical.summer_months,RR_Budget10_3_0.BudgetYear.OtherPersonnel.SecretarialClerical.SummerMonths,Summer Months Secretarial/Clerical,question,concept:budget:personnel:summer-months,concept:budget:personnel:summer-months,question:sha256:ea49c367647daf47527980a81a910927d485bf2b9f4c04a29858412a15c1d2e1,agent_proposed,prime_applicant,,parameterized-budget:personnel,0,1,behavior:sha256:7750f860a26ee12510ec94a512d7928bb71e0d4f21b64072926d051df4385b07,runtime-rule:sha256:021c7fb500fad29908832e40f52fb3f2f29461d8189c44b4c1d46969525f1ca1|runtime-rule:sha256:c4e50f4565d1096d70bdc56f3e0cf72b0efa1ff04f65b195c6dfb10fc3c33438|runtime-rule:sha256:dbc9e32e0f0d42eb1faa9a24112349aa353bdfdd9b6580f53b7476f32d46a637,condition,string,xsd_declared_type,RR_Budget10_3_0:Month3whole2fracDataType,https://apply07.grants.gov/apply/forms/schemas/RR_Budget10_3_0-V3.0.xsd,e9d004c15ffcbae04b65087cb0eff7e87b8eb8ba0ffd6bfb6aba5542e04708cc,sha256:cccce03554424d59b5958e4443a54db12a5a10780fbdc5df2ec25955d443fc9d,false
RRBudget10,[Draft] Research & Related Budget 10YR,3.0,budget_year[].other_personnel.undergraduate_students.summer_months,RR_Budget10_3_0.BudgetYear.OtherPersonnel.UndergraduateStudents.SummerMonths,Summer Months Undergraduate Students,question,concept:budget:personnel:summer-months,concept:budget:personnel:summer-months,question:sha256:bd4b7be509c51ae25013a89f40accedb144ff6401f1d99ac831b2ae81eea5776,agent_proposed,prime_applicant,,parameterized-budget:personnel,0,1,behavior:sha256:d19ec7e0dd5040d9adbd9558584077bc5a6059720eae8d6d1980f8e182d33a51,runtime-rule:sha256:abec0df988c254ebeb3ef6b9b4a917dc28b5ac552bd4fce53a66796110d51b0e|runtime-rule:sha256:e0862046135f965711c6dac88ef303c33b5ec6410fd2d94a6a1fdb0b0b11c950|runtime-rule:sha256:eaf73c49857b6d6204b34410ea0e0c93b720e95b74786f8bb99646e3993b3fab,condition,string,xsd_declared_type,RR_Budget10_3_0:Month3whole2fracDataType,https://apply07.grants.gov/apply/forms/schemas/RR_Budget10_3_0-V3.0.xsd,e9d004c15ffcbae04b65087cb0eff7e87b8eb8ba0ffd6bfb6aba5542e04708cc,sha256:cccce03554424d59b5958e4443a54db12a5a10780fbdc5df2ec25955d443fc9d,false
RRBudget10,[Draft] Research & Related Budget 10YR,3.0,budget_year[].equipment.total_fund_for_attached_equipment,RR_Budget10_3_0.BudgetYear.Equipment.TotalFundForAttachedEquipment,Total funds requested for all equipment listed in the attached file,question,concept:budget:research:attached-equipment-total,concept:budget:research:attached-equipment-total,question:sha256:0edee650bb7d869dd7586b36ec57647120d582537f8fe9fa0dda7bb8e04d6869,agent_proposed,prime_applicant,,parameterized-budget:cost-category,0,1,behavior:sha256:d6ed03ab5ae99117d1356dbc4b57ffe3e6fe5c0235636b25884d0872c328ef99,runtime-rule:sha256:a3755321f9f63e45c48be1ef7e97a86d569c7ec3d45b542bca314c389cbc07f1|runtime-rule:sha256:d9cd9b6127ec652f96e29ceb0ceecd4e5bd81c0771b79784204664b3c7484dae,condition|guidance,string,xsd_declared_type,glob:DecimalMin1Max14Places2Type,https://apply07.grants.gov/apply/forms/schemas/RR_Budget10_3_0-V3.0.xsd,e9d004c15ffcbae04b65087cb0eff7e87b8eb8ba0ffd6bfb6aba5542e04708cc,sha256:cccce03554424d59b5958e4443a54db12a5a10780fbdc5df2ec25955d443fc9d,false
RRBudget10,[Draft] Research & Related Budget 10YR,3.0,budget_year[].key_persons.total_fund_for_attached_key_persons,RR_Budget10_3_0.BudgetYear.KeyPersons.TotalFundForAttachedKeyPersons,Total Funds requested for all Senior Key Persons in the attached file,question,concept:budget:research:attached-key-person-total,concept:budget:research:attached-key-person-total,question:sha256:40a0a37a7a45f05cb54e83b53840f964978be26323b9338cea03f1365238e4db,agent_proposed,prime_applicant,,parameterized-budget:personnel,0,1,behavior:sha256:1e7c4345bccf8bd8d632f9b80e035a6a0a68c81740a50034a6f5f5139100d55a,runtime-rule:sha256:59d79b001a016c3dbc5b478bb63fd3daca53192ee7802936d5002c931b7c502a|runtime-rule:sha256:692140dd1caf9741b37a1e121bf74af95a855eae25df31ae7cfa22d64ef7c531,condition|guidance,string,xsd_declared_type,glob:DecimalMin1Max15Places2Type,https://apply07.grants.gov/apply/forms/schemas/RR_Budget10_3_0-V3.0.xsd,e9d004c15ffcbae04b65087cb0eff7e87b8eb8ba0ffd6bfb6aba5542e04708cc,sha256:cccce03554424d59b5958e4443a54db12a5a10780fbdc5df2ec25955d443fc9d,false
RRBudget10,[Draft] Research & Related Budget 10YR,3.0,budget_type,RR_Budget10_3_0.BudgetType,Budget Type:,question,concept:budget:research:budget-type,concept:budget:research:budget-type,question:sha256:0a469b592b8bf31fa451c380d43740d43c697d98489777c466a0fcbbb7450626,agent_proposed,prime_applicant,,parameterized-budget:form-shell,1,1,behavior:sha256:3318319185313234932aa13bf12d79472447e8be07d625403fcfc08c869117d4|behavior:sha256:7bc693a6372cd0fea1db9d81aba24e8887a2f0ae6d05f1a85f97cc2d54064524|behavior:sha256:f4178488055e44a993934a7149f22caa760d74cca2a9ee730bc07b990cdaa07e,runtime-rule:sha256:c1036dd8d40e43a502ec32e98fcb8d2795cf4a67157c1dd8be51b28e474ae6ec,guidance,string,xsd_declared_type,RR_Budget10_3_0:BudgetTypeDataType,https://apply07.grants.gov/apply/forms/schemas/RR_Budget10_3_0-V3.0.xsd,e9d004c15ffcbae04b65087cb0eff7e87b8eb8ba0ffd6bfb6aba5542e04708cc,sha256:cccce03554424d59b5958e4443a54db12a5a10780fbdc5df2ec25955d443fc9d,false
RRBudget10,[Draft] Research & Related Budget 10YR,3.0,budget_year[].participant_trainee_support_costs.participant_trainee_number,RR_Budget10_3_0.BudgetYear.ParticipantTraineeSupportCosts.ParticipantTraineeNumber,Number of Participants/Trainees,question,concept:budget:trainee:count,concept:budget:trainee:count,question:sha256:9280ed415090e433354681cc2a57b6b681a3913db6cc38a22ecb1cf18bda997d,agent_proposed,prime_applicant,,parameterized-budget:cost-category,0,1,behavior:sha256:5e09fe81fe13a3fd00b39a86eae044f7c7aa722f6608cc137b57b046d3f37ed8,runtime-rule:sha256:43506d9bcf8838fa6606eaa01605a7fd19bf949883f79e313efc6389e8504043,calculation,integer,xsd_declared_type,RR_Budget10_3_0:Int4DataType,https://apply07.grants.gov/apply/forms/schemas/RR_Budget10_3_0-V3.0.xsd,e9d004c15ffcbae04b65087cb0eff7e87b8eb8ba0ffd6bfb6aba5542e04708cc,sha256:cccce03554424d59b5958e4443a54db12a5a10780fbdc5df2ec25955d443fc9d,false
RRBudget10,[Draft] Research & Related Budget 10YR,3.0,budget_year[].participant_trainee_support_costs.stipends,RR_Budget10_3_0.BudgetYear.ParticipantTraineeSupportCosts.Stipends,2. Stipends,question,concept:budget:trainee:stipends,concept:budget:trainee:stipends,question:sha256:daefa69bab04632b9fa2ac836e6f4fbeedd3a3f54ba0d931b9fbae12cc04cb2d,agent_proposed,prime_applicant,,parameterized-budget:cost-category,0,1,behavior:sha256:18fc217a00655f8d1a0f0eb24ba3151c872fba18457fd863cebd9fe3c69294c1,runtime-rule:sha256:1baa7d38d37d237ada9373a3ea2512faed6ab4256e3e8f62e4802f4300194d53,guidance,string,xsd_declared_type,glob:DecimalMin1Max14Places2Type,https://apply07.grants.gov/apply/forms/schemas/RR_Budget10_3_0-V3.0.xsd,e9d004c15ffcbae04b65087cb0eff7e87b8eb8ba0ffd6bfb6aba5542e04708cc,sha256:cccce03554424d59b5958e4443a54db12a5a10780fbdc5df2ec25955d443fc9d,false
RRBudget10,[Draft] Research & Related Budget 10YR,3.0,budget_year[].participant_trainee_support_costs.subsistence,RR_Budget10_3_0.BudgetYear.ParticipantTraineeSupportCosts.Subsistence,4. Subsistence,question,concept:budget:trainee:subsistence,concept:budget:trainee:subsistence,question:sha256:2cc757cecf57f41af65ad2fb2a7e0bce48eaa7c0329ff2d4787a2cea29f8e7a1,agent_proposed,prime_applicant,,parameterized-budget:cost-category,0,1,behavior:sha256:daf24826a4a374c3f1d90facb297bd0cbf0249efcff1e700de68830b2b7bc1be,runtime-rule:sha256:eed04ca9f9df60bbb091e86a9bc8027d04f4f2479b7ceeeee770c2c6830a78cd,guidance,string,xsd_declared_type,glob:DecimalMin1Max14Places2Type,https://apply07.grants.gov/apply/forms/schemas/RR_Budget10_3_0-V3.0.xsd,e9d004c15ffcbae04b65087cb0eff7e87b8eb8ba0ffd6bfb6aba5542e04708cc,sha256:cccce03554424d59b5958e4443a54db12a5a10780fbdc5df2ec25955d443fc9d,false
RRBudget10,[Draft] Research & Related Budget 10YR,3.0,budget_year[].participant_trainee_support_costs.travel,RR_Budget10_3_0.BudgetYear.ParticipantTraineeSupportCosts.Travel,3. Travel,question,concept:budget:trainee:travel,concept:budget:trainee:travel,question:sha256:cc8f88cab02237a971a98dfe8e50efe83ee5068c4acc880c788b86011e105eea,agent_proposed,prime_applicant,,parameterized-budget:cost-category,0,1,behavior:sha256:262656af75da9697b2c16c86fa0051e1dabe851739bc3e0d7d73d1169353dea6,runtime-rule:sha256:f57d8b17093293869e7d480425772f990cd28861d258415f524461fe45eda3b4,guidance,string,xsd_declared_type,glob:DecimalMin1Max14Places2Type,https://apply07.grants.gov/apply/forms/schemas/RR_Budget10_3_0-V3.0.xsd,e9d004c15ffcbae04b65087cb0eff7e87b8eb8ba0ffd6bfb6aba5542e04708cc,sha256:cccce03554424d59b5958e4443a54db12a5a10780fbdc5df2ec25955d443fc9d,false
RRBudget10,[Draft] Research & Related Budget 10YR,3.0,budget_year[].participant_trainee_support_costs.tuition_fee_health_insurance,RR_Budget10_3_0.BudgetYear.ParticipantTraineeSupportCosts.TuitionFeeHealthInsurance,1. Tuition/Fees/Health Insurance,question,concept:budget:trainee:tuition-fees-insurance,concept:budget:trainee:tuition-fees-insurance,question:sha256:4973ddeee42991948badf620e378d40042179829f756682d8c53ceb1df4e5dc7,agent_proposed,prime_applicant,,parameterized-budget:cost-category,0,1,behavior:sha256:1000618e42c17ff2b25f10c008ae794e2387036c28037c4792511f195006ab29,runtime-rule:sha256:41ecd33dad7a50c7532ab08a18c6a319723a0cc2b23ca2ebc16d421656a89340,guidance,string,xsd_declared_type,glob:DecimalMin1Max14Places2Type,https://apply07.grants.gov/apply/forms/schemas/RR_Budget10_3_0-V3.0.xsd,e9d004c15ffcbae04b65087cb0eff7e87b8eb8ba0ffd6bfb6aba5542e04708cc,sha256:cccce03554424d59b5958e4443a54db12a5a10780fbdc5df2ec25955d443fc9d,false
RRBudget10,[Draft] Research & Related Budget 10YR,3.0,budget_year[].travel.domestic_travel_cost,RR_Budget10_3_0.BudgetYear.Travel.DomesticTravelCost,"1. Domestic Travel Costs ( Incl. Canada, Mexico and U.S. Possessions)",question,concept:budget:travel:domestic,concept:budget:travel:domestic,question:sha256:024f4d5490b5e8fd460fce61c545a4b65b0124cb44330b753ca9f28146872b70,agent_proposed,prime_applicant,,parameterized-budget:cost-category,0,1,behavior:sha256:c12400eeaa13fd73203f2192eb3a6068686ee4c27ac9097d642787c05f4afee4,runtime-rule:sha256:528f5690223627da5eb084b352edb03430f04f41eea05afb04ce5c6c9bb8ffa9|runtime-rule:sha256:aeb6a13b61843cc71a9dc7308047191d96c35c2691659df1126752a6c0397a1b|runtime-rule:sha256:be2f6b8e4c24abd33f0602a4b424c71592c653299be71202fd102d73de176835,calculation|guidance,string,xsd_declared_type,glob:DecimalMin1Max14Places2Type,https://apply07.grants.gov/apply/forms/schemas/RR_Budget10_3_0-V3.0.xsd,e9d004c15ffcbae04b65087cb0eff7e87b8eb8ba0ffd6bfb6aba5542e04708cc,sha256:cccce03554424d59b5958e4443a54db12a5a10780fbdc5df2ec25955d443fc9d,false
RRBudget10,[Draft] Research & Related Budget 10YR,3.0,budget_year[].travel.foreign_travel_cost,RR_Budget10_3_0.BudgetYear.Travel.ForeignTravelCost,2. Foreign Travel Costs,question,concept:budget:travel:foreign,concept:budget:travel:foreign,question:sha256:33d02c1e60a084ec2927b4e6a8e3271e6c143af36a8e27a5b63e5c4db33ee37e,agent_proposed,prime_applicant,,parameterized-budget:cost-category,0,1,behavior:sha256:564a072ecad924c206b816234c351ef3248ccea35a263bcd8ccbbd837e1d23ea,runtime-rule:sha256:3a7b21357c63f3adcd26f59f0f0fc78c644062f6d75f72f778abf7207ea94a4f|runtime-rule:sha256:a77b85377ef814b659bc78a23f4845e119c8b8d56845236e6d6d007350d76847|runtime-rule:sha256:aeb6a13b61843cc71a9dc7308047191d96c35c2691659df1126752a6c0397a1b,calculation|guidance,string,xsd_declared_type,glob:DecimalMin1Max14Places2Type,https://apply07.grants.gov/apply/forms/schemas/RR_Budget10_3_0-V3.0.xsd,e9d004c15ffcbae04b65087cb0eff7e87b8eb8ba0ffd6bfb6aba5542e04708cc,sha256:cccce03554424d59b5958e4443a54db12a5a10780fbdc5df2ec25955d443fc9d,false
RRBudget10,[Draft] Research & Related Budget 10YR,3.0,budget_year[].key_persons.key_person[].project_role,RR_Budget10_3_0.BudgetYear.KeyPersons.KeyPerson.ProjectRole,Project Role:,question,concept:research-person:project-role,concept:research-person:project-role,question:sha256:790a919fb63ecc97970f4baecc56ba1a8f9fb2d74baa2cc1e4ee587600684954,agent_proposed,prime_applicant,,parameterized-budget:personnel,1,1,behavior:sha256:aa25a9c76a10247f42e52eb19545c8d355176ff30198ba4858b64012854f9e64,runtime-rule:sha256:4b124616ad5a352c274d7d37f6301090c4344a380bda06863e2cf770db5e1f22,guidance,string,xsd_declared_type,glob:StringMin1Max100Type,https://apply07.grants.gov/apply/forms/schemas/RR_Budget10_3_0-V3.0.xsd,e9d004c15ffcbae04b65087cb0eff7e87b8eb8ba0ffd6bfb6aba5542e04708cc,sha256:cccce03554424d59b5958e4443a54db12a5a10780fbdc5df2ec25955d443fc9d,false
RRBudget10,[Draft] Research & Related Budget 10YR,3.0,budget_year[].other_personnel.graduate_students.project_role,RR_Budget10_3_0.BudgetYear.OtherPersonnel.GraduateStudents.ProjectRole,Project Role Graduate Students,question,concept:research-person:project-role,concept:research-person:project-role,question:sha256:ba805e76670a18cdbbc02b50b1b78ee517f38778835576a2fd11dd0769b77536,agent_proposed,prime_applicant,,parameterized-budget:personnel,1,1,behavior:sha256:823988205fe578c8792bf38d7df602d7b7129813f2eadfab6dd2d1dcd041501f,runtime-rule:sha256:309b520e50cf1531a8e0581d3ed5a1a09d93968e49a5c1d9cdb28d67ed07a794|runtime-rule:sha256:6041d8839d112218119e5398ed27131ddee218c227fcdc3c1de37d9050a9f5c3|runtime-rule:sha256:ae3e5dec9e4c73d0aa91b3b56b125e9b35f69a612fd9a41a8ee12b524a85cf78|runtime-rule:sha256:ded838a586261132df6512168c65cd4779259cfd43ba7d318405838b3745823b,condition|guidance,string,xsd_declared_type,glob:StringMin1Max100Type,https://apply07.grants.gov/apply/forms/schemas/RR_Budget10_3_0-V3.0.xsd,e9d004c15ffcbae04b65087cb0eff7e87b8eb8ba0ffd6bfb6aba5542e04708cc,sha256:cccce03554424d59b5958e4443a54db12a5a10780fbdc5df2ec25955d443fc9d,false
RRBudget10,[Draft] Research & Related Budget 10YR,3.0,budget_year[].other_personnel.other[].project_role,RR_Budget10_3_0.BudgetYear.OtherPersonnel.Other.ProjectRole,Additional Project Role Description,question,concept:research-person:project-role,concept:research-person:project-role,question:sha256:13756e3f9f412ea71ad8f40b8d9f0a9804aab9c80d7cfe8e7d171f0e70815cb2,agent_proposed,prime_applicant,,parameterized-budget:personnel,1,1,behavior:sha256:a0136dcaaf8df3d9813a1d62c3683c4f66d2d5c011af340d12a9acf831784d0a,runtime-rule:sha256:12a73bb2dac6938bc94d84945dbc2f362202461d178649212aa1ed70f5fdc1eb|runtime-rule:sha256:82d55e7a6f50b5d00615e0cd3fa8788aac603eda8160b99842bea25257655958|runtime-rule:sha256:83590e34e5d2558a083863aa279875d4255ca966648271a82eb380fd112deb2c|runtime-rule:sha256:c9780ae8327f51cef3a5db62a3174d5cc2863bc6b6c416badebf203e3dafe842|runtime-rule:sha256:dc7e05fd3a52be75d9706209c613aff48a2801bbb2a8de27afbd3e9236921d45,condition|guidance,string,xsd_declared_type,glob:StringMin1Max100Type,https://apply07.grants.gov/apply/forms/schemas/RR_Budget10_3_0-V3.0.xsd,e9d004c15ffcbae04b65087cb0eff7e87b8eb8ba0ffd6bfb6aba5542e04708cc,sha256:cccce03554424d59b5958e4443a54db12a5a10780fbdc5df2ec25955d443fc9d,false
RRBudget10,[Draft] Research & Related Budget 10YR,3.0,budget_year[].other_personnel.post_doc_associates.project_role,RR_Budget10_3_0.BudgetYear.OtherPersonnel.PostDocAssociates.ProjectRole,Project Role Post Doctoral Associates,question,concept:research-person:project-role,concept:research-person:project-role,question:sha256:cb490f4e9c3c90e37dbab0cda5cb9cf7687bfbd31de8d871033ed0e462876429,agent_proposed,prime_applicant,,parameterized-budget:personnel,1,1,behavior:sha256:79abbe04855272d62e21bb9d86eb36ec4a36de537d2d1d578e6aa65b5da63dc8,runtime-rule:sha256:21b7a18f0f82a67626b05a37094bc76333f9de4d5d413504c78e20889817b77a|runtime-rule:sha256:334a63a4ad440b7b60042a29a8fce9ca4ab4c16ea9b9f737de5df565e39eeee1|runtime-rule:sha256:3ac632f09d91318cedef6dca612e517736ce4923b09303709be2a99967f7adf4|runtime-rule:sha256:d58e33e2185e744cd467bb17184a1cea89a1a6cc53c2a2f60c27ccf9cbdef548,condition|guidance,string,xsd_declared_type,glob:StringMin1Max100Type,https://apply07.grants.gov/apply/forms/schemas/RR_Budget10_3_0-V3.0.xsd,e9d004c15ffcbae04b65087cb0eff7e87b8eb8ba0ffd6bfb6aba5542e04708cc,sha256:cccce03554424d59b5958e4443a54db12a5a10780fbdc5df2ec25955d443fc9d,false
RRBudget10,[Draft] Research & Related Budget 10YR,3.0,budget_year[].other_personnel.secretarial_clerical.project_role,RR_Budget10_3_0.BudgetYear.OtherPersonnel.SecretarialClerical.ProjectRole,Project Role Secretarial/Clerical,question,concept:research-person:project-role,concept:research-person:project-role,question:sha256:08fdd38fbb9cf98caff37fb557915d721808991d7e38d9dd082d0cde2c229b92,agent_proposed,prime_applicant,,parameterized-budget:personnel,1,1,behavior:sha256:4297d6ce8e5e5460756b12d8eba492832e5b721d72eb4c0a31f62b69e53ea819,runtime-rule:sha256:021c7fb500fad29908832e40f52fb3f2f29461d8189c44b4c1d46969525f1ca1|runtime-rule:sha256:947ebe1c4a52439459c3ac767e0fffcf554fb4a75fc89fee3ba88ce383ad5960|runtime-rule:sha256:c4e50f4565d1096d70bdc56f3e0cf72b0efa1ff04f65b195c6dfb10fc3c33438|runtime-rule:sha256:dbc9e32e0f0d42eb1faa9a24112349aa353bdfdd9b6580f53b7476f32d46a637,condition|guidance,string,xsd_declared_type,glob:StringMin1Max100Type,https://apply07.grants.gov/apply/forms/schemas/RR_Budget10_3_0-V3.0.xsd,e9d004c15ffcbae04b65087cb0eff7e87b8eb8ba0ffd6bfb6aba5542e04708cc,sha256:cccce03554424d59b5958e4443a54db12a5a10780fbdc5df2ec25955d443fc9d,false
RRBudget10,[Draft] Research & Related Budget 10YR,3.0,budget_year[].other_personnel.undergraduate_students.project_role,RR_Budget10_3_0.BudgetYear.OtherPersonnel.UndergraduateStudents.ProjectRole,Project Role Undergraduate Students,question,concept:research-person:project-role,concept:research-person:project-role,question:sha256:8e30e6cdfa21d27c43cdcc4c0b5bd6497c6b8d4ae14fe5a36583744a78ea030a,agent_proposed,prime_applicant,,parameterized-budget:personnel,1,1,behavior:sha256:7dbbf55d83adf36e892a9ca547e30e3ee198de3a9770eb6e50f7ed3f685c72fa,runtime-rule:sha256:8b2df6ccb27eb132cb573161e9c8149f150c6e9fb37ed510aac8e14e254eda21|runtime-rule:sha256:abec0df988c254ebeb3ef6b9b4a917dc28b5ac552bd4fce53a66796110d51b0e|runtime-rule:sha256:e0862046135f965711c6dac88ef303c33b5ec6410fd2d94a6a1fdb0b0b11c950|runtime-rule:sha256:eaf73c49857b6d6204b34410ea0e0c93b720e95b74786f8bb99646e3993b3fab,condition|guidance,string,xsd_declared_type,glob:StringMin1Max100Type,https://apply07.grants.gov/apply/forms/schemas/RR_Budget10_3_0-V3.0.xsd,e9d004c15ffcbae04b65087cb0eff7e87b8eb8ba0ffd6bfb6aba5542e04708cc,sha256:cccce03554424d59b5958e4443a54db12a5a10780fbdc5df2ec25955d443fc9d,false
RRBudget10,[Draft] Research & Related Budget 10YR,3.0,organization_name,RR_Budget10_3_0.OrganizationName,Enter name of Organization:,question,concept:role:applicant-organization:name,concept:role:applicant-organization:name,question:sha256:37d77d8cda9ca4243fe1775e32052017f667a53e5f09dde66a06db6abefadf3a,agent_proposed,prime_applicant,,parameterized-budget:form-shell,0,1,behavior:sha256:acddef36c8a2161db9916c23a10dea34e2b649072114bd43003ede638bc5514c,runtime-rule:sha256:28f42ef475f29d9771ea7474b9ffd2b27a35c14390660e76609eebb37edc5952,guidance,string,xsd_declared_type,globLib:OrganizationNameDataType,https://apply07.grants.gov/apply/forms/schemas/RR_Budget10_3_0-V3.0.xsd,e9d004c15ffcbae04b65087cb0eff7e87b8eb8ba0ffd6bfb6aba5542e04708cc,sha256:cccce03554424d59b5958e4443a54db12a5a10780fbdc5df2ec25955d443fc9d,false
RRBudget10,[Draft] Research & Related Budget 10YR,3.0,samuei,RR_Budget10_3_0.SAMUEI,UEI:,question,concept:role:applicant-organization:sam-uei,concept:role:applicant-organization:sam-uei,question:sha256:311991ff8ce7179ca30fc71883cba0f475e5821b5b47dc8589ffb85252d6e584,agent_proposed,prime_applicant,,parameterized-budget:form-shell,1,1,behavior:sha256:25936522ac3dcda12268b1ee52d5d0da51b21751bb983c3988b7be7fe135b22a,runtime-rule:sha256:a471a44177c284c3c691b8f6c4abc0e523f4d3d9f08983b51baddc305998eb41,guidance,string,xsd_declared_type,globLib:SAMUEIDataType,https://apply07.grants.gov/apply/forms/schemas/RR_Budget10_3_0-V3.0.xsd,e9d004c15ffcbae04b65087cb0eff7e87b8eb8ba0ffd6bfb6aba5542e04708cc,sha256:cccce03554424d59b5958e4443a54db12a5a10780fbdc5df2ec25955d443fc9d,false
RRBudget10,[Draft] Research & Related Budget 10YR,3.0,budget_year[].key_persons.key_person[].name.first_name,RR_Budget10_3_0.BudgetYear.KeyPersons.KeyPerson.Name.FirstName,First Name,question,concept:role:key-person:name:first,concept:role:key-person:name:first,question:sha256:86ce0386da2907eb3d10a38e0ee3b110f92b6923c5d5f4c389eb1d3d30b3798f,agent_proposed,prime_applicant,,parameterized-budget:personnel,1,1,behavior:sha256:733ee3c8bcc2fd4054ae80bf330a545efc3b3d04cfbaf114c3e45ed048ddab0f,runtime-rule:sha256:a522124c40523c7dadba56c99677eabbc36c81bf87c548eba4e143cadf3885e5,guidance,string,xsd_declared_type,globLib:FirstNameDataType,https://apply07.grants.gov/apply/system/schemas/GlobalLibrary-V2.0.xsd,ff0214de91b95a4209f50f0fe08a18d0f3d17f280ab8c8bbcb52878f37de7be8,sha256:cccce03554424d59b5958e4443a54db12a5a10780fbdc5df2ec25955d443fc9d,false
RRBudget10,[Draft] Research & Related Budget 10YR,3.0,budget_year[].key_persons.key_person[].name.last_name,RR_Budget10_3_0.BudgetYear.KeyPersons.KeyPerson.Name.LastName,Last Name,question,concept:role:key-person:name:last,concept:role:key-person:name:last,question:sha256:adfe0d9c76186024b9250b49311d252727b0d2ac65b93a2192b513c1d4895776,agent_proposed,prime_applicant,,parameterized-budget:personnel,1,1,behavior:sha256:5c80a8fe63966c7013fad8b442c9b9f3943f9a76e6d11d692c864f72d9d86af6,runtime-rule:sha256:2270a98581339dc71c4d1d92b9f4ec263588bb7fb26bdab5a1e37086ff5c83b1,guidance,string,xsd_declared_type,globLib:LastNameDataType,https://apply07.grants.gov/apply/system/schemas/GlobalLibrary-V2.0.xsd,ff0214de91b95a4209f50f0fe08a18d0f3d17f280ab8c8bbcb52878f37de7be8,sha256:cccce03554424d59b5958e4443a54db12a5a10780fbdc5df2ec25955d443fc9d,false
RRBudget10,[Draft] Research & Related Budget 10YR,3.0,budget_year[].key_persons.key_person[].name.middle_name,RR_Budget10_3_0.BudgetYear.KeyPersons.KeyPerson.Name.MiddleName,Middle Name,question,concept:role:key-person:name:middle,concept:role:key-person:name:middle,question:sha256:3e598d58a1258664f7dddd82459aac5330953446bd7488aba5cef75ee5f45f72,agent_proposed,prime_applicant,,parameterized-budget:personnel,0,1,behavior:sha256:628741135e6b958106078bfbdd60d2f90e62b62c110146dfff2e5aab0bd13761,,,string,xsd_declared_type,globLib:MiddleNameDataType,https://apply07.grants.gov/apply/system/schemas/GlobalLibrary-V2.0.xsd,ff0214de91b95a4209f50f0fe08a18d0f3d17f280ab8c8bbcb52878f37de7be8,sha256:cccce03554424d59b5958e4443a54db12a5a10780fbdc5df2ec25955d443fc9d,false
RRBudget10,[Draft] Research & Related Budget 10YR,3.0,budget_year[].key_persons.key_person[].name.prefix_name,RR_Budget10_3_0.BudgetYear.KeyPersons.KeyPerson.Name.PrefixName,Prefix,question,concept:role:key-person:name:prefix,concept:role:key-person:name:prefix,question:sha256:db4c73c9d082c6d4cb01feb9547e5328d7b56ef44f265083dce371bda32f3ba7,agent_proposed,prime_applicant,,parameterized-budget:personnel,0,1,behavior:sha256:63e06f3e53f06a6842314ed07c4cedc30009276121dfaa37f54caa1e8053bf69,,,string,xsd_declared_type,globLib:PrefixNameDataType,https://apply07.grants.gov/apply/system/schemas/GlobalLibrary-V2.0.xsd,ff0214de91b95a4209f50f0fe08a18d0f3d17f280ab8c8bbcb52878f37de7be8,sha256:cccce03554424d59b5958e4443a54db12a5a10780fbdc5df2ec25955d443fc9d,false
RRBudget10,[Draft] Research & Related Budget 10YR,3.0,budget_year[].key_persons.key_person[].name.suffix_name,RR_Budget10_3_0.BudgetYear.KeyPersons.KeyPerson.Name.SuffixName,Suffix,question,concept:role:key-person:name:suffix,concept:role:key-person:name:suffix,question:sha256:16ffd25dbae1dae05dbe227c7af8498d312a966f7ae7082a2bbd4921eb78da45,agent_proposed,prime_applicant,,parameterized-budget:personnel,0,1,behavior:sha256:a6f876940d65f64fd5fe5023f09f34ba27b84e0c1d04d07f4308e78bddac63f9,,,string,xsd_declared_type,globLib:SuffixNameDataType,https://apply07.grants.gov/apply/system/schemas/GlobalLibrary-V2.0.xsd,ff0214de91b95a4209f50f0fe08a18d0f3d17f280ab8c8bbcb52878f37de7be8,sha256:cccce03554424d59b5958e4443a54db12a5a10780fbdc5df2ec25955d443fc9d,false
RRMPBudget,[Draft] Research & Related Multi-Project Budget Form,3.0,budget_year[].key_persons.key_person[].requested_salary,RR_MP_Budget_3_0.BudgetYear.KeyPersons.KeyPerson.RequestedSalary,RequestedSalary,question,question-candidate:sha256:032530cbc946d2c171982ecbf8617b493f293faf0588a91a9d8e9be0addfc4a0,question-candidate:sha256:032530cbc946d2c171982ecbf8617b493f293faf0588a91a9d8e9be0addfc4a0,question:sha256:47cf19822b5c5c286975df47bc2f3cb957ce16af22659565f12bc50e0235087d,agent_proposed,senior_key_person,,budget-period|money-and-effort-primitives|person-profile|subaward-budget-collection,1,1,,,,string,xsd_declared_type,glob:DecimalMin1Max14Places2Type,https://apply07.grants.gov/apply/forms/schemas/RR_MP_Budget_3_0-V3.0.xsd,8ee3867971d4030582ff4c4cd906cd1a086c2d2491fb6f05b33cdd07ae435846,sha256:8ee3867971d4030582ff4c4cd906cd1a086c2d2491fb6f05b33cdd07ae435846,false
RRMPBudget,[Draft] Research & Related Multi-Project Budget Form,3.0,budget_year[].participant_trainee_support_costs.stipends,RR_MP_Budget_3_0.BudgetYear.ParticipantTraineeSupportCosts.Stipends,Stipends,question,question-candidate:sha256:0ad9e8459a9b1f7be778e5c32be406e34407ad500f1077cac49c86e3b57197ca,question-candidate:sha256:0ad9e8459a9b1f7be778e5c32be406e34407ad500f1077cac49c86e3b57197ca,question:sha256:064a19049c979ca0d01c86ba8e7d6a8d21a5598071d443645d09f44a2aab16ea,agent_proposed,unqualified,,budget-participant-support|budget-period|subaward-budget-collection,0,1,,,,string,xsd_declared_type,glob:DecimalMin1Max14Places2Type,https://apply07.grants.gov/apply/forms/schemas/RR_MP_Budget_3_0-V3.0.xsd,8ee3867971d4030582ff4c4cd906cd1a086c2d2491fb6f05b33cdd07ae435846,sha256:8ee3867971d4030582ff4c4cd906cd1a086c2d2491fb6f05b33cdd07ae435846,false
RRMPBudget,[Draft] Research & Related Multi-Project Budget Form,3.0,budget_year[].other_personnel.graduate_students.summer_months,RR_MP_Budget_3_0.BudgetYear.OtherPersonnel.GraduateStudents.SummerMonths,SummerMonths,question,question-candidate:sha256:0b5185b2779cbb8aa43c27a6849e752a6f2f6e303100bf958bade358a61c0afa,question-candidate:sha256:0b5185b2779cbb8aa43c27a6849e752a6f2f6e303100bf958bade358a61c0afa,question:sha256:3749c86cb1ca9cb796fc99bba2a9fdf3423790b28cfeeb2ab99052e20e42e834,agent_proposed,unqualified,,budget-period|budget-personnel|money-and-effort-primitives|subaward-budget-collection,0,1,,,,string,xsd_declared_type,RR_MP_Budget_3_0:Month3whole2fracDataType,https://apply07.grants.gov/apply/forms/schemas/RR_MP_Budget_3_0-V3.0.xsd,8ee3867971d4030582ff4c4cd906cd1a086c2d2491fb6f05b33cdd07ae435846,sha256:8ee3867971d4030582ff4c4cd906cd1a086c2d2491fb6f05b33cdd07ae435846,false
RRMPBudget,[Draft] Research & Related Multi-Project Budget Form,3.0,budget_year[].other_personnel.other[].summer_months,RR_MP_Budget_3_0.BudgetYear.OtherPersonnel.Other.SummerMonths,SummerMonths,question,question-candidate:sha256:0b5185b2779cbb8aa43c27a6849e752a6f2f6e303100bf958bade358a61c0afa,question-candidate:sha256:0b5185b2779cbb8aa43c27a6849e752a6f2f6e303100bf958bade358a61c0afa,question:sha256:cfa61ccae49cbd97c6b1fe4ec0be289a2731a44a70360c8c18fa855b6919b341,agent_proposed,unqualified,,budget-period|budget-personnel|money-and-effort-primitives|subaward-budget-collection,0,1,,,,string,xsd_declared_type,RR_MP_Budget_3_0:Month3whole2fracDataType,https://apply07.grants.gov/apply/forms/schemas/RR_MP_Budget_3_0-V3.0.xsd,8ee3867971d4030582ff4c4cd906cd1a086c2d2491fb6f05b33cdd07ae435846,sha256:8ee3867971d4030582ff4c4cd906cd1a086c2d2491fb6f05b33cdd07ae435846,false
RRMPBudget,[Draft] Research & Related Multi-Project Budget Form,3.0,budget_year[].other_personnel.post_doc_associates.summer_months,RR_MP_Budget_3_0.BudgetYear.OtherPersonnel.PostDocAssociates.SummerMonths,SummerMonths,question,question-candidate:sha256:0b5185b2779cbb8aa43c27a6849e752a6f2f6e303100bf958bade358a61c0afa,question-candidate:sha256:0b5185b2779cbb8aa43c27a6849e752a6f2f6e303100bf958bade358a61c0afa,question:sha256:6c597c75e7228cb3567e6e3a930c6f0e5e9a7472b065375968e09bdaebd63e9e,agent_proposed,unqualified,,budget-period|budget-personnel|money-and-effort-primitives|subaward-budget-collection,0,1,,,,string,xsd_declared_type,RR_MP_Budget_3_0:Month3whole2fracDataType,https://apply07.grants.gov/apply/forms/schemas/RR_MP_Budget_3_0-V3.0.xsd,8ee3867971d4030582ff4c4cd906cd1a086c2d2491fb6f05b33cdd07ae435846,sha256:8ee3867971d4030582ff4c4cd906cd1a086c2d2491fb6f05b33cdd07ae435846,false
RRMPBudget,[Draft] Research & Related Multi-Project Budget Form,3.0,budget_year[].other_personnel.secretarial_clerical.summer_months,RR_MP_Budget_3_0.BudgetYear.OtherPersonnel.SecretarialClerical.SummerMonths,SummerMonths,question,question-candidate:sha256:0b5185b2779cbb8aa43c27a6849e752a6f2f6e303100bf958bade358a61c0afa,question-candidate:sha256:0b5185b2779cbb8aa43c27a6849e752a6f2f6e303100bf958bade358a61c0afa,question:sha256:999269a1c03571160a86ea4751779ddf8dc0d599481ac0b0908e736905e715af,agent_proposed,unqualified,,budget-period|budget-personnel|money-and-effort-primitives|subaward-budget-collection,0,1,,,,string,xsd_declared_type,RR_MP_Budget_3_0:Month3whole2fracDataType,https://apply07.grants.gov/apply/forms/schemas/RR_MP_Budget_3_0-V3.0.xsd,8ee3867971d4030582ff4c4cd906cd1a086c2d2491fb6f05b33cdd07ae435846,sha256:8ee3867971d4030582ff4c4cd906cd1a086c2d2491fb6f05b33cdd07ae435846,false
RRMPBudget,[Draft] Research & Related Multi-Project Budget Form,3.0,budget_year[].other_personnel.undergraduate_students.summer_months,RR_MP_Budget_3_0.BudgetYear.OtherPersonnel.UndergraduateStudents.SummerMonths,SummerMonths,question,question-candidate:sha256:0b5185b2779cbb8aa43c27a6849e752a6f2f6e303100bf958bade358a61c0afa,question-candidate:sha256:0b5185b2779cbb8aa43c27a6849e752a6f2f6e303100bf958bade358a61c0afa,question:sha256:3ffb248e249817d496f503a4233d62463fbb385b039fc6795cd55eb8003d4bb1,agent_proposed,unqualified,,budget-period|budget-personnel|money-and-effort-primitives|subaward-budget-collection,0,1,,,,string,xsd_declared_type,RR_MP_Budget_3_0:Month3whole2fracDataType,https://apply07.grants.gov/apply/forms/schemas/RR_MP_Budget_3_0-V3.0.xsd,8ee3867971d4030582ff4c4cd906cd1a086c2d2491fb6f05b33cdd07ae435846,sha256:8ee3867971d4030582ff4c4cd906cd1a086c2d2491fb6f05b33cdd07ae435846,false
RRMPBudget,[Draft] Research & Related Multi-Project Budget Form,3.0,budget_year[].participant_trainee_support_costs.participant_trainee_number,RR_MP_Budget_3_0.BudgetYear.ParticipantTraineeSupportCosts.ParticipantTraineeNumber,ParticipantTraineeNumber,question,question-candidate:sha256:0d2efd66463395eadd5365d212cf3454904285b8206b67340daa3b82f20c9822,question-candidate:sha256:0d2efd66463395eadd5365d212cf3454904285b8206b67340daa3b82f20c9822,question:sha256:a64324fed9dec452131212be02485b90266fb485f890e0a7c3e85cc713744846,agent_proposed,unqualified,,budget-participant-support|budget-period|subaward-budget-collection,0,1,,,,integer,xsd_declared_type,RR_MP_Budget_3_0:Int4DataType,https://apply07.grants.gov/apply/forms/schemas/RR_MP_Budget_3_0-V3.0.xsd,8ee3867971d4030582ff4c4cd906cd1a086c2d2491fb6f05b33cdd07ae435846,sha256:8ee3867971d4030582ff4c4cd906cd1a086c2d2491fb6f05b33cdd07ae435846,false
RRMPBudget,[Draft] Research & Related Multi-Project Budget Form,3.0,budget_year[].other_direct_costs.materials_supplies,RR_MP_Budget_3_0.BudgetYear.OtherDirectCosts.MaterialsSupplies,MaterialsSupplies,question,question-candidate:sha256:0d779de766483a4532c2515bc3878527b9b629b37630edae471ea411203a4a2a,question-candidate:sha256:0d779de766483a4532c2515bc3878527b9b629b37630edae471ea411203a4a2a,question:sha256:e427cae8f038237538773d14d1fc699d5d41acc3633352692516a0057a67c145,agent_proposed,unqualified,,budget-other-direct-cost|budget-period|subaward-budget-collection,0,1,,,,string,xsd_declared_type,glob:DecimalMin1Max14Places2Type,https://apply07.grants.gov/apply/forms/schemas/RR_MP_Budget_3_0-V3.0.xsd,8ee3867971d4030582ff4c4cd906cd1a086c2d2491fb6f05b33cdd07ae435846,sha256:8ee3867971d4030582ff4c4cd906cd1a086c2d2491fb6f05b33cdd07ae435846,false
RRMPBudget,[Draft] Research & Related Multi-Project Budget Form,3.0,budget_year[].fee,RR_MP_Budget_3_0.BudgetYear.Fee,Fee,question,question-candidate:sha256:10b942b69e9dd006144edc0c0c34219c141d07105232fda499df4efe235012b9,question-candidate:sha256:10b942b69e9dd006144edc0c0c34219c141d07105232fda499df4efe235012b9,question:sha256:1568949383b0ee3b7b4ee953b29be822b3d4cabc068a45d30e603514a7f15cc9,agent_proposed,unqualified,,budget-period|subaward-budget-collection,0,1,,runtime-rule:sha256:741b9ea8ed830fc897ae417e296ec1f746c8775e37c18f40bd46d1929238fa08|runtime-rule:sha256:743abcd503fd3bec945489f27b50efff27a014c0bf7bdf26f346aebe3641b296,calculation|source_binding,string,xsd_declared_type,globLib:BudgetAmountDataType,https://apply07.grants.gov/apply/forms/schemas/RR_MP_Budget_3_0-V3.0.xsd,8ee3867971d4030582ff4c4cd906cd1a086c2d2491fb6f05b33cdd07ae435846,sha256:8ee3867971d4030582ff4c4cd906cd1a086c2d2491fb6f05b33cdd07ae435846,false
RRMPBudget,[Draft] Research & Related Multi-Project Budget Form,3.0,budget_year[].key_persons.key_person[].project_role,RR_MP_Budget_3_0.BudgetYear.KeyPersons.KeyPerson.ProjectRole,ProjectRole,question,question-candidate:sha256:13a53bf7ada4e8ee77ef2076b64967e0352f7658be9e563a6857f98082823557,question-candidate:sha256:13a53bf7ada4e8ee77ef2076b64967e0352f7658be9e563a6857f98082823557,question:sha256:632afe53293e870044677aabf08bdf7306e935684eb9a4711591ba88f3f6ec58,agent_proposed,senior_key_person,,budget-period|person-profile|project-role|subaward-budget-collection,1,1,,,,string,xsd_declared_type,glob:StringMin1Max100Type,https://apply07.grants.gov/apply/forms/schemas/RR_MP_Budget_3_0-V3.0.xsd,8ee3867971d4030582ff4c4cd906cd1a086c2d2491fb6f05b33cdd07ae435846,sha256:8ee3867971d4030582ff4c4cd906cd1a086c2d2491fb6f05b33cdd07ae435846,false
RRMPBudget,[Draft] Research & Related Multi-Project Budget Form,3.0,budget_year[].participant_trainee_support_costs.subsistence,RR_MP_Budget_3_0.BudgetYear.ParticipantTraineeSupportCosts.Subsistence,Subsistence,question,question-candidate:sha256:20671ff88eac0b47e25fcc9211e44789412939231b03c3e174aeb07d71e5fe22,question-candidate:sha256:20671ff88eac0b47e25fcc9211e44789412939231b03c3e174aeb07d71e5fe22,question:sha256:7729e6ad1ed85f15437fa1559e03da554bb906be1c843fe6fbd27adf78e2a609,agent_proposed,unqualified,,budget-participant-support|budget-period|subaward-budget-collection,0,1,,,,string,xsd_declared_type,glob:DecimalMin1Max14Places2Type,https://apply07.grants.gov/apply/forms/schemas/RR_MP_Budget_3_0-V3.0.xsd,8ee3867971d4030582ff4c4cd906cd1a086c2d2491fb6f05b33cdd07ae435846,sha256:8ee3867971d4030582ff4c4cd906cd1a086c2d2491fb6f05b33cdd07ae435846,false
RRMPBudget,[Draft] Research & Related Multi-Project Budget Form,3.0,budget_year[].other_personnel.graduate_students.requested_salary,RR_MP_Budget_3_0.BudgetYear.OtherPersonnel.GraduateStudents.RequestedSalary,RequestedSalary,question,question-candidate:sha256:26594d221db186719cf65f55c3e684e12e3c02d181093ba59c808ee368f43daf,question-candidate:sha256:26594d221db186719cf65f55c3e684e12e3c02d181093ba59c808ee368f43daf,question:sha256:b6692e764380be9a40247f6b6bca71ad21b425efb4b5819f9009bbfc81c139e5,agent_proposed,unqualified,,budget-period|budget-personnel|money-and-effort-primitives|subaward-budget-collection,1,1,,,,string,xsd_declared_type,glob:DecimalMin1Max14Places2Type,https://apply07.grants.gov/apply/forms/schemas/RR_MP_Budget_3_0-V3.0.xsd,8ee3867971d4030582ff4c4cd906cd1a086c2d2491fb6f05b33cdd07ae435846,sha256:8ee3867971d4030582ff4c4cd906cd1a086c2d2491fb6f05b33cdd07ae435846,false
RRMPBudget,[Draft] Research & Related Multi-Project Budget Form,3.0,budget_year[].other_personnel.other[].requested_salary,RR_MP_Budget_3_0.BudgetYear.OtherPersonnel.Other.RequestedSalary,RequestedSalary,question,question-candidate:sha256:26594d221db186719cf65f55c3e684e12e3c02d181093ba59c808ee368f43daf,question-candidate:sha256:26594d221db186719cf65f55c3e684e12e3c02d181093ba59c808ee368f43daf,question:sha256:e31b1f124b03a1668a51c355dd5ce7eb9f5520369ff54f9b04b5a2e4371267ac,agent_proposed,unqualified,,budget-period|budget-personnel|money-and-effort-primitives|subaward-budget-collection,1,1,,,,string,xsd_declared_type,glob:DecimalMin1Max14Places2Type,https://apply07.grants.gov/apply/forms/schemas/RR_MP_Budget_3_0-V3.0.xsd,8ee3867971d4030582ff4c4cd906cd1a086c2d2491fb6f05b33cdd07ae435846,sha256:8ee3867971d4030582ff4c4cd906cd1a086c2d2491fb6f05b33cdd07ae435846,false
RRMPBudget,[Draft] Research & Related Multi-Project Budget Form,3.0,budget_year[].other_personnel.post_doc_associates.requested_salary,RR_MP_Budget_3_0.BudgetYear.OtherPersonnel.PostDocAssociates.RequestedSalary,RequestedSalary,question,question-candidate:sha256:26594d221db186719cf65f55c3e684e12e3c02d181093ba59c808ee368f43daf,question-candidate:sha256:26594d221db186719cf65f55c3e684e12e3c02d181093ba59c808ee368f43daf,question:sha256:5e7c72953a8e2bfc92b192fd1c8b09f0ab96bf124224296bfbf3ae7de94ff14e,agent_proposed,unqualified,,budget-period|budget-personnel|money-and-effort-primitives|subaward-budget-collection,1,1,,,,string,xsd_declared_type,glob:DecimalMin1Max14Places2Type,https://apply07.grants.gov/apply/forms/schemas/RR_MP_Budget_3_0-V3.0.xsd,8ee3867971d4030582ff4c4cd906cd1a086c2d2491fb6f05b33cdd07ae435846,sha256:8ee3867971d4030582ff4c4cd906cd1a086c2d2491fb6f05b33cdd07ae435846,false
RRMPBudget,[Draft] Research & Related Multi-Project Budget Form,3.0,budget_year[].other_personnel.secretarial_clerical.requested_salary,RR_MP_Budget_3_0.BudgetYear.OtherPersonnel.SecretarialClerical.RequestedSalary,RequestedSalary,question,question-candidate:sha256:26594d221db186719cf65f55c3e684e12e3c02d181093ba59c808ee368f43daf,question-candidate:sha256:26594d221db186719cf65f55c3e684e12e3c02d181093ba59c808ee368f43daf,question:sha256:556a3527dfa5efd546e6ca8fb7950329d35cee1260b5e3a8455ab8f0f45cecc6,agent_proposed,unqualified,,budget-period|budget-personnel|money-and-effort-primitives|subaward-budget-collection,1,1,,,,string,xsd_declared_type,glob:DecimalMin1Max14Places2Type,https://apply07.grants.gov/apply/forms/schemas/RR_MP_Budget_3_0-V3.0.xsd,8ee3867971d4030582ff4c4cd906cd1a086c2d2491fb6f05b33cdd07ae435846,sha256:8ee3867971d4030582ff4c4cd906cd1a086c2d2491fb6f05b33cdd07ae435846,false
RRMPBudget,[Draft] Research & Related Multi-Project Budget Form,3.0,budget_year[].other_personnel.undergraduate_students.requested_salary,RR_MP_Budget_3_0.BudgetYear.OtherPersonnel.UndergraduateStudents.RequestedSalary,RequestedSalary,question,question-candidate:sha256:26594d221db186719cf65f55c3e684e12e3c02d181093ba59c808ee368f43daf,question-candidate:sha256:26594d221db186719cf65f55c3e684e12e3c02d181093ba59c808ee368f43daf,question:sha256:c25d3822a214d409bcb4c27d3711c350c974ab2c473091735bb0c4eec9a22d35,agent_proposed,unqualified,,budget-period|budget-personnel|money-and-effort-primitives|subaward-budget-collection,1,1,,,,string,xsd_declared_type,glob:DecimalMin1Max14Places2Type,https://apply07.grants.gov/apply/forms/schemas/RR_MP_Budget_3_0-V3.0.xsd,8ee3867971d4030582ff4c4cd906cd1a086c2d2491fb6f05b33cdd07ae435846,sha256:8ee3867971d4030582ff4c4cd906cd1a086c2d2491fb6f05b33cdd07ae435846,false
RRMPBudget,[Draft] Research & Related Multi-Project Budget Form,3.0,budget_year[].equipment.equipment_list[].funds_requested,RR_MP_Budget_3_0.BudgetYear.Equipment.EquipmentList.FundsRequested,FundsRequested,question,question-candidate:sha256:2964d3cdf93a236bf75f57ee25baa742e6d12a877c7d4471dd818216e330b8fa,question-candidate:sha256:2964d3cdf93a236bf75f57ee25baa742e6d12a877c7d4471dd818216e330b8fa,question:sha256:fa5969d700b0f7eaa63050a62ce4e8913cc8c8684ecdcb0b8de5748faea2a723,agent_proposed,unqualified,,budget-equipment|budget-period|money-and-effort-primitives|subaward-budget-collection,1,1,,runtime-rule:sha256:c65cb1399ed7cf2d624d87e9836417ce3b47d968d87278ba72f3ffe5f20b5257,condition,string,xsd_declared_type,glob:DecimalMin1Max14Places2Type,https://apply07.grants.gov/apply/forms/schemas/RR_MP_Budget_3_0-V3.0.xsd,8ee3867971d4030582ff4c4cd906cd1a086c2d2491fb6f05b33cdd07ae435846,sha256:8ee3867971d4030582ff4c4cd906cd1a086c2d2491fb6f05b33cdd07ae435846,false
RRMPBudget,[Draft] Research & Related Multi-Project Budget Form,3.0,budget_year[].other_personnel.graduate_students.funds_requested,RR_MP_Budget_3_0.BudgetYear.OtherPersonnel.GraduateStudents.FundsRequested,FundsRequested,question,question-candidate:sha256:2964d3cdf93a236bf75f57ee25baa742e6d12a877c7d4471dd818216e330b8fa,question-candidate:sha256:2964d3cdf93a236bf75f57ee25baa742e6d12a877c7d4471dd818216e330b8fa,question:sha256:a3f4fb3060f2a18c0e940579913eb783635d4d06c1ecf7f573593c6b21e9237c,agent_proposed,unqualified,,budget-period|budget-personnel|money-and-effort-primitives|subaward-budget-collection,1,1,,,,string,xsd_declared_type,glob:DecimalMin1Max15Places2Type,https://apply07.grants.gov/apply/forms/schemas/RR_MP_Budget_3_0-V3.0.xsd,8ee3867971d4030582ff4c4cd906cd1a086c2d2491fb6f05b33cdd07ae435846,sha256:8ee3867971d4030582ff4c4cd906cd1a086c2d2491fb6f05b33cdd07ae435846,false
RRMPBudget,[Draft] Research & Related Multi-Project Budget Form,3.0,budget_year[].other_personnel.other[].funds_requested,RR_MP_Budget_3_0.BudgetYear.OtherPersonnel.Other.FundsRequested,FundsRequested,question,question-candidate:sha256:2964d3cdf93a236bf75f57ee25baa742e6d12a877c7d4471dd818216e330b8fa,question-candidate:sha256:2964d3cdf93a236bf75f57ee25baa742e6d12a877c7d4471dd818216e330b8fa,question:sha256:89a92d4bb8440d08ba63612450117d0f06c9753d7ab68129b47c271b67f60fed,agent_proposed,unqualified,,budget-period|budget-personnel|money-and-effort-primitives|subaward-budget-collection,1,1,,,,string,xsd_declared_type,glob:DecimalMin1Max15Places2Type,https://apply07.grants.gov/apply/forms/schemas/RR_MP_Budget_3_0-V3.0.xsd,8ee3867971d4030582ff4c4cd906cd1a086c2d2491fb6f05b33cdd07ae435846,sha256:8ee3867971d4030582ff4c4cd906cd1a086c2d2491fb6f05b33cdd07ae435846,false
RRMPBudget,[Draft] Research & Related Multi-Project Budget Form,3.0,budget_year[].other_personnel.post_doc_associates.funds_requested,RR_MP_Budget_3_0.BudgetYear.OtherPersonnel.PostDocAssociates.FundsRequested,FundsRequested,question,question-candidate:sha256:2964d3cdf93a236bf75f57ee25baa742e6d12a877c7d4471dd818216e330b8fa,question-candidate:sha256:2964d3cdf93a236bf75f57ee25baa742e6d12a877c7d4471dd818216e330b8fa,question:sha256:f683abead9dd0bc2b35ea633984fdd8434c7ddc1aed7b512e5e2ab140d362af2,agent_proposed,unqualified,,budget-period|budget-personnel|money-and-effort-primitives|subaward-budget-collection,1,1,,,,string,xsd_declared_type,glob:DecimalMin1Max15Places2Type,https://apply07.grants.gov/apply/forms/schemas/RR_MP_Budget_3_0-V3.0.xsd,8ee3867971d4030582ff4c4cd906cd1a086c2d2491fb6f05b33cdd07ae435846,sha256:8ee3867971d4030582ff4c4cd906cd1a086c2d2491fb6f05b33cdd07ae435846,false
RRMPBudget,[Draft] Research & Related Multi-Project Budget Form,3.0,budget_year[].other_personnel.secretarial_clerical.funds_requested,RR_MP_Budget_3_0.BudgetYear.OtherPersonnel.SecretarialClerical.FundsRequested,FundsRequested,question,question-candidate:sha256:2964d3cdf93a236bf75f57ee25baa742e6d12a877c7d4471dd818216e330b8fa,question-candidate:sha256:2964d3cdf93a236bf75f57ee25baa742e6d12a877c7d4471dd818216e330b8fa,question:sha256:a8f995dab73908b0582ef8fb4fc7582ee4d2c4dc6e929b18b58ac811ffe51bbc,agent_proposed,unqualified,,budget-period|budget-personnel|money-and-effort-primitives|subaward-budget-collection,1,1,,,,string,xsd_declared_type,glob:DecimalMin1Max15Places2Type,https://apply07.grants.gov/apply/forms/schemas/RR_MP_Budget_3_0-V3.0.xsd,8ee3867971d4030582ff4c4cd906cd1a086c2d2491fb6f05b33cdd07ae435846,sha256:8ee3867971d4030582ff4c4cd906cd1a086c2d2491fb6f05b33cdd07ae435846,false
RRMPBudget,[Draft] Research & Related Multi-Project Budget Form,3.0,budget_year[].other_personnel.undergraduate_students.funds_requested,RR_MP_Budget_3_0.BudgetYear.OtherPersonnel.UndergraduateStudents.FundsRequested,FundsRequested,question,question-candidate:sha256:2964d3cdf93a236bf75f57ee25baa742e6d12a877c7d4471dd818216e330b8fa,question-candidate:sha256:2964d3cdf93a236bf75f57ee25baa742e6d12a877c7d4471dd818216e330b8fa,question:sha256:57e08e3351f088915c5d86a7b9cec172d018c97f838b04498f6604375ed43683,agent_proposed,unqualified,,budget-period|budget-personnel|money-and-effort-primitives|subaward-budget-collection,1,1,,,,string,xsd_declared_type,glob:DecimalMin1Max15Places2Type,https://apply07.grants.gov/apply/forms/schemas/RR_MP_Budget_3_0-V3.0.xsd,8ee3867971d4030582ff4c4cd906cd1a086c2d2491fb6f05b33cdd07ae435846,sha256:8ee3867971d4030582ff4c4cd906cd1a086c2d2491fb6f05b33cdd07ae435846,false
RRMPBudget,[Draft] Research & Related Multi-Project Budget Form,3.0,budget_year[].budget_period_start_date,RR_MP_Budget_3_0.BudgetYear.BudgetPeriodStartDate,BudgetPeriodStartDate,question,question-candidate:sha256:2bffec3347fd639fe46c7bd6be51ad4ecb5c283eb09d4bf4428496407b1c5d1a,question-candidate:sha256:2bffec3347fd639fe46c7bd6be51ad4ecb5c283eb09d4bf4428496407b1c5d1a,question:sha256:6952d214fd5c3dba05ee20ef076e444ae7086b2dbace197eb621f45fa20c9185,agent_proposed,unqualified,,budget-period|subaward-budget-collection,1,1,,runtime-rule:sha256:d76a4fc43e32f1c0a2ff423d95e7c57e24f09cc3a5117787c63a3928a9090875,source_binding,string,xsd_declared_type,xs:date,https://apply07.grants.gov/apply/forms/schemas/RR_MP_Budget_3_0-V3.0.xsd,8ee3867971d4030582ff4c4cd906cd1a086c2d2491fb6f05b33cdd07ae435846,sha256:8ee3867971d4030582ff4c4cd906cd1a086c2d2491fb6f05b33cdd07ae435846,false
RRMPBudget,[Draft] Research & Related Multi-Project Budget Form,3.0,budget_year[].key_persons.key_person[].funds_requested,RR_MP_Budget_3_0.BudgetYear.KeyPersons.KeyPerson.FundsRequested,FundsRequested,question,question-candidate:sha256:336123db7396012d576e963bd3b89edcf3fa320e10a09aa8b9e9755a5ac48f77,question-candidate:sha256:336123db7396012d576e963bd3b89edcf3fa320e10a09aa8b9e9755a5ac48f77,question:sha256:810ff47ab9c2e0f64c37c5d40065067f7e318c58f866c2a677c9f0a504249e01,agent_proposed,senior_key_person,,budget-period|money-and-effort-primitives|person-profile|subaward-budget-collection,1,1,,,,string,xsd_declared_type,glob:DecimalMin1Max15Places2Type,https://apply07.grants.gov/apply/forms/schemas/RR_MP_Budget_3_0-V3.0.xsd,8ee3867971d4030582ff4c4cd906cd1a086c2d2491fb6f05b33cdd07ae435846,sha256:8ee3867971d4030582ff4c4cd906cd1a086c2d2491fb6f05b33cdd07ae435846,false
RRMPBudget,[Draft] Research & Related Multi-Project Budget Form,3.0,budget_year[].other_personnel.graduate_students.academic_months,RR_MP_Budget_3_0.BudgetYear.OtherPersonnel.GraduateStudents.AcademicMonths,AcademicMonths,question,question-candidate:sha256:38aa502b9bca399d052e5a98d1d5c7ce9beab71c4da7cc6f04ba0c5b60e3ea41,question-candidate:sha256:38aa502b9bca399d052e5a98d1d5c7ce9beab71c4da7cc6f04ba0c5b60e3ea41,question:sha256:7ad69ca37cd9a063ee72f579b51add69566e281fd11d954e047dfa72b04f1bda,agent_proposed,unqualified,,budget-period|budget-personnel|money-and-effort-primitives|subaward-budget-collection,0,1,,,,string,xsd_declared_type,RR_MP_Budget_3_0:Month3whole2fracDataType,https://apply07.grants.gov/apply/forms/schemas/RR_MP_Budget_3_0-V3.0.xsd,8ee3867971d4030582ff4c4cd906cd1a086c2d2491fb6f05b33cdd07ae435846,sha256:8ee3867971d4030582ff4c4cd906cd1a086c2d2491fb6f05b33cdd07ae435846,false
RRMPBudget,[Draft] Research & Related Multi-Project Budget Form,3.0,budget_year[].other_personnel.other[].academic_months,RR_MP_Budget_3_0.BudgetYear.OtherPersonnel.Other.AcademicMonths,AcademicMonths,question,question-candidate:sha256:38aa502b9bca399d052e5a98d1d5c7ce9beab71c4da7cc6f04ba0c5b60e3ea41,question-candidate:sha256:38aa502b9bca399d052e5a98d1d5c7ce9beab71c4da7cc6f04ba0c5b60e3ea41,question:sha256:d1336f68ac79f432f31ce8cc3137e8d550ac59e0193a354e511d8c59f5130f22,agent_proposed,unqualified,,budget-period|budget-personnel|money-and-effort-primitives|subaward-budget-collection,0,1,,,,string,xsd_declared_type,RR_MP_Budget_3_0:Month3whole2fracDataType,https://apply07.grants.gov/apply/forms/schemas/RR_MP_Budget_3_0-V3.0.xsd,8ee3867971d4030582ff4c4cd906cd1a086c2d2491fb6f05b33cdd07ae435846,sha256:8ee3867971d4030582ff4c4cd906cd1a086c2d2491fb6f05b33cdd07ae435846,false
RRMPBudget,[Draft] Research & Related Multi-Project Budget Form,3.0,budget_year[].other_personnel.post_doc_associates.academic_months,RR_MP_Budget_3_0.BudgetYear.OtherPersonnel.PostDocAssociates.AcademicMonths,AcademicMonths,question,question-candidate:sha256:38aa502b9bca399d052e5a98d1d5c7ce9beab71c4da7cc6f04ba0c5b60e3ea41,question-candidate:sha256:38aa502b9bca399d052e5a98d1d5c7ce9beab71c4da7cc6f04ba0c5b60e3ea41,question:sha256:d74dabf2b4faac387c61cc65f3390659893cd024e6066b0455f3fef8b33de14d,agent_proposed,unqualified,,budget-period|budget-personnel|money-and-effort-primitives|subaward-budget-collection,0,1,,,,string,xsd_declared_type,RR_MP_Budget_3_0:Month3whole2fracDataType,https://apply07.grants.gov/apply/forms/schemas/RR_MP_Budget_3_0-V3.0.xsd,8ee3867971d4030582ff4c4cd906cd1a086c2d2491fb6f05b33cdd07ae435846,sha256:8ee3867971d4030582ff4c4cd906cd1a086c2d2491fb6f05b33cdd07ae435846,false
RRMPBudget,[Draft] Research & Related Multi-Project Budget Form,3.0,budget_year[].other_personnel.secretarial_clerical.academic_months,RR_MP_Budget_3_0.BudgetYear.OtherPersonnel.SecretarialClerical.AcademicMonths,AcademicMonths,question,question-candidate:sha256:38aa502b9bca399d052e5a98d1d5c7ce9beab71c4da7cc6f04ba0c5b60e3ea41,question-candidate:sha256:38aa502b9bca399d052e5a98d1d5c7ce9beab71c4da7cc6f04ba0c5b60e3ea41,question:sha256:ec360154c0a9e710ecc83b847ddc01b27525dfd04ac64fd8b14dc5560f5a0bd2,agent_proposed,unqualified,,budget-period|budget-personnel|money-and-effort-primitives|subaward-budget-collection,0,1,,,,string,xsd_declared_type,RR_MP_Budget_3_0:Month3whole2fracDataType,https://apply07.grants.gov/apply/forms/schemas/RR_MP_Budget_3_0-V3.0.xsd,8ee3867971d4030582ff4c4cd906cd1a086c2d2491fb6f05b33cdd07ae435846,sha256:8ee3867971d4030582ff4c4cd906cd1a086c2d2491fb6f05b33cdd07ae435846,false
RRMPBudget,[Draft] Research & Related Multi-Project Budget Form,3.0,budget_year[].other_personnel.undergraduate_students.academic_months,RR_MP_Budget_3_0.BudgetYear.OtherPersonnel.UndergraduateStudents.AcademicMonths,AcademicMonths,question,question-candidate:sha256:38aa502b9bca399d052e5a98d1d5c7ce9beab71c4da7cc6f04ba0c5b60e3ea41,question-candidate:sha256:38aa502b9bca399d052e5a98d1d5c7ce9beab71c4da7cc6f04ba0c5b60e3ea41,question:sha256:f56f9b6c08df8cca85929398bb9c9a1d8841c2c57ccf4c469b6741da6b7c51b3,agent_proposed,unqualified,,budget-period|budget-personnel|money-and-effort-primitives|subaward-budget-collection,0,1,,,,string,xsd_declared_type,RR_MP_Budget_3_0:Month3whole2fracDataType,https://apply07.grants.gov/apply/forms/schemas/RR_MP_Budget_3_0-V3.0.xsd,8ee3867971d4030582ff4c4cd906cd1a086c2d2491fb6f05b33cdd07ae435846,sha256:8ee3867971d4030582ff4c4cd906cd1a086c2d2491fb6f05b33cdd07ae435846,false
RRMPBudget,[Draft] Research & Related Multi-Project Budget Form,3.0,budget_year[].other_direct_costs.equipment_rental_fee,RR_MP_Budget_3_0.BudgetYear.OtherDirectCosts.EquipmentRentalFee,EquipmentRentalFee,question,question-candidate:sha256:38c876c08cd5d86c3b0a9d912b423eeddae01027a04d25fdc24e2d071549f1a6,question-candidate:sha256:38c876c08cd5d86c3b0a9d912b423eeddae01027a04d25fdc24e2d071549f1a6,question:sha256:f69ff9a2d1a1db0952fc367c4b12cbc8745f2ab2eedd24b872843bcd9784bced,agent_proposed,unqualified,,budget-equipment|budget-other-direct-cost|budget-period|subaward-budget-collection,0,1,,,,string,xsd_declared_type,glob:DecimalMin1Max14Places2Type,https://apply07.grants.gov/apply/forms/schemas/RR_MP_Budget_3_0-V3.0.xsd,8ee3867971d4030582ff4c4cd906cd1a086c2d2491fb6f05b33cdd07ae435846,sha256:8ee3867971d4030582ff4c4cd906cd1a086c2d2491fb6f05b33cdd07ae435846,false
RRMPBudget,[Draft] Research & Related Multi-Project Budget Form,3.0,budget_year[].other_personnel.graduate_students.project_role,RR_MP_Budget_3_0.BudgetYear.OtherPersonnel.GraduateStudents.ProjectRole,ProjectRole,question,question-candidate:sha256:3a2ffa9d508640311f7da91e2dd9aa387328ee79dbc256962a20970cfde28ea9,question-candidate:sha256:3a2ffa9d508640311f7da91e2dd9aa387328ee79dbc256962a20970cfde28ea9,question:sha256:6831e48e9d151fd486aaf47a7a15e7392a77f1c36ebf05adeba07234256cca6d,agent_proposed,unqualified,,budget-period|budget-personnel|project-role|subaward-budget-collection,1,1,,,,string,xsd_declared_type,glob:StringMin1Max100Type,https://apply07.grants.gov/apply/forms/schemas/RR_MP_Budget_3_0-V3.0.xsd,8ee3867971d4030582ff4c4cd906cd1a086c2d2491fb6f05b33cdd07ae435846,sha256:8ee3867971d4030582ff4c4cd906cd1a086c2d2491fb6f05b33cdd07ae435846,false
RRMPBudget,[Draft] Research & Related Multi-Project Budget Form,3.0,budget_year[].other_personnel.other[].project_role,RR_MP_Budget_3_0.BudgetYear.OtherPersonnel.Other.ProjectRole,ProjectRole,question,question-candidate:sha256:3a2ffa9d508640311f7da91e2dd9aa387328ee79dbc256962a20970cfde28ea9,question-candidate:sha256:3a2ffa9d508640311f7da91e2dd9aa387328ee79dbc256962a20970cfde28ea9,question:sha256:cd536f8eb8108a4ac478431bebce156df4598b029927dd02d7aa3dfb0149cb2d,agent_proposed,unqualified,,budget-period|budget-personnel|project-role|subaward-budget-collection,1,1,,,,string,xsd_declared_type,glob:StringMin1Max100Type,https://apply07.grants.gov/apply/forms/schemas/RR_MP_Budget_3_0-V3.0.xsd,8ee3867971d4030582ff4c4cd906cd1a086c2d2491fb6f05b33cdd07ae435846,sha256:8ee3867971d4030582ff4c4cd906cd1a086c2d2491fb6f05b33cdd07ae435846,false
RRMPBudget,[Draft] Research & Related Multi-Project Budget Form,3.0,budget_year[].other_personnel.post_doc_associates.project_role,RR_MP_Budget_3_0.BudgetYear.OtherPersonnel.PostDocAssociates.ProjectRole,ProjectRole,question,question-candidate:sha256:3a2ffa9d508640311f7da91e2dd9aa387328ee79dbc256962a20970cfde28ea9,question-candidate:sha256:3a2ffa9d508640311f7da91e2dd9aa387328ee79dbc256962a20970cfde28ea9,question:sha256:8f1c9263e64b7d6c78ddb198d9b0a2eb5536f2016993beb90bb37dc2442036d1,agent_proposed,unqualified,,budget-period|budget-personnel|project-role|subaward-budget-collection,1,1,,,,string,xsd_declared_type,glob:StringMin1Max100Type,https://apply07.grants.gov/apply/forms/schemas/RR_MP_Budget_3_0-V3.0.xsd,8ee3867971d4030582ff4c4cd906cd1a086c2d2491fb6f05b33cdd07ae435846,sha256:8ee3867971d4030582ff4c4cd906cd1a086c2d2491fb6f05b33cdd07ae435846,false
RRMPBudget,[Draft] Research & Related Multi-Project Budget Form,3.0,budget_year[].other_personnel.secretarial_clerical.project_role,RR_MP_Budget_3_0.BudgetYear.OtherPersonnel.SecretarialClerical.ProjectRole,ProjectRole,question,question-candidate:sha256:3a2ffa9d508640311f7da91e2dd9aa387328ee79dbc256962a20970cfde28ea9,question-candidate:sha256:3a2ffa9d508640311f7da91e2dd9aa387328ee79dbc256962a20970cfde28ea9,question:sha256:a1dd09c589499af0dde606488e8496cd008662d7ae678576cfeb56e73aa7f3a7,agent_proposed,unqualified,,budget-period|budget-personnel|project-role|subaward-budget-collection,1,1,,,,string,xsd_declared_type,glob:StringMin1Max100Type,https://apply07.grants.gov/apply/forms/schemas/RR_MP_Budget_3_0-V3.0.xsd,8ee3867971d4030582ff4c4cd906cd1a086c2d2491fb6f05b33cdd07ae435846,sha256:8ee3867971d4030582ff4c4cd906cd1a086c2d2491fb6f05b33cdd07ae435846,false
RRMPBudget,[Draft] Research & Related Multi-Project Budget Form,3.0,budget_year[].other_personnel.undergraduate_students.project_role,RR_MP_Budget_3_0.BudgetYear.OtherPersonnel.UndergraduateStudents.ProjectRole,ProjectRole,question,question-candidate:sha256:3a2ffa9d508640311f7da91e2dd9aa387328ee79dbc256962a20970cfde28ea9,question-candidate:sha256:3a2ffa9d508640311f7da91e2dd9aa387328ee79dbc256962a20970cfde28ea9,question:sha256:16da2b88f7a28c0ba97d47b7c7b6606b44a3abd3b825536c91dc63a4fb762b3d,agent_proposed,unqualified,,budget-period|budget-personnel|project-role|subaward-budget-collection,1,1,,,,string,xsd_declared_type,glob:StringMin1Max100Type,https://apply07.grants.gov/apply/forms/schemas/RR_MP_Budget_3_0-V3.0.xsd,8ee3867971d4030582ff4c4cd906cd1a086c2d2491fb6f05b33cdd07ae435846,sha256:8ee3867971d4030582ff4c4cd906cd1a086c2d2491fb6f05b33cdd07ae435846,false
RRMPBudget,[Draft] Research & Related Multi-Project Budget Form,3.0,budget_year[].equipment.equipment_list[].equipment_item,RR_MP_Budget_3_0.BudgetYear.Equipment.EquipmentList.EquipmentItem,EquipmentItem,question,question-candidate:sha256:3b0246202307821b4e3977f57e429a9ccce3879508f890d0a9a1195e22b3d35f,question-candidate:sha256:3b0246202307821b4e3977f57e429a9ccce3879508f890d0a9a1195e22b3d35f,question:sha256:9f8b5870def32d3548b0c71ba23772643abc2dd597200c228709c9681d55b51f,agent_proposed,unqualified,,budget-equipment|budget-period|subaward-budget-collection,1,1,,runtime-rule:sha256:0537ac68d0fe7f52c771ad07bfacc979bcef1b1c5ac59844c1bee87a8b0a97c2|runtime-rule:sha256:8b11756348953bdb600802c61e3ccf806bac0967f6a5add9613665169a27fe2a|runtime-rule:sha256:c65cb1399ed7cf2d624d87e9836417ce3b47d968d87278ba72f3ffe5f20b5257,condition|source_binding,string,xsd_declared_type,RR_MP_Budget_3_0:String1_64DataType,https://apply07.grants.gov/apply/forms/schemas/RR_MP_Budget_3_0-V3.0.xsd,8ee3867971d4030582ff4c4cd906cd1a086c2d2491fb6f05b33cdd07ae435846,sha256:8ee3867971d4030582ff4c4cd906cd1a086c2d2491fb6f05b33cdd07ae435846,false
RRMPBudget,[Draft] Research & Related Multi-Project Budget Form,3.0,budget_year[].indirect_costs.indirect_cost[].base,RR_MP_Budget_3_0.BudgetYear.IndirectCosts.IndirectCost.Base,Base,question,question-candidate:sha256:4395e0eb4eb6fec7de698f2d09d143ea2517be89850414b5bedaecf0d9d801bb,question-candidate:sha256:4395e0eb4eb6fec7de698f2d09d143ea2517be89850414b5bedaecf0d9d801bb,question:sha256:f88e939b0fc87cdb6ccee29ea6b732a3017a2b155728fd2a3010a85e18e95a89,agent_proposed,unqualified,,budget-indirect-cost|budget-period|subaward-budget-collection,0,1,,,,string,xsd_declared_type,glob:DecimalMin1Max14Places2Type,https://apply07.grants.gov/apply/forms/schemas/RR_MP_Budget_3_0-V3.0.xsd,8ee3867971d4030582ff4c4cd906cd1a086c2d2491fb6f05b33cdd07ae435846,sha256:8ee3867971d4030582ff4c4cd906cd1a086c2d2491fb6f05b33cdd07ae435846,false
RRMPBudget,[Draft] Research & Related Multi-Project Budget Form,3.0,budget_year[].equipment.total_fund,RR_MP_Budget_3_0.BudgetYear.Equipment.TotalFund,TotalFund,question,question-candidate:sha256:44f511338eef09868782281a2c82125ba4e8821fe5ab62c655171c0e6fdf1fc5,question-candidate:sha256:44f511338eef09868782281a2c82125ba4e8821fe5ab62c655171c0e6fdf1fc5,question:sha256:a889780e6f597571daf72f1fd5fdf6d5355e7add9f122348162de53c3ba434cb,agent_proposed,unqualified,,budget-equipment|budget-period|subaward-budget-collection,1,1,,,,string,xsd_declared_type,glob:DecimalMin1Max15Places2Type,https://apply07.grants.gov/apply/forms/schemas/RR_MP_Budget_3_0-V3.0.xsd,8ee3867971d4030582ff4c4cd906cd1a086c2d2491fb6f05b33cdd07ae435846,sha256:8ee3867971d4030582ff4c4cd906cd1a086c2d2491fb6f05b33cdd07ae435846,false
RRMPBudget,[Draft] Research & Related Multi-Project Budget Form,3.0,budget_year[].total_compensation,RR_MP_Budget_3_0.BudgetYear.TotalCompensation,TotalCompensation,question,question-candidate:sha256:4eed3c0b4df79ff712b6ea663301c15c22784d7bb120a839bd8c4db95812eacf,question-candidate:sha256:4eed3c0b4df79ff712b6ea663301c15c22784d7bb120a839bd8c4db95812eacf,question:sha256:0a3315a2f0ad9368a0df3779d600c49242b445c9bbffd4b6624772d134ab3277,agent_proposed,unqualified,,budget-period|subaward-budget-collection,1,1,,,,string,xsd_declared_type,glob:DecimalMin1Max15Places2Type,https://apply07.grants.gov/apply/forms/schemas/RR_MP_Budget_3_0-V3.0.xsd,8ee3867971d4030582ff4c4cd906cd1a086c2d2491fb6f05b33cdd07ae435846,sha256:8ee3867971d4030582ff4c4cd906cd1a086c2d2491fb6f05b33cdd07ae435846,false
RRMPBudget,[Draft] Research & Related Multi-Project Budget Form,3.0,budget_year[].key_persons.key_person[].name.middle_name,RR_MP_Budget_3_0.BudgetYear.KeyPersons.KeyPerson.Name.MiddleName,MiddleName,question,question-candidate:sha256:5332f51530e20271b050f783d47fd875ecc1c32d8807bfc9140982919d216c9e,question-candidate:sha256:5332f51530e20271b050f783d47fd875ecc1c32d8807bfc9140982919d216c9e,question:sha256:b468ae4be2beed989dc136fd9b4d3414b6df8ab07c25b791d7df7c933fc77ecb,agent_proposed,senior_key_person,,budget-period|person-identity-contact|person-profile|subaward-budget-collection,0,1,,runtime-rule:sha256:1a4819878caf10f38db4f178c825fde4a7c11267ae935ddf3b1208657d7f2577,source_binding,string,xsd_declared_type,globLib:MiddleNameDataType,https://apply07.grants.gov/apply/system/schemas/GlobalLibrary-V2.0.xsd,ff0214de91b95a4209f50f0fe08a18d0f3d17f280ab8c8bbcb52878f37de7be8,sha256:8ee3867971d4030582ff4c4cd906cd1a086c2d2491fb6f05b33cdd07ae435846,false
RRMPBudget,[Draft] Research & Related Multi-Project Budget Form,3.0,budget_year[].key_persons.key_person[].base_salary,RR_MP_Budget_3_0.BudgetYear.KeyPersons.KeyPerson.BaseSalary,BaseSalary,question,question-candidate:sha256:59dfe55d5e66d3ef09031393d923d0c4167f696aa552d09e3123880896a8203e,question-candidate:sha256:59dfe55d5e66d3ef09031393d923d0c4167f696aa552d09e3123880896a8203e,question:sha256:5a124732f6785114075dc68d8a2dde06ef1acb6c31cd95fbcd63790f90b4e185,agent_proposed,senior_key_person,,budget-period|money-and-effort-primitives|person-profile|subaward-budget-collection,0,1,,runtime-rule:sha256:1361dc13b021bf2b1bc38ff68fe42a75ee093d2b6704f767522e8da4d9d84150,source_binding,string,xsd_declared_type,glob:DecimalMin1Max14Places2Type,https://apply07.grants.gov/apply/forms/schemas/RR_MP_Budget_3_0-V3.0.xsd,8ee3867971d4030582ff4c4cd906cd1a086c2d2491fb6f05b33cdd07ae435846,sha256:8ee3867971d4030582ff4c4cd906cd1a086c2d2491fb6f05b33cdd07ae435846,false
RRMPBudget,[Draft] Research & Related Multi-Project Budget Form,3.0,budget_year[].key_persons.total_fund_for_attached_key_persons,RR_MP_Budget_3_0.BudgetYear.KeyPersons.TotalFundForAttachedKeyPersons,TotalFundForAttachedKeyPersons,question,question-candidate:sha256:5d30d650839fa4807b567315a7e1e474c6676d078770c2f1c4f23cf3b331282d,question-candidate:sha256:5d30d650839fa4807b567315a7e1e474c6676d078770c2f1c4f23cf3b331282d,question:sha256:0182344348f6983ec82548bec805b274562e9db87e5b312790924e4c43123160,agent_proposed,senior_key_person,,budget-period|person-profile|subaward-budget-collection,0,1,,,,string,xsd_declared_type,glob:DecimalMin1Max15Places2Type,https://apply07.grants.gov/apply/forms/schemas/RR_MP_Budget_3_0-V3.0.xsd,8ee3867971d4030582ff4c4cd906cd1a086c2d2491fb6f05b33cdd07ae435846,sha256:8ee3867971d4030582ff4c4cd906cd1a086c2d2491fb6f05b33cdd07ae435846,false
RRMPBudget,[Draft] Research & Related Multi-Project Budget Form,3.0,samuei,RR_MP_Budget_3_0.SAMUEI,SAMUEI,question,question-candidate:sha256:691dba6ccc46d003814e438e9ac238b57b15034651e397fb8680071d572e0d71,question-candidate:sha256:691dba6ccc46d003814e438e9ac238b57b15034651e397fb8680071d572e0d71,question:sha256:a459a73814ba6a67ec87bad4601719b08f35eb8af3acbbcb5991eadeedecec88,agent_proposed,unqualified,,budget-header|subaward-budget-collection,1,1,,runtime-rule:sha256:bfa667e333e9791fa888297bf8e510080ec1b1575249b43cbaf9849d97ccf18e,source_binding,string,xsd_declared_type,globLib:SAMUEIDataType,https://apply07.grants.gov/apply/forms/schemas/RR_MP_Budget_3_0-V3.0.xsd,8ee3867971d4030582ff4c4cd906cd1a086c2d2491fb6f05b33cdd07ae435846,sha256:8ee3867971d4030582ff4c4cd906cd1a086c2d2491fb6f05b33cdd07ae435846,false
RRMPBudget,[Draft] Research & Related Multi-Project Budget Form,3.0,budget_year[].other_direct_costs.adp_computer_services,RR_MP_Budget_3_0.BudgetYear.OtherDirectCosts.ADPComputerServices,ADPComputerServices,question,question-candidate:sha256:7306bd366eb9e37c4317cc1737891b4362b50ceeae4d51a76ef0f5303f2b2e82,question-candidate:sha256:7306bd366eb9e37c4317cc1737891b4362b50ceeae4d51a76ef0f5303f2b2e82,question:sha256:0f3bad7a73a0f68e851b919c682616ad4d4947f8008251f73aaeacce62d5fcc7,agent_proposed,unqualified,,budget-other-direct-cost|budget-period|subaward-budget-collection,0,1,,runtime-rule:sha256:126dbf0a1f97fe40ec3da1f9c53e79845bdd87d1a0588c4ded475a99d461a6bd|runtime-rule:sha256:c40fd2fdf8fffbb3758e1bb3ae24fc170b6fa17d617e606e90dcb5bb2f24f1fe,calculation|source_binding,string,xsd_declared_type,glob:DecimalMin1Max14Places2Type,https://apply07.grants.gov/apply/forms/schemas/RR_MP_Budget_3_0-V3.0.xsd,8ee3867971d4030582ff4c4cd906cd1a086c2d2491fb6f05b33cdd07ae435846,sha256:8ee3867971d4030582ff4c4cd906cd1a086c2d2491fb6f05b33cdd07ae435846,false
RRMPBudget,[Draft] Research & Related Multi-Project Budget Form,3.0,budget_year[].cognizant_federal_agency,RR_MP_Budget_3_0.BudgetYear.CognizantFederalAgency,CognizantFederalAgency,question,question-candidate:sha256:78fffc3b915e3b8e5e6252a8b6db89237c4a9382de97f955de56acc91cf8a0f2,question-candidate:sha256:78fffc3b915e3b8e5e6252a8b6db89237c4a9382de97f955de56acc91cf8a0f2,question:sha256:20d93472b4c135b3e92f9e656029e1fbe9ad4d44b44558fe11c809b48d8dc081,agent_proposed,unqualified,,budget-indirect-cost|budget-period|subaward-budget-collection,0,1,,,,string,normalized_source_type,string,https://apply07.grants.gov/apply/forms/schemas/RR_MP_Budget_3_0-V3.0.xsd,8ee3867971d4030582ff4c4cd906cd1a086c2d2491fb6f05b33cdd07ae435846,sha256:8ee3867971d4030582ff4c4cd906cd1a086c2d2491fb6f05b33cdd07ae435846,false
RRMPBudget,[Draft] Research & Related Multi-Project Budget Form,3.0,budget_year[].other_direct_costs.alterations_renovations,RR_MP_Budget_3_0.BudgetYear.OtherDirectCosts.AlterationsRenovations,AlterationsRenovations,question,question-candidate:sha256:7aeba899c4ebb3c01c49284c75be020dbda339b71a5991011141052c717cec58,question-candidate:sha256:7aeba899c4ebb3c01c49284c75be020dbda339b71a5991011141052c717cec58,question:sha256:d935de3ed40fa6c675eba6cbcd06ea5c019d6607c5f87812277d8d4cc31a6469,agent_proposed,unqualified,,budget-other-direct-cost|budget-period|subaward-budget-collection,0,1,,runtime-rule:sha256:d2a6ca62cf9024d3fecd87e1014f6e8bcde9f2d70c714cd9dee0bb5e75749196,calculation,string,xsd_declared_type,glob:DecimalMin1Max14Places2Type,https://apply07.grants.gov/apply/forms/schemas/RR_MP_Budget_3_0-V3.0.xsd,8ee3867971d4030582ff4c4cd906cd1a086c2d2491fb6f05b33cdd07ae435846,sha256:8ee3867971d4030582ff4c4cd906cd1a086c2d2491fb6f05b33cdd07ae435846,false
RRMPBudget,[Draft] Research & Related Multi-Project Budget Form,3.0,budget_year[].direct_costs,RR_MP_Budget_3_0.BudgetYear.DirectCosts,DirectCosts,question,question-candidate:sha256:7c0a3d79d71cb3ee83064e4c23380e550f8d3b81cc1f5a8fd9637f4c335c2e0c,question-candidate:sha256:7c0a3d79d71cb3ee83064e4c23380e550f8d3b81cc1f5a8fd9637f4c335c2e0c,question:sha256:03bd61054f0280435aca63133e5065826c806ba1346c7a94ed973b8a68af4aad,agent_proposed,unqualified,,budget-other-direct-cost|budget-period|subaward-budget-collection,1,1,,,,string,xsd_declared_type,glob:DecimalMin1Max15Places2Type,https://apply07.grants.gov/apply/forms/schemas/RR_MP_Budget_3_0-V3.0.xsd,8ee3867971d4030582ff4c4cd906cd1a086c2d2491fb6f05b33cdd07ae435846,sha256:8ee3867971d4030582ff4c4cd906cd1a086c2d2491fb6f05b33cdd07ae435846,false
RRMPBudget,[Draft] Research & Related Multi-Project Budget Form,3.0,budget_year[].key_persons.key_person[].name.prefix_name,RR_MP_Budget_3_0.BudgetYear.KeyPersons.KeyPerson.Name.PrefixName,PrefixName,question,question-candidate:sha256:8544a4039cdef9bf3dbcb8b11b38f73f27f03f279f832ac8fafc105923e27cda,question-candidate:sha256:8544a4039cdef9bf3dbcb8b11b38f73f27f03f279f832ac8fafc105923e27cda,question:sha256:8873cfc96494d71d539c7eeb791e9e8eb0907dbef015865db240ea1499e2f7a4,agent_proposed,senior_key_person,,budget-period|person-identity-contact|person-profile|subaward-budget-collection,0,1,,,,string,xsd_declared_type,globLib:PrefixNameDataType,https://apply07.grants.gov/apply/system/schemas/GlobalLibrary-V2.0.xsd,ff0214de91b95a4209f50f0fe08a18d0f3d17f280ab8c8bbcb52878f37de7be8,sha256:8ee3867971d4030582ff4c4cd906cd1a086c2d2491fb6f05b33cdd07ae435846,false
RRMPBudget,[Draft] Research & Related Multi-Project Budget Form,3.0,budget_year[].other_personnel.graduate_students.number_of_personnel,RR_MP_Budget_3_0.BudgetYear.OtherPersonnel.GraduateStudents.NumberOfPersonnel,NumberOfPersonnel,question,question-candidate:sha256:861f394baa4062bff418b6aa549b0e9883fba6668e0b62c4bac22e422d1db8e9,question-candidate:sha256:861f394baa4062bff418b6aa549b0e9883fba6668e0b62c4bac22e422d1db8e9,question:sha256:2617f0c0fc77b81e6addae0d43f52e10b9c50ec6c9e4f780375dcfd62ca99dcc,agent_proposed,unqualified,,budget-period|budget-personnel|subaward-budget-collection,1,1,,,,integer,xsd_declared_type,RR_MP_Budget_3_0:Int3DataType,https://apply07.grants.gov/apply/forms/schemas/RR_MP_Budget_3_0-V3.0.xsd,8ee3867971d4030582ff4c4cd906cd1a086c2d2491fb6f05b33cdd07ae435846,sha256:8ee3867971d4030582ff4c4cd906cd1a086c2d2491fb6f05b33cdd07ae435846,false
RRMPBudget,[Draft] Research & Related Multi-Project Budget Form,3.0,budget_year[].other_personnel.other[].number_of_personnel,RR_MP_Budget_3_0.BudgetYear.OtherPersonnel.Other.NumberOfPersonnel,NumberOfPersonnel,question,question-candidate:sha256:861f394baa4062bff418b6aa549b0e9883fba6668e0b62c4bac22e422d1db8e9,question-candidate:sha256:861f394baa4062bff418b6aa549b0e9883fba6668e0b62c4bac22e422d1db8e9,question:sha256:6c6db71fb1e3e44a11d43897704d8204d09fd881d8e88fe5ce360d78d393f6fe,agent_proposed,unqualified,,budget-period|budget-personnel|subaward-budget-collection,1,1,,,,integer,xsd_declared_type,RR_MP_Budget_3_0:Int3DataType,https://apply07.grants.gov/apply/forms/schemas/RR_MP_Budget_3_0-V3.0.xsd,8ee3867971d4030582ff4c4cd906cd1a086c2d2491fb6f05b33cdd07ae435846,sha256:8ee3867971d4030582ff4c4cd906cd1a086c2d2491fb6f05b33cdd07ae435846,false
RRMPBudget,[Draft] Research & Related Multi-Project Budget Form,3.0,budget_year[].other_personnel.post_doc_associates.number_of_personnel,RR_MP_Budget_3_0.BudgetYear.OtherPersonnel.PostDocAssociates.NumberOfPersonnel,NumberOfPersonnel,question,question-candidate:sha256:861f394baa4062bff418b6aa549b0e9883fba6668e0b62c4bac22e422d1db8e9,question-candidate:sha256:861f394baa4062bff418b6aa549b0e9883fba6668e0b62c4bac22e422d1db8e9,question:sha256:3e15e5cb870628751f3608267154cc9a7cefdc8cb114c8d56103c396b917ecec,agent_proposed,unqualified,,budget-period|budget-personnel|subaward-budget-collection,1,1,,,,integer,xsd_declared_type,RR_MP_Budget_3_0:Int3DataType,https://apply07.grants.gov/apply/forms/schemas/RR_MP_Budget_3_0-V3.0.xsd,8ee3867971d4030582ff4c4cd906cd1a086c2d2491fb6f05b33cdd07ae435846,sha256:8ee3867971d4030582ff4c4cd906cd1a086c2d2491fb6f05b33cdd07ae435846,false
RRMPBudget,[Draft] Research & Related Multi-Project Budget Form,3.0,budget_year[].other_personnel.secretarial_clerical.number_of_personnel,RR_MP_Budget_3_0.BudgetYear.OtherPersonnel.SecretarialClerical.NumberOfPersonnel,NumberOfPersonnel,question,question-candidate:sha256:861f394baa4062bff418b6aa549b0e9883fba6668e0b62c4bac22e422d1db8e9,question-candidate:sha256:861f394baa4062bff418b6aa549b0e9883fba6668e0b62c4bac22e422d1db8e9,question:sha256:9cfa2147c020992758f4e9a70e155311a15058120a7b9f2fb08eb5e666a28cf2,agent_proposed,unqualified,,budget-period|budget-personnel|subaward-budget-collection,1,1,,,,integer,xsd_declared_type,RR_MP_Budget_3_0:Int3DataType,https://apply07.grants.gov/apply/forms/schemas/RR_MP_Budget_3_0-V3.0.xsd,8ee3867971d4030582ff4c4cd906cd1a086c2d2491fb6f05b33cdd07ae435846,sha256:8ee3867971d4030582ff4c4cd906cd1a086c2d2491fb6f05b33cdd07ae435846,false
RRMPBudget,[Draft] Research & Related Multi-Project Budget Form,3.0,budget_year[].other_personnel.undergraduate_students.number_of_personnel,RR_MP_Budget_3_0.BudgetYear.OtherPersonnel.UndergraduateStudents.NumberOfPersonnel,NumberOfPersonnel,question,question-candidate:sha256:861f394baa4062bff418b6aa549b0e9883fba6668e0b62c4bac22e422d1db8e9,question-candidate:sha256:861f394baa4062bff418b6aa549b0e9883fba6668e0b62c4bac22e422d1db8e9,question:sha256:0882bd1087efa5187f7d965fce0b0478650eae7e32f151d7081f962e81198d6d,agent_proposed,unqualified,,budget-period|budget-personnel|subaward-budget-collection,1,1,,,,integer,xsd_declared_type,RR_MP_Budget_3_0:Int3DataType,https://apply07.grants.gov/apply/forms/schemas/RR_MP_Budget_3_0-V3.0.xsd,8ee3867971d4030582ff4c4cd906cd1a086c2d2491fb6f05b33cdd07ae435846,sha256:8ee3867971d4030582ff4c4cd906cd1a086c2d2491fb6f05b33cdd07ae435846,false
RRMPBudget,[Draft] Research & Related Multi-Project Budget Form,3.0,budget_year[].key_persons.key_person[].name.suffix_name,RR_MP_Budget_3_0.BudgetYear.KeyPersons.KeyPerson.Name.SuffixName,SuffixName,question,question-candidate:sha256:870f4a2fb0c24c2b5054d9df39a0617879000a0c22543292d9d1a9d72a0a185f,question-candidate:sha256:870f4a2fb0c24c2b5054d9df39a0617879000a0c22543292d9d1a9d72a0a185f,question:sha256:5afea00db6b3d9ca306a841e74afeaab29db57d98b2b97f23097989890b0b46a,agent_proposed,senior_key_person,,budget-period|person-identity-contact|person-profile|subaward-budget-collection,0,1,,,,string,xsd_declared_type,globLib:SuffixNameDataType,https://apply07.grants.gov/apply/system/schemas/GlobalLibrary-V2.0.xsd,ff0214de91b95a4209f50f0fe08a18d0f3d17f280ab8c8bbcb52878f37de7be8,sha256:8ee3867971d4030582ff4c4cd906cd1a086c2d2491fb6f05b33cdd07ae435846,false
RRMPBudget,[Draft] Research & Related Multi-Project Budget Form,3.0,budget_year[].indirect_costs.indirect_cost[].rate,RR_MP_Budget_3_0.BudgetYear.IndirectCosts.IndirectCost.Rate,Rate,question,question-candidate:sha256:89aa396d04bb51981969419bc18a495c5a8905f5a0475cdc829fb042019e94f8,question-candidate:sha256:89aa396d04bb51981969419bc18a495c5a8905f5a0475cdc829fb042019e94f8,question:sha256:64c8cfe955d39b5b99fbed1f8da63de51f0286d2aff8dd73f69f4f8e5a21716b,agent_proposed,unqualified,,budget-indirect-cost|budget-period|subaward-budget-collection,0,1,,,,string,normalized_source_type,decimal,https://apply07.grants.gov/apply/forms/schemas/RR_MP_Budget_3_0-V3.0.xsd,8ee3867971d4030582ff4c4cd906cd1a086c2d2491fb6f05b33cdd07ae435846,sha256:8ee3867971d4030582ff4c4cd906cd1a086c2d2491fb6f05b33cdd07ae435846,false
RRMPBudget,[Draft] Research & Related Multi-Project Budget Form,3.0,budget_year[].indirect_costs.indirect_cost[].fund_requested,RR_MP_Budget_3_0.BudgetYear.IndirectCosts.IndirectCost.FundRequested,FundRequested,question,question-candidate:sha256:8a0912164c37e2dc3ef4acdaa7a6fedbe132c58b0e7edac81d0e7e5ed14eef07,question-candidate:sha256:8a0912164c37e2dc3ef4acdaa7a6fedbe132c58b0e7edac81d0e7e5ed14eef07,question:sha256:1af40107539cb6e1ddab47f9a193e916ed4ce79441f0cfa89467cc7349b8f876,agent_proposed,unqualified,,budget-indirect-cost|budget-period|subaward-budget-collection,1,1,,runtime-rule:sha256:1bfd289066ab2358534ddc824df4a8dd810a739596d26826da628f19a1236759,calculation,string,xsd_declared_type,glob:DecimalMin1Max14Places2Type,https://apply07.grants.gov/apply/forms/schemas/RR_MP_Budget_3_0-V3.0.xsd,8ee3867971d4030582ff4c4cd906cd1a086c2d2491fb6f05b33cdd07ae435846,sha256:8ee3867971d4030582ff4c4cd906cd1a086c2d2491fb6f05b33cdd07ae435846,false
RRMPBudget,[Draft] Research & Related Multi-Project Budget Form,3.0,budget_type,RR_MP_Budget_3_0.BudgetType,BudgetType,question,question-candidate:sha256:8e72fd3b03a47a6ae26363144bac39dd0b25255090ef4da24efa552e9c87ae51,question-candidate:sha256:8e72fd3b03a47a6ae26363144bac39dd0b25255090ef4da24efa552e9c87ae51,question:sha256:22d5b0d939a499ff9b900a8aec545fef0c64ec0f82ccf2c539c83c2d1501a645,agent_proposed,unqualified,,budget-header|subaward-budget-collection,1,1,,runtime-rule:sha256:0b73bfa587af1f2296e91fe94c14e719697f7b334fd9cf05901b8482b9f337e7,source_binding,string,xsd_declared_type,RR_MP_Budget_3_0:BudgetTypeDataType,https://apply07.grants.gov/apply/forms/schemas/RR_MP_Budget_3_0-V3.0.xsd,8ee3867971d4030582ff4c4cd906cd1a086c2d2491fb6f05b33cdd07ae435846,sha256:8ee3867971d4030582ff4c4cd906cd1a086c2d2491fb6f05b33cdd07ae435846,false
RRMPBudget,[Draft] Research & Related Multi-Project Budget Form,3.0,budget_year[].other_direct_costs.consultant_services,RR_MP_Budget_3_0.BudgetYear.OtherDirectCosts.ConsultantServices,ConsultantServices,question,question-candidate:sha256:9844047f7429272a8a9310211908ba9450222d62f5381375483b1e6f793d0ce7,question-candidate:sha256:9844047f7429272a8a9310211908ba9450222d62f5381375483b1e6f793d0ce7,question:sha256:7666d8058740dff970df15f2259339a806a8e107aa40af33320ac5c1e4982fc4,agent_proposed,unqualified,,budget-other-direct-cost|budget-period|subaward-budget-collection,0,1,,runtime-rule:sha256:03fad69a42d5b494d56fb7be23376c29bb762f1297365c2cdb15b0965bf1f580|runtime-rule:sha256:a96f2ee615c113d30c0e2e695100de52bed224f3bba47ae5a211333c07ba3c69,calculation|source_binding,string,xsd_declared_type,glob:DecimalMin1Max14Places2Type,https://apply07.grants.gov/apply/forms/schemas/RR_MP_Budget_3_0-V3.0.xsd,8ee3867971d4030582ff4c4cd906cd1a086c2d2491fb6f05b33cdd07ae435846,sha256:8ee3867971d4030582ff4c4cd906cd1a086c2d2491fb6f05b33cdd07ae435846,false
RRMPBudget,[Draft] Research & Related Multi-Project Budget Form,3.0,budget_year[].key_persons.key_person[].fringe_benefits,RR_MP_Budget_3_0.BudgetYear.KeyPersons.KeyPerson.FringeBenefits,FringeBenefits,question,question-candidate:sha256:9b43c94dd4a863e4b2359263f87e3a38cb3127678bbbf5cf53a409388d58f59b,question-candidate:sha256:9b43c94dd4a863e4b2359263f87e3a38cb3127678bbbf5cf53a409388d58f59b,question:sha256:e0e2678024e6244b810c4e15ec171fa4e2680b47817cc0b2fefb69863ed18d31,agent_proposed,senior_key_person,,budget-period|money-and-effort-primitives|person-profile|subaward-budget-collection,1,1,,,,string,xsd_declared_type,glob:DecimalMin1Max14Places2Type,https://apply07.grants.gov/apply/forms/schemas/RR_MP_Budget_3_0-V3.0.xsd,8ee3867971d4030582ff4c4cd906cd1a086c2d2491fb6f05b33cdd07ae435846,sha256:8ee3867971d4030582ff4c4cd906cd1a086c2d2491fb6f05b33cdd07ae435846,false
RRMPBudget,[Draft] Research & Related Multi-Project Budget Form,3.0,budget_year[].indirect_costs.indirect_cost[].cost_type,RR_MP_Budget_3_0.BudgetYear.IndirectCosts.IndirectCost.CostType,CostType,question,question-candidate:sha256:9c8d12d0598677d758c1252b5f19280ffd9258d225a8510dcc832b7fc65bf172,question-candidate:sha256:9c8d12d0598677d758c1252b5f19280ffd9258d225a8510dcc832b7fc65bf172,question:sha256:c82fde23dd6edad0f2532012f89b391212d28cf2e318b865039b91b9fc1128df,agent_proposed,unqualified,,budget-indirect-cost|budget-period|subaward-budget-collection,1,1,,,,string,xsd_declared_type,RR_MP_Budget_3_0:String1_64DataType,https://apply07.grants.gov/apply/forms/schemas/RR_MP_Budget_3_0-V3.0.xsd,8ee3867971d4030582ff4c4cd906cd1a086c2d2491fb6f05b33cdd07ae435846,sha256:8ee3867971d4030582ff4c4cd906cd1a086c2d2491fb6f05b33cdd07ae435846,false
RRMPBudget,[Draft] Research & Related Multi-Project Budget Form,3.0,budget_year[].other_personnel.graduate_students.fringe_benefits,RR_MP_Budget_3_0.BudgetYear.OtherPersonnel.GraduateStudents.FringeBenefits,FringeBenefits,question,question-candidate:sha256:9ca075e61c3f41a0b1876e0cabe46df79f943572b3a5b67f20a06b0466bf3e26,question-candidate:sha256:9ca075e61c3f41a0b1876e0cabe46df79f943572b3a5b67f20a06b0466bf3e26,question:sha256:8883278c054b15f1e3139daf8ee8385132709ca90f8f3c841df7560bf375454c,agent_proposed,unqualified,,budget-period|budget-personnel|money-and-effort-primitives|subaward-budget-collection,1,1,,,,string,xsd_declared_type,glob:DecimalMin1Max14Places2Type,https://apply07.grants.gov/apply/forms/schemas/RR_MP_Budget_3_0-V3.0.xsd,8ee3867971d4030582ff4c4cd906cd1a086c2d2491fb6f05b33cdd07ae435846,sha256:8ee3867971d4030582ff4c4cd906cd1a086c2d2491fb6f05b33cdd07ae435846,false
RRMPBudget,[Draft] Research & Related Multi-Project Budget Form,3.0,budget_year[].other_personnel.other[].fringe_benefits,RR_MP_Budget_3_0.BudgetYear.OtherPersonnel.Other.FringeBenefits,FringeBenefits,question,question-candidate:sha256:9ca075e61c3f41a0b1876e0cabe46df79f943572b3a5b67f20a06b0466bf3e26,question-candidate:sha256:9ca075e61c3f41a0b1876e0cabe46df79f943572b3a5b67f20a06b0466bf3e26,question:sha256:7874c537659be0d7a997173e16ebb1fd9a04d3937d3752be2f7f7c7f02267574,agent_proposed,unqualified,,budget-period|budget-personnel|money-and-effort-primitives|subaward-budget-collection,1,1,,,,string,xsd_declared_type,glob:DecimalMin1Max14Places2Type,https://apply07.grants.gov/apply/forms/schemas/RR_MP_Budget_3_0-V3.0.xsd,8ee3867971d4030582ff4c4cd906cd1a086c2d2491fb6f05b33cdd07ae435846,sha256:8ee3867971d4030582ff4c4cd906cd1a086c2d2491fb6f05b33cdd07ae435846,false
RRMPBudget,[Draft] Research & Related Multi-Project Budget Form,3.0,budget_year[].other_personnel.post_doc_associates.fringe_benefits,RR_MP_Budget_3_0.BudgetYear.OtherPersonnel.PostDocAssociates.FringeBenefits,FringeBenefits,question,question-candidate:sha256:9ca075e61c3f41a0b1876e0cabe46df79f943572b3a5b67f20a06b0466bf3e26,question-candidate:sha256:9ca075e61c3f41a0b1876e0cabe46df79f943572b3a5b67f20a06b0466bf3e26,question:sha256:677cae023c3c3b9740cf91fdb0090e08668ac8628dece3a47f6a74473176d1c6,agent_proposed,unqualified,,budget-period|budget-personnel|money-and-effort-primitives|subaward-budget-collection,1,1,,,,string,xsd_declared_type,glob:DecimalMin1Max14Places2Type,https://apply07.grants.gov/apply/forms/schemas/RR_MP_Budget_3_0-V3.0.xsd,8ee3867971d4030582ff4c4cd906cd1a086c2d2491fb6f05b33cdd07ae435846,sha256:8ee3867971d4030582ff4c4cd906cd1a086c2d2491fb6f05b33cdd07ae435846,false
RRMPBudget,[Draft] Research & Related Multi-Project Budget Form,3.0,budget_year[].other_personnel.secretarial_clerical.fringe_benefits,RR_MP_Budget_3_0.BudgetYear.OtherPersonnel.SecretarialClerical.FringeBenefits,FringeBenefits,question,question-candidate:sha256:9ca075e61c3f41a0b1876e0cabe46df79f943572b3a5b67f20a06b0466bf3e26,question-candidate:sha256:9ca075e61c3f41a0b1876e0cabe46df79f943572b3a5b67f20a06b0466bf3e26,question:sha256:2b4ec34f64fed5ae92bbc5525e393d12b1fd219d0a006803ed365b1a2c28619e,agent_proposed,unqualified,,budget-period|budget-personnel|money-and-effort-primitives|subaward-budget-collection,1,1,,,,string,xsd_declared_type,glob:DecimalMin1Max14Places2Type,https://apply07.grants.gov/apply/forms/schemas/RR_MP_Budget_3_0-V3.0.xsd,8ee3867971d4030582ff4c4cd906cd1a086c2d2491fb6f05b33cdd07ae435846,sha256:8ee3867971d4030582ff4c4cd906cd1a086c2d2491fb6f05b33cdd07ae435846,false
RRMPBudget,[Draft] Research & Related Multi-Project Budget Form,3.0,budget_year[].other_personnel.undergraduate_students.fringe_benefits,RR_MP_Budget_3_0.BudgetYear.OtherPersonnel.UndergraduateStudents.FringeBenefits,FringeBenefits,question,question-candidate:sha256:9ca075e61c3f41a0b1876e0cabe46df79f943572b3a5b67f20a06b0466bf3e26,question-candidate:sha256:9ca075e61c3f41a0b1876e0cabe46df79f943572b3a5b67f20a06b0466bf3e26,question:sha256:e2661a2fe1a8c903317d0c4642af64bd6a18b1f11eaf35c9e374e159b70c44d5,agent_proposed,unqualified,,budget-period|budget-personnel|money-and-effort-primitives|subaward-budget-collection,1,1,,,,string,xsd_declared_type,glob:DecimalMin1Max14Places2Type,https://apply07.grants.gov/apply/forms/schemas/RR_MP_Budget_3_0-V3.0.xsd,8ee3867971d4030582ff4c4cd906cd1a086c2d2491fb6f05b33cdd07ae435846,sha256:8ee3867971d4030582ff4c4cd906cd1a086c2d2491fb6f05b33cdd07ae435846,false
RRMPBudget,[Draft] Research & Related Multi-Project Budget Form,3.0,budget_year[].key_persons.key_person[].summer_months,RR_MP_Budget_3_0.BudgetYear.KeyPersons.KeyPerson.SummerMonths,SummerMonths,question,question-candidate:sha256:9ce87c22b3614664ff3876992c4e2c6a60597406b146a9263a958d3650fb3ef4,question-candidate:sha256:9ce87c22b3614664ff3876992c4e2c6a60597406b146a9263a958d3650fb3ef4,question:sha256:f054c7d83eff32e3ead857f11e356b9f379300654aae1cd6727b2f48b57f89f9,agent_proposed,senior_key_person,,budget-period|money-and-effort-primitives|person-profile|subaward-budget-collection,0,1,,,,string,xsd_declared_type,RR_MP_Budget_3_0:Month2whole2fracDataType,https://apply07.grants.gov/apply/forms/schemas/RR_MP_Budget_3_0-V3.0.xsd,8ee3867971d4030582ff4c4cd906cd1a086c2d2491fb6f05b33cdd07ae435846,sha256:8ee3867971d4030582ff4c4cd906cd1a086c2d2491fb6f05b33cdd07ae435846,false
RRMPBudget,[Draft] Research & Related Multi-Project Budget Form,3.0,budget_year[].travel.domestic_travel_cost,RR_MP_Budget_3_0.BudgetYear.Travel.DomesticTravelCost,DomesticTravelCost,question,question-candidate:sha256:a377a675d31d36b13cd8a793f405812d1845d528469142f9b9fd2c30cb68aa38,question-candidate:sha256:a377a675d31d36b13cd8a793f405812d1845d528469142f9b9fd2c30cb68aa38,question:sha256:01b20ceccbfa0d64d1ef6a6bad04b9a2dce9d1c555135cf447ab0f878c08bc80,agent_proposed,unqualified,,budget-period|budget-travel|subaward-budget-collection,0,1,,runtime-rule:sha256:10e63734585c48c2f1189ca88fd060043cf56c6a84794ca3486c2c773b77ede8|runtime-rule:sha256:dcdca6002666c3432869c4d68deaa7c2b38438ecbd624e5b9e901e103241e91b,calculation,string,xsd_declared_type,glob:DecimalMin1Max14Places2Type,https://apply07.grants.gov/apply/forms/schemas/RR_MP_Budget_3_0-V3.0.xsd,8ee3867971d4030582ff4c4cd906cd1a086c2d2491fb6f05b33cdd07ae435846,sha256:8ee3867971d4030582ff4c4cd906cd1a086c2d2491fb6f05b33cdd07ae435846,false
RRMPBudget,[Draft] Research & Related Multi-Project Budget Form,3.0,budget_year[].equipment.total_fund_for_attached_equipment,RR_MP_Budget_3_0.BudgetYear.Equipment.TotalFundForAttachedEquipment,TotalFundForAttachedEquipment,question,question-candidate:sha256:b0d7cffd8a7724853482cd47506fe9967cb3ae0c4741a359c9e696084f9c8240,question-candidate:sha256:b0d7cffd8a7724853482cd47506fe9967cb3ae0c4741a359c9e696084f9c8240,question:sha256:8e598285a6462855b1ff700e19416815ff50388879df6862cb0260d3a1465159,agent_proposed,unqualified,,budget-equipment|budget-period|subaward-budget-collection,0,1,,,,string,xsd_declared_type,glob:DecimalMin1Max14Places2Type,https://apply07.grants.gov/apply/forms/schemas/RR_MP_Budget_3_0-V3.0.xsd,8ee3867971d4030582ff4c4cd906cd1a086c2d2491fb6f05b33cdd07ae435846,sha256:8ee3867971d4030582ff4c4cd906cd1a086c2d2491fb6f05b33cdd07ae435846,false
RRMPBudget,[Draft] Research & Related Multi-Project Budget Form,3.0,budget_year[].travel.foreign_travel_cost,RR_MP_Budget_3_0.BudgetYear.Travel.ForeignTravelCost,ForeignTravelCost,question,question-candidate:sha256:b438e1ddfc11c11421dd952f1ab4508a3ae5745f09a0f821ec847cec700b9cf6,question-candidate:sha256:b438e1ddfc11c11421dd952f1ab4508a3ae5745f09a0f821ec847cec700b9cf6,question:sha256:369815a35633619f4208526be12527e54b72780cbeed4c43f633e4522245acc3,agent_proposed,unqualified,,budget-period|budget-travel|subaward-budget-collection,0,1,,runtime-rule:sha256:10e63734585c48c2f1189ca88fd060043cf56c6a84794ca3486c2c773b77ede8|runtime-rule:sha256:31963be9bfc2d66835367ff8b072fe8be6de730dd908896cb74b721fb40d8d2e,calculation,string,xsd_declared_type,glob:DecimalMin1Max14Places2Type,https://apply07.grants.gov/apply/forms/schemas/RR_MP_Budget_3_0-V3.0.xsd,8ee3867971d4030582ff4c4cd906cd1a086c2d2491fb6f05b33cdd07ae435846,sha256:8ee3867971d4030582ff4c4cd906cd1a086c2d2491fb6f05b33cdd07ae435846,false
RRMPBudget,[Draft] Research & Related Multi-Project Budget Form,3.0,budget_year[].key_persons.key_person[].name.last_name,RR_MP_Budget_3_0.BudgetYear.KeyPersons.KeyPerson.Name.LastName,LastName,question,question-candidate:sha256:b7696c75ae8c12c0517f7266a72fadbd8370d9ed9ef0195da70167115ed7315b,question-candidate:sha256:b7696c75ae8c12c0517f7266a72fadbd8370d9ed9ef0195da70167115ed7315b,question:sha256:a5344fa782147e8fe5926070eddb4dde8a215f6448c9bbff8301be417c344e4f,agent_proposed,senior_key_person,,budget-period|person-identity-contact|person-profile|subaward-budget-collection,1,1,,runtime-rule:sha256:efb9c5d9987a6318755a6c47e28e9ce7c060c2a35488f7ba1b99b69517816cea,source_binding,string,xsd_declared_type,globLib:LastNameDataType,https://apply07.grants.gov/apply/system/schemas/GlobalLibrary-V2.0.xsd,ff0214de91b95a4209f50f0fe08a18d0f3d17f280ab8c8bbcb52878f37de7be8,sha256:8ee3867971d4030582ff4c4cd906cd1a086c2d2491fb6f05b33cdd07ae435846,false
RRMPBudget,[Draft] Research & Related Multi-Project Budget Form,3.0,budget_year[].participant_trainee_support_costs.tuition_fee_health_insurance,RR_MP_Budget_3_0.BudgetYear.ParticipantTraineeSupportCosts.TuitionFeeHealthInsurance,TuitionFeeHealthInsurance,question,question-candidate:sha256:b7779fb47012cc9a24bd4ad774eb8398aa7d969ede5b9cf731579ba70d003333,question-candidate:sha256:b7779fb47012cc9a24bd4ad774eb8398aa7d969ede5b9cf731579ba70d003333,question:sha256:d71185b777397d7a5cde2858177792adad79ae337c26d401521ca300b36b45e3,agent_proposed,unqualified,,budget-participant-support|budget-period|subaward-budget-collection,0,1,,,,string,xsd_declared_type,glob:DecimalMin1Max14Places2Type,https://apply07.grants.gov/apply/forms/schemas/RR_MP_Budget_3_0-V3.0.xsd,8ee3867971d4030582ff4c4cd906cd1a086c2d2491fb6f05b33cdd07ae435846,sha256:8ee3867971d4030582ff4c4cd906cd1a086c2d2491fb6f05b33cdd07ae435846,false
RRMPBudget,[Draft] Research & Related Multi-Project Budget Form,3.0,budget_year[].budget_period_end_date,RR_MP_Budget_3_0.BudgetYear.BudgetPeriodEndDate,BudgetPeriodEndDate,question,question-candidate:sha256:be6526afa2e7a602eb8521e1643e17f4eaf4f483bce0ae942634de07a91f32ac,question-candidate:sha256:be6526afa2e7a602eb8521e1643e17f4eaf4f483bce0ae942634de07a91f32ac,question:sha256:fda94f2b447889b4385b124e7ad7d7344e4feca764ff6da35ddc48187bd0dd33,agent_proposed,unqualified,,budget-period|subaward-budget-collection,1,1,,runtime-rule:sha256:c57c2438ed523614865e2fab8bb716b738fe3185a4d221c0adf4c319e3f266a3,source_binding,string,xsd_declared_type,xs:date,https://apply07.grants.gov/apply/forms/schemas/RR_MP_Budget_3_0-V3.0.xsd,8ee3867971d4030582ff4c4cd906cd1a086c2d2491fb6f05b33cdd07ae435846,sha256:8ee3867971d4030582ff4c4cd906cd1a086c2d2491fb6f05b33cdd07ae435846,false
RRMPBudget,[Draft] Research & Related Multi-Project Budget Form,3.0,budget_year[].other_direct_costs.total_other_direct_cost,RR_MP_Budget_3_0.BudgetYear.OtherDirectCosts.TotalOtherDirectCost,TotalOtherDirectCost,question,question-candidate:sha256:bf302b3c6a0a135020ccb3e693c4bb7ab0538fae22c8222e3ead5a650282d7ac,question-candidate:sha256:bf302b3c6a0a135020ccb3e693c4bb7ab0538fae22c8222e3ead5a650282d7ac,question:sha256:9ae32d0001076b5f27ae814c119eb5b7d9af5ba0d003ed65a11e5b368f6e5138,agent_proposed,unqualified,,budget-other-direct-cost|budget-period|subaward-budget-collection,1,1,,,,string,xsd_declared_type,glob:DecimalMin1Max15Places2Type,https://apply07.grants.gov/apply/forms/schemas/RR_MP_Budget_3_0-V3.0.xsd,8ee3867971d4030582ff4c4cd906cd1a086c2d2491fb6f05b33cdd07ae435846,sha256:8ee3867971d4030582ff4c4cd906cd1a086c2d2491fb6f05b33cdd07ae435846,false
RRMPBudget,[Draft] Research & Related Multi-Project Budget Form,3.0,budget_year[].key_persons.key_person[].name.first_name,RR_MP_Budget_3_0.BudgetYear.KeyPersons.KeyPerson.Name.FirstName,FirstName,question,question-candidate:sha256:c5374ba3613bcf07f3064f3104e92f73740bb9e6ff4982c747e0fd1dc2c598cd,question-candidate:sha256:c5374ba3613bcf07f3064f3104e92f73740bb9e6ff4982c747e0fd1dc2c598cd,question:sha256:ee26bf3a3d42da39609bae9e048f92e2ae6f66137aaba83eb567a94388398e1f,agent_proposed,senior_key_person,,budget-period|person-identity-contact|person-profile|subaward-budget-collection,1,1,,runtime-rule:sha256:34909cc9ac3373e0e4ba6cbd22e121cb7aa125bf2a0757654ca6555b94e13cc6,source_binding,string,xsd_declared_type,globLib:FirstNameDataType,https://apply07.grants.gov/apply/system/schemas/GlobalLibrary-V2.0.xsd,ff0214de91b95a4209f50f0fe08a18d0f3d17f280ab8c8bbcb52878f37de7be8,sha256:8ee3867971d4030582ff4c4cd906cd1a086c2d2491fb6f05b33cdd07ae435846,false
RRMPBudget,[Draft] Research & Related Multi-Project Budget Form,3.0,budget_year[].key_persons.key_person[].academic_months,RR_MP_Budget_3_0.BudgetYear.KeyPersons.KeyPerson.AcademicMonths,AcademicMonths,question,question-candidate:sha256:c659661c4c61a576e65b7465db6bf927be987dd3213bfb53902e6d8f76540b15,question-candidate:sha256:c659661c4c61a576e65b7465db6bf927be987dd3213bfb53902e6d8f76540b15,question:sha256:44ba664b559839debd8a444c8d345eb75e9471a519c765065ad61d7e9b39fe81,agent_proposed,senior_key_person,,budget-period|money-and-effort-primitives|person-profile|subaward-budget-collection,0,1,,,,string,xsd_declared_type,RR_MP_Budget_3_0:Month2whole2fracDataType,https://apply07.grants.gov/apply/forms/schemas/RR_MP_Budget_3_0-V3.0.xsd,8ee3867971d4030582ff4c4cd906cd1a086c2d2491fb6f05b33cdd07ae435846,sha256:8ee3867971d4030582ff4c4cd906cd1a086c2d2491fb6f05b33cdd07ae435846,false
RRMPBudget,[Draft] Research & Related Multi-Project Budget Form,3.0,organization_name,RR_MP_Budget_3_0.OrganizationName,OrganizationName,question,question-candidate:sha256:c8e41173c5c308af0d14aecff1084b4f8e98b3c251e19d018d8deed1af3ea855,question-candidate:sha256:c8e41173c5c308af0d14aecff1084b4f8e98b3c251e19d018d8deed1af3ea855,question:sha256:e1f50fc721eb59dc363503de61b6b406b7060aaa274d104efdb356618b337e49,agent_proposed,unqualified,,budget-header|subaward-budget-collection,0,1,,runtime-rule:sha256:f04816166750b5724c9512c36c32717771e5f8c3b65835f893d633cc9cc71842,source_binding,string,xsd_declared_type,globLib:OrganizationNameDataType,https://apply07.grants.gov/apply/forms/schemas/RR_MP_Budget_3_0-V3.0.xsd,8ee3867971d4030582ff4c4cd906cd1a086c2d2491fb6f05b33cdd07ae435846,sha256:8ee3867971d4030582ff4c4cd906cd1a086c2d2491fb6f05b33cdd07ae435846,false
RRMPBudget,[Draft] Research & Related Multi-Project Budget Form,3.0,budget_year[].participant_trainee_support_costs.travel,RR_MP_Budget_3_0.BudgetYear.ParticipantTraineeSupportCosts.Travel,Travel,question,question-candidate:sha256:cba1b4399c28434d0671c5c6585f65dd023b586cc4f4b18683ba52086af241e9,question-candidate:sha256:cba1b4399c28434d0671c5c6585f65dd023b586cc4f4b18683ba52086af241e9,question:sha256:45d98f353c434e326af5906b1f7ef7a3ebeeeb641a999c638f1fd0632696fd75,agent_proposed,unqualified,,budget-participant-support|budget-period|budget-travel|subaward-budget-collection,0,1,,,,string,xsd_declared_type,glob:DecimalMin1Max14Places2Type,https://apply07.grants.gov/apply/forms/schemas/RR_MP_Budget_3_0-V3.0.xsd,8ee3867971d4030582ff4c4cd906cd1a086c2d2491fb6f05b33cdd07ae435846,sha256:8ee3867971d4030582ff4c4cd906cd1a086c2d2491fb6f05b33cdd07ae435846,false
RRMPBudget,[Draft] Research & Related Multi-Project Budget Form,3.0,budget_year[].other_direct_costs.other_direct_cost_1.description,RR_MP_Budget_3_0.BudgetYear.OtherDirectCosts.OtherDirectCost1.Description,Description,question,question-candidate:sha256:cc8369e2c62efafd05daa652c21038ac04fbf89f19fead813bee4fc3627e5396,question-candidate:sha256:cc8369e2c62efafd05daa652c21038ac04fbf89f19fead813bee4fc3627e5396,question:sha256:1e93d2b1eaa49c2f3ddb922d245e3596a83e04706b654d7870d806832e48c384,agent_proposed,unqualified,,budget-other-direct-cost|budget-period|subaward-budget-collection,1,1,,,,string,xsd_declared_type,RR_MP_Budget_3_0:String1_120DataType,https://apply07.grants.gov/apply/forms/schemas/RR_MP_Budget_3_0-V3.0.xsd,8ee3867971d4030582ff4c4cd906cd1a086c2d2491fb6f05b33cdd07ae435846,sha256:8ee3867971d4030582ff4c4cd906cd1a086c2d2491fb6f05b33cdd07ae435846,false
RRMPBudget,[Draft] Research & Related Multi-Project Budget Form,3.0,budget_year[].other_direct_costs.other_direct_cost_10.description,RR_MP_Budget_3_0.BudgetYear.OtherDirectCosts.OtherDirectCost10.Description,Description,question,question-candidate:sha256:cc8369e2c62efafd05daa652c21038ac04fbf89f19fead813bee4fc3627e5396,question-candidate:sha256:cc8369e2c62efafd05daa652c21038ac04fbf89f19fead813bee4fc3627e5396,question:sha256:8dca0d0b044885cb79f0cc85aeee2d5f7c94abaafab7b3f7f972a9cafa286212,agent_proposed,unqualified,,budget-other-direct-cost|budget-period|subaward-budget-collection,1,1,,,,string,xsd_declared_type,RR_MP_Budget_3_0:String1_120DataType,https://apply07.grants.gov/apply/forms/schemas/RR_MP_Budget_3_0-V3.0.xsd,8ee3867971d4030582ff4c4cd906cd1a086c2d2491fb6f05b33cdd07ae435846,sha256:8ee3867971d4030582ff4c4cd906cd1a086c2d2491fb6f05b33cdd07ae435846,false
RRMPBudget,[Draft] Research & Related Multi-Project Budget Form,3.0,budget_year[].other_direct_costs.other_direct_cost_2.description,RR_MP_Budget_3_0.BudgetYear.OtherDirectCosts.OtherDirectCost2.Description,Description,question,question-candidate:sha256:cc8369e2c62efafd05daa652c21038ac04fbf89f19fead813bee4fc3627e5396,question-candidate:sha256:cc8369e2c62efafd05daa652c21038ac04fbf89f19fead813bee4fc3627e5396,question:sha256:f2e47c0e6ecfc64809e2bdba2a2db86ebf7ad1a6d5867631107d961a3834bec9,agent_proposed,unqualified,,budget-other-direct-cost|budget-period|subaward-budget-collection,1,1,,,,string,xsd_declared_type,RR_MP_Budget_3_0:String1_120DataType,https://apply07.grants.gov/apply/forms/schemas/RR_MP_Budget_3_0-V3.0.xsd,8ee3867971d4030582ff4c4cd906cd1a086c2d2491fb6f05b33cdd07ae435846,sha256:8ee3867971d4030582ff4c4cd906cd1a086c2d2491fb6f05b33cdd07ae435846,false
RRMPBudget,[Draft] Research & Related Multi-Project Budget Form,3.0,budget_year[].other_direct_costs.other_direct_cost_3.description,RR_MP_Budget_3_0.BudgetYear.OtherDirectCosts.OtherDirectCost3.Description,Description,question,question-candidate:sha256:cc8369e2c62efafd05daa652c21038ac04fbf89f19fead813bee4fc3627e5396,question-candidate:sha256:cc8369e2c62efafd05daa652c21038ac04fbf89f19fead813bee4fc3627e5396,question:sha256:b8ca3fa2f10e8bcceb48ee308b823d0e470f65b8dbd8fbfd4e063b493f481beb,agent_proposed,unqualified,,budget-other-direct-cost|budget-period|subaward-budget-collection,1,1,,,,string,xsd_declared_type,RR_MP_Budget_3_0:String1_120DataType,https://apply07.grants.gov/apply/forms/schemas/RR_MP_Budget_3_0-V3.0.xsd,8ee3867971d4030582ff4c4cd906cd1a086c2d2491fb6f05b33cdd07ae435846,sha256:8ee3867971d4030582ff4c4cd906cd1a086c2d2491fb6f05b33cdd07ae435846,false
RRMPBudget,[Draft] Research & Related Multi-Project Budget Form,3.0,budget_year[].other_direct_costs.other_direct_cost_4.description,RR_MP_Budget_3_0.BudgetYear.OtherDirectCosts.OtherDirectCost4.Description,Description,question,question-candidate:sha256:cc8369e2c62efafd05daa652c21038ac04fbf89f19fead813bee4fc3627e5396,question-candidate:sha256:cc8369e2c62efafd05daa652c21038ac04fbf89f19fead813bee4fc3627e5396,question:sha256:65f7c854e84ecc80ae31be4ebf0e0f13b8b842490d13fe9a7e3209df2f9dc0f6,agent_proposed,unqualified,,budget-other-direct-cost|budget-period|subaward-budget-collection,1,1,,,,string,xsd_declared_type,RR_MP_Budget_3_0:String1_120DataType,https://apply07.grants.gov/apply/forms/schemas/RR_MP_Budget_3_0-V3.0.xsd,8ee3867971d4030582ff4c4cd906cd1a086c2d2491fb6f05b33cdd07ae435846,sha256:8ee3867971d4030582ff4c4cd906cd1a086c2d2491fb6f05b33cdd07ae435846,false
RRMPBudget,[Draft] Research & Related Multi-Project Budget Form,3.0,budget_year[].other_direct_costs.other_direct_cost_5.description,RR_MP_Budget_3_0.BudgetYear.OtherDirectCosts.OtherDirectCost5.Description,Description,question,question-candidate:sha256:cc8369e2c62efafd05daa652c21038ac04fbf89f19fead813bee4fc3627e5396,question-candidate:sha256:cc8369e2c62efafd05daa652c21038ac04fbf89f19fead813bee4fc3627e5396,question:sha256:daf5633553f3a5cdda074aa8d6a569345916a30d296a7e1b3d2274866207ce9d,agent_proposed,unqualified,,budget-other-direct-cost|budget-period|subaward-budget-collection,1,1,,,,string,xsd_declared_type,RR_MP_Budget_3_0:String1_120DataType,https://apply07.grants.gov/apply/forms/schemas/RR_MP_Budget_3_0-V3.0.xsd,8ee3867971d4030582ff4c4cd906cd1a086c2d2491fb6f05b33cdd07ae435846,sha256:8ee3867971d4030582ff4c4cd906cd1a086c2d2491fb6f05b33cdd07ae435846,false
RRMPBudget,[Draft] Research & Related Multi-Project Budget Form,3.0,budget_year[].other_direct_costs.other_direct_cost_6.description,RR_MP_Budget_3_0.BudgetYear.OtherDirectCosts.OtherDirectCost6.Description,Description,question,question-candidate:sha256:cc8369e2c62efafd05daa652c21038ac04fbf89f19fead813bee4fc3627e5396,question-candidate:sha256:cc8369e2c62efafd05daa652c21038ac04fbf89f19fead813bee4fc3627e5396,question:sha256:a018414d779743d3fc6f9aa23eee2930bc424c0057259023fd37fed3c8b573c8,agent_proposed,unqualified,,budget-other-direct-cost|budget-period|subaward-budget-collection,1,1,,,,string,xsd_declared_type,RR_MP_Budget_3_0:String1_120DataType,https://apply07.grants.gov/apply/forms/schemas/RR_MP_Budget_3_0-V3.0.xsd,8ee3867971d4030582ff4c4cd906cd1a086c2d2491fb6f05b33cdd07ae435846,sha256:8ee3867971d4030582ff4c4cd906cd1a086c2d2491fb6f05b33cdd07ae435846,false
RRMPBudget,[Draft] Research & Related Multi-Project Budget Form,3.0,budget_year[].other_direct_costs.other_direct_cost_7.description,RR_MP_Budget_3_0.BudgetYear.OtherDirectCosts.OtherDirectCost7.Description,Description,question,question-candidate:sha256:cc8369e2c62efafd05daa652c21038ac04fbf89f19fead813bee4fc3627e5396,question-candidate:sha256:cc8369e2c62efafd05daa652c21038ac04fbf89f19fead813bee4fc3627e5396,question:sha256:503a5e23458f2271766d9ed90056ff9764dd92288c15703aca9e06ed05c82c3a,agent_proposed,unqualified,,budget-other-direct-cost|budget-period|subaward-budget-collection,1,1,,,,string,xsd_declared_type,RR_MP_Budget_3_0:String1_120DataType,https://apply07.grants.gov/apply/forms/schemas/RR_MP_Budget_3_0-V3.0.xsd,8ee3867971d4030582ff4c4cd906cd1a086c2d2491fb6f05b33cdd07ae435846,sha256:8ee3867971d4030582ff4c4cd906cd1a086c2d2491fb6f05b33cdd07ae435846,false
RRMPBudget,[Draft] Research & Related Multi-Project Budget Form,3.0,budget_year[].other_direct_costs.other_direct_cost_8.description,RR_MP_Budget_3_0.BudgetYear.OtherDirectCosts.OtherDirectCost8.Description,Description,question,question-candidate:sha256:cc8369e2c62efafd05daa652c21038ac04fbf89f19fead813bee4fc3627e5396,question-candidate:sha256:cc8369e2c62efafd05daa652c21038ac04fbf89f19fead813bee4fc3627e5396,question:sha256:83dd8ef19aebbfcf6e78703a816caf3917cdce57d303157e0d8602fba7785993,agent_proposed,unqualified,,budget-other-direct-cost|budget-period|subaward-budget-collection,1,1,,,,string,xsd_declared_type,RR_MP_Budget_3_0:String1_120DataType,https://apply07.grants.gov/apply/forms/schemas/RR_MP_Budget_3_0-V3.0.xsd,8ee3867971d4030582ff4c4cd906cd1a086c2d2491fb6f05b33cdd07ae435846,sha256:8ee3867971d4030582ff4c4cd906cd1a086c2d2491fb6f05b33cdd07ae435846,false
RRMPBudget,[Draft] Research & Related Multi-Project Budget Form,3.0,budget_year[].other_direct_costs.other_direct_cost_9.description,RR_MP_Budget_3_0.BudgetYear.OtherDirectCosts.OtherDirectCost9.Description,Description,question,question-candidate:sha256:cc8369e2c62efafd05daa652c21038ac04fbf89f19fead813bee4fc3627e5396,question-candidate:sha256:cc8369e2c62efafd05daa652c21038ac04fbf89f19fead813bee4fc3627e5396,question:sha256:1afeafbc937a47667865856c492eaea367c1245e2cf60628a3498862301342ce,agent_proposed,unqualified,,budget-other-direct-cost|budget-period|subaward-budget-collection,1,1,,,,string,xsd_declared_type,RR_MP_Budget_3_0:String1_120DataType,https://apply07.grants.gov/apply/forms/schemas/RR_MP_Budget_3_0-V3.0.xsd,8ee3867971d4030582ff4c4cd906cd1a086c2d2491fb6f05b33cdd07ae435846,sha256:8ee3867971d4030582ff4c4cd906cd1a086c2d2491fb6f05b33cdd07ae435846,false
RRMPBudget,[Draft] Research & Related Multi-Project Budget Form,3.0,budget_year[].participant_trainee_support_costs.other.description,RR_MP_Budget_3_0.BudgetYear.ParticipantTraineeSupportCosts.Other.Description,Description,question,question-candidate:sha256:cc8369e2c62efafd05daa652c21038ac04fbf89f19fead813bee4fc3627e5396,question-candidate:sha256:cc8369e2c62efafd05daa652c21038ac04fbf89f19fead813bee4fc3627e5396,question:sha256:39b92452375b17ff5a4caf2e6e93fc8e0c3b911e8ad8b690a7034ec238fd7c55,agent_proposed,unqualified,,budget-participant-support|budget-period|subaward-budget-collection,1,1,,,,string,xsd_declared_type,glob:StringMin1Max100Type,https://apply07.grants.gov/apply/forms/schemas/RR_MP_Budget_3_0-V3.0.xsd,8ee3867971d4030582ff4c4cd906cd1a086c2d2491fb6f05b33cdd07ae435846,sha256:8ee3867971d4030582ff4c4cd906cd1a086c2d2491fb6f05b33cdd07ae435846,false
RRMPBudget,[Draft] Research & Related Multi-Project Budget Form,3.0,budget_year[].key_persons.total_fund_for_key_persons,RR_MP_Budget_3_0.BudgetYear.KeyPersons.TotalFundForKeyPersons,TotalFundForKeyPersons,question,question-candidate:sha256:d6228625f28f9e03c7f0af4d6b86c5db634509e9ce0575ebf167747a8595a63e,question-candidate:sha256:d6228625f28f9e03c7f0af4d6b86c5db634509e9ce0575ebf167747a8595a63e,question:sha256:ddc94e8f84f9a2ed90ebad1b426d40e13a6ef530696cd72d158b1a31bb5af8db,agent_proposed,senior_key_person,,budget-period|person-profile|subaward-budget-collection,1,1,,,,string,xsd_declared_type,glob:DecimalMin1Max15Places2Type,https://apply07.grants.gov/apply/forms/schemas/RR_MP_Budget_3_0-V3.0.xsd,8ee3867971d4030582ff4c4cd906cd1a086c2d2491fb6f05b33cdd07ae435846,sha256:8ee3867971d4030582ff4c4cd906cd1a086c2d2491fb6f05b33cdd07ae435846,false
RRMPBudget,[Draft] Research & Related Multi-Project Budget Form,3.0,budget_year[].other_personnel.graduate_students.calendar_months,RR_MP_Budget_3_0.BudgetYear.OtherPersonnel.GraduateStudents.CalendarMonths,CalendarMonths,question,question-candidate:sha256:d81696345ed263e6f8f992cfb356dbc5ad1ac1b701ae3565161e663d8b629ec9,question-candidate:sha256:d81696345ed263e6f8f992cfb356dbc5ad1ac1b701ae3565161e663d8b629ec9,question:sha256:c147900bfd52043fcfee5b1a16e9d2b7bfd2b56bd4681b13f6f8a9a739b0a4c8,agent_proposed,unqualified,,budget-period|budget-personnel|money-and-effort-primitives|subaward-budget-collection,0,1,,,,string,xsd_declared_type,RR_MP_Budget_3_0:Month3whole2fracDataType,https://apply07.grants.gov/apply/forms/schemas/RR_MP_Budget_3_0-V3.0.xsd,8ee3867971d4030582ff4c4cd906cd1a086c2d2491fb6f05b33cdd07ae435846,sha256:8ee3867971d4030582ff4c4cd906cd1a086c2d2491fb6f05b33cdd07ae435846,false
RRMPBudget,[Draft] Research & Related Multi-Project Budget Form,3.0,budget_year[].other_personnel.other[].calendar_months,RR_MP_Budget_3_0.BudgetYear.OtherPersonnel.Other.CalendarMonths,CalendarMonths,question,question-candidate:sha256:d81696345ed263e6f8f992cfb356dbc5ad1ac1b701ae3565161e663d8b629ec9,question-candidate:sha256:d81696345ed263e6f8f992cfb356dbc5ad1ac1b701ae3565161e663d8b629ec9,question:sha256:9517a80ec25ec8d6d649e96d75692a869a2953381f8825f00dfd345778ddfcc0,agent_proposed,unqualified,,budget-period|budget-personnel|money-and-effort-primitives|subaward-budget-collection,0,1,,,,string,xsd_declared_type,RR_MP_Budget_3_0:Month3whole2fracDataType,https://apply07.grants.gov/apply/forms/schemas/RR_MP_Budget_3_0-V3.0.xsd,8ee3867971d4030582ff4c4cd906cd1a086c2d2491fb6f05b33cdd07ae435846,sha256:8ee3867971d4030582ff4c4cd906cd1a086c2d2491fb6f05b33cdd07ae435846,false
RRMPBudget,[Draft] Research & Related Multi-Project Budget Form,3.0,budget_year[].other_personnel.post_doc_associates.calendar_months,RR_MP_Budget_3_0.BudgetYear.OtherPersonnel.PostDocAssociates.CalendarMonths,CalendarMonths,question,question-candidate:sha256:d81696345ed263e6f8f992cfb356dbc5ad1ac1b701ae3565161e663d8b629ec9,question-candidate:sha256:d81696345ed263e6f8f992cfb356dbc5ad1ac1b701ae3565161e663d8b629ec9,question:sha256:58a12be465b4193de44527342a06c68ecdd08b5f3631f2c9ee44b560dc002c70,agent_proposed,unqualified,,budget-period|budget-personnel|money-and-effort-primitives|subaward-budget-collection,0,1,,,,string,xsd_declared_type,RR_MP_Budget_3_0:Month3whole2fracDataType,https://apply07.grants.gov/apply/forms/schemas/RR_MP_Budget_3_0-V3.0.xsd,8ee3867971d4030582ff4c4cd906cd1a086c2d2491fb6f05b33cdd07ae435846,sha256:8ee3867971d4030582ff4c4cd906cd1a086c2d2491fb6f05b33cdd07ae435846,false
RRMPBudget,[Draft] Research & Related Multi-Project Budget Form,3.0,budget_year[].other_personnel.secretarial_clerical.calendar_months,RR_MP_Budget_3_0.BudgetYear.OtherPersonnel.SecretarialClerical.CalendarMonths,CalendarMonths,question,question-candidate:sha256:d81696345ed263e6f8f992cfb356dbc5ad1ac1b701ae3565161e663d8b629ec9,question-candidate:sha256:d81696345ed263e6f8f992cfb356dbc5ad1ac1b701ae3565161e663d8b629ec9,question:sha256:868e169a9a07b4629b48633b5a676aa80131909a9638e7f9d8cf0ddf65d3ddb4,agent_proposed,unqualified,,budget-period|budget-personnel|money-and-effort-primitives|subaward-budget-collection,0,1,,,,string,xsd_declared_type,RR_MP_Budget_3_0:Month3whole2fracDataType,https://apply07.grants.gov/apply/forms/schemas/RR_MP_Budget_3_0-V3.0.xsd,8ee3867971d4030582ff4c4cd906cd1a086c2d2491fb6f05b33cdd07ae435846,sha256:8ee3867971d4030582ff4c4cd906cd1a086c2d2491fb6f05b33cdd07ae435846,false
RRMPBudget,[Draft] Research & Related Multi-Project Budget Form,3.0,budget_year[].other_personnel.undergraduate_students.calendar_months,RR_MP_Budget_3_0.BudgetYear.OtherPersonnel.UndergraduateStudents.CalendarMonths,CalendarMonths,question,question-candidate:sha256:d81696345ed263e6f8f992cfb356dbc5ad1ac1b701ae3565161e663d8b629ec9,question-candidate:sha256:d81696345ed263e6f8f992cfb356dbc5ad1ac1b701ae3565161e663d8b629ec9,question:sha256:8604ec4f6537ae7644a8c579b7d7e5f3c1b86d790de9d1205269732d4d1a6e92,agent_proposed,unqualified,,budget-period|budget-personnel|money-and-effort-primitives|subaward-budget-collection,0,1,,,,string,xsd_declared_type,RR_MP_Budget_3_0:Month3whole2fracDataType,https://apply07.grants.gov/apply/forms/schemas/RR_MP_Budget_3_0-V3.0.xsd,8ee3867971d4030582ff4c4cd906cd1a086c2d2491fb6f05b33cdd07ae435846,sha256:8ee3867971d4030582ff4c4cd906cd1a086c2d2491fb6f05b33cdd07ae435846,false
RRMPBudget,[Draft] Research & Related Multi-Project Budget Form,3.0,budget_year[].other_direct_costs.publication_costs,RR_MP_Budget_3_0.BudgetYear.OtherDirectCosts.PublicationCosts,PublicationCosts,question,question-candidate:sha256:e1324ce55830c0bdc7b27f04094227d26c0e4f6008a7c2eababa0e0322b9d3ee,question-candidate:sha256:e1324ce55830c0bdc7b27f04094227d26c0e4f6008a7c2eababa0e0322b9d3ee,question:sha256:31ca0941fa7a32e1a0630fcd573d599c5253fc96564ed716f61624e46b38288b,agent_proposed,unqualified,,budget-other-direct-cost|budget-period|subaward-budget-collection,0,1,,runtime-rule:sha256:851dde9e5511b3303f5319438d679deb1760de4cd0dbe5e1cf2ce55807bbe82c|runtime-rule:sha256:bcc9c17cc13862329efe55e736c3a9e767e7ff679191edd0899d1eccc13be2a0,calculation|source_binding,string,xsd_declared_type,glob:DecimalMin1Max14Places2Type,https://apply07.grants.gov/apply/forms/schemas/RR_MP_Budget_3_0-V3.0.xsd,8ee3867971d4030582ff4c4cd906cd1a086c2d2491fb6f05b33cdd07ae435846,sha256:8ee3867971d4030582ff4c4cd906cd1a086c2d2491fb6f05b33cdd07ae435846,false
RRMPBudget,[Draft] Research & Related Multi-Project Budget Form,3.0,budget_year[].other_personnel.total_other_personnel_fund,RR_MP_Budget_3_0.BudgetYear.OtherPersonnel.TotalOtherPersonnelFund,TotalOtherPersonnelFund,question,question-candidate:sha256:e5933be6ed2fff6864ad91c854c22717fc181db270ea265bdac7d41b92dc0aa3,question-candidate:sha256:e5933be6ed2fff6864ad91c854c22717fc181db270ea265bdac7d41b92dc0aa3,question:sha256:17355157f0b0d84adbd99509913ea51b9a743ccb737f91d584a7d2cf3b5ffb09,agent_proposed,unqualified,,budget-period|budget-personnel|subaward-budget-collection,0,1,,,,string,xsd_declared_type,glob:DecimalMin1Max15Places2Type,https://apply07.grants.gov/apply/forms/schemas/RR_MP_Budget_3_0-V3.0.xsd,8ee3867971d4030582ff4c4cd906cd1a086c2d2491fb6f05b33cdd07ae435846,sha256:8ee3867971d4030582ff4c4cd906cd1a086c2d2491fb6f05b33cdd07ae435846,false
RRMPBudget,[Draft] Research & Related Multi-Project Budget Form,3.0,budget_year[].other_direct_costs.other_direct_cost_1.cost,RR_MP_Budget_3_0.BudgetYear.OtherDirectCosts.OtherDirectCost1.Cost,Cost,question,question-candidate:sha256:e7168193f97ab2d457b1075bab8513ad3a0863dfd52a673f2a84be738c072455,question-candidate:sha256:e7168193f97ab2d457b1075bab8513ad3a0863dfd52a673f2a84be738c072455,question:sha256:01dad60d7e071cca2603407826a2b58abdf14a117ce4d8d358a1b3f6e025f86d,agent_proposed,unqualified,,budget-other-direct-cost|budget-period|subaward-budget-collection,1,1,,,,string,xsd_declared_type,glob:DecimalMin1Max14Places2Type,https://apply07.grants.gov/apply/forms/schemas/RR_MP_Budget_3_0-V3.0.xsd,8ee3867971d4030582ff4c4cd906cd1a086c2d2491fb6f05b33cdd07ae435846,sha256:8ee3867971d4030582ff4c4cd906cd1a086c2d2491fb6f05b33cdd07ae435846,false
RRMPBudget,[Draft] Research & Related Multi-Project Budget Form,3.0,budget_year[].other_direct_costs.other_direct_cost_10.cost,RR_MP_Budget_3_0.BudgetYear.OtherDirectCosts.OtherDirectCost10.Cost,Cost,question,question-candidate:sha256:e7168193f97ab2d457b1075bab8513ad3a0863dfd52a673f2a84be738c072455,question-candidate:sha256:e7168193f97ab2d457b1075bab8513ad3a0863dfd52a673f2a84be738c072455,question:sha256:fd74a3a23c6177740df24b68dc3752aad3f91ba50a293a945cdcc14fa19e76f6,agent_proposed,unqualified,,budget-other-direct-cost|budget-period|subaward-budget-collection,1,1,,,,string,xsd_declared_type,glob:DecimalMin1Max14Places2Type,https://apply07.grants.gov/apply/forms/schemas/RR_MP_Budget_3_0-V3.0.xsd,8ee3867971d4030582ff4c4cd906cd1a086c2d2491fb6f05b33cdd07ae435846,sha256:8ee3867971d4030582ff4c4cd906cd1a086c2d2491fb6f05b33cdd07ae435846,false
RRMPBudget,[Draft] Research & Related Multi-Project Budget Form,3.0,budget_year[].other_direct_costs.other_direct_cost_2.cost,RR_MP_Budget_3_0.BudgetYear.OtherDirectCosts.OtherDirectCost2.Cost,Cost,question,question-candidate:sha256:e7168193f97ab2d457b1075bab8513ad3a0863dfd52a673f2a84be738c072455,question-candidate:sha256:e7168193f97ab2d457b1075bab8513ad3a0863dfd52a673f2a84be738c072455,question:sha256:aa6f3fed9500ac6b1f17e2d196c780ed0de568110978a1b57927fc4e9979de5e,agent_proposed,unqualified,,budget-other-direct-cost|budget-period|subaward-budget-collection,1,1,,,,string,xsd_declared_type,glob:DecimalMin1Max14Places2Type,https://apply07.grants.gov/apply/forms/schemas/RR_MP_Budget_3_0-V3.0.xsd,8ee3867971d4030582ff4c4cd906cd1a086c2d2491fb6f05b33cdd07ae435846,sha256:8ee3867971d4030582ff4c4cd906cd1a086c2d2491fb6f05b33cdd07ae435846,false
RRMPBudget,[Draft] Research & Related Multi-Project Budget Form,3.0,budget_year[].other_direct_costs.other_direct_cost_3.cost,RR_MP_Budget_3_0.BudgetYear.OtherDirectCosts.OtherDirectCost3.Cost,Cost,question,question-candidate:sha256:e7168193f97ab2d457b1075bab8513ad3a0863dfd52a673f2a84be738c072455,question-candidate:sha256:e7168193f97ab2d457b1075bab8513ad3a0863dfd52a673f2a84be738c072455,question:sha256:3989d1ec1953ecfe7464dc242ba8fc01fe07fd58c4c93902bfa7938ca1db136e,agent_proposed,unqualified,,budget-other-direct-cost|budget-period|subaward-budget-collection,1,1,,,,string,xsd_declared_type,glob:DecimalMin1Max14Places2Type,https://apply07.grants.gov/apply/forms/schemas/RR_MP_Budget_3_0-V3.0.xsd,8ee3867971d4030582ff4c4cd906cd1a086c2d2491fb6f05b33cdd07ae435846,sha256:8ee3867971d4030582ff4c4cd906cd1a086c2d2491fb6f05b33cdd07ae435846,false
RRMPBudget,[Draft] Research & Related Multi-Project Budget Form,3.0,budget_year[].other_direct_costs.other_direct_cost_4.cost,RR_MP_Budget_3_0.BudgetYear.OtherDirectCosts.OtherDirectCost4.Cost,Cost,question,question-candidate:sha256:e7168193f97ab2d457b1075bab8513ad3a0863dfd52a673f2a84be738c072455,question-candidate:sha256:e7168193f97ab2d457b1075bab8513ad3a0863dfd52a673f2a84be738c072455,question:sha256:d9299fa51f6acfa22ca57dd7032e831b1c7e51acb1aec6d56b242c41c8f3aaaa,agent_proposed,unqualified,,budget-other-direct-cost|budget-period|subaward-budget-collection,1,1,,,,string,xsd_declared_type,glob:DecimalMin1Max14Places2Type,https://apply07.grants.gov/apply/forms/schemas/RR_MP_Budget_3_0-V3.0.xsd,8ee3867971d4030582ff4c4cd906cd1a086c2d2491fb6f05b33cdd07ae435846,sha256:8ee3867971d4030582ff4c4cd906cd1a086c2d2491fb6f05b33cdd07ae435846,false
RRMPBudget,[Draft] Research & Related Multi-Project Budget Form,3.0,budget_year[].other_direct_costs.other_direct_cost_5.cost,RR_MP_Budget_3_0.BudgetYear.OtherDirectCosts.OtherDirectCost5.Cost,Cost,question,question-candidate:sha256:e7168193f97ab2d457b1075bab8513ad3a0863dfd52a673f2a84be738c072455,question-candidate:sha256:e7168193f97ab2d457b1075bab8513ad3a0863dfd52a673f2a84be738c072455,question:sha256:721d48b574d3b02d42cbb7133d237fdd69866c744acde733afc7a5d7af5fa4dc,agent_proposed,unqualified,,budget-other-direct-cost|budget-period|subaward-budget-collection,1,1,,,,string,xsd_declared_type,glob:DecimalMin1Max14Places2Type,https://apply07.grants.gov/apply/forms/schemas/RR_MP_Budget_3_0-V3.0.xsd,8ee3867971d4030582ff4c4cd906cd1a086c2d2491fb6f05b33cdd07ae435846,sha256:8ee3867971d4030582ff4c4cd906cd1a086c2d2491fb6f05b33cdd07ae435846,false
RRMPBudget,[Draft] Research & Related Multi-Project Budget Form,3.0,budget_year[].other_direct_costs.other_direct_cost_6.cost,RR_MP_Budget_3_0.BudgetYear.OtherDirectCosts.OtherDirectCost6.Cost,Cost,question,question-candidate:sha256:e7168193f97ab2d457b1075bab8513ad3a0863dfd52a673f2a84be738c072455,question-candidate:sha256:e7168193f97ab2d457b1075bab8513ad3a0863dfd52a673f2a84be738c072455,question:sha256:14985c46879e980ac3da4a5b60594f8e079b3dcffb974a5ba31e44834af20539,agent_proposed,unqualified,,budget-other-direct-cost|budget-period|subaward-budget-collection,1,1,,,,string,xsd_declared_type,glob:DecimalMin1Max14Places2Type,https://apply07.grants.gov/apply/forms/schemas/RR_MP_Budget_3_0-V3.0.xsd,8ee3867971d4030582ff4c4cd906cd1a086c2d2491fb6f05b33cdd07ae435846,sha256:8ee3867971d4030582ff4c4cd906cd1a086c2d2491fb6f05b33cdd07ae435846,false
RRMPBudget,[Draft] Research & Related Multi-Project Budget Form,3.0,budget_year[].other_direct_costs.other_direct_cost_7.cost,RR_MP_Budget_3_0.BudgetYear.OtherDirectCosts.OtherDirectCost7.Cost,Cost,question,question-candidate:sha256:e7168193f97ab2d457b1075bab8513ad3a0863dfd52a673f2a84be738c072455,question-candidate:sha256:e7168193f97ab2d457b1075bab8513ad3a0863dfd52a673f2a84be738c072455,question:sha256:1d40046ea35b05191e530b887259ef1aec76b5c573e181d04bc5db9c854479dc,agent_proposed,unqualified,,budget-other-direct-cost|budget-period|subaward-budget-collection,1,1,,,,string,xsd_declared_type,glob:DecimalMin1Max14Places2Type,https://apply07.grants.gov/apply/forms/schemas/RR_MP_Budget_3_0-V3.0.xsd,8ee3867971d4030582ff4c4cd906cd1a086c2d2491fb6f05b33cdd07ae435846,sha256:8ee3867971d4030582ff4c4cd906cd1a086c2d2491fb6f05b33cdd07ae435846,false
RRMPBudget,[Draft] Research & Related Multi-Project Budget Form,3.0,budget_year[].other_direct_costs.other_direct_cost_8.cost,RR_MP_Budget_3_0.BudgetYear.OtherDirectCosts.OtherDirectCost8.Cost,Cost,question,question-candidate:sha256:e7168193f97ab2d457b1075bab8513ad3a0863dfd52a673f2a84be738c072455,question-candidate:sha256:e7168193f97ab2d457b1075bab8513ad3a0863dfd52a673f2a84be738c072455,question:sha256:5e1acf5deddf7a3e5ec2ed3f7bbb5e09212afd1c011ae13ef7555cd61498fa2b,agent_proposed,unqualified,,budget-other-direct-cost|budget-period|subaward-budget-collection,1,1,,,,string,xsd_declared_type,glob:DecimalMin1Max14Places2Type,https://apply07.grants.gov/apply/forms/schemas/RR_MP_Budget_3_0-V3.0.xsd,8ee3867971d4030582ff4c4cd906cd1a086c2d2491fb6f05b33cdd07ae435846,sha256:8ee3867971d4030582ff4c4cd906cd1a086c2d2491fb6f05b33cdd07ae435846,false
RRMPBudget,[Draft] Research & Related Multi-Project Budget Form,3.0,budget_year[].other_direct_costs.other_direct_cost_9.cost,RR_MP_Budget_3_0.BudgetYear.OtherDirectCosts.OtherDirectCost9.Cost,Cost,question,question-candidate:sha256:e7168193f97ab2d457b1075bab8513ad3a0863dfd52a673f2a84be738c072455,question-candidate:sha256:e7168193f97ab2d457b1075bab8513ad3a0863dfd52a673f2a84be738c072455,question:sha256:3a96f0f83642ffe599b5f485dc7b94057b5eda700edb78a7183a2c9a4443fb6e,agent_proposed,unqualified,,budget-other-direct-cost|budget-period|subaward-budget-collection,1,1,,,,string,xsd_declared_type,glob:DecimalMin1Max14Places2Type,https://apply07.grants.gov/apply/forms/schemas/RR_MP_Budget_3_0-V3.0.xsd,8ee3867971d4030582ff4c4cd906cd1a086c2d2491fb6f05b33cdd07ae435846,sha256:8ee3867971d4030582ff4c4cd906cd1a086c2d2491fb6f05b33cdd07ae435846,false
RRMPBudget,[Draft] Research & Related Multi-Project Budget Form,3.0,budget_year[].participant_trainee_support_costs.other.cost,RR_MP_Budget_3_0.BudgetYear.ParticipantTraineeSupportCosts.Other.Cost,Cost,question,question-candidate:sha256:e7168193f97ab2d457b1075bab8513ad3a0863dfd52a673f2a84be738c072455,question-candidate:sha256:e7168193f97ab2d457b1075bab8513ad3a0863dfd52a673f2a84be738c072455,question:sha256:a4cf21ed541b46566db87c8101affa53e525266b5ab8e45ae8ef6a94cd7ed685,agent_proposed,unqualified,,budget-participant-support|budget-period|subaward-budget-collection,1,1,,,,string,xsd_declared_type,glob:DecimalMin1Max14Places2Type,https://apply07.grants.gov/apply/forms/schemas/RR_MP_Budget_3_0-V3.0.xsd,8ee3867971d4030582ff4c4cd906cd1a086c2d2491fb6f05b33cdd07ae435846,sha256:8ee3867971d4030582ff4c4cd906cd1a086c2d2491fb6f05b33cdd07ae435846,false
RRMPBudget,[Draft] Research & Related Multi-Project Budget Form,3.0,budget_year[].other_direct_costs.subaward_consortium_contractual_costs,RR_MP_Budget_3_0.BudgetYear.OtherDirectCosts.SubawardConsortiumContractualCosts,SubawardConsortiumContractualCosts,question,question-candidate:sha256:ee2068e4b6904928de28f3572c2772b56773bf03a5f98da8d61a437fb16c6881,question-candidate:sha256:ee2068e4b6904928de28f3572c2772b56773bf03a5f98da8d61a437fb16c6881,question:sha256:687158f77b138adf26aba4fad59e0f21b403abc85f9c4e72519c14a1328c00ff,agent_proposed,unqualified,,budget-other-direct-cost|budget-period|subaward-budget-collection,0,1,,runtime-rule:sha256:14fccad218ff0fe45b2b262bebec517b81f5d1a15b22a38d3edfe642d6905919,calculation,string,xsd_declared_type,glob:DecimalMin1Max14Places2Type,https://apply07.grants.gov/apply/forms/schemas/RR_MP_Budget_3_0-V3.0.xsd,8ee3867971d4030582ff4c4cd906cd1a086c2d2491fb6f05b33cdd07ae435846,sha256:8ee3867971d4030582ff4c4cd906cd1a086c2d2491fb6f05b33cdd07ae435846,false
RRMPBudget,[Draft] Research & Related Multi-Project Budget Form,3.0,budget_year[].other_personnel.other_personnel_total_number,RR_MP_Budget_3_0.BudgetYear.OtherPersonnel.OtherPersonnelTotalNumber,OtherPersonnelTotalNumber,question,question-candidate:sha256:fa45012b64f840210de986877dd3c5bb8a02717a3531f56912647768cb86171e,question-candidate:sha256:fa45012b64f840210de986877dd3c5bb8a02717a3531f56912647768cb86171e,question:sha256:911340057863d90e9c40128b43f2b6bb961559d561e4ce54152d7f6de4aae3a8,agent_proposed,unqualified,,budget-period|budget-personnel|subaward-budget-collection,1,1,,,,integer,xsd_declared_type,RR_MP_Budget_3_0:Int4DataType,https://apply07.grants.gov/apply/forms/schemas/RR_MP_Budget_3_0-V3.0.xsd,8ee3867971d4030582ff4c4cd906cd1a086c2d2491fb6f05b33cdd07ae435846,sha256:8ee3867971d4030582ff4c4cd906cd1a086c2d2491fb6f05b33cdd07ae435846,false
RRMPBudget,[Draft] Research & Related Multi-Project Budget Form,3.0,budget_year[].key_persons.key_person[].calendar_months,RR_MP_Budget_3_0.BudgetYear.KeyPersons.KeyPerson.CalendarMonths,CalendarMonths,question,question-candidate:sha256:fecb74b8c22574946af7e5d5e9073b4736e46cb21fe378ad1dc9f3a6cdc2629e,question-candidate:sha256:fecb74b8c22574946af7e5d5e9073b4736e46cb21fe378ad1dc9f3a6cdc2629e,question:sha256:1beee5cbd86a23a7f954101c26adad4184215450b8ea641ab6cb7bdce76e69a4,agent_proposed,senior_key_person,,budget-period|money-and-effort-primitives|person-profile|subaward-budget-collection,0,1,,,,string,xsd_declared_type,RR_MP_Budget_3_0:Month2whole2fracDataType,https://apply07.grants.gov/apply/forms/schemas/RR_MP_Budget_3_0-V3.0.xsd,8ee3867971d4030582ff4c4cd906cd1a086c2d2491fb6f05b33cdd07ae435846,sha256:8ee3867971d4030582ff4c4cd906cd1a086c2d2491fb6f05b33cdd07ae435846,false
RRMPSubawardBudget,[Draft] Research & Related Multi-Project Subaward Budget Attachment(s) Form,3.0,budget_attachments.rr_mp_budget_3_0[].budget_year[].equipment.equipment_list[].funds_requested,RR_MP_SubawardBudget_3_0.BudgetAttachments.RR_MP_Budget_3_0.BudgetYear.Equipment.EquipmentList.FundsRequested,FundsRequested,question,question-candidate:sha256:020d32f58b37678c8934cf06913c416397edf1f881f67d06ea9d427fc7374163,question-candidate:sha256:020d32f58b37678c8934cf06913c416397edf1f881f67d06ea9d427fc7374163,question:sha256:22c0f29bbd8bc845c0fe86d7d1f33b110753335599090087699ec590bf83cfd5,agent_proposed,subaward_organization,,budget-equipment|budget-period|money-and-effort-primitives|subaward-budget-collection,1,1,,,,string,xsd_declared_type,glob:DecimalMin1Max14Places2Type,https://apply07.grants.gov/apply/forms/schemas/RR_MP_Budget_3_0-V3.0.xsd,8ee3867971d4030582ff4c4cd906cd1a086c2d2491fb6f05b33cdd07ae435846,sha256:20dce5b3498c809727892ee6cb837db223d687564c5829d94fe481367b7815c4,false
RRMPSubawardBudget,[Draft] Research & Related Multi-Project Subaward Budget Attachment(s) Form,3.0,budget_attachments.rr_mp_budget_3_0[].budget_year[].other_personnel.graduate_students.funds_requested,RR_MP_SubawardBudget_3_0.BudgetAttachments.RR_MP_Budget_3_0.BudgetYear.OtherPersonnel.GraduateStudents.FundsRequested,FundsRequested,question,question-candidate:sha256:020d32f58b37678c8934cf06913c416397edf1f881f67d06ea9d427fc7374163,question-candidate:sha256:020d32f58b37678c8934cf06913c416397edf1f881f67d06ea9d427fc7374163,question:sha256:6fb2666345da9f5792f983ee341b705febb6544667ca54ccae242da187562c00,agent_proposed,subaward_organization,,budget-period|budget-personnel|money-and-effort-primitives|subaward-budget-collection,1,1,,,,string,xsd_declared_type,glob:DecimalMin1Max15Places2Type,https://apply07.grants.gov/apply/forms/schemas/RR_MP_Budget_3_0-V3.0.xsd,8ee3867971d4030582ff4c4cd906cd1a086c2d2491fb6f05b33cdd07ae435846,sha256:20dce5b3498c809727892ee6cb837db223d687564c5829d94fe481367b7815c4,false
RRMPSubawardBudget,[Draft] Research & Related Multi-Project Subaward Budget Attachment(s) Form,3.0,budget_attachments.rr_mp_budget_3_0[].budget_year[].other_personnel.other[].funds_requested,RR_MP_SubawardBudget_3_0.BudgetAttachments.RR_MP_Budget_3_0.BudgetYear.OtherPersonnel.Other.FundsRequested,FundsRequested,question,question-candidate:sha256:020d32f58b37678c8934cf06913c416397edf1f881f67d06ea9d427fc7374163,question-candidate:sha256:020d32f58b37678c8934cf06913c416397edf1f881f67d06ea9d427fc7374163,question:sha256:0f1a6240d9ef0e6ee6161b0bd8a4c758d7d7679c6c1723b5d019bc4bc3a3978d,agent_proposed,subaward_organization,,budget-period|budget-personnel|money-and-effort-primitives|subaward-budget-collection,1,1,,,,string,xsd_declared_type,glob:DecimalMin1Max15Places2Type,https://apply07.grants.gov/apply/forms/schemas/RR_MP_Budget_3_0-V3.0.xsd,8ee3867971d4030582ff4c4cd906cd1a086c2d2491fb6f05b33cdd07ae435846,sha256:20dce5b3498c809727892ee6cb837db223d687564c5829d94fe481367b7815c4,false
RRMPSubawardBudget,[Draft] Research & Related Multi-Project Subaward Budget Attachment(s) Form,3.0,budget_attachments.rr_mp_budget_3_0[].budget_year[].other_personnel.post_doc_associates.funds_requested,RR_MP_SubawardBudget_3_0.BudgetAttachments.RR_MP_Budget_3_0.BudgetYear.OtherPersonnel.PostDocAssociates.FundsRequested,FundsRequested,question,question-candidate:sha256:020d32f58b37678c8934cf06913c416397edf1f881f67d06ea9d427fc7374163,question-candidate:sha256:020d32f58b37678c8934cf06913c416397edf1f881f67d06ea9d427fc7374163,question:sha256:85fa3587a170bbf9348fc4548b5a6fdb3a63de2afb839acf51b81cbc04e4ac2b,agent_proposed,subaward_organization,,budget-period|budget-personnel|money-and-effort-primitives|subaward-budget-collection,1,1,,,,string,xsd_declared_type,glob:DecimalMin1Max15Places2Type,https://apply07.grants.gov/apply/forms/schemas/RR_MP_Budget_3_0-V3.0.xsd,8ee3867971d4030582ff4c4cd906cd1a086c2d2491fb6f05b33cdd07ae435846,sha256:20dce5b3498c809727892ee6cb837db223d687564c5829d94fe481367b7815c4,false
RRMPSubawardBudget,[Draft] Research & Related Multi-Project Subaward Budget Attachment(s) Form,3.0,budget_attachments.rr_mp_budget_3_0[].budget_year[].other_personnel.secretarial_clerical.funds_requested,RR_MP_SubawardBudget_3_0.BudgetAttachments.RR_MP_Budget_3_0.BudgetYear.OtherPersonnel.SecretarialClerical.FundsRequested,FundsRequested,question,question-candidate:sha256:020d32f58b37678c8934cf06913c416397edf1f881f67d06ea9d427fc7374163,question-candidate:sha256:020d32f58b37678c8934cf06913c416397edf1f881f67d06ea9d427fc7374163,question:sha256:abfe76b9ea76e5ee034ccf5ad9a1dcaeaa625a62f4954a4897b9dc10a82deb08,agent_proposed,subaward_organization,,budget-period|budget-personnel|money-and-effort-primitives|subaward-budget-collection,1,1,,,,string,xsd_declared_type,glob:DecimalMin1Max15Places2Type,https://apply07.grants.gov/apply/forms/schemas/RR_MP_Budget_3_0-V3.0.xsd,8ee3867971d4030582ff4c4cd906cd1a086c2d2491fb6f05b33cdd07ae435846,sha256:20dce5b3498c809727892ee6cb837db223d687564c5829d94fe481367b7815c4,false
RRMPSubawardBudget,[Draft] Research & Related Multi-Project Subaward Budget Attachment(s) Form,3.0,budget_attachments.rr_mp_budget_3_0[].budget_year[].other_personnel.undergraduate_students.funds_requested,RR_MP_SubawardBudget_3_0.BudgetAttachments.RR_MP_Budget_3_0.BudgetYear.OtherPersonnel.UndergraduateStudents.FundsRequested,FundsRequested,question,question-candidate:sha256:020d32f58b37678c8934cf06913c416397edf1f881f67d06ea9d427fc7374163,question-candidate:sha256:020d32f58b37678c8934cf06913c416397edf1f881f67d06ea9d427fc7374163,question:sha256:2677a2717b7e9f73edef7c7cd6ff53b23a6b64a81a06d32b232523b1c2580907,agent_proposed,subaward_organization,,budget-period|budget-personnel|money-and-effort-primitives|subaward-budget-collection,1,1,,,,string,xsd_declared_type,glob:DecimalMin1Max15Places2Type,https://apply07.grants.gov/apply/forms/schemas/RR_MP_Budget_3_0-V3.0.xsd,8ee3867971d4030582ff4c4cd906cd1a086c2d2491fb6f05b33cdd07ae435846,sha256:20dce5b3498c809727892ee6cb837db223d687564c5829d94fe481367b7815c4,false
RRMPSubawardBudget,[Draft] Research & Related Multi-Project Subaward Budget Attachment(s) Form,3.0,budget_attachments.rr_mp_budget_3_0[].budget_year[].other_personnel.graduate_students.number_of_personnel,RR_MP_SubawardBudget_3_0.BudgetAttachments.RR_MP_Budget_3_0.BudgetYear.OtherPersonnel.GraduateStudents.NumberOfPersonnel,NumberOfPersonnel,question,question-candidate:sha256:03031566044c79a97ec3ec33b4ad74de3e1944a26536137b11222fcbe7fc036c,question-candidate:sha256:03031566044c79a97ec3ec33b4ad74de3e1944a26536137b11222fcbe7fc036c,question:sha256:ea8c5326ba21a9c9ef18672b41144a77dbc788f01f43d96f3e4d607a5038ec25,agent_proposed,subaward_organization,,budget-period|budget-personnel|subaward-budget-collection,1,1,,,,integer,xsd_declared_type,RR_MP_Budget_3_0:Int3DataType,https://apply07.grants.gov/apply/forms/schemas/RR_MP_Budget_3_0-V3.0.xsd,8ee3867971d4030582ff4c4cd906cd1a086c2d2491fb6f05b33cdd07ae435846,sha256:20dce5b3498c809727892ee6cb837db223d687564c5829d94fe481367b7815c4,false
RRMPSubawardBudget,[Draft] Research & Related Multi-Project Subaward Budget Attachment(s) Form,3.0,budget_attachments.rr_mp_budget_3_0[].budget_year[].other_personnel.other[].number_of_personnel,RR_MP_SubawardBudget_3_0.BudgetAttachments.RR_MP_Budget_3_0.BudgetYear.OtherPersonnel.Other.NumberOfPersonnel,NumberOfPersonnel,question,question-candidate:sha256:03031566044c79a97ec3ec33b4ad74de3e1944a26536137b11222fcbe7fc036c,question-candidate:sha256:03031566044c79a97ec3ec33b4ad74de3e1944a26536137b11222fcbe7fc036c,question:sha256:cec78716908bbb846bda933977fc4d92cc9bf60048fb43a760b2da747a87acc5,agent_proposed,subaward_organization,,budget-period|budget-personnel|subaward-budget-collection,1,1,,,,integer,xsd_declared_type,RR_MP_Budget_3_0:Int3DataType,https://apply07.grants.gov/apply/forms/schemas/RR_MP_Budget_3_0-V3.0.xsd,8ee3867971d4030582ff4c4cd906cd1a086c2d2491fb6f05b33cdd07ae435846,sha256:20dce5b3498c809727892ee6cb837db223d687564c5829d94fe481367b7815c4,false
RRMPSubawardBudget,[Draft] Research & Related Multi-Project Subaward Budget Attachment(s) Form,3.0,budget_attachments.rr_mp_budget_3_0[].budget_year[].other_personnel.post_doc_associates.number_of_personnel,RR_MP_SubawardBudget_3_0.BudgetAttachments.RR_MP_Budget_3_0.BudgetYear.OtherPersonnel.PostDocAssociates.NumberOfPersonnel,NumberOfPersonnel,question,question-candidate:sha256:03031566044c79a97ec3ec33b4ad74de3e1944a26536137b11222fcbe7fc036c,question-candidate:sha256:03031566044c79a97ec3ec33b4ad74de3e1944a26536137b11222fcbe7fc036c,question:sha256:9149650603e5396e2858c3e3c7a629db75c4bd60ee15e78cdfad9c8d5eb3a39c,agent_proposed,subaward_organization,,budget-period|budget-personnel|subaward-budget-collection,1,1,,,,integer,xsd_declared_type,RR_MP_Budget_3_0:Int3DataType,https://apply07.grants.gov/apply/forms/schemas/RR_MP_Budget_3_0-V3.0.xsd,8ee3867971d4030582ff4c4cd906cd1a086c2d2491fb6f05b33cdd07ae435846,sha256:20dce5b3498c809727892ee6cb837db223d687564c5829d94fe481367b7815c4,false
RRMPSubawardBudget,[Draft] Research & Related Multi-Project Subaward Budget Attachment(s) Form,3.0,budget_attachments.rr_mp_budget_3_0[].budget_year[].other_personnel.secretarial_clerical.number_of_personnel,RR_MP_SubawardBudget_3_0.BudgetAttachments.RR_MP_Budget_3_0.BudgetYear.OtherPersonnel.SecretarialClerical.NumberOfPersonnel,NumberOfPersonnel,question,question-candidate:sha256:03031566044c79a97ec3ec33b4ad74de3e1944a26536137b11222fcbe7fc036c,question-candidate:sha256:03031566044c79a97ec3ec33b4ad74de3e1944a26536137b11222fcbe7fc036c,question:sha256:0e6b046b5621841b5a2b4a969bc86088120681d98c3112199f2d13f5495141da,agent_proposed,subaward_organization,,budget-period|budget-personnel|subaward-budget-collection,1,1,,,,integer,xsd_declared_type,RR_MP_Budget_3_0:Int3DataType,https://apply07.grants.gov/apply/forms/schemas/RR_MP_Budget_3_0-V3.0.xsd,8ee3867971d4030582ff4c4cd906cd1a086c2d2491fb6f05b33cdd07ae435846,sha256:20dce5b3498c809727892ee6cb837db223d687564c5829d94fe481367b7815c4,false
RRMPSubawardBudget,[Draft] Research & Related Multi-Project Subaward Budget Attachment(s) Form,3.0,budget_attachments.rr_mp_budget_3_0[].budget_year[].other_personnel.undergraduate_students.number_of_personnel,RR_MP_SubawardBudget_3_0.BudgetAttachments.RR_MP_Budget_3_0.BudgetYear.OtherPersonnel.UndergraduateStudents.NumberOfPersonnel,NumberOfPersonnel,question,question-candidate:sha256:03031566044c79a97ec3ec33b4ad74de3e1944a26536137b11222fcbe7fc036c,question-candidate:sha256:03031566044c79a97ec3ec33b4ad74de3e1944a26536137b11222fcbe7fc036c,question:sha256:ac1318419511a681df6599815df042912574c152fafb3011637a96d6e14df531,agent_proposed,subaward_organization,,budget-period|budget-personnel|subaward-budget-collection,1,1,,,,integer,xsd_declared_type,RR_MP_Budget_3_0:Int3DataType,https://apply07.grants.gov/apply/forms/schemas/RR_MP_Budget_3_0-V3.0.xsd,8ee3867971d4030582ff4c4cd906cd1a086c2d2491fb6f05b33cdd07ae435846,sha256:20dce5b3498c809727892ee6cb837db223d687564c5829d94fe481367b7815c4,false
RRMPSubawardBudget,[Draft] Research & Related Multi-Project Subaward Budget Attachment(s) Form,3.0,budget_attachments.rr_mp_budget_3_0[].budget_year[].key_persons.key_person[].requested_salary,RR_MP_SubawardBudget_3_0.BudgetAttachments.RR_MP_Budget_3_0.BudgetYear.KeyPersons.KeyPerson.RequestedSalary,RequestedSalary,question,question-candidate:sha256:032530cbc946d2c171982ecbf8617b493f293faf0588a91a9d8e9be0addfc4a0,question-candidate:sha256:032530cbc946d2c171982ecbf8617b493f293faf0588a91a9d8e9be0addfc4a0,question:sha256:220a78d80db4fe6404fffa64c4cc41e716355babe38bcb2b69cce72b77a80bac,agent_proposed,senior_key_person,,budget-period|money-and-effort-primitives|person-profile|subaward-budget-collection,1,1,,,,string,xsd_declared_type,glob:DecimalMin1Max14Places2Type,https://apply07.grants.gov/apply/forms/schemas/RR_MP_Budget_3_0-V3.0.xsd,8ee3867971d4030582ff4c4cd906cd1a086c2d2491fb6f05b33cdd07ae435846,sha256:20dce5b3498c809727892ee6cb837db223d687564c5829d94fe481367b7815c4,false
RRMPSubawardBudget,[Draft] Research & Related Multi-Project Subaward Budget Attachment(s) Form,3.0,budget_attachments.rr_mp_budget_3_0[].budget_year[].participant_trainee_support_costs.stipends,RR_MP_SubawardBudget_3_0.BudgetAttachments.RR_MP_Budget_3_0.BudgetYear.ParticipantTraineeSupportCosts.Stipends,Stipends,question,question-candidate:sha256:048fb5dedc0077cd896a9cc32aaa5ba309ff45f2b89a67911c2eba6f82069e5c,question-candidate:sha256:048fb5dedc0077cd896a9cc32aaa5ba309ff45f2b89a67911c2eba6f82069e5c,question:sha256:bc88f3d1df62b10c2011c8ed88fa08849ac7437c77efb75aacb50d59ae1469dd,agent_proposed,subaward_organization,,budget-participant-support|budget-period|subaward-budget-collection,0,1,,,,string,xsd_declared_type,glob:DecimalMin1Max14Places2Type,https://apply07.grants.gov/apply/forms/schemas/RR_MP_Budget_3_0-V3.0.xsd,8ee3867971d4030582ff4c4cd906cd1a086c2d2491fb6f05b33cdd07ae435846,sha256:20dce5b3498c809727892ee6cb837db223d687564c5829d94fe481367b7815c4,false
RRMPSubawardBudget,[Draft] Research & Related Multi-Project Subaward Budget Attachment(s) Form,3.0,budget_attachments.rr_mp_budget_3_0[].budget_year[].other_direct_costs.alterations_renovations,RR_MP_SubawardBudget_3_0.BudgetAttachments.RR_MP_Budget_3_0.BudgetYear.OtherDirectCosts.AlterationsRenovations,AlterationsRenovations,question,question-candidate:sha256:0732f532be80cf009dbade4502d0bcfecde8c5a3c5105fc5f4535ad44863c2f7,question-candidate:sha256:0732f532be80cf009dbade4502d0bcfecde8c5a3c5105fc5f4535ad44863c2f7,question:sha256:1e7dd5bd2b6113ae6ddb8a3e41bede4109976e6815bb1031bf71260117549a1e,agent_proposed,subaward_organization,,budget-other-direct-cost|budget-period|subaward-budget-collection,0,1,,,,string,xsd_declared_type,glob:DecimalMin1Max14Places2Type,https://apply07.grants.gov/apply/forms/schemas/RR_MP_Budget_3_0-V3.0.xsd,8ee3867971d4030582ff4c4cd906cd1a086c2d2491fb6f05b33cdd07ae435846,sha256:20dce5b3498c809727892ee6cb837db223d687564c5829d94fe481367b7815c4,false
RRMPSubawardBudget,[Draft] Research & Related Multi-Project Subaward Budget Attachment(s) Form,3.0,budget_attachments.rr_mp_budget_3_0[].budget_year[].other_direct_costs.total_other_direct_cost,RR_MP_SubawardBudget_3_0.BudgetAttachments.RR_MP_Budget_3_0.BudgetYear.OtherDirectCosts.TotalOtherDirectCost,TotalOtherDirectCost,question,question-candidate:sha256:08b22af7bae10abbeca15f26063abbcd79e8b7744a97f3cbd42ff360181d2307,question-candidate:sha256:08b22af7bae10abbeca15f26063abbcd79e8b7744a97f3cbd42ff360181d2307,question:sha256:2a26e3d68c94cf12d97cc7471396d39335d74d38de42e5463e7729747fef5d4e,agent_proposed,subaward_organization,,budget-other-direct-cost|budget-period|subaward-budget-collection,1,1,,,,string,xsd_declared_type,glob:DecimalMin1Max15Places2Type,https://apply07.grants.gov/apply/forms/schemas/RR_MP_Budget_3_0-V3.0.xsd,8ee3867971d4030582ff4c4cd906cd1a086c2d2491fb6f05b33cdd07ae435846,sha256:20dce5b3498c809727892ee6cb837db223d687564c5829d94fe481367b7815c4,false
RRMPSubawardBudget,[Draft] Research & Related Multi-Project Subaward Budget Attachment(s) Form,3.0,budget_attachments.rr_mp_budget_3_0[].budget_year[].indirect_costs.indirect_cost[].rate,RR_MP_SubawardBudget_3_0.BudgetAttachments.RR_MP_Budget_3_0.BudgetYear.IndirectCosts.IndirectCost.Rate,Rate,question,question-candidate:sha256:0a3f3685f147f0d19ed1b07c184530a91e5f190e2c07e8e86640d01ae637922b,question-candidate:sha256:0a3f3685f147f0d19ed1b07c184530a91e5f190e2c07e8e86640d01ae637922b,question:sha256:4102daf1ee1c3aa51dc26778db514fc62d1324ba429a28247ed286b726634115,agent_proposed,subaward_organization,,budget-indirect-cost|budget-period|subaward-budget-collection,0,1,,,,string,normalized_source_type,decimal,https://apply07.grants.gov/apply/forms/schemas/RR_MP_Budget_3_0-V3.0.xsd,8ee3867971d4030582ff4c4cd906cd1a086c2d2491fb6f05b33cdd07ae435846,sha256:20dce5b3498c809727892ee6cb837db223d687564c5829d94fe481367b7815c4,false
RRMPSubawardBudget,[Draft] Research & Related Multi-Project Subaward Budget Attachment(s) Form,3.0,budget_attachments.rr_mp_budget_3_0[].budget_year[].total_compensation,RR_MP_SubawardBudget_3_0.BudgetAttachments.RR_MP_Budget_3_0.BudgetYear.TotalCompensation,TotalCompensation,question,question-candidate:sha256:0c2f846cafbdb21d488bbd40e0f978321a3d066213e20b85c25b6160432eebf6,question-candidate:sha256:0c2f846cafbdb21d488bbd40e0f978321a3d066213e20b85c25b6160432eebf6,question:sha256:dfe6184f4d736080b8508eb721cc5a0d062f0abd7996a98f399d89bc8daece37,agent_proposed,subaward_organization,,budget-period|subaward-budget-collection,1,1,,,,string,xsd_declared_type,glob:DecimalMin1Max15Places2Type,https://apply07.grants.gov/apply/forms/schemas/RR_MP_Budget_3_0-V3.0.xsd,8ee3867971d4030582ff4c4cd906cd1a086c2d2491fb6f05b33cdd07ae435846,sha256:20dce5b3498c809727892ee6cb837db223d687564c5829d94fe481367b7815c4,false
RRMPSubawardBudget,[Draft] Research & Related Multi-Project Subaward Budget Attachment(s) Form,3.0,budget_attachments.rr_mp_budget_3_0[].budget_year[].key_persons.key_person[].project_role,RR_MP_SubawardBudget_3_0.BudgetAttachments.RR_MP_Budget_3_0.BudgetYear.KeyPersons.KeyPerson.ProjectRole,ProjectRole,question,question-candidate:sha256:13a53bf7ada4e8ee77ef2076b64967e0352f7658be9e563a6857f98082823557,question-candidate:sha256:13a53bf7ada4e8ee77ef2076b64967e0352f7658be9e563a6857f98082823557,question:sha256:93fe80cca62b22fd7cb2c04cae47b6e30b720f2bc80d08ed32e6e77665220e5e,agent_proposed,senior_key_person,,budget-period|person-profile|project-role|subaward-budget-collection,1,1,,,,string,xsd_declared_type,glob:StringMin1Max100Type,https://apply07.grants.gov/apply/forms/schemas/RR_MP_Budget_3_0-V3.0.xsd,8ee3867971d4030582ff4c4cd906cd1a086c2d2491fb6f05b33cdd07ae435846,sha256:20dce5b3498c809727892ee6cb837db223d687564c5829d94fe481367b7815c4,false
RRMPSubawardBudget,[Draft] Research & Related Multi-Project Subaward Budget Attachment(s) Form,3.0,budget_attachments.rr_mp_budget_3_0[].budget_year[].budget_period_end_date,RR_MP_SubawardBudget_3_0.BudgetAttachments.RR_MP_Budget_3_0.BudgetYear.BudgetPeriodEndDate,BudgetPeriodEndDate,question,question-candidate:sha256:1e840b8372a8fdb5e413e99ba1eae8c6898188aac313d8a7fde58a15d5fc04e9,question-candidate:sha256:1e840b8372a8fdb5e413e99ba1eae8c6898188aac313d8a7fde58a15d5fc04e9,question:sha256:2bfa9909aafe555fe88fad8489b73eb8a4aa4be9979b630329249c0542fbc2b4,agent_proposed,subaward_organization,,budget-period|subaward-budget-collection,1,1,,,,string,xsd_declared_type,xs:date,https://apply07.grants.gov/apply/forms/schemas/RR_MP_Budget_3_0-V3.0.xsd,8ee3867971d4030582ff4c4cd906cd1a086c2d2491fb6f05b33cdd07ae435846,sha256:20dce5b3498c809727892ee6cb837db223d687564c5829d94fe481367b7815c4,false
RRMPSubawardBudget,[Draft] Research & Related Multi-Project Subaward Budget Attachment(s) Form,3.0,budget_attachments.rr_mp_budget_3_0[].budget_year[].other_personnel.graduate_students.requested_salary,RR_MP_SubawardBudget_3_0.BudgetAttachments.RR_MP_Budget_3_0.BudgetYear.OtherPersonnel.GraduateStudents.RequestedSalary,RequestedSalary,question,question-candidate:sha256:1fe88adc5d563adac5dffbbed8fab060c6905ff3678d6416f1c10a695edd5d09,question-candidate:sha256:1fe88adc5d563adac5dffbbed8fab060c6905ff3678d6416f1c10a695edd5d09,question:sha256:3dd921821424609d908c2c1fab11d68aa07398ca689b369d75aa621019dfbd98,agent_proposed,subaward_organization,,budget-period|budget-personnel|money-and-effort-primitives|subaward-budget-collection,1,1,,,,string,xsd_declared_type,glob:DecimalMin1Max14Places2Type,https://apply07.grants.gov/apply/forms/schemas/RR_MP_Budget_3_0-V3.0.xsd,8ee3867971d4030582ff4c4cd906cd1a086c2d2491fb6f05b33cdd07ae435846,sha256:20dce5b3498c809727892ee6cb837db223d687564c5829d94fe481367b7815c4,false
RRMPSubawardBudget,[Draft] Research & Related Multi-Project Subaward Budget Attachment(s) Form,3.0,budget_attachments.rr_mp_budget_3_0[].budget_year[].other_personnel.other[].requested_salary,RR_MP_SubawardBudget_3_0.BudgetAttachments.RR_MP_Budget_3_0.BudgetYear.OtherPersonnel.Other.RequestedSalary,RequestedSalary,question,question-candidate:sha256:1fe88adc5d563adac5dffbbed8fab060c6905ff3678d6416f1c10a695edd5d09,question-candidate:sha256:1fe88adc5d563adac5dffbbed8fab060c6905ff3678d6416f1c10a695edd5d09,question:sha256:69b9f6f046bc996a0de34843681b9fa58332bed6b9e368a5f2252ea5523bd9a1,agent_proposed,subaward_organization,,budget-period|budget-personnel|money-and-effort-primitives|subaward-budget-collection,1,1,,,,string,xsd_declared_type,glob:DecimalMin1Max14Places2Type,https://apply07.grants.gov/apply/forms/schemas/RR_MP_Budget_3_0-V3.0.xsd,8ee3867971d4030582ff4c4cd906cd1a086c2d2491fb6f05b33cdd07ae435846,sha256:20dce5b3498c809727892ee6cb837db223d687564c5829d94fe481367b7815c4,false
RRMPSubawardBudget,[Draft] Research & Related Multi-Project Subaward Budget Attachment(s) Form,3.0,budget_attachments.rr_mp_budget_3_0[].budget_year[].other_personnel.post_doc_associates.requested_salary,RR_MP_SubawardBudget_3_0.BudgetAttachments.RR_MP_Budget_3_0.BudgetYear.OtherPersonnel.PostDocAssociates.RequestedSalary,RequestedSalary,question,question-candidate:sha256:1fe88adc5d563adac5dffbbed8fab060c6905ff3678d6416f1c10a695edd5d09,question-candidate:sha256:1fe88adc5d563adac5dffbbed8fab060c6905ff3678d6416f1c10a695edd5d09,question:sha256:ecf57150299953391b230aae4e6110bf16bf1a0c2e082c8977a794ef3fce6dab,agent_proposed,subaward_organization,,budget-period|budget-personnel|money-and-effort-primitives|subaward-budget-collection,1,1,,,,string,xsd_declared_type,glob:DecimalMin1Max14Places2Type,https://apply07.grants.gov/apply/forms/schemas/RR_MP_Budget_3_0-V3.0.xsd,8ee3867971d4030582ff4c4cd906cd1a086c2d2491fb6f05b33cdd07ae435846,sha256:20dce5b3498c809727892ee6cb837db223d687564c5829d94fe481367b7815c4,false
RRMPSubawardBudget,[Draft] Research & Related Multi-Project Subaward Budget Attachment(s) Form,3.0,budget_attachments.rr_mp_budget_3_0[].budget_year[].other_personnel.secretarial_clerical.requested_salary,RR_MP_SubawardBudget_3_0.BudgetAttachments.RR_MP_Budget_3_0.BudgetYear.OtherPersonnel.SecretarialClerical.RequestedSalary,RequestedSalary,question,question-candidate:sha256:1fe88adc5d563adac5dffbbed8fab060c6905ff3678d6416f1c10a695edd5d09,question-candidate:sha256:1fe88adc5d563adac5dffbbed8fab060c6905ff3678d6416f1c10a695edd5d09,question:sha256:9ff57af0d6b5ada72986b9d120b3a0949deeb3b774cc14af41c278604a96a39e,agent_proposed,subaward_organization,,budget-period|budget-personnel|money-and-effort-primitives|subaward-budget-collection,1,1,,,,string,xsd_declared_type,glob:DecimalMin1Max14Places2Type,https://apply07.grants.gov/apply/forms/schemas/RR_MP_Budget_3_0-V3.0.xsd,8ee3867971d4030582ff4c4cd906cd1a086c2d2491fb6f05b33cdd07ae435846,sha256:20dce5b3498c809727892ee6cb837db223d687564c5829d94fe481367b7815c4,false
RRMPSubawardBudget,[Draft] Research & Related Multi-Project Subaward Budget Attachment(s) Form,3.0,budget_attachments.rr_mp_budget_3_0[].budget_year[].other_personnel.undergraduate_students.requested_salary,RR_MP_SubawardBudget_3_0.BudgetAttachments.RR_MP_Budget_3_0.BudgetYear.OtherPersonnel.UndergraduateStudents.RequestedSalary,RequestedSalary,question,question-candidate:sha256:1fe88adc5d563adac5dffbbed8fab060c6905ff3678d6416f1c10a695edd5d09,question-candidate:sha256:1fe88adc5d563adac5dffbbed8fab060c6905ff3678d6416f1c10a695edd5d09,question:sha256:46a5b49b3c76d1ae6e9c5cdbd49d9d6391260c0537c6bbde2bb23e542b1712af,agent_proposed,subaward_organization,,budget-period|budget-personnel|money-and-effort-primitives|subaward-budget-collection,1,1,,,,string,xsd_declared_type,glob:DecimalMin1Max14Places2Type,https://apply07.grants.gov/apply/forms/schemas/RR_MP_Budget_3_0-V3.0.xsd,8ee3867971d4030582ff4c4cd906cd1a086c2d2491fb6f05b33cdd07ae435846,sha256:20dce5b3498c809727892ee6cb837db223d687564c5829d94fe481367b7815c4,false
RRMPSubawardBudget,[Draft] Research & Related Multi-Project Subaward Budget Attachment(s) Form,3.0,budget_attachments.rr_mp_budget_3_0[].budget_year[].other_personnel.graduate_students.summer_months,RR_MP_SubawardBudget_3_0.BudgetAttachments.RR_MP_Budget_3_0.BudgetYear.OtherPersonnel.GraduateStudents.SummerMonths,SummerMonths,question,question-candidate:sha256:222bbf27f31889a1936a2166d32acdf0a7343e513dc4d2c6d2e16aa13fc38303,question-candidate:sha256:222bbf27f31889a1936a2166d32acdf0a7343e513dc4d2c6d2e16aa13fc38303,question:sha256:097045ccdc72ec45f7eb63808efece85f60fc951961b377da4488df0855f5500,agent_proposed,subaward_organization,,budget-period|budget-personnel|money-and-effort-primitives|subaward-budget-collection,0,1,,,,string,xsd_declared_type,RR_MP_Budget_3_0:Month3whole2fracDataType,https://apply07.grants.gov/apply/forms/schemas/RR_MP_Budget_3_0-V3.0.xsd,8ee3867971d4030582ff4c4cd906cd1a086c2d2491fb6f05b33cdd07ae435846,sha256:20dce5b3498c809727892ee6cb837db223d687564c5829d94fe481367b7815c4,false
RRMPSubawardBudget,[Draft] Research & Related Multi-Project Subaward Budget Attachment(s) Form,3.0,budget_attachments.rr_mp_budget_3_0[].budget_year[].other_personnel.other[].summer_months,RR_MP_SubawardBudget_3_0.BudgetAttachments.RR_MP_Budget_3_0.BudgetYear.OtherPersonnel.Other.SummerMonths,SummerMonths,question,question-candidate:sha256:222bbf27f31889a1936a2166d32acdf0a7343e513dc4d2c6d2e16aa13fc38303,question-candidate:sha256:222bbf27f31889a1936a2166d32acdf0a7343e513dc4d2c6d2e16aa13fc38303,question:sha256:746b9d7e6d9f898e611a65470a49bb24b4f649de4f8c009202a1f463eedd0425,agent_proposed,subaward_organization,,budget-period|budget-personnel|money-and-effort-primitives|subaward-budget-collection,0,1,,,,string,xsd_declared_type,RR_MP_Budget_3_0:Month3whole2fracDataType,https://apply07.grants.gov/apply/forms/schemas/RR_MP_Budget_3_0-V3.0.xsd,8ee3867971d4030582ff4c4cd906cd1a086c2d2491fb6f05b33cdd07ae435846,sha256:20dce5b3498c809727892ee6cb837db223d687564c5829d94fe481367b7815c4,false
RRMPSubawardBudget,[Draft] Research & Related Multi-Project Subaward Budget Attachment(s) Form,3.0,budget_attachments.rr_mp_budget_3_0[].budget_year[].other_personnel.post_doc_associates.summer_months,RR_MP_SubawardBudget_3_0.BudgetAttachments.RR_MP_Budget_3_0.BudgetYear.OtherPersonnel.PostDocAssociates.SummerMonths,SummerMonths,question,question-candidate:sha256:222bbf27f31889a1936a2166d32acdf0a7343e513dc4d2c6d2e16aa13fc38303,question-candidate:sha256:222bbf27f31889a1936a2166d32acdf0a7343e513dc4d2c6d2e16aa13fc38303,question:sha256:f0aefb95c923d7c2f84cc3a4b74ea8c4fc50873f3f03cceb97a3daf1d44c3abb,agent_proposed,subaward_organization,,budget-period|budget-personnel|money-and-effort-primitives|subaward-budget-collection,0,1,,,,string,xsd_declared_type,RR_MP_Budget_3_0:Month3whole2fracDataType,https://apply07.grants.gov/apply/forms/schemas/RR_MP_Budget_3_0-V3.0.xsd,8ee3867971d4030582ff4c4cd906cd1a086c2d2491fb6f05b33cdd07ae435846,sha256:20dce5b3498c809727892ee6cb837db223d687564c5829d94fe481367b7815c4,false
RRMPSubawardBudget,[Draft] Research & Related Multi-Project Subaward Budget Attachment(s) Form,3.0,budget_attachments.rr_mp_budget_3_0[].budget_year[].other_personnel.secretarial_clerical.summer_months,RR_MP_SubawardBudget_3_0.BudgetAttachments.RR_MP_Budget_3_0.BudgetYear.OtherPersonnel.SecretarialClerical.SummerMonths,SummerMonths,question,question-candidate:sha256:222bbf27f31889a1936a2166d32acdf0a7343e513dc4d2c6d2e16aa13fc38303,question-candidate:sha256:222bbf27f31889a1936a2166d32acdf0a7343e513dc4d2c6d2e16aa13fc38303,question:sha256:ecb0c3bf699ce19ad3054e9bfd2e32dba161879f25b2a45c5f50f0d0de4aa69c,agent_proposed,subaward_organization,,budget-period|budget-personnel|money-and-effort-primitives|subaward-budget-collection,0,1,,,,string,xsd_declared_type,RR_MP_Budget_3_0:Month3whole2fracDataType,https://apply07.grants.gov/apply/forms/schemas/RR_MP_Budget_3_0-V3.0.xsd,8ee3867971d4030582ff4c4cd906cd1a086c2d2491fb6f05b33cdd07ae435846,sha256:20dce5b3498c809727892ee6cb837db223d687564c5829d94fe481367b7815c4,false
RRMPSubawardBudget,[Draft] Research & Related Multi-Project Subaward Budget Attachment(s) Form,3.0,budget_attachments.rr_mp_budget_3_0[].budget_year[].other_personnel.undergraduate_students.summer_months,RR_MP_SubawardBudget_3_0.BudgetAttachments.RR_MP_Budget_3_0.BudgetYear.OtherPersonnel.UndergraduateStudents.SummerMonths,SummerMonths,question,question-candidate:sha256:222bbf27f31889a1936a2166d32acdf0a7343e513dc4d2c6d2e16aa13fc38303,question-candidate:sha256:222bbf27f31889a1936a2166d32acdf0a7343e513dc4d2c6d2e16aa13fc38303,question:sha256:0e2dbeea0dc1503def67f039f9db5c27f8c79ba89fd3fa81d1ded1528d815328,agent_proposed,subaward_organization,,budget-period|budget-personnel|money-and-effort-primitives|subaward-budget-collection,0,1,,,,string,xsd_declared_type,RR_MP_Budget_3_0:Month3whole2fracDataType,https://apply07.grants.gov/apply/forms/schemas/RR_MP_Budget_3_0-V3.0.xsd,8ee3867971d4030582ff4c4cd906cd1a086c2d2491fb6f05b33cdd07ae435846,sha256:20dce5b3498c809727892ee6cb837db223d687564c5829d94fe481367b7815c4,false
RRMPSubawardBudget,[Draft] Research & Related Multi-Project Subaward Budget Attachment(s) Form,3.0,budget_attachments.rr_mp_budget_3_0[].budget_year[].key_persons.key_person[].funds_requested,RR_MP_SubawardBudget_3_0.BudgetAttachments.RR_MP_Budget_3_0.BudgetYear.KeyPersons.KeyPerson.FundsRequested,FundsRequested,question,question-candidate:sha256:336123db7396012d576e963bd3b89edcf3fa320e10a09aa8b9e9755a5ac48f77,question-candidate:sha256:336123db7396012d576e963bd3b89edcf3fa320e10a09aa8b9e9755a5ac48f77,question:sha256:32a44f8d191f5a320cfa0caa1bb2ab9d4708795867bf39d1f021d6830b15e568,agent_proposed,senior_key_person,,budget-period|money-and-effort-primitives|person-profile|subaward-budget-collection,1,1,,,,string,xsd_declared_type,glob:DecimalMin1Max15Places2Type,https://apply07.grants.gov/apply/forms/schemas/RR_MP_Budget_3_0-V3.0.xsd,8ee3867971d4030582ff4c4cd906cd1a086c2d2491fb6f05b33cdd07ae435846,sha256:20dce5b3498c809727892ee6cb837db223d687564c5829d94fe481367b7815c4,false
RRMPSubawardBudget,[Draft] Research & Related Multi-Project Subaward Budget Attachment(s) Form,3.0,budget_attachments.rr_mp_budget_3_0[].budget_year[].travel.foreign_travel_cost,RR_MP_SubawardBudget_3_0.BudgetAttachments.RR_MP_Budget_3_0.BudgetYear.Travel.ForeignTravelCost,ForeignTravelCost,question,question-candidate:sha256:338b369028cc0a4fd8899a962114bd0a55c04e8f0577ff5c1ddaac0fc58c37b3,question-candidate:sha256:338b369028cc0a4fd8899a962114bd0a55c04e8f0577ff5c1ddaac0fc58c37b3,question:sha256:361c1dc9dacdcd8379d11ca389aab4453aa7b952b6a177b1de21aaddbfd1a365,agent_proposed,subaward_organization,,budget-period|budget-travel|subaward-budget-collection,0,1,,,,string,xsd_declared_type,glob:DecimalMin1Max14Places2Type,https://apply07.grants.gov/apply/forms/schemas/RR_MP_Budget_3_0-V3.0.xsd,8ee3867971d4030582ff4c4cd906cd1a086c2d2491fb6f05b33cdd07ae435846,sha256:20dce5b3498c809727892ee6cb837db223d687564c5829d94fe481367b7815c4,false
RRMPSubawardBudget,[Draft] Research & Related Multi-Project Subaward Budget Attachment(s) Form,3.0,budget_attachments.rr_mp_budget_3_0[].budget_year[].fee,RR_MP_SubawardBudget_3_0.BudgetAttachments.RR_MP_Budget_3_0.BudgetYear.Fee,Fee,question,question-candidate:sha256:41197163703aaf82f88335e718cda156ccd1245ff24cffc40f6bbd1ba6c2a285,question-candidate:sha256:41197163703aaf82f88335e718cda156ccd1245ff24cffc40f6bbd1ba6c2a285,question:sha256:bdcf5f9e434e33abe75ff1e3b69b8e5a7b72959aea46d05eaf7f2b9c0fc4cc58,agent_proposed,subaward_organization,,budget-period|subaward-budget-collection,0,1,,,,string,xsd_declared_type,globLib:BudgetAmountDataType,https://apply07.grants.gov/apply/forms/schemas/RR_MP_Budget_3_0-V3.0.xsd,8ee3867971d4030582ff4c4cd906cd1a086c2d2491fb6f05b33cdd07ae435846,sha256:20dce5b3498c809727892ee6cb837db223d687564c5829d94fe481367b7815c4,false
RRMPSubawardBudget,[Draft] Research & Related Multi-Project Subaward Budget Attachment(s) Form,3.0,budget_attachments.rr_mp_budget_3_0[].samuei,RR_MP_SubawardBudget_3_0.BudgetAttachments.RR_MP_Budget_3_0.SAMUEI,SAMUEI,question,question-candidate:sha256:428a7dccb60a1928126e3371d256a572697e31522d3d70f1db73c93461b6531a,question-candidate:sha256:428a7dccb60a1928126e3371d256a572697e31522d3d70f1db73c93461b6531a,question:sha256:906898d23f1253744950211c3a71ee4277b5221878a7df227a71a1e48fbb688f,agent_proposed,subaward_organization,,budget-header|subaward-budget-collection,1,1,,,,string,xsd_declared_type,globLib:SAMUEIDataType,https://apply07.grants.gov/apply/forms/schemas/RR_MP_Budget_3_0-V3.0.xsd,8ee3867971d4030582ff4c4cd906cd1a086c2d2491fb6f05b33cdd07ae435846,sha256:20dce5b3498c809727892ee6cb837db223d687564c5829d94fe481367b7815c4,false
RRMPSubawardBudget,[Draft] Research & Related Multi-Project Subaward Budget Attachment(s) Form,3.0,budget_attachments.rr_mp_budget_3_0[].budget_year[].participant_trainee_support_costs.travel,RR_MP_SubawardBudget_3_0.BudgetAttachments.RR_MP_Budget_3_0.BudgetYear.ParticipantTraineeSupportCosts.Travel,Travel,question,question-candidate:sha256:4415da1f0004d50f55596abf03a4cf2446be99ae437d21ac67e9b79d781ee249,question-candidate:sha256:4415da1f0004d50f55596abf03a4cf2446be99ae437d21ac67e9b79d781ee249,question:sha256:732bfccfc4449c446158357a8fbd97fa739fdbf25d7beccd6a501c04173cb53b,agent_proposed,subaward_organization,,budget-participant-support|budget-period|budget-travel|subaward-budget-collection,0,1,,,,string,xsd_declared_type,glob:DecimalMin1Max14Places2Type,https://apply07.grants.gov/apply/forms/schemas/RR_MP_Budget_3_0-V3.0.xsd,8ee3867971d4030582ff4c4cd906cd1a086c2d2491fb6f05b33cdd07ae435846,sha256:20dce5b3498c809727892ee6cb837db223d687564c5829d94fe481367b7815c4,false
RRMPSubawardBudget,[Draft] Research & Related Multi-Project Subaward Budget Attachment(s) Form,3.0,budget_attachments.rr_mp_budget_3_0[].budget_year[].other_personnel.graduate_students.fringe_benefits,RR_MP_SubawardBudget_3_0.BudgetAttachments.RR_MP_Budget_3_0.BudgetYear.OtherPersonnel.GraduateStudents.FringeBenefits,FringeBenefits,question,question-candidate:sha256:455e9ff0f04b5101fc7b60045c08ffa33d2e897a346ea1cecc5cf83b35ae2399,question-candidate:sha256:455e9ff0f04b5101fc7b60045c08ffa33d2e897a346ea1cecc5cf83b35ae2399,question:sha256:6ff31423c18948734ebf58751de18666ef097defbc36c687726732f577fd452b,agent_proposed,subaward_organization,,budget-period|budget-personnel|money-and-effort-primitives|subaward-budget-collection,1,1,,,,string,xsd_declared_type,glob:DecimalMin1Max14Places2Type,https://apply07.grants.gov/apply/forms/schemas/RR_MP_Budget_3_0-V3.0.xsd,8ee3867971d4030582ff4c4cd906cd1a086c2d2491fb6f05b33cdd07ae435846,sha256:20dce5b3498c809727892ee6cb837db223d687564c5829d94fe481367b7815c4,false
RRMPSubawardBudget,[Draft] Research & Related Multi-Project Subaward Budget Attachment(s) Form,3.0,budget_attachments.rr_mp_budget_3_0[].budget_year[].other_personnel.other[].fringe_benefits,RR_MP_SubawardBudget_3_0.BudgetAttachments.RR_MP_Budget_3_0.BudgetYear.OtherPersonnel.Other.FringeBenefits,FringeBenefits,question,question-candidate:sha256:455e9ff0f04b5101fc7b60045c08ffa33d2e897a346ea1cecc5cf83b35ae2399,question-candidate:sha256:455e9ff0f04b5101fc7b60045c08ffa33d2e897a346ea1cecc5cf83b35ae2399,question:sha256:e6b99393656ea56b18dcde6d5ca9c3c1493e981ea50974802f94d37c38e81c73,agent_proposed,subaward_organization,,budget-period|budget-personnel|money-and-effort-primitives|subaward-budget-collection,1,1,,,,string,xsd_declared_type,glob:DecimalMin1Max14Places2Type,https://apply07.grants.gov/apply/forms/schemas/RR_MP_Budget_3_0-V3.0.xsd,8ee3867971d4030582ff4c4cd906cd1a086c2d2491fb6f05b33cdd07ae435846,sha256:20dce5b3498c809727892ee6cb837db223d687564c5829d94fe481367b7815c4,false
RRMPSubawardBudget,[Draft] Research & Related Multi-Project Subaward Budget Attachment(s) Form,3.0,budget_attachments.rr_mp_budget_3_0[].budget_year[].other_personnel.post_doc_associates.fringe_benefits,RR_MP_SubawardBudget_3_0.BudgetAttachments.RR_MP_Budget_3_0.BudgetYear.OtherPersonnel.PostDocAssociates.FringeBenefits,FringeBenefits,question,question-candidate:sha256:455e9ff0f04b5101fc7b60045c08ffa33d2e897a346ea1cecc5cf83b35ae2399,question-candidate:sha256:455e9ff0f04b5101fc7b60045c08ffa33d2e897a346ea1cecc5cf83b35ae2399,question:sha256:4cf5ac69b13ee82848bedab273b5be0fdab60beec5655428a021f31328aa7d77,agent_proposed,subaward_organization,,budget-period|budget-personnel|money-and-effort-primitives|subaward-budget-collection,1,1,,,,string,xsd_declared_type,glob:DecimalMin1Max14Places2Type,https://apply07.grants.gov/apply/forms/schemas/RR_MP_Budget_3_0-V3.0.xsd,8ee3867971d4030582ff4c4cd906cd1a086c2d2491fb6f05b33cdd07ae435846,sha256:20dce5b3498c809727892ee6cb837db223d687564c5829d94fe481367b7815c4,false
RRMPSubawardBudget,[Draft] Research & Related Multi-Project Subaward Budget Attachment(s) Form,3.0,budget_attachments.rr_mp_budget_3_0[].budget_year[].other_personnel.secretarial_clerical.fringe_benefits,RR_MP_SubawardBudget_3_0.BudgetAttachments.RR_MP_Budget_3_0.BudgetYear.OtherPersonnel.SecretarialClerical.FringeBenefits,FringeBenefits,question,question-candidate:sha256:455e9ff0f04b5101fc7b60045c08ffa33d2e897a346ea1cecc5cf83b35ae2399,question-candidate:sha256:455e9ff0f04b5101fc7b60045c08ffa33d2e897a346ea1cecc5cf83b35ae2399,question:sha256:c2a1dd090906b635254fca0a0ac3a6069194524f3482ce85daf67b37c04c86bd,agent_proposed,subaward_organization,,budget-period|budget-personnel|money-and-effort-primitives|subaward-budget-collection,1,1,,,,string,xsd_declared_type,glob:DecimalMin1Max14Places2Type,https://apply07.grants.gov/apply/forms/schemas/RR_MP_Budget_3_0-V3.0.xsd,8ee3867971d4030582ff4c4cd906cd1a086c2d2491fb6f05b33cdd07ae435846,sha256:20dce5b3498c809727892ee6cb837db223d687564c5829d94fe481367b7815c4,false
RRMPSubawardBudget,[Draft] Research & Related Multi-Project Subaward Budget Attachment(s) Form,3.0,budget_attachments.rr_mp_budget_3_0[].budget_year[].other_personnel.undergraduate_students.fringe_benefits,RR_MP_SubawardBudget_3_0.BudgetAttachments.RR_MP_Budget_3_0.BudgetYear.OtherPersonnel.UndergraduateStudents.FringeBenefits,FringeBenefits,question,question-candidate:sha256:455e9ff0f04b5101fc7b60045c08ffa33d2e897a346ea1cecc5cf83b35ae2399,question-candidate:sha256:455e9ff0f04b5101fc7b60045c08ffa33d2e897a346ea1cecc5cf83b35ae2399,question:sha256:2d2d90165eb2e385d035c3e783af146f09f7379bc35e92e4aed0e31ea71e2d01,agent_proposed,subaward_organization,,budget-period|budget-personnel|money-and-effort-primitives|subaward-budget-collection,1,1,,,,string,xsd_declared_type,glob:DecimalMin1Max14Places2Type,https://apply07.grants.gov/apply/forms/schemas/RR_MP_Budget_3_0-V3.0.xsd,8ee3867971d4030582ff4c4cd906cd1a086c2d2491fb6f05b33cdd07ae435846,sha256:20dce5b3498c809727892ee6cb837db223d687564c5829d94fe481367b7815c4,false
RRMPSubawardBudget,[Draft] Research & Related Multi-Project Subaward Budget Attachment(s) Form,3.0,budget_attachments.rr_mp_budget_3_0[].budget_year[].other_personnel.graduate_students.academic_months,RR_MP_SubawardBudget_3_0.BudgetAttachments.RR_MP_Budget_3_0.BudgetYear.OtherPersonnel.GraduateStudents.AcademicMonths,AcademicMonths,question,question-candidate:sha256:49e031c3a633d1db450c296fba296706a2f0453f14296efbb242b76b0138d573,question-candidate:sha256:49e031c3a633d1db450c296fba296706a2f0453f14296efbb242b76b0138d573,question:sha256:d2397f2481168bf011f2ddbfedb8da6eee709bea596c0e1f4ea3a0731d66bfd9,agent_proposed,subaward_organization,,budget-period|budget-personnel|money-and-effort-primitives|subaward-budget-collection,0,1,,,,string,xsd_declared_type,RR_MP_Budget_3_0:Month3whole2fracDataType,https://apply07.grants.gov/apply/forms/schemas/RR_MP_Budget_3_0-V3.0.xsd,8ee3867971d4030582ff4c4cd906cd1a086c2d2491fb6f05b33cdd07ae435846,sha256:20dce5b3498c809727892ee6cb837db223d687564c5829d94fe481367b7815c4,false
RRMPSubawardBudget,[Draft] Research & Related Multi-Project Subaward Budget Attachment(s) Form,3.0,budget_attachments.rr_mp_budget_3_0[].budget_year[].other_personnel.other[].academic_months,RR_MP_SubawardBudget_3_0.BudgetAttachments.RR_MP_Budget_3_0.BudgetYear.OtherPersonnel.Other.AcademicMonths,AcademicMonths,question,question-candidate:sha256:49e031c3a633d1db450c296fba296706a2f0453f14296efbb242b76b0138d573,question-candidate:sha256:49e031c3a633d1db450c296fba296706a2f0453f14296efbb242b76b0138d573,question:sha256:bc280391e22f69839e5f57f5681f451abeee797ad5f56520d9350a3584505079,agent_proposed,subaward_organization,,budget-period|budget-personnel|money-and-effort-primitives|subaward-budget-collection,0,1,,,,string,xsd_declared_type,RR_MP_Budget_3_0:Month3whole2fracDataType,https://apply07.grants.gov/apply/forms/schemas/RR_MP_Budget_3_0-V3.0.xsd,8ee3867971d4030582ff4c4cd906cd1a086c2d2491fb6f05b33cdd07ae435846,sha256:20dce5b3498c809727892ee6cb837db223d687564c5829d94fe481367b7815c4,false
RRMPSubawardBudget,[Draft] Research & Related Multi-Project Subaward Budget Attachment(s) Form,3.0,budget_attachments.rr_mp_budget_3_0[].budget_year[].other_personnel.post_doc_associates.academic_months,RR_MP_SubawardBudget_3_0.BudgetAttachments.RR_MP_Budget_3_0.BudgetYear.OtherPersonnel.PostDocAssociates.AcademicMonths,AcademicMonths,question,question-candidate:sha256:49e031c3a633d1db450c296fba296706a2f0453f14296efbb242b76b0138d573,question-candidate:sha256:49e031c3a633d1db450c296fba296706a2f0453f14296efbb242b76b0138d573,question:sha256:1d6e164950d6b941927680070a6b7f9be650fede4ba1043343b9092df26842d0,agent_proposed,subaward_organization,,budget-period|budget-personnel|money-and-effort-primitives|subaward-budget-collection,0,1,,,,string,xsd_declared_type,RR_MP_Budget_3_0:Month3whole2fracDataType,https://apply07.grants.gov/apply/forms/schemas/RR_MP_Budget_3_0-V3.0.xsd,8ee3867971d4030582ff4c4cd906cd1a086c2d2491fb6f05b33cdd07ae435846,sha256:20dce5b3498c809727892ee6cb837db223d687564c5829d94fe481367b7815c4,false
RRMPSubawardBudget,[Draft] Research & Related Multi-Project Subaward Budget Attachment(s) Form,3.0,budget_attachments.rr_mp_budget_3_0[].budget_year[].other_personnel.secretarial_clerical.academic_months,RR_MP_SubawardBudget_3_0.BudgetAttachments.RR_MP_Budget_3_0.BudgetYear.OtherPersonnel.SecretarialClerical.AcademicMonths,AcademicMonths,question,question-candidate:sha256:49e031c3a633d1db450c296fba296706a2f0453f14296efbb242b76b0138d573,question-candidate:sha256:49e031c3a633d1db450c296fba296706a2f0453f14296efbb242b76b0138d573,question:sha256:81a0510b233270d0c77aba8c13026f8bdd5d7374f711c67645bfa5d992af676e,agent_proposed,subaward_organization,,budget-period|budget-personnel|money-and-effort-primitives|subaward-budget-collection,0,1,,,,string,xsd_declared_type,RR_MP_Budget_3_0:Month3whole2fracDataType,https://apply07.grants.gov/apply/forms/schemas/RR_MP_Budget_3_0-V3.0.xsd,8ee3867971d4030582ff4c4cd906cd1a086c2d2491fb6f05b33cdd07ae435846,sha256:20dce5b3498c809727892ee6cb837db223d687564c5829d94fe481367b7815c4,false
RRMPSubawardBudget,[Draft] Research & Related Multi-Project Subaward Budget Attachment(s) Form,3.0,budget_attachments.rr_mp_budget_3_0[].budget_year[].other_personnel.undergraduate_students.academic_months,RR_MP_SubawardBudget_3_0.BudgetAttachments.RR_MP_Budget_3_0.BudgetYear.OtherPersonnel.UndergraduateStudents.AcademicMonths,AcademicMonths,question,question-candidate:sha256:49e031c3a633d1db450c296fba296706a2f0453f14296efbb242b76b0138d573,question-candidate:sha256:49e031c3a633d1db450c296fba296706a2f0453f14296efbb242b76b0138d573,question:sha256:f8a51bcced611fb3b357bf8864abe13b340150cfd51c6ca62e2c5b16eff7b2b3,agent_proposed,subaward_organization,,budget-period|budget-personnel|money-and-effort-primitives|subaward-budget-collection,0,1,,,,string,xsd_declared_type,RR_MP_Budget_3_0:Month3whole2fracDataType,https://apply07.grants.gov/apply/forms/schemas/RR_MP_Budget_3_0-V3.0.xsd,8ee3867971d4030582ff4c4cd906cd1a086c2d2491fb6f05b33cdd07ae435846,sha256:20dce5b3498c809727892ee6cb837db223d687564c5829d94fe481367b7815c4,false
RRMPSubawardBudget,[Draft] Research & Related Multi-Project Subaward Budget Attachment(s) Form,3.0,budget_attachments.rr_mp_budget_3_0[].budget_year[].key_persons.key_person[].name.middle_name,RR_MP_SubawardBudget_3_0.BudgetAttachments.RR_MP_Budget_3_0.BudgetYear.KeyPersons.KeyPerson.Name.MiddleName,MiddleName,question,question-candidate:sha256:5332f51530e20271b050f783d47fd875ecc1c32d8807bfc9140982919d216c9e,question-candidate:sha256:5332f51530e20271b050f783d47fd875ecc1c32d8807bfc9140982919d216c9e,question:sha256:8890c5a248429ab1e66fc477fbf183d25dec86b687a09269152cfb85194b0d7e,agent_proposed,senior_key_person,,budget-period|person-identity-contact|person-profile|subaward-budget-collection,0,1,,,,string,xsd_declared_type,globLib:MiddleNameDataType,https://apply07.grants.gov/apply/system/schemas/GlobalLibrary-V2.0.xsd,ff0214de91b95a4209f50f0fe08a18d0f3d17f280ab8c8bbcb52878f37de7be8,sha256:20dce5b3498c809727892ee6cb837db223d687564c5829d94fe481367b7815c4,false
RRMPSubawardBudget,[Draft] Research & Related Multi-Project Subaward Budget Attachment(s) Form,3.0,budget_attachments.rr_mp_budget_3_0[].budget_year[].participant_trainee_support_costs.participant_trainee_number,RR_MP_SubawardBudget_3_0.BudgetAttachments.RR_MP_Budget_3_0.BudgetYear.ParticipantTraineeSupportCosts.ParticipantTraineeNumber,ParticipantTraineeNumber,question,question-candidate:sha256:53c3303dd3a3c08bbe9b44ed668766eaa6b044190a6527f96215252a0f708d19,question-candidate:sha256:53c3303dd3a3c08bbe9b44ed668766eaa6b044190a6527f96215252a0f708d19,question:sha256:ac7509ee2ae2d7633dbe364e64bae9b17a998969056116342e5b51ae81878ed9,agent_proposed,subaward_organization,,budget-participant-support|budget-period|subaward-budget-collection,0,1,,,,integer,xsd_declared_type,RR_MP_Budget_3_0:Int4DataType,https://apply07.grants.gov/apply/forms/schemas/RR_MP_Budget_3_0-V3.0.xsd,8ee3867971d4030582ff4c4cd906cd1a086c2d2491fb6f05b33cdd07ae435846,sha256:20dce5b3498c809727892ee6cb837db223d687564c5829d94fe481367b7815c4,false
RRMPSubawardBudget,[Draft] Research & Related Multi-Project Subaward Budget Attachment(s) Form,3.0,budget_attachments.rr_mp_budget_3_0[].budget_year[].participant_trainee_support_costs.subsistence,RR_MP_SubawardBudget_3_0.BudgetAttachments.RR_MP_Budget_3_0.BudgetYear.ParticipantTraineeSupportCosts.Subsistence,Subsistence,question,question-candidate:sha256:57b3303ddf1530c24ee4abeeb4c1d8cea7bbb8521af2cae8cb7b90503921b6cb,question-candidate:sha256:57b3303ddf1530c24ee4abeeb4c1d8cea7bbb8521af2cae8cb7b90503921b6cb,question:sha256:0fa9df45c33ab90f5e8b0eeb21b7730de86d700fc957689ca26ede08373f51db,agent_proposed,subaward_organization,,budget-participant-support|budget-period|subaward-budget-collection,0,1,,,,string,xsd_declared_type,glob:DecimalMin1Max14Places2Type,https://apply07.grants.gov/apply/forms/schemas/RR_MP_Budget_3_0-V3.0.xsd,8ee3867971d4030582ff4c4cd906cd1a086c2d2491fb6f05b33cdd07ae435846,sha256:20dce5b3498c809727892ee6cb837db223d687564c5829d94fe481367b7815c4,false
RRMPSubawardBudget,[Draft] Research & Related Multi-Project Subaward Budget Attachment(s) Form,3.0,budget_attachments.rr_mp_budget_3_0[].budget_year[].key_persons.key_person[].base_salary,RR_MP_SubawardBudget_3_0.BudgetAttachments.RR_MP_Budget_3_0.BudgetYear.KeyPersons.KeyPerson.BaseSalary,BaseSalary,question,question-candidate:sha256:59dfe55d5e66d3ef09031393d923d0c4167f696aa552d09e3123880896a8203e,question-candidate:sha256:59dfe55d5e66d3ef09031393d923d0c4167f696aa552d09e3123880896a8203e,question:sha256:f26e131786b9103bc6f86fa4736054e2382038c5e91431509da287b2f3c6f4ca,agent_proposed,senior_key_person,,budget-period|money-and-effort-primitives|person-profile|subaward-budget-collection,0,1,,,,string,xsd_declared_type,glob:DecimalMin1Max14Places2Type,https://apply07.grants.gov/apply/forms/schemas/RR_MP_Budget_3_0-V3.0.xsd,8ee3867971d4030582ff4c4cd906cd1a086c2d2491fb6f05b33cdd07ae435846,sha256:20dce5b3498c809727892ee6cb837db223d687564c5829d94fe481367b7815c4,false
RRMPSubawardBudget,[Draft] Research & Related Multi-Project Subaward Budget Attachment(s) Form,3.0,budget_attachments.rr_mp_budget_3_0[].budget_year[].key_persons.total_fund_for_attached_key_persons,RR_MP_SubawardBudget_3_0.BudgetAttachments.RR_MP_Budget_3_0.BudgetYear.KeyPersons.TotalFundForAttachedKeyPersons,TotalFundForAttachedKeyPersons,question,question-candidate:sha256:5d30d650839fa4807b567315a7e1e474c6676d078770c2f1c4f23cf3b331282d,question-candidate:sha256:5d30d650839fa4807b567315a7e1e474c6676d078770c2f1c4f23cf3b331282d,question:sha256:48d2548bae78641590061b71c06f0d3551957a533ab793861836efa3c7458d65,agent_proposed,senior_key_person,,budget-period|person-profile|subaward-budget-collection,0,1,,,,string,xsd_declared_type,glob:DecimalMin1Max15Places2Type,https://apply07.grants.gov/apply/forms/schemas/RR_MP_Budget_3_0-V3.0.xsd,8ee3867971d4030582ff4c4cd906cd1a086c2d2491fb6f05b33cdd07ae435846,sha256:20dce5b3498c809727892ee6cb837db223d687564c5829d94fe481367b7815c4,false
RRMPSubawardBudget,[Draft] Research & Related Multi-Project Subaward Budget Attachment(s) Form,3.0,budget_attachments.rr_mp_budget_3_0[].budget_year[].indirect_costs.indirect_cost[].fund_requested,RR_MP_SubawardBudget_3_0.BudgetAttachments.RR_MP_Budget_3_0.BudgetYear.IndirectCosts.IndirectCost.FundRequested,FundRequested,question,question-candidate:sha256:5dc1fa80ae868a46e20222515028c69eee7aa7f11c64d3395d4552b932033edb,question-candidate:sha256:5dc1fa80ae868a46e20222515028c69eee7aa7f11c64d3395d4552b932033edb,question:sha256:7933edd967ce5934c81ac1bd47d5ea048ecd453a94d85a1d76d795026eec75e3,agent_proposed,subaward_organization,,budget-indirect-cost|budget-period|subaward-budget-collection,1,1,,,,string,xsd_declared_type,glob:DecimalMin1Max14Places2Type,https://apply07.grants.gov/apply/forms/schemas/RR_MP_Budget_3_0-V3.0.xsd,8ee3867971d4030582ff4c4cd906cd1a086c2d2491fb6f05b33cdd07ae435846,sha256:20dce5b3498c809727892ee6cb837db223d687564c5829d94fe481367b7815c4,false
RRMPSubawardBudget,[Draft] Research & Related Multi-Project Subaward Budget Attachment(s) Form,3.0,budget_attachments.rr_mp_budget_3_0[].budget_year[].other_direct_costs.materials_supplies,RR_MP_SubawardBudget_3_0.BudgetAttachments.RR_MP_Budget_3_0.BudgetYear.OtherDirectCosts.MaterialsSupplies,MaterialsSupplies,question,question-candidate:sha256:73aada75291db9e2439c8cdce530359c915fd7fab76308d3d3a98a7c071f9516,question-candidate:sha256:73aada75291db9e2439c8cdce530359c915fd7fab76308d3d3a98a7c071f9516,question:sha256:6f5bd172ed2d46947b0e73dd2fb24f0e61f539f62d74001dc20e8bf36974cad7,agent_proposed,subaward_organization,,budget-other-direct-cost|budget-period|subaward-budget-collection,0,1,,,,string,xsd_declared_type,glob:DecimalMin1Max14Places2Type,https://apply07.grants.gov/apply/forms/schemas/RR_MP_Budget_3_0-V3.0.xsd,8ee3867971d4030582ff4c4cd906cd1a086c2d2491fb6f05b33cdd07ae435846,sha256:20dce5b3498c809727892ee6cb837db223d687564c5829d94fe481367b7815c4,false
RRMPSubawardBudget,[Draft] Research & Related Multi-Project Subaward Budget Attachment(s) Form,3.0,budget_attachments.rr_mp_budget_3_0[].budget_year[].other_personnel.graduate_students.project_role,RR_MP_SubawardBudget_3_0.BudgetAttachments.RR_MP_Budget_3_0.BudgetYear.OtherPersonnel.GraduateStudents.ProjectRole,ProjectRole,question,question-candidate:sha256:7967478553983baf6b2f550a10909a064e4c40705515f1ecacd87a089d798a29,question-candidate:sha256:7967478553983baf6b2f550a10909a064e4c40705515f1ecacd87a089d798a29,question:sha256:4d6b75bac3b9985ff70690ba4d8861b0ec10195e9e412c7bde5993771fab6146,agent_proposed,subaward_organization,,budget-period|budget-personnel|project-role|subaward-budget-collection,1,1,,,,string,xsd_declared_type,glob:StringMin1Max100Type,https://apply07.grants.gov/apply/forms/schemas/RR_MP_Budget_3_0-V3.0.xsd,8ee3867971d4030582ff4c4cd906cd1a086c2d2491fb6f05b33cdd07ae435846,sha256:20dce5b3498c809727892ee6cb837db223d687564c5829d94fe481367b7815c4,false
RRMPSubawardBudget,[Draft] Research & Related Multi-Project Subaward Budget Attachment(s) Form,3.0,budget_attachments.rr_mp_budget_3_0[].budget_year[].other_personnel.other[].project_role,RR_MP_SubawardBudget_3_0.BudgetAttachments.RR_MP_Budget_3_0.BudgetYear.OtherPersonnel.Other.ProjectRole,ProjectRole,question,question-candidate:sha256:7967478553983baf6b2f550a10909a064e4c40705515f1ecacd87a089d798a29,question-candidate:sha256:7967478553983baf6b2f550a10909a064e4c40705515f1ecacd87a089d798a29,question:sha256:d096c4feb61502e8b80b655908b2f245a259ac894bc2d62389a9674b209e2f81,agent_proposed,subaward_organization,,budget-period|budget-personnel|project-role|subaward-budget-collection,1,1,,,,string,xsd_declared_type,glob:StringMin1Max100Type,https://apply07.grants.gov/apply/forms/schemas/RR_MP_Budget_3_0-V3.0.xsd,8ee3867971d4030582ff4c4cd906cd1a086c2d2491fb6f05b33cdd07ae435846,sha256:20dce5b3498c809727892ee6cb837db223d687564c5829d94fe481367b7815c4,false
RRMPSubawardBudget,[Draft] Research & Related Multi-Project Subaward Budget Attachment(s) Form,3.0,budget_attachments.rr_mp_budget_3_0[].budget_year[].other_personnel.post_doc_associates.project_role,RR_MP_SubawardBudget_3_0.BudgetAttachments.RR_MP_Budget_3_0.BudgetYear.OtherPersonnel.PostDocAssociates.ProjectRole,ProjectRole,question,question-candidate:sha256:7967478553983baf6b2f550a10909a064e4c40705515f1ecacd87a089d798a29,question-candidate:sha256:7967478553983baf6b2f550a10909a064e4c40705515f1ecacd87a089d798a29,question:sha256:8f7f15b606de15d4c02f73946ed73db94b93be8b0c4029a6e827b1487c1b6df3,agent_proposed,subaward_organization,,budget-period|budget-personnel|project-role|subaward-budget-collection,1,1,,,,string,xsd_declared_type,glob:StringMin1Max100Type,https://apply07.grants.gov/apply/forms/schemas/RR_MP_Budget_3_0-V3.0.xsd,8ee3867971d4030582ff4c4cd906cd1a086c2d2491fb6f05b33cdd07ae435846,sha256:20dce5b3498c809727892ee6cb837db223d687564c5829d94fe481367b7815c4,false
RRMPSubawardBudget,[Draft] Research & Related Multi-Project Subaward Budget Attachment(s) Form,3.0,budget_attachments.rr_mp_budget_3_0[].budget_year[].other_personnel.secretarial_clerical.project_role,RR_MP_SubawardBudget_3_0.BudgetAttachments.RR_MP_Budget_3_0.BudgetYear.OtherPersonnel.SecretarialClerical.ProjectRole,ProjectRole,question,question-candidate:sha256:7967478553983baf6b2f550a10909a064e4c40705515f1ecacd87a089d798a29,question-candidate:sha256:7967478553983baf6b2f550a10909a064e4c40705515f1ecacd87a089d798a29,question:sha256:c16a8fe8edf8fc1f0ccb5b99f38bd5164772ceaa05f5f99d4ad4c83477af53e1,agent_proposed,subaward_organization,,budget-period|budget-personnel|project-role|subaward-budget-collection,1,1,,,,string,xsd_declared_type,glob:StringMin1Max100Type,https://apply07.grants.gov/apply/forms/schemas/RR_MP_Budget_3_0-V3.0.xsd,8ee3867971d4030582ff4c4cd906cd1a086c2d2491fb6f05b33cdd07ae435846,sha256:20dce5b3498c809727892ee6cb837db223d687564c5829d94fe481367b7815c4,false
RRMPSubawardBudget,[Draft] Research & Related Multi-Project Subaward Budget Attachment(s) Form,3.0,budget_attachments.rr_mp_budget_3_0[].budget_year[].other_personnel.undergraduate_students.project_role,RR_MP_SubawardBudget_3_0.BudgetAttachments.RR_MP_Budget_3_0.BudgetYear.OtherPersonnel.UndergraduateStudents.ProjectRole,ProjectRole,question,question-candidate:sha256:7967478553983baf6b2f550a10909a064e4c40705515f1ecacd87a089d798a29,question-candidate:sha256:7967478553983baf6b2f550a10909a064e4c40705515f1ecacd87a089d798a29,question:sha256:2ec8902239c4fc143d4f425a7fe16ddff2e1524724c08a3be228482d26000d5c,agent_proposed,subaward_organization,,budget-period|budget-personnel|project-role|subaward-budget-collection,1,1,,,,string,xsd_declared_type,glob:StringMin1Max100Type,https://apply07.grants.gov/apply/forms/schemas/RR_MP_Budget_3_0-V3.0.xsd,8ee3867971d4030582ff4c4cd906cd1a086c2d2491fb6f05b33cdd07ae435846,sha256:20dce5b3498c809727892ee6cb837db223d687564c5829d94fe481367b7815c4,false
RRMPSubawardBudget,[Draft] Research & Related Multi-Project Subaward Budget Attachment(s) Form,3.0,budget_attachments.rr_mp_budget_3_0[].budget_year[].other_direct_costs.consultant_services,RR_MP_SubawardBudget_3_0.BudgetAttachments.RR_MP_Budget_3_0.BudgetYear.OtherDirectCosts.ConsultantServices,ConsultantServices,question,question-candidate:sha256:7a922f83bdafb4a14010b0d7a0e28f498ee733ec52a63ed4db8c7d1c98af6bf3,question-candidate:sha256:7a922f83bdafb4a14010b0d7a0e28f498ee733ec52a63ed4db8c7d1c98af6bf3,question:sha256:2816eb485d741134fd786a8cc8a2e83ef1fe54a3fdcff306cae0b68b81fe214d,agent_proposed,subaward_organization,,budget-other-direct-cost|budget-period|subaward-budget-collection,0,1,,,,string,xsd_declared_type,glob:DecimalMin1Max14Places2Type,https://apply07.grants.gov/apply/forms/schemas/RR_MP_Budget_3_0-V3.0.xsd,8ee3867971d4030582ff4c4cd906cd1a086c2d2491fb6f05b33cdd07ae435846,sha256:20dce5b3498c809727892ee6cb837db223d687564c5829d94fe481367b7815c4,false
RRMPSubawardBudget,[Draft] Research & Related Multi-Project Subaward Budget Attachment(s) Form,3.0,budget_attachments.rr_mp_budget_3_0[].budget_year[].budget_period_start_date,RR_MP_SubawardBudget_3_0.BudgetAttachments.RR_MP_Budget_3_0.BudgetYear.BudgetPeriodStartDate,BudgetPeriodStartDate,question,question-candidate:sha256:7c47f9ef292119a4b603f058987440fb9c22e970b0b9232054f3022b8b39818a,question-candidate:sha256:7c47f9ef292119a4b603f058987440fb9c22e970b0b9232054f3022b8b39818a,question:sha256:b5a1022bf227dc35619d00c7c2e55875216aa5a7cff25a57238ecb8d0218fc23,agent_proposed,subaward_organization,,budget-period|subaward-budget-collection,1,1,,,,string,xsd_declared_type,xs:date,https://apply07.grants.gov/apply/forms/schemas/RR_MP_Budget_3_0-V3.0.xsd,8ee3867971d4030582ff4c4cd906cd1a086c2d2491fb6f05b33cdd07ae435846,sha256:20dce5b3498c809727892ee6cb837db223d687564c5829d94fe481367b7815c4,false
RRMPSubawardBudget,[Draft] Research & Related Multi-Project Subaward Budget Attachment(s) Form,3.0,budget_attachments.rr_mp_budget_3_0[].budget_year[].other_direct_costs.other_direct_cost_1.cost,RR_MP_SubawardBudget_3_0.BudgetAttachments.RR_MP_Budget_3_0.BudgetYear.OtherDirectCosts.OtherDirectCost1.Cost,Cost,question,question-candidate:sha256:7d1a1b469b085541518a6248270954e1f62ccd9f12895f622800ebb15e78373f,question-candidate:sha256:7d1a1b469b085541518a6248270954e1f62ccd9f12895f622800ebb15e78373f,question:sha256:3282be933c0ddd36ec7514fa32824d2ac51dbdff5c07fee970c64c5c29f82b07,agent_proposed,subaward_organization,,budget-other-direct-cost|budget-period|subaward-budget-collection,1,1,,,,string,xsd_declared_type,glob:DecimalMin1Max14Places2Type,https://apply07.grants.gov/apply/forms/schemas/RR_MP_Budget_3_0-V3.0.xsd,8ee3867971d4030582ff4c4cd906cd1a086c2d2491fb6f05b33cdd07ae435846,sha256:20dce5b3498c809727892ee6cb837db223d687564c5829d94fe481367b7815c4,false
RRMPSubawardBudget,[Draft] Research & Related Multi-Project Subaward Budget Attachment(s) Form,3.0,budget_attachments.rr_mp_budget_3_0[].budget_year[].other_direct_costs.other_direct_cost_10.cost,RR_MP_SubawardBudget_3_0.BudgetAttachments.RR_MP_Budget_3_0.BudgetYear.OtherDirectCosts.OtherDirectCost10.Cost,Cost,question,question-candidate:sha256:7d1a1b469b085541518a6248270954e1f62ccd9f12895f622800ebb15e78373f,question-candidate:sha256:7d1a1b469b085541518a6248270954e1f62ccd9f12895f622800ebb15e78373f,question:sha256:7f7168853c3198551a9dbcc4fd6cb1fda1519e105c9a23261202f7cf40a900fa,agent_proposed,subaward_organization,,budget-other-direct-cost|budget-period|subaward-budget-collection,1,1,,,,string,xsd_declared_type,glob:DecimalMin1Max14Places2Type,https://apply07.grants.gov/apply/forms/schemas/RR_MP_Budget_3_0-V3.0.xsd,8ee3867971d4030582ff4c4cd906cd1a086c2d2491fb6f05b33cdd07ae435846,sha256:20dce5b3498c809727892ee6cb837db223d687564c5829d94fe481367b7815c4,false
RRMPSubawardBudget,[Draft] Research & Related Multi-Project Subaward Budget Attachment(s) Form,3.0,budget_attachments.rr_mp_budget_3_0[].budget_year[].other_direct_costs.other_direct_cost_2.cost,RR_MP_SubawardBudget_3_0.BudgetAttachments.RR_MP_Budget_3_0.BudgetYear.OtherDirectCosts.OtherDirectCost2.Cost,Cost,question,question-candidate:sha256:7d1a1b469b085541518a6248270954e1f62ccd9f12895f622800ebb15e78373f,question-candidate:sha256:7d1a1b469b085541518a6248270954e1f62ccd9f12895f622800ebb15e78373f,question:sha256:3993f8de49880933f2b0e4544afe0d6f90f4d1fcde5bca9e98e194a7a61d3523,agent_proposed,subaward_organization,,budget-other-direct-cost|budget-period|subaward-budget-collection,1,1,,,,string,xsd_declared_type,glob:DecimalMin1Max14Places2Type,https://apply07.grants.gov/apply/forms/schemas/RR_MP_Budget_3_0-V3.0.xsd,8ee3867971d4030582ff4c4cd906cd1a086c2d2491fb6f05b33cdd07ae435846,sha256:20dce5b3498c809727892ee6cb837db223d687564c5829d94fe481367b7815c4,false
RRMPSubawardBudget,[Draft] Research & Related Multi-Project Subaward Budget Attachment(s) Form,3.0,budget_attachments.rr_mp_budget_3_0[].budget_year[].other_direct_costs.other_direct_cost_3.cost,RR_MP_SubawardBudget_3_0.BudgetAttachments.RR_MP_Budget_3_0.BudgetYear.OtherDirectCosts.OtherDirectCost3.Cost,Cost,question,question-candidate:sha256:7d1a1b469b085541518a6248270954e1f62ccd9f12895f622800ebb15e78373f,question-candidate:sha256:7d1a1b469b085541518a6248270954e1f62ccd9f12895f622800ebb15e78373f,question:sha256:a82a5bb918eeaa0390093f0fe28b1d026fdce8bf6c48fad3d961760cf7994403,agent_proposed,subaward_organization,,budget-other-direct-cost|budget-period|subaward-budget-collection,1,1,,,,string,xsd_declared_type,glob:DecimalMin1Max14Places2Type,https://apply07.grants.gov/apply/forms/schemas/RR_MP_Budget_3_0-V3.0.xsd,8ee3867971d4030582ff4c4cd906cd1a086c2d2491fb6f05b33cdd07ae435846,sha256:20dce5b3498c809727892ee6cb837db223d687564c5829d94fe481367b7815c4,false
RRMPSubawardBudget,[Draft] Research & Related Multi-Project Subaward Budget Attachment(s) Form,3.0,budget_attachments.rr_mp_budget_3_0[].budget_year[].other_direct_costs.other_direct_cost_4.cost,RR_MP_SubawardBudget_3_0.BudgetAttachments.RR_MP_Budget_3_0.BudgetYear.OtherDirectCosts.OtherDirectCost4.Cost,Cost,question,question-candidate:sha256:7d1a1b469b085541518a6248270954e1f62ccd9f12895f622800ebb15e78373f,question-candidate:sha256:7d1a1b469b085541518a6248270954e1f62ccd9f12895f622800ebb15e78373f,question:sha256:ea38b05d5d185958db860533227b5cc1aa50ae43e8d2e271baaeb08763e8b6ba,agent_proposed,subaward_organization,,budget-other-direct-cost|budget-period|subaward-budget-collection,1,1,,,,string,xsd_declared_type,glob:DecimalMin1Max14Places2Type,https://apply07.grants.gov/apply/forms/schemas/RR_MP_Budget_3_0-V3.0.xsd,8ee3867971d4030582ff4c4cd906cd1a086c2d2491fb6f05b33cdd07ae435846,sha256:20dce5b3498c809727892ee6cb837db223d687564c5829d94fe481367b7815c4,false
RRMPSubawardBudget,[Draft] Research & Related Multi-Project Subaward Budget Attachment(s) Form,3.0,budget_attachments.rr_mp_budget_3_0[].budget_year[].other_direct_costs.other_direct_cost_5.cost,RR_MP_SubawardBudget_3_0.BudgetAttachments.RR_MP_Budget_3_0.BudgetYear.OtherDirectCosts.OtherDirectCost5.Cost,Cost,question,question-candidate:sha256:7d1a1b469b085541518a6248270954e1f62ccd9f12895f622800ebb15e78373f,question-candidate:sha256:7d1a1b469b085541518a6248270954e1f62ccd9f12895f622800ebb15e78373f,question:sha256:c18414bc34cd5d1bd7c219a797ffa53ee0416e11d0c8f002cc50e115c1e07b48,agent_proposed,subaward_organization,,budget-other-direct-cost|budget-period|subaward-budget-collection,1,1,,,,string,xsd_declared_type,glob:DecimalMin1Max14Places2Type,https://apply07.grants.gov/apply/forms/schemas/RR_MP_Budget_3_0-V3.0.xsd,8ee3867971d4030582ff4c4cd906cd1a086c2d2491fb6f05b33cdd07ae435846,sha256:20dce5b3498c809727892ee6cb837db223d687564c5829d94fe481367b7815c4,false
RRMPSubawardBudget,[Draft] Research & Related Multi-Project Subaward Budget Attachment(s) Form,3.0,budget_attachments.rr_mp_budget_3_0[].budget_year[].other_direct_costs.other_direct_cost_6.cost,RR_MP_SubawardBudget_3_0.BudgetAttachments.RR_MP_Budget_3_0.BudgetYear.OtherDirectCosts.OtherDirectCost6.Cost,Cost,question,question-candidate:sha256:7d1a1b469b085541518a6248270954e1f62ccd9f12895f622800ebb15e78373f,question-candidate:sha256:7d1a1b469b085541518a6248270954e1f62ccd9f12895f622800ebb15e78373f,question:sha256:7f53f5dc45d223c0ea0a683a14eb560a605ecb74c6ec5c7144a277282d30d7ac,agent_proposed,subaward_organization,,budget-other-direct-cost|budget-period|subaward-budget-collection,1,1,,,,string,xsd_declared_type,glob:DecimalMin1Max14Places2Type,https://apply07.grants.gov/apply/forms/schemas/RR_MP_Budget_3_0-V3.0.xsd,8ee3867971d4030582ff4c4cd906cd1a086c2d2491fb6f05b33cdd07ae435846,sha256:20dce5b3498c809727892ee6cb837db223d687564c5829d94fe481367b7815c4,false
RRMPSubawardBudget,[Draft] Research & Related Multi-Project Subaward Budget Attachment(s) Form,3.0,budget_attachments.rr_mp_budget_3_0[].budget_year[].other_direct_costs.other_direct_cost_7.cost,RR_MP_SubawardBudget_3_0.BudgetAttachments.RR_MP_Budget_3_0.BudgetYear.OtherDirectCosts.OtherDirectCost7.Cost,Cost,question,question-candidate:sha256:7d1a1b469b085541518a6248270954e1f62ccd9f12895f622800ebb15e78373f,question-candidate:sha256:7d1a1b469b085541518a6248270954e1f62ccd9f12895f622800ebb15e78373f,question:sha256:6c22626661fd7deb27387fcc1a2e6895810ef775b96a796822ac6fd1880128e8,agent_proposed,subaward_organization,,budget-other-direct-cost|budget-period|subaward-budget-collection,1,1,,,,string,xsd_declared_type,glob:DecimalMin1Max14Places2Type,https://apply07.grants.gov/apply/forms/schemas/RR_MP_Budget_3_0-V3.0.xsd,8ee3867971d4030582ff4c4cd906cd1a086c2d2491fb6f05b33cdd07ae435846,sha256:20dce5b3498c809727892ee6cb837db223d687564c5829d94fe481367b7815c4,false
RRMPSubawardBudget,[Draft] Research & Related Multi-Project Subaward Budget Attachment(s) Form,3.0,budget_attachments.rr_mp_budget_3_0[].budget_year[].other_direct_costs.other_direct_cost_8.cost,RR_MP_SubawardBudget_3_0.BudgetAttachments.RR_MP_Budget_3_0.BudgetYear.OtherDirectCosts.OtherDirectCost8.Cost,Cost,question,question-candidate:sha256:7d1a1b469b085541518a6248270954e1f62ccd9f12895f622800ebb15e78373f,question-candidate:sha256:7d1a1b469b085541518a6248270954e1f62ccd9f12895f622800ebb15e78373f,question:sha256:390de06412edd8b8bf6b532019b0e492b84c5a4cb5b1944b5179fcf08460093f,agent_proposed,subaward_organization,,budget-other-direct-cost|budget-period|subaward-budget-collection,1,1,,,,string,xsd_declared_type,glob:DecimalMin1Max14Places2Type,https://apply07.grants.gov/apply/forms/schemas/RR_MP_Budget_3_0-V3.0.xsd,8ee3867971d4030582ff4c4cd906cd1a086c2d2491fb6f05b33cdd07ae435846,sha256:20dce5b3498c809727892ee6cb837db223d687564c5829d94fe481367b7815c4,false
RRMPSubawardBudget,[Draft] Research & Related Multi-Project Subaward Budget Attachment(s) Form,3.0,budget_attachments.rr_mp_budget_3_0[].budget_year[].other_direct_costs.other_direct_cost_9.cost,RR_MP_SubawardBudget_3_0.BudgetAttachments.RR_MP_Budget_3_0.BudgetYear.OtherDirectCosts.OtherDirectCost9.Cost,Cost,question,question-candidate:sha256:7d1a1b469b085541518a6248270954e1f62ccd9f12895f622800ebb15e78373f,question-candidate:sha256:7d1a1b469b085541518a6248270954e1f62ccd9f12895f622800ebb15e78373f,question:sha256:474fff23ab934e819eb6c0b25b5655f4c1f4a5f43ed2ef91626042f92b7355f7,agent_proposed,subaward_organization,,budget-other-direct-cost|budget-period|subaward-budget-collection,1,1,,,,string,xsd_declared_type,glob:DecimalMin1Max14Places2Type,https://apply07.grants.gov/apply/forms/schemas/RR_MP_Budget_3_0-V3.0.xsd,8ee3867971d4030582ff4c4cd906cd1a086c2d2491fb6f05b33cdd07ae435846,sha256:20dce5b3498c809727892ee6cb837db223d687564c5829d94fe481367b7815c4,false
RRMPSubawardBudget,[Draft] Research & Related Multi-Project Subaward Budget Attachment(s) Form,3.0,budget_attachments.rr_mp_budget_3_0[].budget_year[].participant_trainee_support_costs.other.cost,RR_MP_SubawardBudget_3_0.BudgetAttachments.RR_MP_Budget_3_0.BudgetYear.ParticipantTraineeSupportCosts.Other.Cost,Cost,question,question-candidate:sha256:7d1a1b469b085541518a6248270954e1f62ccd9f12895f622800ebb15e78373f,question-candidate:sha256:7d1a1b469b085541518a6248270954e1f62ccd9f12895f622800ebb15e78373f,question:sha256:fbbdcb3af2fdcca8b809e08aaa9de78539371e51e320d8f7cec4503352ab6e3a,agent_proposed,subaward_organization,,budget-participant-support|budget-period|subaward-budget-collection,1,1,,,,string,xsd_declared_type,glob:DecimalMin1Max14Places2Type,https://apply07.grants.gov/apply/forms/schemas/RR_MP_Budget_3_0-V3.0.xsd,8ee3867971d4030582ff4c4cd906cd1a086c2d2491fb6f05b33cdd07ae435846,sha256:20dce5b3498c809727892ee6cb837db223d687564c5829d94fe481367b7815c4,false
RRMPSubawardBudget,[Draft] Research & Related Multi-Project Subaward Budget Attachment(s) Form,3.0,budget_attachments.rr_mp_budget_3_0[].budget_year[].other_direct_costs.publication_costs,RR_MP_SubawardBudget_3_0.BudgetAttachments.RR_MP_Budget_3_0.BudgetYear.OtherDirectCosts.PublicationCosts,PublicationCosts,question,question-candidate:sha256:7d34e0a2c73672fada95812c416252579a16d1a565c11001874a9501c185e8b3,question-candidate:sha256:7d34e0a2c73672fada95812c416252579a16d1a565c11001874a9501c185e8b3,question:sha256:34749682678a250bfe68029c8b8b1faf1d23996872e476a0b5cf20fe6e22788f,agent_proposed,subaward_organization,,budget-other-direct-cost|budget-period|subaward-budget-collection,0,1,,,,string,xsd_declared_type,glob:DecimalMin1Max14Places2Type,https://apply07.grants.gov/apply/forms/schemas/RR_MP_Budget_3_0-V3.0.xsd,8ee3867971d4030582ff4c4cd906cd1a086c2d2491fb6f05b33cdd07ae435846,sha256:20dce5b3498c809727892ee6cb837db223d687564c5829d94fe481367b7815c4,false
RRMPSubawardBudget,[Draft] Research & Related Multi-Project Subaward Budget Attachment(s) Form,3.0,budget_attachments.rr_mp_budget_3_0[].budget_year[].indirect_costs.indirect_cost[].base,RR_MP_SubawardBudget_3_0.BudgetAttachments.RR_MP_Budget_3_0.BudgetYear.IndirectCosts.IndirectCost.Base,Base,question,question-candidate:sha256:84d5c18c5da49a53a7a0d0f39ee96c9c2490150d55c44c939594d894c295a232,question-candidate:sha256:84d5c18c5da49a53a7a0d0f39ee96c9c2490150d55c44c939594d894c295a232,question:sha256:05a754bdeb3ad50b0177ed9a9df8138c2a65b2372f04b7a43f8a0a38ff28b2a9,agent_proposed,subaward_organization,,budget-indirect-cost|budget-period|subaward-budget-collection,0,1,,,,string,xsd_declared_type,glob:DecimalMin1Max14Places2Type,https://apply07.grants.gov/apply/forms/schemas/RR_MP_Budget_3_0-V3.0.xsd,8ee3867971d4030582ff4c4cd906cd1a086c2d2491fb6f05b33cdd07ae435846,sha256:20dce5b3498c809727892ee6cb837db223d687564c5829d94fe481367b7815c4,false
RRMPSubawardBudget,[Draft] Research & Related Multi-Project Subaward Budget Attachment(s) Form,3.0,budget_attachments.rr_mp_budget_3_0[].budget_year[].key_persons.key_person[].name.prefix_name,RR_MP_SubawardBudget_3_0.BudgetAttachments.RR_MP_Budget_3_0.BudgetYear.KeyPersons.KeyPerson.Name.PrefixName,PrefixName,question,question-candidate:sha256:8544a4039cdef9bf3dbcb8b11b38f73f27f03f279f832ac8fafc105923e27cda,question-candidate:sha256:8544a4039cdef9bf3dbcb8b11b38f73f27f03f279f832ac8fafc105923e27cda,question:sha256:97f73d79ee6b18960943890509cf933967d5286c0a9a6095e8a2e39194399241,agent_proposed,senior_key_person,,budget-period|person-identity-contact|person-profile|subaward-budget-collection,0,1,,,,string,xsd_declared_type,globLib:PrefixNameDataType,https://apply07.grants.gov/apply/system/schemas/GlobalLibrary-V2.0.xsd,ff0214de91b95a4209f50f0fe08a18d0f3d17f280ab8c8bbcb52878f37de7be8,sha256:20dce5b3498c809727892ee6cb837db223d687564c5829d94fe481367b7815c4,false
RRMPSubawardBudget,[Draft] Research & Related Multi-Project Subaward Budget Attachment(s) Form,3.0,budget_attachments.rr_mp_budget_3_0[].budget_year[].key_persons.key_person[].name.suffix_name,RR_MP_SubawardBudget_3_0.BudgetAttachments.RR_MP_Budget_3_0.BudgetYear.KeyPersons.KeyPerson.Name.SuffixName,SuffixName,question,question-candidate:sha256:870f4a2fb0c24c2b5054d9df39a0617879000a0c22543292d9d1a9d72a0a185f,question-candidate:sha256:870f4a2fb0c24c2b5054d9df39a0617879000a0c22543292d9d1a9d72a0a185f,question:sha256:d2fb1c1e59ac0f8afe3727d26d379cb37d3d49ad50b360c4271b625659fd223e,agent_proposed,senior_key_person,,budget-period|person-identity-contact|person-profile|subaward-budget-collection,0,1,,,,string,xsd_declared_type,globLib:SuffixNameDataType,https://apply07.grants.gov/apply/system/schemas/GlobalLibrary-V2.0.xsd,ff0214de91b95a4209f50f0fe08a18d0f3d17f280ab8c8bbcb52878f37de7be8,sha256:20dce5b3498c809727892ee6cb837db223d687564c5829d94fe481367b7815c4,false
RRMPSubawardBudget,[Draft] Research & Related Multi-Project Subaward Budget Attachment(s) Form,3.0,budget_attachments.rr_mp_budget_3_0[].budget_type,RR_MP_SubawardBudget_3_0.BudgetAttachments.RR_MP_Budget_3_0.BudgetType,BudgetType,question,question-candidate:sha256:8b673824f1b8ba7f380700ac4ceeccdee9a6b32d8edd6f9f20aea5d37ec6a388,question-candidate:sha256:8b673824f1b8ba7f380700ac4ceeccdee9a6b32d8edd6f9f20aea5d37ec6a388,question:sha256:4d1a200848f6cca832ccf3189b45c5acd3d5c5e61545add540ef097b2547e5e2,agent_proposed,subaward_organization,,budget-header|subaward-budget-collection,1,1,,,,string,xsd_declared_type,RR_MP_Budget_3_0:BudgetTypeDataType,https://apply07.grants.gov/apply/forms/schemas/RR_MP_Budget_3_0-V3.0.xsd,8ee3867971d4030582ff4c4cd906cd1a086c2d2491fb6f05b33cdd07ae435846,sha256:20dce5b3498c809727892ee6cb837db223d687564c5829d94fe481367b7815c4,false
RRMPSubawardBudget,[Draft] Research & Related Multi-Project Subaward Budget Attachment(s) Form,3.0,budget_attachments.rr_mp_budget_3_0[].budget_year[].equipment.total_fund_for_attached_equipment,RR_MP_SubawardBudget_3_0.BudgetAttachments.RR_MP_Budget_3_0.BudgetYear.Equipment.TotalFundForAttachedEquipment,TotalFundForAttachedEquipment,question,question-candidate:sha256:8bd3e1c0e0fb47deef33be174e4af22181e04f8377dec5de47a311347e593dbf,question-candidate:sha256:8bd3e1c0e0fb47deef33be174e4af22181e04f8377dec5de47a311347e593dbf,question:sha256:917a8276ef1d84aa663200224124442acad889e024c7f3c1a1dc082640d9f027,agent_proposed,subaward_organization,,budget-equipment|budget-period|subaward-budget-collection,0,1,,,,string,xsd_declared_type,glob:DecimalMin1Max14Places2Type,https://apply07.grants.gov/apply/forms/schemas/RR_MP_Budget_3_0-V3.0.xsd,8ee3867971d4030582ff4c4cd906cd1a086c2d2491fb6f05b33cdd07ae435846,sha256:20dce5b3498c809727892ee6cb837db223d687564c5829d94fe481367b7815c4,false
RRMPSubawardBudget,[Draft] Research & Related Multi-Project Subaward Budget Attachment(s) Form,3.0,budget_attachments.rr_mp_budget_3_0[].budget_year[].key_persons.key_person[].fringe_benefits,RR_MP_SubawardBudget_3_0.BudgetAttachments.RR_MP_Budget_3_0.BudgetYear.KeyPersons.KeyPerson.FringeBenefits,FringeBenefits,question,question-candidate:sha256:9b43c94dd4a863e4b2359263f87e3a38cb3127678bbbf5cf53a409388d58f59b,question-candidate:sha256:9b43c94dd4a863e4b2359263f87e3a38cb3127678bbbf5cf53a409388d58f59b,question:sha256:f3ccee491e5f5c82954ffd69daf42d5629f6f25eef13d32d83119ccf650ed927,agent_proposed,senior_key_person,,budget-period|money-and-effort-primitives|person-profile|subaward-budget-collection,1,1,,,,string,xsd_declared_type,glob:DecimalMin1Max14Places2Type,https://apply07.grants.gov/apply/forms/schemas/RR_MP_Budget_3_0-V3.0.xsd,8ee3867971d4030582ff4c4cd906cd1a086c2d2491fb6f05b33cdd07ae435846,sha256:20dce5b3498c809727892ee6cb837db223d687564c5829d94fe481367b7815c4,false
RRMPSubawardBudget,[Draft] Research & Related Multi-Project Subaward Budget Attachment(s) Form,3.0,budget_attachments.rr_mp_budget_3_0[].budget_year[].key_persons.key_person[].summer_months,RR_MP_SubawardBudget_3_0.BudgetAttachments.RR_MP_Budget_3_0.BudgetYear.KeyPersons.KeyPerson.SummerMonths,SummerMonths,question,question-candidate:sha256:9ce87c22b3614664ff3876992c4e2c6a60597406b146a9263a958d3650fb3ef4,question-candidate:sha256:9ce87c22b3614664ff3876992c4e2c6a60597406b146a9263a958d3650fb3ef4,question:sha256:2c2c1f1c53130b6a0383b9b3a14fc42e1dd425ba0a3d25fe5134b5402aef9513,agent_proposed,senior_key_person,,budget-period|money-and-effort-primitives|person-profile|subaward-budget-collection,0,1,,,,string,xsd_declared_type,RR_MP_Budget_3_0:Month2whole2fracDataType,https://apply07.grants.gov/apply/forms/schemas/RR_MP_Budget_3_0-V3.0.xsd,8ee3867971d4030582ff4c4cd906cd1a086c2d2491fb6f05b33cdd07ae435846,sha256:20dce5b3498c809727892ee6cb837db223d687564c5829d94fe481367b7815c4,false
RRMPSubawardBudget,[Draft] Research & Related Multi-Project Subaward Budget Attachment(s) Form,3.0,budget_attachments.rr_mp_budget_3_0[].budget_year[].other_direct_costs.subaward_consortium_contractual_costs,RR_MP_SubawardBudget_3_0.BudgetAttachments.RR_MP_Budget_3_0.BudgetYear.OtherDirectCosts.SubawardConsortiumContractualCosts,SubawardConsortiumContractualCosts,question,question-candidate:sha256:9db54af2e2c62c3ca2cd5f8f94cbd0ba0ea98396cdd00ad033acb3e33b9ef11e,question-candidate:sha256:9db54af2e2c62c3ca2cd5f8f94cbd0ba0ea98396cdd00ad033acb3e33b9ef11e,question:sha256:18b7f58af7e83466a0ec234711631a9f71d810c0277e86282855a5b4009dc0f4,agent_proposed,subaward_organization,,budget-other-direct-cost|budget-period|subaward-budget-collection,0,1,,,,string,xsd_declared_type,glob:DecimalMin1Max14Places2Type,https://apply07.grants.gov/apply/forms/schemas/RR_MP_Budget_3_0-V3.0.xsd,8ee3867971d4030582ff4c4cd906cd1a086c2d2491fb6f05b33cdd07ae435846,sha256:20dce5b3498c809727892ee6cb837db223d687564c5829d94fe481367b7815c4,false
RRMPSubawardBudget,[Draft] Research & Related Multi-Project Subaward Budget Attachment(s) Form,3.0,budget_attachments.rr_mp_budget_3_0[].budget_year[].equipment.equipment_list[].equipment_item,RR_MP_SubawardBudget_3_0.BudgetAttachments.RR_MP_Budget_3_0.BudgetYear.Equipment.EquipmentList.EquipmentItem,EquipmentItem,question,question-candidate:sha256:a0febcb813d758efdba89b55879de5ec0eb736b561b040a3e988c2f5aa97b4b6,question-candidate:sha256:a0febcb813d758efdba89b55879de5ec0eb736b561b040a3e988c2f5aa97b4b6,question:sha256:1e7db90544c6bc81050e4e0306fd921b9182a274df6095c5645013646340a621,agent_proposed,subaward_organization,,budget-equipment|budget-period|subaward-budget-collection,1,1,,,,string,xsd_declared_type,RR_MP_Budget_3_0:String1_64DataType,https://apply07.grants.gov/apply/forms/schemas/RR_MP_Budget_3_0-V3.0.xsd,8ee3867971d4030582ff4c4cd906cd1a086c2d2491fb6f05b33cdd07ae435846,sha256:20dce5b3498c809727892ee6cb837db223d687564c5829d94fe481367b7815c4,false
RRMPSubawardBudget,[Draft] Research & Related Multi-Project Subaward Budget Attachment(s) Form,3.0,budget_attachments.rr_mp_budget_3_0[].budget_year[].other_direct_costs.equipment_rental_fee,RR_MP_SubawardBudget_3_0.BudgetAttachments.RR_MP_Budget_3_0.BudgetYear.OtherDirectCosts.EquipmentRentalFee,EquipmentRentalFee,question,question-candidate:sha256:af5874cd5aa797a10accf50c96ecd46488af44d2ebde11ed0d6748b144f47c69,question-candidate:sha256:af5874cd5aa797a10accf50c96ecd46488af44d2ebde11ed0d6748b144f47c69,question:sha256:cb9299b9c25637037ef444b7271f1586005f21ce509b700aeca9137d40066e1b,agent_proposed,subaward_organization,,budget-equipment|budget-other-direct-cost|budget-period|subaward-budget-collection,0,1,,,,string,xsd_declared_type,glob:DecimalMin1Max14Places2Type,https://apply07.grants.gov/apply/forms/schemas/RR_MP_Budget_3_0-V3.0.xsd,8ee3867971d4030582ff4c4cd906cd1a086c2d2491fb6f05b33cdd07ae435846,sha256:20dce5b3498c809727892ee6cb837db223d687564c5829d94fe481367b7815c4,false
RRMPSubawardBudget,[Draft] Research & Related Multi-Project Subaward Budget Attachment(s) Form,3.0,budget_attachments.rr_mp_budget_3_0[].budget_year[].other_direct_costs.adp_computer_services,RR_MP_SubawardBudget_3_0.BudgetAttachments.RR_MP_Budget_3_0.BudgetYear.OtherDirectCosts.ADPComputerServices,ADPComputerServices,question,question-candidate:sha256:b6b56d753517a0cb63ea13e60cc3924e524139e3373cfc4b783ccf88e2ef9bd1,question-candidate:sha256:b6b56d753517a0cb63ea13e60cc3924e524139e3373cfc4b783ccf88e2ef9bd1,question:sha256:6e4ae634bf2b305904ab621ad13b9a68df1e5ce88ddcce00d56a4a32cddeccab,agent_proposed,subaward_organization,,budget-other-direct-cost|budget-period|subaward-budget-collection,0,1,,,,string,xsd_declared_type,glob:DecimalMin1Max14Places2Type,https://apply07.grants.gov/apply/forms/schemas/RR_MP_Budget_3_0-V3.0.xsd,8ee3867971d4030582ff4c4cd906cd1a086c2d2491fb6f05b33cdd07ae435846,sha256:20dce5b3498c809727892ee6cb837db223d687564c5829d94fe481367b7815c4,false
RRMPSubawardBudget,[Draft] Research & Related Multi-Project Subaward Budget Attachment(s) Form,3.0,budget_attachments.rr_mp_budget_3_0[].budget_year[].key_persons.key_person[].name.last_name,RR_MP_SubawardBudget_3_0.BudgetAttachments.RR_MP_Budget_3_0.BudgetYear.KeyPersons.KeyPerson.Name.LastName,LastName,question,question-candidate:sha256:b7696c75ae8c12c0517f7266a72fadbd8370d9ed9ef0195da70167115ed7315b,question-candidate:sha256:b7696c75ae8c12c0517f7266a72fadbd8370d9ed9ef0195da70167115ed7315b,question:sha256:322db4640c65bfbba68ba8bf306c79702ca61e9cd126ba4d10aa26030abc35cc,agent_proposed,senior_key_person,,budget-period|person-identity-contact|person-profile|subaward-budget-collection,1,1,,,,string,xsd_declared_type,globLib:LastNameDataType,https://apply07.grants.gov/apply/system/schemas/GlobalLibrary-V2.0.xsd,ff0214de91b95a4209f50f0fe08a18d0f3d17f280ab8c8bbcb52878f37de7be8,sha256:20dce5b3498c809727892ee6cb837db223d687564c5829d94fe481367b7815c4,false
RRMPSubawardBudget,[Draft] Research & Related Multi-Project Subaward Budget Attachment(s) Form,3.0,budget_attachments.rr_mp_budget_3_0[].budget_year[].participant_trainee_support_costs.tuition_fee_health_insurance,RR_MP_SubawardBudget_3_0.BudgetAttachments.RR_MP_Budget_3_0.BudgetYear.ParticipantTraineeSupportCosts.TuitionFeeHealthInsurance,TuitionFeeHealthInsurance,question,question-candidate:sha256:b79221980c90907525d5a71b65f98cca8733ead1017f5ca6399db659f5938822,question-candidate:sha256:b79221980c90907525d5a71b65f98cca8733ead1017f5ca6399db659f5938822,question:sha256:e660044d87f6d1117e2baed1a3693da20da953f818ecf7c2b58b1eb0a5ea51e5,agent_proposed,subaward_organization,,budget-participant-support|budget-period|subaward-budget-collection,0,1,,,,string,xsd_declared_type,glob:DecimalMin1Max14Places2Type,https://apply07.grants.gov/apply/forms/schemas/RR_MP_Budget_3_0-V3.0.xsd,8ee3867971d4030582ff4c4cd906cd1a086c2d2491fb6f05b33cdd07ae435846,sha256:20dce5b3498c809727892ee6cb837db223d687564c5829d94fe481367b7815c4,false
RRMPSubawardBudget,[Draft] Research & Related Multi-Project Subaward Budget Attachment(s) Form,3.0,budget_attachments.rr_mp_budget_3_0[].budget_year[].other_direct_costs.other_direct_cost_1.description,RR_MP_SubawardBudget_3_0.BudgetAttachments.RR_MP_Budget_3_0.BudgetYear.OtherDirectCosts.OtherDirectCost1.Description,Description,question,question-candidate:sha256:c2b35b0a8b137b6dc1bca9b47e1352cfac4bfd27c69d660157b1929528d94c71,question-candidate:sha256:c2b35b0a8b137b6dc1bca9b47e1352cfac4bfd27c69d660157b1929528d94c71,question:sha256:37eb6b663ede1a44daa1af1529940e01c94170752fac0d5d91511fe91b0cf9dc,agent_proposed,subaward_organization,,budget-other-direct-cost|budget-period|subaward-budget-collection,1,1,,,,string,xsd_declared_type,RR_MP_Budget_3_0:String1_120DataType,https://apply07.grants.gov/apply/forms/schemas/RR_MP_Budget_3_0-V3.0.xsd,8ee3867971d4030582ff4c4cd906cd1a086c2d2491fb6f05b33cdd07ae435846,sha256:20dce5b3498c809727892ee6cb837db223d687564c5829d94fe481367b7815c4,false
RRMPSubawardBudget,[Draft] Research & Related Multi-Project Subaward Budget Attachment(s) Form,3.0,budget_attachments.rr_mp_budget_3_0[].budget_year[].other_direct_costs.other_direct_cost_10.description,RR_MP_SubawardBudget_3_0.BudgetAttachments.RR_MP_Budget_3_0.BudgetYear.OtherDirectCosts.OtherDirectCost10.Description,Description,question,question-candidate:sha256:c2b35b0a8b137b6dc1bca9b47e1352cfac4bfd27c69d660157b1929528d94c71,question-candidate:sha256:c2b35b0a8b137b6dc1bca9b47e1352cfac4bfd27c69d660157b1929528d94c71,question:sha256:10d9695118563ce19b8d02921fe0dce0ceec5c4ee0c6db327ff93e762433dd22,agent_proposed,subaward_organization,,budget-other-direct-cost|budget-period|subaward-budget-collection,1,1,,,,string,xsd_declared_type,RR_MP_Budget_3_0:String1_120DataType,https://apply07.grants.gov/apply/forms/schemas/RR_MP_Budget_3_0-V3.0.xsd,8ee3867971d4030582ff4c4cd906cd1a086c2d2491fb6f05b33cdd07ae435846,sha256:20dce5b3498c809727892ee6cb837db223d687564c5829d94fe481367b7815c4,false
RRMPSubawardBudget,[Draft] Research & Related Multi-Project Subaward Budget Attachment(s) Form,3.0,budget_attachments.rr_mp_budget_3_0[].budget_year[].other_direct_costs.other_direct_cost_2.description,RR_MP_SubawardBudget_3_0.BudgetAttachments.RR_MP_Budget_3_0.BudgetYear.OtherDirectCosts.OtherDirectCost2.Description,Description,question,question-candidate:sha256:c2b35b0a8b137b6dc1bca9b47e1352cfac4bfd27c69d660157b1929528d94c71,question-candidate:sha256:c2b35b0a8b137b6dc1bca9b47e1352cfac4bfd27c69d660157b1929528d94c71,question:sha256:eb135989e88548b9266fd7aa21ae850da317e8f4fcd139b8fb222432a8b9e950,agent_proposed,subaward_organization,,budget-other-direct-cost|budget-period|subaward-budget-collection,1,1,,,,string,xsd_declared_type,RR_MP_Budget_3_0:String1_120DataType,https://apply07.grants.gov/apply/forms/schemas/RR_MP_Budget_3_0-V3.0.xsd,8ee3867971d4030582ff4c4cd906cd1a086c2d2491fb6f05b33cdd07ae435846,sha256:20dce5b3498c809727892ee6cb837db223d687564c5829d94fe481367b7815c4,false
RRMPSubawardBudget,[Draft] Research & Related Multi-Project Subaward Budget Attachment(s) Form,3.0,budget_attachments.rr_mp_budget_3_0[].budget_year[].other_direct_costs.other_direct_cost_3.description,RR_MP_SubawardBudget_3_0.BudgetAttachments.RR_MP_Budget_3_0.BudgetYear.OtherDirectCosts.OtherDirectCost3.Description,Description,question,question-candidate:sha256:c2b35b0a8b137b6dc1bca9b47e1352cfac4bfd27c69d660157b1929528d94c71,question-candidate:sha256:c2b35b0a8b137b6dc1bca9b47e1352cfac4bfd27c69d660157b1929528d94c71,question:sha256:730370ebefa8139b194e722f349e4a588f29c40a388a8439366221a96b32e045,agent_proposed,subaward_organization,,budget-other-direct-cost|budget-period|subaward-budget-collection,1,1,,,,string,xsd_declared_type,RR_MP_Budget_3_0:String1_120DataType,https://apply07.grants.gov/apply/forms/schemas/RR_MP_Budget_3_0-V3.0.xsd,8ee3867971d4030582ff4c4cd906cd1a086c2d2491fb6f05b33cdd07ae435846,sha256:20dce5b3498c809727892ee6cb837db223d687564c5829d94fe481367b7815c4,false
RRMPSubawardBudget,[Draft] Research & Related Multi-Project Subaward Budget Attachment(s) Form,3.0,budget_attachments.rr_mp_budget_3_0[].budget_year[].other_direct_costs.other_direct_cost_4.description,RR_MP_SubawardBudget_3_0.BudgetAttachments.RR_MP_Budget_3_0.BudgetYear.OtherDirectCosts.OtherDirectCost4.Description,Description,question,question-candidate:sha256:c2b35b0a8b137b6dc1bca9b47e1352cfac4bfd27c69d660157b1929528d94c71,question-candidate:sha256:c2b35b0a8b137b6dc1bca9b47e1352cfac4bfd27c69d660157b1929528d94c71,question:sha256:7ef9901f340a64bf6525ccc35b64f401b467aa7471fa2b4f0b285d034c4eb417,agent_proposed,subaward_organization,,budget-other-direct-cost|budget-period|subaward-budget-collection,1,1,,,,string,xsd_declared_type,RR_MP_Budget_3_0:String1_120DataType,https://apply07.grants.gov/apply/forms/schemas/RR_MP_Budget_3_0-V3.0.xsd,8ee3867971d4030582ff4c4cd906cd1a086c2d2491fb6f05b33cdd07ae435846,sha256:20dce5b3498c809727892ee6cb837db223d687564c5829d94fe481367b7815c4,false
RRMPSubawardBudget,[Draft] Research & Related Multi-Project Subaward Budget Attachment(s) Form,3.0,budget_attachments.rr_mp_budget_3_0[].budget_year[].other_direct_costs.other_direct_cost_5.description,RR_MP_SubawardBudget_3_0.BudgetAttachments.RR_MP_Budget_3_0.BudgetYear.OtherDirectCosts.OtherDirectCost5.Description,Description,question,question-candidate:sha256:c2b35b0a8b137b6dc1bca9b47e1352cfac4bfd27c69d660157b1929528d94c71,question-candidate:sha256:c2b35b0a8b137b6dc1bca9b47e1352cfac4bfd27c69d660157b1929528d94c71,question:sha256:6635d5c2632caa5302b40441db4466b0608d2eb49ecef5fa97cfd5328bd28830,agent_proposed,subaward_organization,,budget-other-direct-cost|budget-period|subaward-budget-collection,1,1,,,,string,xsd_declared_type,RR_MP_Budget_3_0:String1_120DataType,https://apply07.grants.gov/apply/forms/schemas/RR_MP_Budget_3_0-V3.0.xsd,8ee3867971d4030582ff4c4cd906cd1a086c2d2491fb6f05b33cdd07ae435846,sha256:20dce5b3498c809727892ee6cb837db223d687564c5829d94fe481367b7815c4,false
RRMPSubawardBudget,[Draft] Research & Related Multi-Project Subaward Budget Attachment(s) Form,3.0,budget_attachments.rr_mp_budget_3_0[].budget_year[].other_direct_costs.other_direct_cost_6.description,RR_MP_SubawardBudget_3_0.BudgetAttachments.RR_MP_Budget_3_0.BudgetYear.OtherDirectCosts.OtherDirectCost6.Description,Description,question,question-candidate:sha256:c2b35b0a8b137b6dc1bca9b47e1352cfac4bfd27c69d660157b1929528d94c71,question-candidate:sha256:c2b35b0a8b137b6dc1bca9b47e1352cfac4bfd27c69d660157b1929528d94c71,question:sha256:ee4fcf01fbf7cdfd58286397f3a238ff754b957c45171bf27aaf5d8913577eea,agent_proposed,subaward_organization,,budget-other-direct-cost|budget-period|subaward-budget-collection,1,1,,,,string,xsd_declared_type,RR_MP_Budget_3_0:String1_120DataType,https://apply07.grants.gov/apply/forms/schemas/RR_MP_Budget_3_0-V3.0.xsd,8ee3867971d4030582ff4c4cd906cd1a086c2d2491fb6f05b33cdd07ae435846,sha256:20dce5b3498c809727892ee6cb837db223d687564c5829d94fe481367b7815c4,false
RRMPSubawardBudget,[Draft] Research & Related Multi-Project Subaward Budget Attachment(s) Form,3.0,budget_attachments.rr_mp_budget_3_0[].budget_year[].other_direct_costs.other_direct_cost_7.description,RR_MP_SubawardBudget_3_0.BudgetAttachments.RR_MP_Budget_3_0.BudgetYear.OtherDirectCosts.OtherDirectCost7.Description,Description,question,question-candidate:sha256:c2b35b0a8b137b6dc1bca9b47e1352cfac4bfd27c69d660157b1929528d94c71,question-candidate:sha256:c2b35b0a8b137b6dc1bca9b47e1352cfac4bfd27c69d660157b1929528d94c71,question:sha256:a3862bebddb70387b6614d3f9022cd4959e70c76c82a2647c9a2ee308a878027,agent_proposed,subaward_organization,,budget-other-direct-cost|budget-period|subaward-budget-collection,1,1,,,,string,xsd_declared_type,RR_MP_Budget_3_0:String1_120DataType,https://apply07.grants.gov/apply/forms/schemas/RR_MP_Budget_3_0-V3.0.xsd,8ee3867971d4030582ff4c4cd906cd1a086c2d2491fb6f05b33cdd07ae435846,sha256:20dce5b3498c809727892ee6cb837db223d687564c5829d94fe481367b7815c4,false
RRMPSubawardBudget,[Draft] Research & Related Multi-Project Subaward Budget Attachment(s) Form,3.0,budget_attachments.rr_mp_budget_3_0[].budget_year[].other_direct_costs.other_direct_cost_8.description,RR_MP_SubawardBudget_3_0.BudgetAttachments.RR_MP_Budget_3_0.BudgetYear.OtherDirectCosts.OtherDirectCost8.Description,Description,question,question-candidate:sha256:c2b35b0a8b137b6dc1bca9b47e1352cfac4bfd27c69d660157b1929528d94c71,question-candidate:sha256:c2b35b0a8b137b6dc1bca9b47e1352cfac4bfd27c69d660157b1929528d94c71,question:sha256:c41ca8d21f431239281cdcfc87ef565cda908274229256bfd880e169b0060b32,agent_proposed,subaward_organization,,budget-other-direct-cost|budget-period|subaward-budget-collection,1,1,,,,string,xsd_declared_type,RR_MP_Budget_3_0:String1_120DataType,https://apply07.grants.gov/apply/forms/schemas/RR_MP_Budget_3_0-V3.0.xsd,8ee3867971d4030582ff4c4cd906cd1a086c2d2491fb6f05b33cdd07ae435846,sha256:20dce5b3498c809727892ee6cb837db223d687564c5829d94fe481367b7815c4,false
RRMPSubawardBudget,[Draft] Research & Related Multi-Project Subaward Budget Attachment(s) Form,3.0,budget_attachments.rr_mp_budget_3_0[].budget_year[].other_direct_costs.other_direct_cost_9.description,RR_MP_SubawardBudget_3_0.BudgetAttachments.RR_MP_Budget_3_0.BudgetYear.OtherDirectCosts.OtherDirectCost9.Description,Description,question,question-candidate:sha256:c2b35b0a8b137b6dc1bca9b47e1352cfac4bfd27c69d660157b1929528d94c71,question-candidate:sha256:c2b35b0a8b137b6dc1bca9b47e1352cfac4bfd27c69d660157b1929528d94c71,question:sha256:28684f2bd5c9dcfd4529848388b679e70a1d6dc4b8a200cf076282001fa1a9e2,agent_proposed,subaward_organization,,budget-other-direct-cost|budget-period|subaward-budget-collection,1,1,,,,string,xsd_declared_type,RR_MP_Budget_3_0:String1_120DataType,https://apply07.grants.gov/apply/forms/schemas/RR_MP_Budget_3_0-V3.0.xsd,8ee3867971d4030582ff4c4cd906cd1a086c2d2491fb6f05b33cdd07ae435846,sha256:20dce5b3498c809727892ee6cb837db223d687564c5829d94fe481367b7815c4,false
RRMPSubawardBudget,[Draft] Research & Related Multi-Project Subaward Budget Attachment(s) Form,3.0,budget_attachments.rr_mp_budget_3_0[].budget_year[].participant_trainee_support_costs.other.description,RR_MP_SubawardBudget_3_0.BudgetAttachments.RR_MP_Budget_3_0.BudgetYear.ParticipantTraineeSupportCosts.Other.Description,Description,question,question-candidate:sha256:c2b35b0a8b137b6dc1bca9b47e1352cfac4bfd27c69d660157b1929528d94c71,question-candidate:sha256:c2b35b0a8b137b6dc1bca9b47e1352cfac4bfd27c69d660157b1929528d94c71,question:sha256:dee1cb8bb256b59e299af4621900a70e952d9f5c45e2e43de100382e084f2291,agent_proposed,subaward_organization,,budget-participant-support|budget-period|subaward-budget-collection,1,1,,,,string,xsd_declared_type,glob:StringMin1Max100Type,https://apply07.grants.gov/apply/forms/schemas/RR_MP_Budget_3_0-V3.0.xsd,8ee3867971d4030582ff4c4cd906cd1a086c2d2491fb6f05b33cdd07ae435846,sha256:20dce5b3498c809727892ee6cb837db223d687564c5829d94fe481367b7815c4,false
RRMPSubawardBudget,[Draft] Research & Related Multi-Project Subaward Budget Attachment(s) Form,3.0,budget_attachments.rr_mp_budget_3_0[].budget_year[].key_persons.key_person[].name.first_name,RR_MP_SubawardBudget_3_0.BudgetAttachments.RR_MP_Budget_3_0.BudgetYear.KeyPersons.KeyPerson.Name.FirstName,FirstName,question,question-candidate:sha256:c5374ba3613bcf07f3064f3104e92f73740bb9e6ff4982c747e0fd1dc2c598cd,question-candidate:sha256:c5374ba3613bcf07f3064f3104e92f73740bb9e6ff4982c747e0fd1dc2c598cd,question:sha256:6a3cd1b65ac42fa14b53530bccb4578b6d9ee47f4c3b387e23025444330cb550,agent_proposed,senior_key_person,,budget-period|person-identity-contact|person-profile|subaward-budget-collection,1,1,,,,string,xsd_declared_type,globLib:FirstNameDataType,https://apply07.grants.gov/apply/system/schemas/GlobalLibrary-V2.0.xsd,ff0214de91b95a4209f50f0fe08a18d0f3d17f280ab8c8bbcb52878f37de7be8,sha256:20dce5b3498c809727892ee6cb837db223d687564c5829d94fe481367b7815c4,false
RRMPSubawardBudget,[Draft] Research & Related Multi-Project Subaward Budget Attachment(s) Form,3.0,budget_attachments.rr_mp_budget_3_0[].budget_year[].key_persons.key_person[].academic_months,RR_MP_SubawardBudget_3_0.BudgetAttachments.RR_MP_Budget_3_0.BudgetYear.KeyPersons.KeyPerson.AcademicMonths,AcademicMonths,question,question-candidate:sha256:c659661c4c61a576e65b7465db6bf927be987dd3213bfb53902e6d8f76540b15,question-candidate:sha256:c659661c4c61a576e65b7465db6bf927be987dd3213bfb53902e6d8f76540b15,question:sha256:486b0488944fe6c86376382a2d0269eff68fe0b32ce1e9298940221bfa9f50cb,agent_proposed,senior_key_person,,budget-period|money-and-effort-primitives|person-profile|subaward-budget-collection,0,1,,,,string,xsd_declared_type,RR_MP_Budget_3_0:Month2whole2fracDataType,https://apply07.grants.gov/apply/forms/schemas/RR_MP_Budget_3_0-V3.0.xsd,8ee3867971d4030582ff4c4cd906cd1a086c2d2491fb6f05b33cdd07ae435846,sha256:20dce5b3498c809727892ee6cb837db223d687564c5829d94fe481367b7815c4,false
RRMPSubawardBudget,[Draft] Research & Related Multi-Project Subaward Budget Attachment(s) Form,3.0,budget_attachments.rr_mp_budget_3_0[].budget_year[].equipment.total_fund,RR_MP_SubawardBudget_3_0.BudgetAttachments.RR_MP_Budget_3_0.BudgetYear.Equipment.TotalFund,TotalFund,question,question-candidate:sha256:cc3538bb2c72c049762146b104ef5e8e40082007c301eb0f099750cdaf7957a9,question-candidate:sha256:cc3538bb2c72c049762146b104ef5e8e40082007c301eb0f099750cdaf7957a9,question:sha256:9d4da8c1d124ff5beaf827b5711660acc974e24f5a9dc66a136f09d79af8fd59,agent_proposed,subaward_organization,,budget-equipment|budget-period|subaward-budget-collection,1,1,,,,string,xsd_declared_type,glob:DecimalMin1Max15Places2Type,https://apply07.grants.gov/apply/forms/schemas/RR_MP_Budget_3_0-V3.0.xsd,8ee3867971d4030582ff4c4cd906cd1a086c2d2491fb6f05b33cdd07ae435846,sha256:20dce5b3498c809727892ee6cb837db223d687564c5829d94fe481367b7815c4,false
RRMPSubawardBudget,[Draft] Research & Related Multi-Project Subaward Budget Attachment(s) Form,3.0,budget_attachments.rr_mp_budget_3_0[].budget_year[].other_personnel.graduate_students.calendar_months,RR_MP_SubawardBudget_3_0.BudgetAttachments.RR_MP_Budget_3_0.BudgetYear.OtherPersonnel.GraduateStudents.CalendarMonths,CalendarMonths,question,question-candidate:sha256:ccd2a7340574dd051109f8864381d16b5c02afb1097a56e86f9e1a3039fd98f8,question-candidate:sha256:ccd2a7340574dd051109f8864381d16b5c02afb1097a56e86f9e1a3039fd98f8,question:sha256:e80cf642c2ee9cbb848affec4ad50b14efa65e7e21beafd568c8e62a24fd4d9c,agent_proposed,subaward_organization,,budget-period|budget-personnel|money-and-effort-primitives|subaward-budget-collection,0,1,,,,string,xsd_declared_type,RR_MP_Budget_3_0:Month3whole2fracDataType,https://apply07.grants.gov/apply/forms/schemas/RR_MP_Budget_3_0-V3.0.xsd,8ee3867971d4030582ff4c4cd906cd1a086c2d2491fb6f05b33cdd07ae435846,sha256:20dce5b3498c809727892ee6cb837db223d687564c5829d94fe481367b7815c4,false
RRMPSubawardBudget,[Draft] Research & Related Multi-Project Subaward Budget Attachment(s) Form,3.0,budget_attachments.rr_mp_budget_3_0[].budget_year[].other_personnel.other[].calendar_months,RR_MP_SubawardBudget_3_0.BudgetAttachments.RR_MP_Budget_3_0.BudgetYear.OtherPersonnel.Other.CalendarMonths,CalendarMonths,question,question-candidate:sha256:ccd2a7340574dd051109f8864381d16b5c02afb1097a56e86f9e1a3039fd98f8,question-candidate:sha256:ccd2a7340574dd051109f8864381d16b5c02afb1097a56e86f9e1a3039fd98f8,question:sha256:9291b2da0c431a8378cafd31d0111878b0e9a411698dcadb6061692f179e543c,agent_proposed,subaward_organization,,budget-period|budget-personnel|money-and-effort-primitives|subaward-budget-collection,0,1,,,,string,xsd_declared_type,RR_MP_Budget_3_0:Month3whole2fracDataType,https://apply07.grants.gov/apply/forms/schemas/RR_MP_Budget_3_0-V3.0.xsd,8ee3867971d4030582ff4c4cd906cd1a086c2d2491fb6f05b33cdd07ae435846,sha256:20dce5b3498c809727892ee6cb837db223d687564c5829d94fe481367b7815c4,false
RRMPSubawardBudget,[Draft] Research & Related Multi-Project Subaward Budget Attachment(s) Form,3.0,budget_attachments.rr_mp_budget_3_0[].budget_year[].other_personnel.post_doc_associates.calendar_months,RR_MP_SubawardBudget_3_0.BudgetAttachments.RR_MP_Budget_3_0.BudgetYear.OtherPersonnel.PostDocAssociates.CalendarMonths,CalendarMonths,question,question-candidate:sha256:ccd2a7340574dd051109f8864381d16b5c02afb1097a56e86f9e1a3039fd98f8,question-candidate:sha256:ccd2a7340574dd051109f8864381d16b5c02afb1097a56e86f9e1a3039fd98f8,question:sha256:8afc1c82a37a0943c4a7f1376420ee4517d71c45507199a625cebcb7939d551d,agent_proposed,subaward_organization,,budget-period|budget-personnel|money-and-effort-primitives|subaward-budget-collection,0,1,,,,string,xsd_declared_type,RR_MP_Budget_3_0:Month3whole2fracDataType,https://apply07.grants.gov/apply/forms/schemas/RR_MP_Budget_3_0-V3.0.xsd,8ee3867971d4030582ff4c4cd906cd1a086c2d2491fb6f05b33cdd07ae435846,sha256:20dce5b3498c809727892ee6cb837db223d687564c5829d94fe481367b7815c4,false
RRMPSubawardBudget,[Draft] Research & Related Multi-Project Subaward Budget Attachment(s) Form,3.0,budget_attachments.rr_mp_budget_3_0[].budget_year[].other_personnel.secretarial_clerical.calendar_months,RR_MP_SubawardBudget_3_0.BudgetAttachments.RR_MP_Budget_3_0.BudgetYear.OtherPersonnel.SecretarialClerical.CalendarMonths,CalendarMonths,question,question-candidate:sha256:ccd2a7340574dd051109f8864381d16b5c02afb1097a56e86f9e1a3039fd98f8,question-candidate:sha256:ccd2a7340574dd051109f8864381d16b5c02afb1097a56e86f9e1a3039fd98f8,question:sha256:5b0f7530f298a397261e3711409622fafbb3e3ca65bd4ad9d4721c6eb168fdbd,agent_proposed,subaward_organization,,budget-period|budget-personnel|money-and-effort-primitives|subaward-budget-collection,0,1,,,,string,xsd_declared_type,RR_MP_Budget_3_0:Month3whole2fracDataType,https://apply07.grants.gov/apply/forms/schemas/RR_MP_Budget_3_0-V3.0.xsd,8ee3867971d4030582ff4c4cd906cd1a086c2d2491fb6f05b33cdd07ae435846,sha256:20dce5b3498c809727892ee6cb837db223d687564c5829d94fe481367b7815c4,false
RRMPSubawardBudget,[Draft] Research & Related Multi-Project Subaward Budget Attachment(s) Form,3.0,budget_attachments.rr_mp_budget_3_0[].budget_year[].other_personnel.undergraduate_students.calendar_months,RR_MP_SubawardBudget_3_0.BudgetAttachments.RR_MP_Budget_3_0.BudgetYear.OtherPersonnel.UndergraduateStudents.CalendarMonths,CalendarMonths,question,question-candidate:sha256:ccd2a7340574dd051109f8864381d16b5c02afb1097a56e86f9e1a3039fd98f8,question-candidate:sha256:ccd2a7340574dd051109f8864381d16b5c02afb1097a56e86f9e1a3039fd98f8,question:sha256:066173d0463f0831b1ef6cb09129eca0f52c1d1e8663f88d37ea65c019382b1e,agent_proposed,subaward_organization,,budget-period|budget-personnel|money-and-effort-primitives|subaward-budget-collection,0,1,,,,string,xsd_declared_type,RR_MP_Budget_3_0:Month3whole2fracDataType,https://apply07.grants.gov/apply/forms/schemas/RR_MP_Budget_3_0-V3.0.xsd,8ee3867971d4030582ff4c4cd906cd1a086c2d2491fb6f05b33cdd07ae435846,sha256:20dce5b3498c809727892ee6cb837db223d687564c5829d94fe481367b7815c4,false
RRMPSubawardBudget,[Draft] Research & Related Multi-Project Subaward Budget Attachment(s) Form,3.0,budget_attachments.rr_mp_budget_3_0[].budget_year[].direct_costs,RR_MP_SubawardBudget_3_0.BudgetAttachments.RR_MP_Budget_3_0.BudgetYear.DirectCosts,DirectCosts,question,question-candidate:sha256:d2a12a3f365b60f4f1ba90e34cb0ba85c9f2eee09c8fd7628d9081d50a059f15,question-candidate:sha256:d2a12a3f365b60f4f1ba90e34cb0ba85c9f2eee09c8fd7628d9081d50a059f15,question:sha256:eeb1ac5f07ea13d197a8b2ac48203709f2b086206f095157ff50c52b1d17e337,agent_proposed,subaward_organization,,budget-other-direct-cost|budget-period|subaward-budget-collection,1,1,,,,string,xsd_declared_type,glob:DecimalMin1Max15Places2Type,https://apply07.grants.gov/apply/forms/schemas/RR_MP_Budget_3_0-V3.0.xsd,8ee3867971d4030582ff4c4cd906cd1a086c2d2491fb6f05b33cdd07ae435846,sha256:20dce5b3498c809727892ee6cb837db223d687564c5829d94fe481367b7815c4,false
RRMPSubawardBudget,[Draft] Research & Related Multi-Project Subaward Budget Attachment(s) Form,3.0,budget_attachments.rr_mp_budget_3_0[].budget_year[].travel.domestic_travel_cost,RR_MP_SubawardBudget_3_0.BudgetAttachments.RR_MP_Budget_3_0.BudgetYear.Travel.DomesticTravelCost,DomesticTravelCost,question,question-candidate:sha256:d55a6231ef4dc886c71fdee2ede95d3aeca9eb3aa2a37d6643a0934212308421,question-candidate:sha256:d55a6231ef4dc886c71fdee2ede95d3aeca9eb3aa2a37d6643a0934212308421,question:sha256:644ed5232af4429cb52d1f676a822fa06f60bb33ecbef0bf38d78778b1b50b03,agent_proposed,subaward_organization,,budget-period|budget-travel|subaward-budget-collection,0,1,,,,string,xsd_declared_type,glob:DecimalMin1Max14Places2Type,https://apply07.grants.gov/apply/forms/schemas/RR_MP_Budget_3_0-V3.0.xsd,8ee3867971d4030582ff4c4cd906cd1a086c2d2491fb6f05b33cdd07ae435846,sha256:20dce5b3498c809727892ee6cb837db223d687564c5829d94fe481367b7815c4,false
RRMPSubawardBudget,[Draft] Research & Related Multi-Project Subaward Budget Attachment(s) Form,3.0,budget_attachments.rr_mp_budget_3_0[].budget_year[].key_persons.total_fund_for_key_persons,RR_MP_SubawardBudget_3_0.BudgetAttachments.RR_MP_Budget_3_0.BudgetYear.KeyPersons.TotalFundForKeyPersons,TotalFundForKeyPersons,question,question-candidate:sha256:d6228625f28f9e03c7f0af4d6b86c5db634509e9ce0575ebf167747a8595a63e,question-candidate:sha256:d6228625f28f9e03c7f0af4d6b86c5db634509e9ce0575ebf167747a8595a63e,question:sha256:26e01969506e4c8b841f0654251c575bf17453f7241468bd61234322e9d62d06,agent_proposed,senior_key_person,,budget-period|person-profile|subaward-budget-collection,1,1,,,,string,xsd_declared_type,glob:DecimalMin1Max15Places2Type,https://apply07.grants.gov/apply/forms/schemas/RR_MP_Budget_3_0-V3.0.xsd,8ee3867971d4030582ff4c4cd906cd1a086c2d2491fb6f05b33cdd07ae435846,sha256:20dce5b3498c809727892ee6cb837db223d687564c5829d94fe481367b7815c4,false
RRMPSubawardBudget,[Draft] Research & Related Multi-Project Subaward Budget Attachment(s) Form,3.0,budget_attachments.rr_mp_budget_3_0[].budget_year[].indirect_costs.indirect_cost[].cost_type,RR_MP_SubawardBudget_3_0.BudgetAttachments.RR_MP_Budget_3_0.BudgetYear.IndirectCosts.IndirectCost.CostType,CostType,question,question-candidate:sha256:dda19e1531ebce7e0d47459eef850745076136238fbc4fd0fcce1c3d48bd8838,question-candidate:sha256:dda19e1531ebce7e0d47459eef850745076136238fbc4fd0fcce1c3d48bd8838,question:sha256:29e9011002bbd3e4b8916cabd413ae24777895aba775479549578ad5a2bd2d54,agent_proposed,subaward_organization,,budget-indirect-cost|budget-period|subaward-budget-collection,1,1,,,,string,xsd_declared_type,RR_MP_Budget_3_0:String1_64DataType,https://apply07.grants.gov/apply/forms/schemas/RR_MP_Budget_3_0-V3.0.xsd,8ee3867971d4030582ff4c4cd906cd1a086c2d2491fb6f05b33cdd07ae435846,sha256:20dce5b3498c809727892ee6cb837db223d687564c5829d94fe481367b7815c4,false
RRMPSubawardBudget,[Draft] Research & Related Multi-Project Subaward Budget Attachment(s) Form,3.0,budget_attachments.rr_mp_budget_3_0[].budget_year[].cognizant_federal_agency,RR_MP_SubawardBudget_3_0.BudgetAttachments.RR_MP_Budget_3_0.BudgetYear.CognizantFederalAgency,CognizantFederalAgency,question,question-candidate:sha256:de90ae7affd8afb2b42f5c2e21415ddf7ae0c6986b31d10872c5b71c62e37913,question-candidate:sha256:de90ae7affd8afb2b42f5c2e21415ddf7ae0c6986b31d10872c5b71c62e37913,question:sha256:52a54c452d31c5d0f95f83398ec929a8f52f09ffe55bfb2280d1ef4b19e393e3,agent_proposed,subaward_organization,,budget-indirect-cost|budget-period|subaward-budget-collection,0,1,,,,string,normalized_source_type,string,https://apply07.grants.gov/apply/forms/schemas/RR_MP_Budget_3_0-V3.0.xsd,8ee3867971d4030582ff4c4cd906cd1a086c2d2491fb6f05b33cdd07ae435846,sha256:20dce5b3498c809727892ee6cb837db223d687564c5829d94fe481367b7815c4,false
RRMPSubawardBudget,[Draft] Research & Related Multi-Project Subaward Budget Attachment(s) Form,3.0,budget_attachments.rr_mp_budget_3_0[].budget_year[].other_personnel.total_other_personnel_fund,RR_MP_SubawardBudget_3_0.BudgetAttachments.RR_MP_Budget_3_0.BudgetYear.OtherPersonnel.TotalOtherPersonnelFund,TotalOtherPersonnelFund,question,question-candidate:sha256:decc4d326deda555002e0f122201dacd6e70bfd6342859cab316c1dbb70edf1d,question-candidate:sha256:decc4d326deda555002e0f122201dacd6e70bfd6342859cab316c1dbb70edf1d,question:sha256:2c2a5f7e303164f4e1f890823850afdf050c68fdf8c80262f0da280f7a2239a0,agent_proposed,subaward_organization,,budget-period|budget-personnel|subaward-budget-collection,0,1,,,,string,xsd_declared_type,glob:DecimalMin1Max15Places2Type,https://apply07.grants.gov/apply/forms/schemas/RR_MP_Budget_3_0-V3.0.xsd,8ee3867971d4030582ff4c4cd906cd1a086c2d2491fb6f05b33cdd07ae435846,sha256:20dce5b3498c809727892ee6cb837db223d687564c5829d94fe481367b7815c4,false
RRMPSubawardBudget,[Draft] Research & Related Multi-Project Subaward Budget Attachment(s) Form,3.0,budget_attachments.rr_mp_budget_3_0[].budget_year[].travel.total_travel_cost,RR_MP_SubawardBudget_3_0.BudgetAttachments.RR_MP_Budget_3_0.BudgetYear.Travel.TotalTravelCost,TotalTravelCost,question,question-candidate:sha256:e1d720f6adfecae5aadfc84387a765703447df0eb1a3c361c58f0cdf6eb34144,question-candidate:sha256:e1d720f6adfecae5aadfc84387a765703447df0eb1a3c361c58f0cdf6eb34144,question:sha256:4270f10bdb5608ef71ac75ca94383955f0842d18ac2f48c768d906f4d972eb92,agent_proposed,subaward_organization,,budget-period|budget-travel|subaward-budget-collection,1,1,,,,string,xsd_declared_type,glob:DecimalMin1Max15Places2Type,https://apply07.grants.gov/apply/forms/schemas/RR_MP_Budget_3_0-V3.0.xsd,8ee3867971d4030582ff4c4cd906cd1a086c2d2491fb6f05b33cdd07ae435846,sha256:20dce5b3498c809727892ee6cb837db223d687564c5829d94fe481367b7815c4,false
RRMPSubawardBudget,[Draft] Research & Related Multi-Project Subaward Budget Attachment(s) Form,3.0,budget_attachments.rr_mp_budget_3_0[].budget_year[].other_personnel.other_personnel_total_number,RR_MP_SubawardBudget_3_0.BudgetAttachments.RR_MP_Budget_3_0.BudgetYear.OtherPersonnel.OtherPersonnelTotalNumber,OtherPersonnelTotalNumber,question,question-candidate:sha256:ec58995efa7f697efb2868f6ae221cb2671eea035d93c4191581e824ff9742dc,question-candidate:sha256:ec58995efa7f697efb2868f6ae221cb2671eea035d93c4191581e824ff9742dc,question:sha256:296d92386a9392b95d57b0e31e3e4a1f9bc2b8c99c72738dff5dba32ddceb254,agent_proposed,subaward_organization,,budget-period|budget-personnel|subaward-budget-collection,1,1,,,,integer,xsd_declared_type,RR_MP_Budget_3_0:Int4DataType,https://apply07.grants.gov/apply/forms/schemas/RR_MP_Budget_3_0-V3.0.xsd,8ee3867971d4030582ff4c4cd906cd1a086c2d2491fb6f05b33cdd07ae435846,sha256:20dce5b3498c809727892ee6cb837db223d687564c5829d94fe481367b7815c4,false
RRMPSubawardBudget,[Draft] Research & Related Multi-Project Subaward Budget Attachment(s) Form,3.0,budget_attachments.rr_mp_budget_3_0[].organization_name,RR_MP_SubawardBudget_3_0.BudgetAttachments.RR_MP_Budget_3_0.OrganizationName,OrganizationName,question,question-candidate:sha256:fc8e9c679336feb69830bac58f8a47fecffa094d1f621a80e903fd598e80a259,question-candidate:sha256:fc8e9c679336feb69830bac58f8a47fecffa094d1f621a80e903fd598e80a259,question:sha256:016559f43a5d232f63ffe5f7738a89575d01fcdcb72534708876f3a04521e039,agent_proposed,subaward_organization,,budget-header|subaward-budget-collection,0,1,,,,string,xsd_declared_type,globLib:OrganizationNameDataType,https://apply07.grants.gov/apply/forms/schemas/RR_MP_Budget_3_0-V3.0.xsd,8ee3867971d4030582ff4c4cd906cd1a086c2d2491fb6f05b33cdd07ae435846,sha256:20dce5b3498c809727892ee6cb837db223d687564c5829d94fe481367b7815c4,false
RRMPSubawardBudget,[Draft] Research & Related Multi-Project Subaward Budget Attachment(s) Form,3.0,budget_attachments.rr_mp_budget_3_0[].budget_year[].key_persons.key_person[].calendar_months,RR_MP_SubawardBudget_3_0.BudgetAttachments.RR_MP_Budget_3_0.BudgetYear.KeyPersons.KeyPerson.CalendarMonths,CalendarMonths,question,question-candidate:sha256:fecb74b8c22574946af7e5d5e9073b4736e46cb21fe378ad1dc9f3a6cdc2629e,question-candidate:sha256:fecb74b8c22574946af7e5d5e9073b4736e46cb21fe378ad1dc9f3a6cdc2629e,question:sha256:7d9986ed055a2de6d49b5d6dc2e8f70ab6bb01872146202585f8cb19eea2ae42,agent_proposed,senior_key_person,,budget-period|money-and-effort-primitives|person-profile|subaward-budget-collection,0,1,,,,string,xsd_declared_type,RR_MP_Budget_3_0:Month2whole2fracDataType,https://apply07.grants.gov/apply/forms/schemas/RR_MP_Budget_3_0-V3.0.xsd,8ee3867971d4030582ff4c4cd906cd1a086c2d2491fb6f05b33cdd07ae435846,sha256:20dce5b3498c809727892ee6cb837db223d687564c5829d94fe481367b7815c4,false
RRSF424,[Draft] Research & Related Application for Federal Assistance (SF424 R&R),5.0,AgencyRoutingNumber,RR_SF424_5_0.AgencyRoutingNumber,AgencyRoutingNumber,question,question-candidate:sha256:0272b129792c1785b054818a86561a6052021f6498bca91d99d4c218391d5de0,question-candidate:sha256:0272b129792c1785b054818a86561a6052021f6498bca91d99d4c218391d5de0,question:sha256:3f1c87840792f6919bd1dee0e0d49f457fb2f005e271662fc748c250fe81f798,agent_proposed,application_shell,,application-identifiers|application-shell,0,1,,,,string,normalized_source_type,string,https://apply07.grants.gov/apply/forms/schemas/RR_SF424_5_0-V5.0.xsd,f140f32afed9d7efbe30fc8f299542bbbc3121dbc87a79aa351fcf096163d3bc,sha256:f791759c9a5c0ee00450d33e44a9ba921baaac5f1b625b2ef8b16241029e3db8,false
RRSF424,[Draft] Research & Related Application for Federal Assistance (SF424 R&R),5.0,ApplicantInfo.ContactPersonInfo.Address.Country,RR_SF424_5_0.ApplicantInfo.ContactPersonInfo.Address.Country,Country,question,question-candidate:sha256:04fa7b870cce893b1c610ce6e6946c2595fdf4207b982f35125a899069e58ae8,question-candidate:sha256:04fa7b870cce893b1c610ce6e6946c2595fdf4207b982f35125a899069e58ae8,question:sha256:965ffec4bce8cadb80551429ea87b9e179f232bbf547a6f694fe2ffd3c045459,agent_proposed,application_contact,,application-contact|application-shell|postal-address,1,1,,,,string,xsd_declared_type,codes:CountryCodeDataTypeV3,https://apply07.grants.gov/apply/system/schemas/GlobalLibrary-V2.0.xsd,ff0214de91b95a4209f50f0fe08a18d0f3d17f280ab8c8bbcb52878f37de7be8,sha256:f791759c9a5c0ee00450d33e44a9ba921baaac5f1b625b2ef8b16241029e3db8,false
RRSF424,[Draft] Research & Related Application for Federal Assistance (SF424 R&R),5.0,ApplicantInfo.OrganizationInfo.Address.Street1,RR_SF424_5_0.ApplicantInfo.OrganizationInfo.Address.Street1,Street1,question,question-candidate:sha256:06bde2223438317d4814ea1844b7f3a566af27a2bedbc040fb5a8bd226a38e0e,question-candidate:sha256:06bde2223438317d4814ea1844b7f3a566af27a2bedbc040fb5a8bd226a38e0e,question:sha256:a50db2f4b8bbe2761ff5a66afe4559688775c2a7db6b973500f1299c82ae4735,agent_proposed,applicant_organization,,application-shell|postal-address,1,1,,,,string,xsd_declared_type,globLib:StreetDataType,https://apply07.grants.gov/apply/system/schemas/GlobalLibrary-V2.0.xsd,ff0214de91b95a4209f50f0fe08a18d0f3d17f280ab8c8bbcb52878f37de7be8,sha256:f791759c9a5c0ee00450d33e44a9ba921baaac5f1b625b2ef8b16241029e3db8,false
RRSF424,[Draft] Research & Related Application for Federal Assistance (SF424 R&R),5.0,SubmissionTypeCode,RR_SF424_5_0.SubmissionTypeCode,SubmissionTypeCode,question,question-candidate:sha256:08af578fa5f2be06a3090e2d9eb709e71cad21f0ae07a604bc9c6bc60be135f8,question-candidate:sha256:08af578fa5f2be06a3090e2d9eb709e71cad21f0ae07a604bc9c6bc60be135f8,question:sha256:ddc8902909a380b0771711ed5f17c2f859c688a361c64d8d45a43f237cdd9afa,agent_proposed,application_shell,,application-shell,1,1,,,,string,xsd_declared_type,RR_SF424_5_0:SubmissionTypeDataType,https://apply07.grants.gov/apply/forms/schemas/RR_SF424_5_0-V5.0.xsd,f140f32afed9d7efbe30fc8f299542bbbc3121dbc87a79aa351fcf096163d3bc,sha256:f791759c9a5c0ee00450d33e44a9ba921baaac5f1b625b2ef8b16241029e3db8,false
RRSF424,[Draft] Research & Related Application for Federal Assistance (SF424 R&R),5.0,ApplicationType.ApplicationTypeCode,RR_SF424_5_0.ApplicationType.ApplicationTypeCode,ApplicationTypeCode,question,question-candidate:sha256:090cb8d7312dd76a441c713f6a4938a87e8883c75b53e2c5d190f5ccf65773a8,question-candidate:sha256:090cb8d7312dd76a441c713f6a4938a87e8883c75b53e2c5d190f5ccf65773a8,question:sha256:dc9564127c00eac76f618a5f09af3f9ccc5acf39818a75a52d06f40c7568b37f,agent_proposed,application_shell,,application-shell,1,1,,,,string,xsd_declared_type,RR_SF424_5_0:ApplicationTypeCodeDataType,https://apply07.grants.gov/apply/forms/schemas/RR_SF424_5_0-V5.0.xsd,f140f32afed9d7efbe30fc8f299542bbbc3121dbc87a79aa351fcf096163d3bc,sha256:f791759c9a5c0ee00450d33e44a9ba921baaac5f1b625b2ef8b16241029e3db8,false
RRSF424,[Draft] Research & Related Application for Federal Assistance (SF424 R&R),5.0,GGTrackingID,RR_SF424_5_0.GGTrackingID,GGTrackingID,question,question-candidate:sha256:0b475db30d28715c1987184a986d1c65582c524f6832c4cf41e49b723dbc7b50,question-candidate:sha256:0b475db30d28715c1987184a986d1c65582c524f6832c4cf41e49b723dbc7b50,question:sha256:8cfc49a985e16ebfcaa0857f31db673126a411b62c7c2f5b3bded5a20198fae5,agent_proposed,application_shell,,application-identifiers|application-shell,0,1,,,,string,normalized_source_type,string,https://apply07.grants.gov/apply/forms/schemas/RR_SF424_5_0-V5.0.xsd,f140f32afed9d7efbe30fc8f299542bbbc3121dbc87a79aa351fcf096163d3bc,sha256:f791759c9a5c0ee00450d33e44a9ba921baaac5f1b625b2ef8b16241029e3db8,false
RRSF424,[Draft] Research & Related Application for Federal Assistance (SF424 R&R),5.0,PDPIContactInfo.OrganizationName,RR_SF424_5_0.PDPIContactInfo.OrganizationName,OrganizationName,question,question-candidate:sha256:0bd3b63ba6f5014ec61323fa42d92e7acb4b591cc2fd963d12fe03847923c75e,question-candidate:sha256:0bd3b63ba6f5014ec61323fa42d92e7acb4b591cc2fd963d12fe03847923c75e,question:sha256:f98dd286f0ae8d26a62751729e83aae2710f1fa7434acb7994859afbac2d6b18,agent_proposed,project_director_or_principal_investigator,,application-shell|organization-identity|project-director-pi,1,1,,,,string,xsd_declared_type,globLib:OrganizationNameDataType,https://apply07.grants.gov/apply/forms/schemas/RR_SF424_5_0-V5.0.xsd,f140f32afed9d7efbe30fc8f299542bbbc3121dbc87a79aa351fcf096163d3bc,sha256:f791759c9a5c0ee00450d33e44a9ba921baaac5f1b625b2ef8b16241029e3db8,false
RRSF424,[Draft] Research & Related Application for Federal Assistance (SF424 R&R),5.0,AORInfo.Fax,RR_SF424_5_0.AORInfo.Fax,Fax,question,question-candidate:sha256:0e08e599df8b934687a6df229ae9e18381138127dd8238c630ce49f08bde055d,question-candidate:sha256:0e08e599df8b934687a6df229ae9e18381138127dd8238c630ce49f08bde055d,question:sha256:f9c5b3e33980a7d53ef4e590e19f635549fd2bd529bdd16db6feec4cadb27957,agent_proposed,authorized_representative,,application-shell|authorized-representative|contact-channels,0,1,,,,string,xsd_declared_type,globLib:TelephoneNumberDataType,https://apply07.grants.gov/apply/forms/schemas/RR_SF424_5_0-V5.0.xsd,f140f32afed9d7efbe30fc8f299542bbbc3121dbc87a79aa351fcf096163d3bc,sha256:f791759c9a5c0ee00450d33e44a9ba921baaac5f1b625b2ef8b16241029e3db8,false
RRSF424,[Draft] Research & Related Application for Federal Assistance (SF424 R&R),5.0,ProposedProjectPeriod.ProposedEndDate,RR_SF424_5_0.ProposedProjectPeriod.ProposedEndDate,ProposedEndDate,question,question-candidate:sha256:0fbf9540dd0141de99f982c78fb9b33ed553efce516f0f7fc1029d1f06cdd668,question-candidate:sha256:0fbf9540dd0141de99f982c78fb9b33ed553efce516f0f7fc1029d1f06cdd668,question:sha256:3ba8e0d2d5032ec07161048d0d2945438e6b3b9a6b9731c14b7af85107c2340b,agent_proposed,application_shell,,application-shell|project-identity-period,1,1,,,,string,xsd_declared_type,xs:date,https://apply07.grants.gov/apply/forms/schemas/RR_SF424_5_0-V5.0.xsd,f140f32afed9d7efbe30fc8f299542bbbc3121dbc87a79aa351fcf096163d3bc,sha256:f791759c9a5c0ee00450d33e44a9ba921baaac5f1b625b2ef8b16241029e3db8,false
RRSF424,[Draft] Research & Related Application for Federal Assistance (SF424 R&R),5.0,ApplicantInfo.ContactPersonInfo.Address.Street1,RR_SF424_5_0.ApplicantInfo.ContactPersonInfo.Address.Street1,Street1,question,question-candidate:sha256:155536186eb94ce7838292f7ec43d87cdcc5d397992af00c7bb755443fcc6143,question-candidate:sha256:155536186eb94ce7838292f7ec43d87cdcc5d397992af00c7bb755443fcc6143,question:sha256:05b209a05b17deb14cede2468b3b53500eca2a59d496371657f046b1331fb418,agent_proposed,application_contact,,application-contact|application-shell|postal-address,1,1,,,,string,xsd_declared_type,globLib:StreetDataType,https://apply07.grants.gov/apply/system/schemas/GlobalLibrary-V2.0.xsd,ff0214de91b95a4209f50f0fe08a18d0f3d17f280ab8c8bbcb52878f37de7be8,sha256:f791759c9a5c0ee00450d33e44a9ba921baaac5f1b625b2ef8b16241029e3db8,false
RRSF424,[Draft] Research & Related Application for Federal Assistance (SF424 R&R),5.0,ApplicantType.SmallBusinessOrganizationType.isSociallyEconomicallyDisadvantaged,RR_SF424_5_0.ApplicantType.SmallBusinessOrganizationType.isSociallyEconomicallyDisadvantaged,isSociallyEconomicallyDisadvantaged,question,question-candidate:sha256:15671bebabeed05db71e0f48ab4e808189d666bec2fec8ba34039127f9413d9b,question-candidate:sha256:15671bebabeed05db71e0f48ab4e808189d666bec2fec8ba34039127f9413d9b,question:sha256:8343ebb1ea29d421ed558c71812bfc0964d29696448e9aca6cf42de88e018153,agent_proposed,application_shell,,applicant-classification|application-shell,0,1,,,,string,normalized_source_type,YesNoDataType,https://apply07.grants.gov/apply/forms/schemas/RR_SF424_5_0-V5.0.xsd,f140f32afed9d7efbe30fc8f299542bbbc3121dbc87a79aa351fcf096163d3bc,sha256:f791759c9a5c0ee00450d33e44a9ba921baaac5f1b625b2ef8b16241029e3db8,false
RRSF424,[Draft] Research & Related Application for Federal Assistance (SF424 R&R),5.0,ApplicantType.ApplicantTypeCodeOtherExplanation,RR_SF424_5_0.ApplicantType.ApplicantTypeCodeOtherExplanation,ApplicantTypeCodeOtherExplanation,question,question-candidate:sha256:18c0eff2b06e18f768c80cd155dc0b20b9ea3799116eddc2420977417b415fe9,question-candidate:sha256:18c0eff2b06e18f768c80cd155dc0b20b9ea3799116eddc2420977417b415fe9,question:sha256:d675d28800da6b21e5e762433acc846959e56aaa3f5a1ea40ba4890be2019791,agent_proposed,application_shell,,applicant-classification|application-shell,0,1,,,,string,normalized_source_type,string,https://apply07.grants.gov/apply/forms/schemas/RR_SF424_5_0-V5.0.xsd,f140f32afed9d7efbe30fc8f299542bbbc3121dbc87a79aa351fcf096163d3bc,sha256:f791759c9a5c0ee00450d33e44a9ba921baaac5f1b625b2ef8b16241029e3db8,false
RRSF424,[Draft] Research & Related Application for Federal Assistance (SF424 R&R),5.0,ApplicantInfo.ContactPersonInfo.Address.Province,RR_SF424_5_0.ApplicantInfo.ContactPersonInfo.Address.Province,Province,question,question-candidate:sha256:1db7f2f5679100817da85d68d1219585e81b7430183c64894556d27e51d3187f,question-candidate:sha256:1db7f2f5679100817da85d68d1219585e81b7430183c64894556d27e51d3187f,question:sha256:0e93119406a316d424a1232377f69dc093a931d2e21d2ef6787851510220454a,agent_proposed,application_contact,,application-contact|application-shell|postal-address,0,1,,,,string,xsd_declared_type,globLib:ProvinceDataType,https://apply07.grants.gov/apply/system/schemas/GlobalLibrary-V2.0.xsd,ff0214de91b95a4209f50f0fe08a18d0f3d17f280ab8c8bbcb52878f37de7be8,sha256:f791759c9a5c0ee00450d33e44a9ba921baaac5f1b625b2ef8b16241029e3db8,false
RRSF424,[Draft] Research & Related Application for Federal Assistance (SF424 R&R),5.0,ApplicantInfo.OrganizationInfo.SAMUEI,RR_SF424_5_0.ApplicantInfo.OrganizationInfo.SAMUEI,SAMUEI,question,question-candidate:sha256:234edd3b4b9c530186b797c95baa9ac613613dc70afc5f90581221a5d3c28ed7,question-candidate:sha256:234edd3b4b9c530186b797c95baa9ac613613dc70afc5f90581221a5d3c28ed7,question:sha256:56eb11302543e20d7f620304ec08d72f7e070ccf6570904ae41d8f920d4a09d5,agent_proposed,applicant_organization,,application-shell|organization-identity,1,1,,,,string,xsd_declared_type,globLib:SAMUEIDataType,https://apply07.grants.gov/apply/system/schemas/GlobalLibrary-V2.0.xsd,ff0214de91b95a4209f50f0fe08a18d0f3d17f280ab8c8bbcb52878f37de7be8,sha256:f791759c9a5c0ee00450d33e44a9ba921baaac5f1b625b2ef8b16241029e3db8,false
RRSF424,[Draft] Research & Related Application for Federal Assistance (SF424 R&R),5.0,ApplicantInfo.ContactPersonInfo.Name.FirstName,RR_SF424_5_0.ApplicantInfo.ContactPersonInfo.Name.FirstName,FirstName,question,question-candidate:sha256:264716bf12e4d08cbd2ddaf5a4a5c2c3e302e453eca34274aa7686ce34168797,question-candidate:sha256:264716bf12e4d08cbd2ddaf5a4a5c2c3e302e453eca34274aa7686ce34168797,question:sha256:5b4aff2965c7bec630945988edc2cca11b1fb64a82ba42dc45cf183661bf3f9d,agent_proposed,application_contact,,application-contact|application-shell|person-name,1,1,,,,string,xsd_declared_type,globLib:FirstNameDataType,https://apply07.grants.gov/apply/system/schemas/GlobalLibrary-V2.0.xsd,ff0214de91b95a4209f50f0fe08a18d0f3d17f280ab8c8bbcb52878f37de7be8,sha256:f791759c9a5c0ee00450d33e44a9ba921baaac5f1b625b2ef8b16241029e3db8,false
RRSF424,[Draft] Research & Related Application for Federal Assistance (SF424 R&R),5.0,TrustAgree,RR_SF424_5_0.TrustAgree,TrustAgree,question,question-candidate:sha256:28744372403da66b1e8bb044f0fce11694dcf232add9f38744a555cf84e6eae1,question-candidate:sha256:28744372403da66b1e8bb044f0fce11694dcf232add9f38744a555cf84e6eae1,question:sha256:bbfe616c3530134e482b4f175a4a34f2cf52f7b7624b04ff6f55710161abcb8b,agent_proposed,application_shell,,application-shell|signature-certification,1,1,,,,string,xsd_declared_type,globLib:YesNoDataType,https://apply07.grants.gov/apply/forms/schemas/RR_SF424_5_0-V5.0.xsd,f140f32afed9d7efbe30fc8f299542bbbc3121dbc87a79aa351fcf096163d3bc,sha256:f791759c9a5c0ee00450d33e44a9ba921baaac5f1b625b2ef8b16241029e3db8,false
RRSF424,[Draft] Research & Related Application for Federal Assistance (SF424 R&R),5.0,ProposedProjectPeriod.ProposedStartDate,RR_SF424_5_0.ProposedProjectPeriod.ProposedStartDate,ProposedStartDate,question,question-candidate:sha256:2caeb8aa28c148e711e67f643f5b09bad74d0fa58385379573c076f0b417a512,question-candidate:sha256:2caeb8aa28c148e711e67f643f5b09bad74d0fa58385379573c076f0b417a512,question:sha256:af2e5ebbdb1d1a1eec0aed0274f62a5054d23447de1cbf812311e06e98770714,agent_proposed,application_shell,,application-shell|project-identity-period,1,1,,,,string,xsd_declared_type,xs:date,https://apply07.grants.gov/apply/forms/schemas/RR_SF424_5_0-V5.0.xsd,f140f32afed9d7efbe30fc8f299542bbbc3121dbc87a79aa351fcf096163d3bc,sha256:f791759c9a5c0ee00450d33e44a9ba921baaac5f1b625b2ef8b16241029e3db8,false
RRSF424,[Draft] Research & Related Application for Federal Assistance (SF424 R&R),5.0,StateReceivedDate,RR_SF424_5_0.StateReceivedDate,StateReceivedDate,question,question-candidate:sha256:329be2d1d4296aac0fa016cc54db7090835e16880bd01e123aa552388be1e951,question-candidate:sha256:329be2d1d4296aac0fa016cc54db7090835e16880bd01e123aa552388be1e951,question:sha256:35d2f76b5f0d91d45108c767b944abd10eaad50397e4e6412dac088fdd257cfc,agent_proposed,application_shell,,application-identifiers|application-shell,0,1,,,,string,xsd_declared_type,xs:date,https://apply07.grants.gov/apply/forms/schemas/RR_SF424_5_0-V5.0.xsd,f140f32afed9d7efbe30fc8f299542bbbc3121dbc87a79aa351fcf096163d3bc,sha256:f791759c9a5c0ee00450d33e44a9ba921baaac5f1b625b2ef8b16241029e3db8,false
RRSF424,[Draft] Research & Related Application for Federal Assistance (SF424 R&R),5.0,PDPIContactInfo.Department,RR_SF424_5_0.PDPIContactInfo.Department,Department,question,question-candidate:sha256:33b779bbb9ea361fbfcd3ce98228b39bb9d956d5235d65bea48351bd6c958274,question-candidate:sha256:33b779bbb9ea361fbfcd3ce98228b39bb9d956d5235d65bea48351bd6c958274,question:sha256:8be0e556a7779b5e44dcc1e92ece85eefcd9f65cb9199a13f3982142a25fb645,agent_proposed,project_director_or_principal_investigator,,application-shell|project-director-pi,0,1,,,,string,xsd_declared_type,globLib:DepartmentNameDataTypeV2,https://apply07.grants.gov/apply/forms/schemas/RR_SF424_5_0-V5.0.xsd,f140f32afed9d7efbe30fc8f299542bbbc3121dbc87a79aa351fcf096163d3bc,sha256:f791759c9a5c0ee00450d33e44a9ba921baaac5f1b625b2ef8b16241029e3db8,false
RRSF424,[Draft] Research & Related Application for Federal Assistance (SF424 R&R),5.0,AORInfo.Address.Street2,RR_SF424_5_0.AORInfo.Address.Street2,Street2,question,question-candidate:sha256:37eaa526a598d4f3f1af3ec36a12c6c2321e4c136cfbcda950684afc10ce9dd1,question-candidate:sha256:37eaa526a598d4f3f1af3ec36a12c6c2321e4c136cfbcda950684afc10ce9dd1,question:sha256:c302c8e214bf5b5a8017cf647323f399224bdf7b5a248ef3e9e1bb8a07e5e10e,agent_proposed,authorized_representative,,application-shell|authorized-representative|postal-address,0,1,,,,string,xsd_declared_type,globLib:StreetDataType,https://apply07.grants.gov/apply/system/schemas/GlobalLibrary-V2.0.xsd,ff0214de91b95a4209f50f0fe08a18d0f3d17f280ab8c8bbcb52878f37de7be8,sha256:f791759c9a5c0ee00450d33e44a9ba921baaac5f1b625b2ef8b16241029e3db8,false
RRSF424,[Draft] Research & Related Application for Federal Assistance (SF424 R&R),5.0,CFDANumber,RR_SF424_5_0.CFDANumber,CFDANumber,question,question-candidate:sha256:391fd5df6c39fb1b5ee88943c2bdc48e037f83b788b050c96baf2773345b90b6,question-candidate:sha256:391fd5df6c39fb1b5ee88943c2bdc48e037f83b788b050c96baf2773345b90b6,question:sha256:fb60160e4aeb26d8845d4ae59bcd811a3f90e1ad19be72502a925845993ac26b,agent_proposed,application_shell,,application-shell|opportunity-identity,0,1,,,,string,xsd_declared_type,globLib:CFDANumberDataType,https://apply07.grants.gov/apply/forms/schemas/RR_SF424_5_0-V5.0.xsd,f140f32afed9d7efbe30fc8f299542bbbc3121dbc87a79aa351fcf096163d3bc,sha256:f791759c9a5c0ee00450d33e44a9ba921baaac5f1b625b2ef8b16241029e3db8,false
RRSF424,[Draft] Research & Related Application for Federal Assistance (SF424 R&R),5.0,CongressionalDistrict.ApplicantCongressionalDistrict,RR_SF424_5_0.CongressionalDistrict.ApplicantCongressionalDistrict,ApplicantCongressionalDistrict,question,question-candidate:sha256:3a11129fe3494c85a71b12bd26aa60963c87b82676a6c23581aff41d39009c61,question-candidate:sha256:3a11129fe3494c85a71b12bd26aa60963c87b82676a6c23581aff41d39009c61,question:sha256:069d7c5fdd29921e037171d0d54bb0a594d64f4cca3bf2dea9a3ac1c32c13eab,agent_proposed,application_shell,,application-shell|project-identity-period,1,1,,,,string,xsd_declared_type,globLib:CongressionalDistrictDataType,https://apply07.grants.gov/apply/forms/schemas/RR_SF424_5_0-V5.0.xsd,f140f32afed9d7efbe30fc8f299542bbbc3121dbc87a79aa351fcf096163d3bc,sha256:f791759c9a5c0ee00450d33e44a9ba921baaac5f1b625b2ef8b16241029e3db8,false
RRSF424,[Draft] Research & Related Application for Federal Assistance (SF424 R&R),5.0,PDPIContactInfo.Name.MiddleName,RR_SF424_5_0.PDPIContactInfo.Name.MiddleName,MiddleName,question,question-candidate:sha256:3cffad0f9f4963272f553bacfab2292d0e3f14111284d2cec7757ce57d8e9276,question-candidate:sha256:3cffad0f9f4963272f553bacfab2292d0e3f14111284d2cec7757ce57d8e9276,question:sha256:82a7696672b0b4de3e0add4cf5267ef49bc4b4e16b8d5808a4a25361ada077b2,agent_proposed,project_director_or_principal_investigator,,application-shell|person-name|project-director-pi,0,1,,,,string,xsd_declared_type,globLib:MiddleNameDataType,https://apply07.grants.gov/apply/system/schemas/GlobalLibrary-V2.0.xsd,ff0214de91b95a4209f50f0fe08a18d0f3d17f280ab8c8bbcb52878f37de7be8,sha256:f791759c9a5c0ee00450d33e44a9ba921baaac5f1b625b2ef8b16241029e3db8,false
RRSF424,[Draft] Research & Related Application for Federal Assistance (SF424 R&R),5.0,ApplicantInfo.ContactPersonInfo.Name.SuffixName,RR_SF424_5_0.ApplicantInfo.ContactPersonInfo.Name.SuffixName,SuffixName,question,question-candidate:sha256:3ffdecf1a30037a82284a17e460ad11e2ab5a65e0504814cbd023595a3e8e64e,question-candidate:sha256:3ffdecf1a30037a82284a17e460ad11e2ab5a65e0504814cbd023595a3e8e64e,question:sha256:43e890f1733179fbc0897ed5451b5f227134392674137eb201b08dcc5bb372bc,agent_proposed,application_contact,,application-contact|application-shell|person-name,0,1,,,,string,xsd_declared_type,globLib:SuffixNameDataType,https://apply07.grants.gov/apply/system/schemas/GlobalLibrary-V2.0.xsd,ff0214de91b95a4209f50f0fe08a18d0f3d17f280ab8c8bbcb52878f37de7be8,sha256:f791759c9a5c0ee00450d33e44a9ba921baaac5f1b625b2ef8b16241029e3db8,false
RRSF424,[Draft] Research & Related Application for Federal Assistance (SF424 R&R),5.0,ApplicantInfo.ContactPersonInfo.Fax,RR_SF424_5_0.ApplicantInfo.ContactPersonInfo.Fax,Fax,question,question-candidate:sha256:437042b56e270ed23dbade7c68e74b62c917de24b84ff8266977a5a26051ac04,question-candidate:sha256:437042b56e270ed23dbade7c68e74b62c917de24b84ff8266977a5a26051ac04,question:sha256:181bfe97a7743ce4b30d4d7cdfa04ccf040b3a24b3e29ff4873917b35cd75a6c,agent_proposed,application_contact,,application-contact|application-shell|contact-channels,0,1,,,,string,xsd_declared_type,globLib:TelephoneNumberDataType,https://apply07.grants.gov/apply/forms/schemas/RR_SF424_5_0-V5.0.xsd,f140f32afed9d7efbe30fc8f299542bbbc3121dbc87a79aa351fcf096163d3bc,sha256:f791759c9a5c0ee00450d33e44a9ba921baaac5f1b625b2ef8b16241029e3db8,false
RRSF424,[Draft] Research & Related Application for Federal Assistance (SF424 R&R),5.0,PDPIContactInfo.Address.ZipPostalCode,RR_SF424_5_0.PDPIContactInfo.Address.ZipPostalCode,ZipPostalCode,question,question-candidate:sha256:447d8023e3812bd4ab19abc55388aaf292018df81ccd7aabd4bd6d5194d28229,question-candidate:sha256:447d8023e3812bd4ab19abc55388aaf292018df81ccd7aabd4bd6d5194d28229,question:sha256:b0389f3949c042399e29b4876cb41049c9170f28d95730aa3847e70ff61bbcbd,agent_proposed,project_director_or_principal_investigator,,application-shell|postal-address|project-director-pi,0,1,,,,string,xsd_declared_type,globLib:ZipPostalCodeDataType,https://apply07.grants.gov/apply/system/schemas/GlobalLibrary-V2.0.xsd,ff0214de91b95a4209f50f0fe08a18d0f3d17f280ab8c8bbcb52878f37de7be8,sha256:f791759c9a5c0ee00450d33e44a9ba921baaac5f1b625b2ef8b16241029e3db8,false
RRSF424,[Draft] Research & Related Application for Federal Assistance (SF424 R&R),5.0,StateReview.StateReviewDate,RR_SF424_5_0.StateReview.StateReviewDate,StateReviewDate,question,question-candidate:sha256:4784717aff746cffe0233b8ba2e01ad7494f4704c18d697e8ead6a07b8f98fbc,question-candidate:sha256:4784717aff746cffe0233b8ba2e01ad7494f4704c18d697e8ead6a07b8f98fbc,question:sha256:cb82a6c9643c8f1e82f40887ebd88f029d1243b12f8e1558c26cc6046b42a423,agent_proposed,application_shell,,application-shell|state-review-debt,0,1,,,,string,xsd_declared_type,xs:date,https://apply07.grants.gov/apply/forms/schemas/RR_SF424_5_0-V5.0.xsd,f140f32afed9d7efbe30fc8f299542bbbc3121dbc87a79aa351fcf096163d3bc,sha256:f791759c9a5c0ee00450d33e44a9ba921baaac5f1b625b2ef8b16241029e3db8,false
RRSF424,[Draft] Research & Related Application for Federal Assistance (SF424 R&R),5.0,StateReview.StateReviewCodeType,RR_SF424_5_0.StateReview.StateReviewCodeType,StateReviewCodeType,question,question-candidate:sha256:48e6a5ffe1a15b4bc06d4298705485ea8428153116456df5e882ad298bc5b678,question-candidate:sha256:48e6a5ffe1a15b4bc06d4298705485ea8428153116456df5e882ad298bc5b678,question:sha256:57b3e10863f345f365704ea751beec623a0da9d4442cb50327a80a2e40f3635a,agent_proposed,application_shell,,application-shell|state-review-debt,1,1,,,,string,xsd_declared_type,RR_SF424_5_0:StateReviewCodeTypeDataType,https://apply07.grants.gov/apply/forms/schemas/RR_SF424_5_0-V5.0.xsd,f140f32afed9d7efbe30fc8f299542bbbc3121dbc87a79aa351fcf096163d3bc,sha256:f791759c9a5c0ee00450d33e44a9ba921baaac5f1b625b2ef8b16241029e3db8,false
RRSF424,[Draft] Research & Related Application for Federal Assistance (SF424 R&R),5.0,AORInfo.Email,RR_SF424_5_0.AORInfo.Email,Email,question,question-candidate:sha256:4c2a814af68b8a6a1aa37b8f372ef3b6507e05ebc9a095f018e73a1b189d7112,question-candidate:sha256:4c2a814af68b8a6a1aa37b8f372ef3b6507e05ebc9a095f018e73a1b189d7112,question:sha256:47f27144b395c98f041e9fa44ce9201987a1107d50b1596b991e2618bfbd710b,agent_proposed,authorized_representative,,application-shell|authorized-representative|contact-channels,1,1,,,,string,xsd_declared_type,globLib:EmailDataType,https://apply07.grants.gov/apply/forms/schemas/RR_SF424_5_0-V5.0.xsd,f140f32afed9d7efbe30fc8f299542bbbc3121dbc87a79aa351fcf096163d3bc,sha256:f791759c9a5c0ee00450d33e44a9ba921baaac5f1b625b2ef8b16241029e3db8,false
RRSF424,[Draft] Research & Related Application for Federal Assistance (SF424 R&R),5.0,AORInfo.Name.SuffixName,RR_SF424_5_0.AORInfo.Name.SuffixName,SuffixName,question,question-candidate:sha256:4e67d8d156ebb8018464d659e57e7afd25a733b246c39b9afed3bca3cbf8eece,question-candidate:sha256:4e67d8d156ebb8018464d659e57e7afd25a733b246c39b9afed3bca3cbf8eece,question:sha256:d7043859eb67e9c5fdd0fd12ede3c391c109da767e605fba2aa96cd9790f9662,agent_proposed,authorized_representative,,application-shell|authorized-representative|person-name,0,1,,,,string,xsd_declared_type,globLib:SuffixNameDataType,https://apply07.grants.gov/apply/system/schemas/GlobalLibrary-V2.0.xsd,ff0214de91b95a4209f50f0fe08a18d0f3d17f280ab8c8bbcb52878f37de7be8,sha256:f791759c9a5c0ee00450d33e44a9ba921baaac5f1b625b2ef8b16241029e3db8,false
RRSF424,[Draft] Research & Related Application for Federal Assistance (SF424 R&R),5.0,PDPIContactInfo.Name.LastName,RR_SF424_5_0.PDPIContactInfo.Name.LastName,LastName,question,question-candidate:sha256:507fbb00835e346fc802ccb84daf4af484bb4692ce29a242918de64cb21efa06,question-candidate:sha256:507fbb00835e346fc802ccb84daf4af484bb4692ce29a242918de64cb21efa06,question:sha256:0235fd5ae38c7572ef88fb51633ad349575898e1bc9ba3bc19341e772518dcee,agent_proposed,project_director_or_principal_investigator,,application-shell|person-name|project-director-pi,1,1,,,,string,xsd_declared_type,globLib:LastNameDataType,https://apply07.grants.gov/apply/system/schemas/GlobalLibrary-V2.0.xsd,ff0214de91b95a4209f50f0fe08a18d0f3d17f280ab8c8bbcb52878f37de7be8,sha256:f791759c9a5c0ee00450d33e44a9ba921baaac5f1b625b2ef8b16241029e3db8,false
RRSF424,[Draft] Research & Related Application for Federal Assistance (SF424 R&R),5.0,PDPIContactInfo.Address.County,RR_SF424_5_0.PDPIContactInfo.Address.County,County,question,question-candidate:sha256:526596c85aa455ce7ef1c4e1a90b3fe644c120e7e800707f9290e85f21b8d6a0,question-candidate:sha256:526596c85aa455ce7ef1c4e1a90b3fe644c120e7e800707f9290e85f21b8d6a0,question:sha256:2b7af82496a20f2b264d4cbf738bc73d912eed92a4d5dc3900b1e67c0375de8e,agent_proposed,project_director_or_principal_investigator,,application-shell|postal-address|project-director-pi,0,1,,,,string,xsd_declared_type,globLib:CountyDataType,https://apply07.grants.gov/apply/system/schemas/GlobalLibrary-V2.0.xsd,ff0214de91b95a4209f50f0fe08a18d0f3d17f280ab8c8bbcb52878f37de7be8,sha256:f791759c9a5c0ee00450d33e44a9ba921baaac5f1b625b2ef8b16241029e3db8,false
RRSF424,[Draft] Research & Related Application for Federal Assistance (SF424 R&R),5.0,ApplicantID,RR_SF424_5_0.ApplicantID,ApplicantID,question,question-candidate:sha256:54042b56d2b558a3e106c1b848d15171f45e3a841d64bb17b6d90d0ca51eaad9,question-candidate:sha256:54042b56d2b558a3e106c1b848d15171f45e3a841d64bb17b6d90d0ca51eaad9,question:sha256:b5dd013f953302acb1a858f1f59d3de7d4a4e870c934722689f7303c8855f22b,agent_proposed,application_shell,,application-identifiers|application-shell,0,1,,,,string,xsd_declared_type,globLib:ApplicantIDDataType,https://apply07.grants.gov/apply/forms/schemas/RR_SF424_5_0-V5.0.xsd,f140f32afed9d7efbe30fc8f299542bbbc3121dbc87a79aa351fcf096163d3bc,sha256:f791759c9a5c0ee00450d33e44a9ba921baaac5f1b625b2ef8b16241029e3db8,false
RRSF424,[Draft] Research & Related Application for Federal Assistance (SF424 R&R),5.0,ApplicantInfo.OrganizationInfo.Address.Street2,RR_SF424_5_0.ApplicantInfo.OrganizationInfo.Address.Street2,Street2,question,question-candidate:sha256:56b82def6d8ae680b9b4a64a36a13b22d07847a7003ca95ef631ed40cf6dbb52,question-candidate:sha256:56b82def6d8ae680b9b4a64a36a13b22d07847a7003ca95ef631ed40cf6dbb52,question:sha256:8ce312534d48e687b85c302bc0be22f6cbcddc6c13d2f5eb1c59570cce8d076d,agent_proposed,applicant_organization,,application-shell|postal-address,0,1,,,,string,xsd_declared_type,globLib:StreetDataType,https://apply07.grants.gov/apply/system/schemas/GlobalLibrary-V2.0.xsd,ff0214de91b95a4209f50f0fe08a18d0f3d17f280ab8c8bbcb52878f37de7be8,sha256:f791759c9a5c0ee00450d33e44a9ba921baaac5f1b625b2ef8b16241029e3db8,false
RRSF424,[Draft] Research & Related Application for Federal Assistance (SF424 R&R),5.0,ApplicantInfo.OrganizationInfo.Address.Country,RR_SF424_5_0.ApplicantInfo.OrganizationInfo.Address.Country,Country,question,question-candidate:sha256:59146894ccfa358cd5f4fd7855d8d02548693cc1e71ea413ade252c284bfd2be,question-candidate:sha256:59146894ccfa358cd5f4fd7855d8d02548693cc1e71ea413ade252c284bfd2be,question:sha256:b0fa98bfadb8ba97c0e26dd9798db52139bd7b218e73b36bc9810e17cc477196,agent_proposed,applicant_organization,,application-shell|postal-address,1,1,,,,string,xsd_declared_type,codes:CountryCodeDataTypeV3,https://apply07.grants.gov/apply/system/schemas/GlobalLibrary-V2.0.xsd,ff0214de91b95a4209f50f0fe08a18d0f3d17f280ab8c8bbcb52878f37de7be8,sha256:f791759c9a5c0ee00450d33e44a9ba921baaac5f1b625b2ef8b16241029e3db8,false
RRSF424,[Draft] Research & Related Application for Federal Assistance (SF424 R&R),5.0,AORInfo.Name.MiddleName,RR_SF424_5_0.AORInfo.Name.MiddleName,MiddleName,question,question-candidate:sha256:59caf3c649a764ec683050a423dded217ba5a473e37d06e33d82802463633bb8,question-candidate:sha256:59caf3c649a764ec683050a423dded217ba5a473e37d06e33d82802463633bb8,question:sha256:9569eaf1b987fb6a0741050c9b373b6b7de3fee6fd2ce6d78bec90b7d91035c4,agent_proposed,authorized_representative,,application-shell|authorized-representative|person-name,0,1,,,,string,xsd_declared_type,globLib:MiddleNameDataType,https://apply07.grants.gov/apply/system/schemas/GlobalLibrary-V2.0.xsd,ff0214de91b95a4209f50f0fe08a18d0f3d17f280ab8c8bbcb52878f37de7be8,sha256:f791759c9a5c0ee00450d33e44a9ba921baaac5f1b625b2ef8b16241029e3db8,false
RRSF424,[Draft] Research & Related Application for Federal Assistance (SF424 R&R),5.0,AORInfo.Name.PrefixName,RR_SF424_5_0.AORInfo.Name.PrefixName,PrefixName,question,question-candidate:sha256:5b99df08a0a46fc74df6adc13354fb64d0562d79e22cf6750a14d52af2f9548b,question-candidate:sha256:5b99df08a0a46fc74df6adc13354fb64d0562d79e22cf6750a14d52af2f9548b,question:sha256:c514f403628285de3e062dd86ad053fdafa8df6e1832d3d98a5fd6768f11e39d,agent_proposed,authorized_representative,,application-shell|authorized-representative|person-name,0,1,,,,string,xsd_declared_type,globLib:PrefixNameDataType,https://apply07.grants.gov/apply/system/schemas/GlobalLibrary-V2.0.xsd,ff0214de91b95a4209f50f0fe08a18d0f3d17f280ab8c8bbcb52878f37de7be8,sha256:f791759c9a5c0ee00450d33e44a9ba921baaac5f1b625b2ef8b16241029e3db8,false
RRSF424,[Draft] Research & Related Application for Federal Assistance (SF424 R&R),5.0,ActivityTitle,RR_SF424_5_0.ActivityTitle,ActivityTitle,question,question-candidate:sha256:5c0a17a88810470dea51e086523a8e35fa8a9bf75b47a47d5c4163a9b9dd378d,question-candidate:sha256:5c0a17a88810470dea51e086523a8e35fa8a9bf75b47a47d5c4163a9b9dd378d,question:sha256:7cbf8611c77ada085cd907ad49736e8d64a6706968b636d1a4052d0ccb0696b8,agent_proposed,application_shell,,application-shell|opportunity-identity,0,1,,,,string,xsd_declared_type,globLib:CFDATitleDataType,https://apply07.grants.gov/apply/forms/schemas/RR_SF424_5_0-V5.0.xsd,f140f32afed9d7efbe30fc8f299542bbbc3121dbc87a79aa351fcf096163d3bc,sha256:f791759c9a5c0ee00450d33e44a9ba921baaac5f1b625b2ef8b16241029e3db8,false
RRSF424,[Draft] Research & Related Application for Federal Assistance (SF424 R&R),5.0,ApplicantType.SmallBusinessOrganizationType.isWomenOwned,RR_SF424_5_0.ApplicantType.SmallBusinessOrganizationType.isWomenOwned,isWomenOwned,question,question-candidate:sha256:5e5a947c0bc2d2b9fa7a4579d7d263f021f4067dc7db8876ce26cb43b5bf90d9,question-candidate:sha256:5e5a947c0bc2d2b9fa7a4579d7d263f021f4067dc7db8876ce26cb43b5bf90d9,question:sha256:d3288227d4e31f0868a9b06eec08803c2a17c7ece0090422477a99b9e9753ac6,agent_proposed,application_shell,,applicant-classification|application-shell,0,1,,,,string,normalized_source_type,YesNoDataType,https://apply07.grants.gov/apply/forms/schemas/RR_SF424_5_0-V5.0.xsd,f140f32afed9d7efbe30fc8f299542bbbc3121dbc87a79aa351fcf096163d3bc,sha256:f791759c9a5c0ee00450d33e44a9ba921baaac5f1b625b2ef8b16241029e3db8,false
RRSF424,[Draft] Research & Related Application for Federal Assistance (SF424 R&R),5.0,AORInfo.Name.FirstName,RR_SF424_5_0.AORInfo.Name.FirstName,FirstName,question,question-candidate:sha256:5ef402afc560a09cf440fad268d370255c9dd7ce8f436e20fc088f6034e4684c,question-candidate:sha256:5ef402afc560a09cf440fad268d370255c9dd7ce8f436e20fc088f6034e4684c,question:sha256:e8ad6307d9f3cabd6e16ef2127fef67caa6a9812c72aef9fe6ba202e0c4aeffb,agent_proposed,authorized_representative,,application-shell|authorized-representative|person-name,1,1,,,,string,xsd_declared_type,globLib:FirstNameDataType,https://apply07.grants.gov/apply/system/schemas/GlobalLibrary-V2.0.xsd,ff0214de91b95a4209f50f0fe08a18d0f3d17f280ab8c8bbcb52878f37de7be8,sha256:f791759c9a5c0ee00450d33e44a9ba921baaac5f1b625b2ef8b16241029e3db8,false
RRSF424,[Draft] Research & Related Application for Federal Assistance (SF424 R&R),5.0,ApplicantInfo.ContactPersonInfo.Address.County,RR_SF424_5_0.ApplicantInfo.ContactPersonInfo.Address.County,County,question,question-candidate:sha256:601f4388cc5345cd4ba4fa73594e30e8c53f34167a98e6ff04a82c7f0c753866,question-candidate:sha256:601f4388cc5345cd4ba4fa73594e30e8c53f34167a98e6ff04a82c7f0c753866,question:sha256:2853923c4aed0b48f098fcae8a57676297136456fb0c53eaee13ff15d42ba84f,agent_proposed,application_contact,,application-contact|application-shell|postal-address,0,1,,,,string,xsd_declared_type,globLib:CountyDataType,https://apply07.grants.gov/apply/system/schemas/GlobalLibrary-V2.0.xsd,ff0214de91b95a4209f50f0fe08a18d0f3d17f280ab8c8bbcb52878f37de7be8,sha256:f791759c9a5c0ee00450d33e44a9ba921baaac5f1b625b2ef8b16241029e3db8,false
RRSF424,[Draft] Research & Related Application for Federal Assistance (SF424 R&R),5.0,ApplicantInfo.ContactPersonInfo.Email,RR_SF424_5_0.ApplicantInfo.ContactPersonInfo.Email,Email,question,question-candidate:sha256:630101e69efc9ab4fc6f5d32f75133a6566ae49e8004693ca5759d44d7177511,question-candidate:sha256:630101e69efc9ab4fc6f5d32f75133a6566ae49e8004693ca5759d44d7177511,question:sha256:3b256eb63e5766dd7426df2e40536e6f38a388bc2382ca76b252313fb0ec739c,agent_proposed,application_contact,,application-contact|application-shell|contact-channels,0,1,,,,string,xsd_declared_type,globLib:EmailDataType,https://apply07.grants.gov/apply/forms/schemas/RR_SF424_5_0-V5.0.xsd,f140f32afed9d7efbe30fc8f299542bbbc3121dbc87a79aa351fcf096163d3bc,sha256:f791759c9a5c0ee00450d33e44a9ba921baaac5f1b625b2ef8b16241029e3db8,false
RRSF424,[Draft] Research & Related Application for Federal Assistance (SF424 R&R),5.0,ApplicantType.ApplicantTypeCode,RR_SF424_5_0.ApplicantType.ApplicantTypeCode,ApplicantTypeCode,question,question-candidate:sha256:64ad635480f88be7dadeb837a5308c7d192a7faf8aaf5ba31671ac8c709312f9,question-candidate:sha256:64ad635480f88be7dadeb837a5308c7d192a7faf8aaf5ba31671ac8c709312f9,question:sha256:7fc663aa392c9230cc13faccae60a66ecb09007c3698361aac50c66cdf6e9a2e,agent_proposed,application_shell,,applicant-classification|application-shell,1,1,,,,string,xsd_declared_type,globLib:ApplicantTypeCodeDataType,https://apply07.grants.gov/apply/forms/schemas/RR_SF424_5_0-V5.0.xsd,f140f32afed9d7efbe30fc8f299542bbbc3121dbc87a79aa351fcf096163d3bc,sha256:f791759c9a5c0ee00450d33e44a9ba921baaac5f1b625b2ef8b16241029e3db8,false
RRSF424,[Draft] Research & Related Application for Federal Assistance (SF424 R&R),5.0,ApplicantInfo.ContactPersonInfo.Name.MiddleName,RR_SF424_5_0.ApplicantInfo.ContactPersonInfo.Name.MiddleName,MiddleName,question,question-candidate:sha256:659aba196d98c1dc1a949287a6caaef01a4695770ee77e3e0e245664fdc86cfc,question-candidate:sha256:659aba196d98c1dc1a949287a6caaef01a4695770ee77e3e0e245664fdc86cfc,question:sha256:fe1cdb1a5e0f9b2d62bf0fc40ba3d1dd571540e5fd0627d0ef179e851cc7506f,agent_proposed,application_contact,,application-contact|application-shell|person-name,0,1,,,,string,xsd_declared_type,globLib:MiddleNameDataType,https://apply07.grants.gov/apply/system/schemas/GlobalLibrary-V2.0.xsd,ff0214de91b95a4209f50f0fe08a18d0f3d17f280ab8c8bbcb52878f37de7be8,sha256:f791759c9a5c0ee00450d33e44a9ba921baaac5f1b625b2ef8b16241029e3db8,false
RRSF424,[Draft] Research & Related Application for Federal Assistance (SF424 R&R),5.0,ApplicationType.OtherAgencySubmissionExplanation,RR_SF424_5_0.ApplicationType.OtherAgencySubmissionExplanation,OtherAgencySubmissionExplanation,question,question-candidate:sha256:6756593ad9afcf79f287e4ad922a64fc9554bfd8c4849f7ada9ee8a70ac8bf00,question-candidate:sha256:6756593ad9afcf79f287e4ad922a64fc9554bfd8c4849f7ada9ee8a70ac8bf00,question:sha256:1fe1f48a78791ba0fdb68194f6d6bc1bdbfe6058409dbe9417de020c6971471e,agent_proposed,application_shell,,application-shell,0,1,,,,string,normalized_source_type,string,https://apply07.grants.gov/apply/forms/schemas/RR_SF424_5_0-V5.0.xsd,f140f32afed9d7efbe30fc8f299542bbbc3121dbc87a79aa351fcf096163d3bc,sha256:f791759c9a5c0ee00450d33e44a9ba921baaac5f1b625b2ef8b16241029e3db8,false
RRSF424,[Draft] Research & Related Application for Federal Assistance (SF424 R&R),5.0,PDPIContactInfo.Fax,RR_SF424_5_0.PDPIContactInfo.Fax,Fax,question,question-candidate:sha256:68ac3df6a60dbd9eaa71a4d25d58957d05edac3551bcdc9f2aa0999a23440040,question-candidate:sha256:68ac3df6a60dbd9eaa71a4d25d58957d05edac3551bcdc9f2aa0999a23440040,question:sha256:c54b45957d658972275ebefcae946cfca17881fb2caee983602dbb865b60a846,agent_proposed,project_director_or_principal_investigator,,application-shell|contact-channels|project-director-pi,0,1,,,,string,xsd_declared_type,globLib:TelephoneNumberDataType,https://apply07.grants.gov/apply/forms/schemas/RR_SF424_5_0-V5.0.xsd,f140f32afed9d7efbe30fc8f299542bbbc3121dbc87a79aa351fcf096163d3bc,sha256:f791759c9a5c0ee00450d33e44a9ba921baaac5f1b625b2ef8b16241029e3db8,false
RRSF424,[Draft] Research & Related Application for Federal Assistance (SF424 R&R),5.0,StateID,RR_SF424_5_0.StateID,StateID,question,question-candidate:sha256:69dd9f6ec6bca9f80728ca504e18abac77684c2f1c29e065fb343152aa2c8c47,question-candidate:sha256:69dd9f6ec6bca9f80728ca504e18abac77684c2f1c29e065fb343152aa2c8c47,question:sha256:4571bfcb55a7470cb05d3f64f523c60bd329fd9263ba1e48db182cc1061bdb75,agent_proposed,application_shell,,application-identifiers|application-shell,0,1,,,,string,xsd_declared_type,globLib:StateIDDataType,https://apply07.grants.gov/apply/forms/schemas/RR_SF424_5_0-V5.0.xsd,f140f32afed9d7efbe30fc8f299542bbbc3121dbc87a79aa351fcf096163d3bc,sha256:f791759c9a5c0ee00450d33e44a9ba921baaac5f1b625b2ef8b16241029e3db8,false
RRSF424,[Draft] Research & Related Application for Federal Assistance (SF424 R&R),5.0,AORInfo.Phone,RR_SF424_5_0.AORInfo.Phone,Phone,question,question-candidate:sha256:6bbc97869991e9e2fa5d6fd005fe4d8bd0925cc50cbd3c3130d939180b221420,question-candidate:sha256:6bbc97869991e9e2fa5d6fd005fe4d8bd0925cc50cbd3c3130d939180b221420,question:sha256:7ce9ac9923c7290d33a45106515234788b9b7fc19cb92dd6bd4aee825253a9af,agent_proposed,authorized_representative,,application-shell|authorized-representative|contact-channels,1,1,,,,string,xsd_declared_type,globLib:TelephoneNumberDataType,https://apply07.grants.gov/apply/forms/schemas/RR_SF424_5_0-V5.0.xsd,f140f32afed9d7efbe30fc8f299542bbbc3121dbc87a79aa351fcf096163d3bc,sha256:f791759c9a5c0ee00450d33e44a9ba921baaac5f1b625b2ef8b16241029e3db8,false
RRSF424,[Draft] Research & Related Application for Federal Assistance (SF424 R&R),5.0,ApplicantInfo.ContactPersonInfo.Address.ZipPostalCode,RR_SF424_5_0.ApplicantInfo.ContactPersonInfo.Address.ZipPostalCode,ZipPostalCode,question,question-candidate:sha256:6ce7826a75046e2215eda86e4a09e0dcc5a073d005c069fb046c4f2015440094,question-candidate:sha256:6ce7826a75046e2215eda86e4a09e0dcc5a073d005c069fb046c4f2015440094,question:sha256:b0704760273680053856762d65eb8387ac98a686f3afa1100a00d35c7ab7e0ff,agent_proposed,application_contact,,application-contact|application-shell|postal-address,0,1,,,,string,xsd_declared_type,globLib:ZipPostalCodeDataType,https://apply07.grants.gov/apply/system/schemas/GlobalLibrary-V2.0.xsd,ff0214de91b95a4209f50f0fe08a18d0f3d17f280ab8c8bbcb52878f37de7be8,sha256:f791759c9a5c0ee00450d33e44a9ba921baaac5f1b625b2ef8b16241029e3db8,false
RRSF424,[Draft] Research & Related Application for Federal Assistance (SF424 R&R),5.0,FederalAgencyName,RR_SF424_5_0.FederalAgencyName,FederalAgencyName,question,question-candidate:sha256:70c4f6bc48a70afc1472b1995dc5fbeecbcdd6df3af881024786480547b14750,question-candidate:sha256:70c4f6bc48a70afc1472b1995dc5fbeecbcdd6df3af881024786480547b14750,question:sha256:921572148722ad05af85dfa8345f275b5a7017ef6d7a0edf6e80d8e37c0ab180,agent_proposed,application_shell,,application-shell|opportunity-identity,1,1,,,,string,xsd_declared_type,globLib:AgencyNameDataType,https://apply07.grants.gov/apply/forms/schemas/RR_SF424_5_0-V5.0.xsd,f140f32afed9d7efbe30fc8f299542bbbc3121dbc87a79aa351fcf096163d3bc,sha256:f791759c9a5c0ee00450d33e44a9ba921baaac5f1b625b2ef8b16241029e3db8,false
RRSF424,[Draft] Research & Related Application for Federal Assistance (SF424 R&R),5.0,AORInfo.Department,RR_SF424_5_0.AORInfo.Department,Department,question,question-candidate:sha256:73a9cd2a322643b28d76d39e82e7805cc915fbb7c04d09783e7e2caef7350276,question-candidate:sha256:73a9cd2a322643b28d76d39e82e7805cc915fbb7c04d09783e7e2caef7350276,question:sha256:5a45d08e3e0e2176c7fb3fb9c94f094a76c6cbe1bb0179d52df6826d613673b6,agent_proposed,authorized_representative,,application-shell|authorized-representative,0,1,,,,string,xsd_declared_type,globLib:DepartmentNameDataTypeV2,https://apply07.grants.gov/apply/forms/schemas/RR_SF424_5_0-V5.0.xsd,f140f32afed9d7efbe30fc8f299542bbbc3121dbc87a79aa351fcf096163d3bc,sha256:f791759c9a5c0ee00450d33e44a9ba921baaac5f1b625b2ef8b16241029e3db8,false
RRSF424,[Draft] Research & Related Application for Federal Assistance (SF424 R&R),5.0,PDPIContactInfo.Phone,RR_SF424_5_0.PDPIContactInfo.Phone,Phone,question,question-candidate:sha256:749db48451cd62d6cff0caab1b87b566e1db58625a9965c78c21b85abef25fad,question-candidate:sha256:749db48451cd62d6cff0caab1b87b566e1db58625a9965c78c21b85abef25fad,question:sha256:e9990af6746660b42d26efe9512e1cfd6a4c8fd97015568c1f0d026935d6de68,agent_proposed,project_director_or_principal_investigator,,application-shell|contact-channels|project-director-pi,1,1,,,,string,xsd_declared_type,globLib:TelephoneNumberDataType,https://apply07.grants.gov/apply/forms/schemas/RR_SF424_5_0-V5.0.xsd,f140f32afed9d7efbe30fc8f299542bbbc3121dbc87a79aa351fcf096163d3bc,sha256:f791759c9a5c0ee00450d33e44a9ba921baaac5f1b625b2ef8b16241029e3db8,false
RRSF424,[Draft] Research & Related Application for Federal Assistance (SF424 R&R),5.0,ApplicantInfo.OrganizationInfo.Department,RR_SF424_5_0.ApplicantInfo.OrganizationInfo.Department,Department,question,question-candidate:sha256:778e6a4281037b277a2b26076c08b8d3146554ae375460c4c8fad4c30ee18c46,question-candidate:sha256:778e6a4281037b277a2b26076c08b8d3146554ae375460c4c8fad4c30ee18c46,question:sha256:fa422d2c9aa34e5087041803dc61e99c35add280a2a7bc5031c033ca1c308675,agent_proposed,applicant_organization,,application-shell,0,1,,,,string,xsd_declared_type,globLib:DepartmentNameDataTypeV2,https://apply07.grants.gov/apply/system/schemas/GlobalLibrary-V2.0.xsd,ff0214de91b95a4209f50f0fe08a18d0f3d17f280ab8c8bbcb52878f37de7be8,sha256:f791759c9a5c0ee00450d33e44a9ba921baaac5f1b625b2ef8b16241029e3db8,false
RRSF424,[Draft] Research & Related Application for Federal Assistance (SF424 R&R),5.0,EstimatedProjectFunding.TotalfedNonfedrequested,RR_SF424_5_0.EstimatedProjectFunding.TotalfedNonfedrequested,TotalfedNonfedrequested,question,question-candidate:sha256:77bbb47db91541e13bab0e54707cf74a0e69e3cd90709e7afa2cfdb142728104,question-candidate:sha256:77bbb47db91541e13bab0e54707cf74a0e69e3cd90709e7afa2cfdb142728104,question:sha256:335489586408ea1c16209558e712e5fe9e8faeb547fdd4cc34f3d2dd3ea3d421,agent_proposed,application_shell,,application-shell|funding-summary,1,1,,,,number,xsd_declared_type,globLib:BudgetTotalAmountDataType,https://apply07.grants.gov/apply/forms/schemas/RR_SF424_5_0-V5.0.xsd,f140f32afed9d7efbe30fc8f299542bbbc3121dbc87a79aa351fcf096163d3bc,sha256:f791759c9a5c0ee00450d33e44a9ba921baaac5f1b625b2ef8b16241029e3db8,false
RRSF424,[Draft] Research & Related Application for Federal Assistance (SF424 R&R),5.0,ApplicantInfo.ContactPersonInfo.Address.Street2,RR_SF424_5_0.ApplicantInfo.ContactPersonInfo.Address.Street2,Street2,question,question-candidate:sha256:79b8bb2178ad51700ba2f4e9fcbbe75dd1225ad110a4ec0d302053929d877cdc,question-candidate:sha256:79b8bb2178ad51700ba2f4e9fcbbe75dd1225ad110a4ec0d302053929d877cdc,question:sha256:8de9e3215f6e39f33cfb9a2f95b6596332c1bd39301aed9d1c3140713aaa83d7,agent_proposed,application_contact,,application-contact|application-shell|postal-address,0,1,,,,string,xsd_declared_type,globLib:StreetDataType,https://apply07.grants.gov/apply/system/schemas/GlobalLibrary-V2.0.xsd,ff0214de91b95a4209f50f0fe08a18d0f3d17f280ab8c8bbcb52878f37de7be8,sha256:f791759c9a5c0ee00450d33e44a9ba921baaac5f1b625b2ef8b16241029e3db8,false
RRSF424,[Draft] Research & Related Application for Federal Assistance (SF424 R&R),5.0,ApplicantInfo.OrganizationInfo.OrganizationName,RR_SF424_5_0.ApplicantInfo.OrganizationInfo.OrganizationName,OrganizationName,question,question-candidate:sha256:7b672ef83fcf51f413c7b8c238d2a9172bbac320b8751d618b7389dcbb1e4119,question-candidate:sha256:7b672ef83fcf51f413c7b8c238d2a9172bbac320b8751d618b7389dcbb1e4119,question:sha256:ed90df4f56b151703bfeb5a732088f2fe91d092f308c14f36d3a18b4d44cb1cf,agent_proposed,applicant_organization,,application-shell|organization-identity,1,1,,,,string,xsd_declared_type,globLib:OrganizationNameDataType,https://apply07.grants.gov/apply/system/schemas/GlobalLibrary-V2.0.xsd,ff0214de91b95a4209f50f0fe08a18d0f3d17f280ab8c8bbcb52878f37de7be8,sha256:f791759c9a5c0ee00450d33e44a9ba921baaac5f1b625b2ef8b16241029e3db8,false
RRSF424,[Draft] Research & Related Application for Federal Assistance (SF424 R&R),5.0,AORInfo.Address.Street1,RR_SF424_5_0.AORInfo.Address.Street1,Street1,question,question-candidate:sha256:7cc6bba33fd4a6bda8c965ca7e205029fcbc633e406b92c6a93fc3648bfcce89,question-candidate:sha256:7cc6bba33fd4a6bda8c965ca7e205029fcbc633e406b92c6a93fc3648bfcce89,question:sha256:a74476c9deb4bf4c6477fc6d1389488bddf603519c898f23aa9b351903aa4b03,agent_proposed,authorized_representative,,application-shell|authorized-representative|postal-address,1,1,,,,string,xsd_declared_type,globLib:StreetDataType,https://apply07.grants.gov/apply/system/schemas/GlobalLibrary-V2.0.xsd,ff0214de91b95a4209f50f0fe08a18d0f3d17f280ab8c8bbcb52878f37de7be8,sha256:f791759c9a5c0ee00450d33e44a9ba921baaac5f1b625b2ef8b16241029e3db8,false
RRSF424,[Draft] Research & Related Application for Federal Assistance (SF424 R&R),5.0,AORInfo.Division,RR_SF424_5_0.AORInfo.Division,Division,question,question-candidate:sha256:7e3ed4f45c4395e55bee5dd0883c7ecda10f450b0983056fadbb72ae1f5b0af0,question-candidate:sha256:7e3ed4f45c4395e55bee5dd0883c7ecda10f450b0983056fadbb72ae1f5b0af0,question:sha256:28952c42eec7457245dfd8f54d60156d48e1a7eea75076c5380da937960bee2e,agent_proposed,authorized_representative,,application-shell|authorized-representative,0,1,,,,string,xsd_declared_type,globLib:DivisionNameDataTypeV2,https://apply07.grants.gov/apply/forms/schemas/RR_SF424_5_0-V5.0.xsd,f140f32afed9d7efbe30fc8f299542bbbc3121dbc87a79aa351fcf096163d3bc,sha256:f791759c9a5c0ee00450d33e44a9ba921baaac5f1b625b2ef8b16241029e3db8,false
RRSF424,[Draft] Research & Related Application for Federal Assistance (SF424 R&R),5.0,PDPIContactInfo.Name.FirstName,RR_SF424_5_0.PDPIContactInfo.Name.FirstName,FirstName,question,question-candidate:sha256:7ea87c08a4a1f3245960024f034e17c771158054f1319bde8dea103cec89e35e,question-candidate:sha256:7ea87c08a4a1f3245960024f034e17c771158054f1319bde8dea103cec89e35e,question:sha256:b79eac5c4cf8247b2c2465ae70b4aadff3dc433c689f1b9b728bf03766316122,agent_proposed,project_director_or_principal_investigator,,application-shell|person-name|project-director-pi,1,1,,,,string,xsd_declared_type,globLib:FirstNameDataType,https://apply07.grants.gov/apply/system/schemas/GlobalLibrary-V2.0.xsd,ff0214de91b95a4209f50f0fe08a18d0f3d17f280ab8c8bbcb52878f37de7be8,sha256:f791759c9a5c0ee00450d33e44a9ba921baaac5f1b625b2ef8b16241029e3db8,false
RRSF424,[Draft] Research & Related Application for Federal Assistance (SF424 R&R),5.0,AORInfo.Address.Country,RR_SF424_5_0.AORInfo.Address.Country,Country,question,question-candidate:sha256:7ec7cdbd8a15b4c3014c315efa6ed69f88bf0b33320301c8d33c7a4248dd5031,question-candidate:sha256:7ec7cdbd8a15b4c3014c315efa6ed69f88bf0b33320301c8d33c7a4248dd5031,question:sha256:5a977258e9fdeca1faa0f8e51a07f82f48b9842f9c8724fe664da10cfe111c35,agent_proposed,authorized_representative,,application-shell|authorized-representative|postal-address,1,1,,,,string,xsd_declared_type,codes:CountryCodeDataTypeV3,https://apply07.grants.gov/apply/system/schemas/GlobalLibrary-V2.0.xsd,ff0214de91b95a4209f50f0fe08a18d0f3d17f280ab8c8bbcb52878f37de7be8,sha256:f791759c9a5c0ee00450d33e44a9ba921baaac5f1b625b2ef8b16241029e3db8,false
RRSF424,[Draft] Research & Related Application for Federal Assistance (SF424 R&R),5.0,PDPIContactInfo.Name.SuffixName,RR_SF424_5_0.PDPIContactInfo.Name.SuffixName,SuffixName,question,question-candidate:sha256:80c83c5f1df7fcb223e96f3472ddc8bd773a145c420d10430208762ea54e279c,question-candidate:sha256:80c83c5f1df7fcb223e96f3472ddc8bd773a145c420d10430208762ea54e279c,question:sha256:623aee54489b6ec081e7ece2ff170e037115caa580e5d53f864a5ce532c072ee,agent_proposed,project_director_or_principal_investigator,,application-shell|person-name|project-director-pi,0,1,,,,string,xsd_declared_type,globLib:SuffixNameDataType,https://apply07.grants.gov/apply/system/schemas/GlobalLibrary-V2.0.xsd,ff0214de91b95a4209f50f0fe08a18d0f3d17f280ab8c8bbcb52878f37de7be8,sha256:f791759c9a5c0ee00450d33e44a9ba921baaac5f1b625b2ef8b16241029e3db8,false
RRSF424,[Draft] Research & Related Application for Federal Assistance (SF424 R&R),5.0,PDPIContactInfo.Title,RR_SF424_5_0.PDPIContactInfo.Title,Title,question,question-candidate:sha256:8422788e7c3c178cf2ed41e24f62bc245e148260c3537c4a9763f138e18a88f9,question-candidate:sha256:8422788e7c3c178cf2ed41e24f62bc245e148260c3537c4a9763f138e18a88f9,question:sha256:523fd7358ec17427613f1a11a2b25cc9e3ccfea98ed7c03c24ad19434fbfe98c,agent_proposed,project_director_or_principal_investigator,,application-shell|project-director-pi,0,1,,,,string,xsd_declared_type,globLib:HumanTitleDataType,https://apply07.grants.gov/apply/forms/schemas/RR_SF424_5_0-V5.0.xsd,f140f32afed9d7efbe30fc8f299542bbbc3121dbc87a79aa351fcf096163d3bc,sha256:f791759c9a5c0ee00450d33e44a9ba921baaac5f1b625b2ef8b16241029e3db8,false
RRSF424,[Draft] Research & Related Application for Federal Assistance (SF424 R&R),5.0,ApplicantInfo.OrganizationInfo.EIN,RR_SF424_5_0.ApplicantInfo.OrganizationInfo.EIN,EIN,question,question-candidate:sha256:8a1d0fe15e1a6fcfcda106ad5edbf8a0b1ba6394f53d8ea2c656978373d1358c,question-candidate:sha256:8a1d0fe15e1a6fcfcda106ad5edbf8a0b1ba6394f53d8ea2c656978373d1358c,question:sha256:0fce1f6c6e3bec4fa4efb2b6592f13cc90e8ebd2f257115a25f07c0a1956b467,agent_proposed,applicant_organization,,application-shell|organization-identity,0,1,,,,string,xsd_declared_type,globLib:EmployerIDDataType,https://apply07.grants.gov/apply/system/schemas/GlobalLibrary-V2.0.xsd,ff0214de91b95a4209f50f0fe08a18d0f3d17f280ab8c8bbcb52878f37de7be8,sha256:f791759c9a5c0ee00450d33e44a9ba921baaac5f1b625b2ef8b16241029e3db8,false
RRSF424,[Draft] Research & Related Application for Federal Assistance (SF424 R&R),5.0,SubmittedDate,RR_SF424_5_0.SubmittedDate,SubmittedDate,question,question-candidate:sha256:8bb409be1ad8c6f311829414f0ca15545633f325138c9d34255379dc6df44eba,question-candidate:sha256:8bb409be1ad8c6f311829414f0ca15545633f325138c9d34255379dc6df44eba,question:sha256:4ff280fbaf92940dc9fb1b8d77348e6f7527bf04ca01f1c6ec43ebaf8a8c476e,agent_proposed,application_shell,,application-identifiers|application-shell,0,1,,,,string,xsd_declared_type,xs:date,https://apply07.grants.gov/apply/forms/schemas/RR_SF424_5_0-V5.0.xsd,f140f32afed9d7efbe30fc8f299542bbbc3121dbc87a79aa351fcf096163d3bc,sha256:f791759c9a5c0ee00450d33e44a9ba921baaac5f1b625b2ef8b16241029e3db8,false
RRSF424,[Draft] Research & Related Application for Federal Assistance (SF424 R&R),5.0,ApplicantInfo.OrganizationInfo.Address.County,RR_SF424_5_0.ApplicantInfo.OrganizationInfo.Address.County,County,question,question-candidate:sha256:8c5a004e0cb6bd3fc77fc9bf5d20c8e8f2802f4648d2968592d997e03cc68369,question-candidate:sha256:8c5a004e0cb6bd3fc77fc9bf5d20c8e8f2802f4648d2968592d997e03cc68369,question:sha256:5b814651aaccc0798e1822f9f31faeec13fc08c70b046554dcad23a50ceb90a0,agent_proposed,applicant_organization,,application-shell|postal-address,0,1,,,,string,xsd_declared_type,globLib:CountyDataType,https://apply07.grants.gov/apply/system/schemas/GlobalLibrary-V2.0.xsd,ff0214de91b95a4209f50f0fe08a18d0f3d17f280ab8c8bbcb52878f37de7be8,sha256:f791759c9a5c0ee00450d33e44a9ba921baaac5f1b625b2ef8b16241029e3db8,false
RRSF424,[Draft] Research & Related Application for Federal Assistance (SF424 R&R),5.0,AORInfo.Address.Province,RR_SF424_5_0.AORInfo.Address.Province,Province,question,question-candidate:sha256:90e10002f571db84e974cab7418f25d27c40e539e371f68ce5a0ed43a2661445,question-candidate:sha256:90e10002f571db84e974cab7418f25d27c40e539e371f68ce5a0ed43a2661445,question:sha256:fe016c654b6bf1c702168ff81c5d00a026a39a269ccffdc6529eaf5dba5630eb,agent_proposed,authorized_representative,,application-shell|authorized-representative|postal-address,0,1,,,,string,xsd_declared_type,globLib:ProvinceDataType,https://apply07.grants.gov/apply/system/schemas/GlobalLibrary-V2.0.xsd,ff0214de91b95a4209f50f0fe08a18d0f3d17f280ab8c8bbcb52878f37de7be8,sha256:f791759c9a5c0ee00450d33e44a9ba921baaac5f1b625b2ef8b16241029e3db8,false
RRSF424,[Draft] Research & Related Application for Federal Assistance (SF424 R&R),5.0,PDPIContactInfo.Email,RR_SF424_5_0.PDPIContactInfo.Email,Email,question,question-candidate:sha256:92989c229da4e1654e61081dd41e883d5ac93cc7b654e5b21d8a8e7d3279380a,question-candidate:sha256:92989c229da4e1654e61081dd41e883d5ac93cc7b654e5b21d8a8e7d3279380a,question:sha256:21a2abd24fe230d7ff52254fe8caa2cdb7c0840f3d33edaecb510a640a27eed1,agent_proposed,project_director_or_principal_investigator,,application-shell|contact-channels|project-director-pi,1,1,,,,string,xsd_declared_type,globLib:EmailDataType,https://apply07.grants.gov/apply/forms/schemas/RR_SF424_5_0-V5.0.xsd,f140f32afed9d7efbe30fc8f299542bbbc3121dbc87a79aa351fcf096163d3bc,sha256:f791759c9a5c0ee00450d33e44a9ba921baaac5f1b625b2ef8b16241029e3db8,false
RRSF424,[Draft] Research & Related Application for Federal Assistance (SF424 R&R),5.0,ApplicantInfo.OrganizationInfo.Address.Province,RR_SF424_5_0.ApplicantInfo.OrganizationInfo.Address.Province,Province,question,question-candidate:sha256:96b612baa63fa7caaedd500314f9e849bc1e360c2bd252c3a20660eff51477e1,question-candidate:sha256:96b612baa63fa7caaedd500314f9e849bc1e360c2bd252c3a20660eff51477e1,question:sha256:4bd0cca60f51f74404598a3a9464603440f8658ddc705204212798a529a7b200,agent_proposed,applicant_organization,,application-shell|postal-address,0,1,,,,string,xsd_declared_type,globLib:ProvinceDataType,https://apply07.grants.gov/apply/system/schemas/GlobalLibrary-V2.0.xsd,ff0214de91b95a4209f50f0fe08a18d0f3d17f280ab8c8bbcb52878f37de7be8,sha256:f791759c9a5c0ee00450d33e44a9ba921baaac5f1b625b2ef8b16241029e3db8,false
RRSF424,[Draft] Research & Related Application for Federal Assistance (SF424 R&R),5.0,ApplicationType.isOtherAgencySubmission,RR_SF424_5_0.ApplicationType.isOtherAgencySubmission,isOtherAgencySubmission,question,question-candidate:sha256:96d17fb2b9df366dc15c65e2107f3617f78f6e5a0e15ee1a75f2ab1d3ee1cbe2,question-candidate:sha256:96d17fb2b9df366dc15c65e2107f3617f78f6e5a0e15ee1a75f2ab1d3ee1cbe2,question:sha256:f589a36d5eb880ea9d403d76282d682ef6b05e1d130fa8a60f73aa3ee1c813f3,agent_proposed,application_shell,,application-shell,1,1,,,,string,xsd_declared_type,globLib:YesNoDataType,https://apply07.grants.gov/apply/forms/schemas/RR_SF424_5_0-V5.0.xsd,f140f32afed9d7efbe30fc8f299542bbbc3121dbc87a79aa351fcf096163d3bc,sha256:f791759c9a5c0ee00450d33e44a9ba921baaac5f1b625b2ef8b16241029e3db8,false
RRSF424,[Draft] Research & Related Application for Federal Assistance (SF424 R&R),5.0,PDPIContactInfo.Name.PrefixName,RR_SF424_5_0.PDPIContactInfo.Name.PrefixName,PrefixName,question,question-candidate:sha256:978c8035fc8c93b0258a1918c67cfc1cb3301ad53eae4bfa2896c039a139606f,question-candidate:sha256:978c8035fc8c93b0258a1918c67cfc1cb3301ad53eae4bfa2896c039a139606f,question:sha256:409865a473949868953048cc53fd4f33c7dc816c2a933d1bd6e7078b3dc64428,agent_proposed,project_director_or_principal_investigator,,application-shell|person-name|project-director-pi,0,1,,,,string,xsd_declared_type,globLib:PrefixNameDataType,https://apply07.grants.gov/apply/system/schemas/GlobalLibrary-V2.0.xsd,ff0214de91b95a4209f50f0fe08a18d0f3d17f280ab8c8bbcb52878f37de7be8,sha256:f791759c9a5c0ee00450d33e44a9ba921baaac5f1b625b2ef8b16241029e3db8,false
RRSF424,[Draft] Research & Related Application for Federal Assistance (SF424 R&R),5.0,AORInfo.Address.State,RR_SF424_5_0.AORInfo.Address.State,State,question,question-candidate:sha256:97b65038e6488bdd23479bb8a75bf8b4bb4e0834ae52714e956a37366b1a7fa1,question-candidate:sha256:97b65038e6488bdd23479bb8a75bf8b4bb4e0834ae52714e956a37366b1a7fa1,question:sha256:241408153aa976009ab7ffa557245dbde3eee9b157cb1b2e0e4cceafdc90170b,agent_proposed,authorized_representative,,application-shell|authorized-representative|postal-address,0,1,,,,string,xsd_declared_type,codes:StateCodeDataTypeV3,https://apply07.grants.gov/apply/system/schemas/GlobalLibrary-V2.0.xsd,ff0214de91b95a4209f50f0fe08a18d0f3d17f280ab8c8bbcb52878f37de7be8,sha256:f791759c9a5c0ee00450d33e44a9ba921baaac5f1b625b2ef8b16241029e3db8,false
RRSF424,[Draft] Research & Related Application for Federal Assistance (SF424 R&R),5.0,PDPIContactInfo.Address.Province,RR_SF424_5_0.PDPIContactInfo.Address.Province,Province,question,question-candidate:sha256:98f3d2c9fff6bf80d53fe05b4cb9698fe32b7d7d7954e84c7a6f79e6b56c62bc,question-candidate:sha256:98f3d2c9fff6bf80d53fe05b4cb9698fe32b7d7d7954e84c7a6f79e6b56c62bc,question:sha256:e44bc076988568e753ceef0e4885e7bb6289eb3dbe8daf4f0f7126536de3af98,agent_proposed,project_director_or_principal_investigator,,application-shell|postal-address|project-director-pi,0,1,,,,string,xsd_declared_type,globLib:ProvinceDataType,https://apply07.grants.gov/apply/system/schemas/GlobalLibrary-V2.0.xsd,ff0214de91b95a4209f50f0fe08a18d0f3d17f280ab8c8bbcb52878f37de7be8,sha256:f791759c9a5c0ee00450d33e44a9ba921baaac5f1b625b2ef8b16241029e3db8,false
RRSF424,[Draft] Research & Related Application for Federal Assistance (SF424 R&R),5.0,ProjectTitle,RR_SF424_5_0.ProjectTitle,ProjectTitle,question,question-candidate:sha256:99b17e8a145566a16eb640a2106b8156cc1c13e8aceed9223489af840919c685,question-candidate:sha256:99b17e8a145566a16eb640a2106b8156cc1c13e8aceed9223489af840919c685,question:sha256:305e4d30fdbdc0d84afc620d3130571f12140fdcf47eeba865400bb9327680af,agent_proposed,application_shell,,application-shell|project-identity-period,1,1,,,,string,xsd_declared_type,globLib:ProjectTitleDataType,https://apply07.grants.gov/apply/forms/schemas/RR_SF424_5_0-V5.0.xsd,f140f32afed9d7efbe30fc8f299542bbbc3121dbc87a79aa351fcf096163d3bc,sha256:f791759c9a5c0ee00450d33e44a9ba921baaac5f1b625b2ef8b16241029e3db8,false
RRSF424,[Draft] Research & Related Application for Federal Assistance (SF424 R&R),5.0,ApplicantInfo.OrganizationInfo.Address.City,RR_SF424_5_0.ApplicantInfo.OrganizationInfo.Address.City,City,question,question-candidate:sha256:9a4486b2bd2b875c49e1539991f9d5e4296ca6d6533144bf238c60153c7e3325,question-candidate:sha256:9a4486b2bd2b875c49e1539991f9d5e4296ca6d6533144bf238c60153c7e3325,question:sha256:afc98cd5db21ba28ce204ca02a2bc5c1ad8d1a23bd3065e0ab65672eebc6bbc3,agent_proposed,applicant_organization,,application-shell|postal-address,1,1,,,,string,xsd_declared_type,globLib:CityDataType,https://apply07.grants.gov/apply/system/schemas/GlobalLibrary-V2.0.xsd,ff0214de91b95a4209f50f0fe08a18d0f3d17f280ab8c8bbcb52878f37de7be8,sha256:f791759c9a5c0ee00450d33e44a9ba921baaac5f1b625b2ef8b16241029e3db8,false
RRSF424,[Draft] Research & Related Application for Federal Assistance (SF424 R&R),5.0,ApplicantInfo.OrganizationInfo.Address.State,RR_SF424_5_0.ApplicantInfo.OrganizationInfo.Address.State,State,question,question-candidate:sha256:9b6dde4979075c7a8d4fe2e98107c4e62f15d4fb2a505ceb8a60955ad0834fc6,question-candidate:sha256:9b6dde4979075c7a8d4fe2e98107c4e62f15d4fb2a505ceb8a60955ad0834fc6,question:sha256:d8da08d8508c3d57784eae354dc1b221ef59844b2f31f1f663751710c4dfab5a,agent_proposed,applicant_organization,,application-shell|postal-address,0,1,,,,string,xsd_declared_type,codes:StateCodeDataTypeV3,https://apply07.grants.gov/apply/system/schemas/GlobalLibrary-V2.0.xsd,ff0214de91b95a4209f50f0fe08a18d0f3d17f280ab8c8bbcb52878f37de7be8,sha256:f791759c9a5c0ee00450d33e44a9ba921baaac5f1b625b2ef8b16241029e3db8,false
RRSF424,[Draft] Research & Related Application for Federal Assistance (SF424 R&R),5.0,PDPIContactInfo.Address.Country,RR_SF424_5_0.PDPIContactInfo.Address.Country,Country,question,question-candidate:sha256:a0403d08c27bc590e259d415bff270fc31057d02241058928bdd21a3451cffc8,question-candidate:sha256:a0403d08c27bc590e259d415bff270fc31057d02241058928bdd21a3451cffc8,question:sha256:a98386459fcd07da966ab877cb0dd61e6b5b499c0095edb0e3ff0bfbe449e023,agent_proposed,project_director_or_principal_investigator,,application-shell|postal-address|project-director-pi,1,1,,,,string,xsd_declared_type,codes:CountryCodeDataTypeV3,https://apply07.grants.gov/apply/system/schemas/GlobalLibrary-V2.0.xsd,ff0214de91b95a4209f50f0fe08a18d0f3d17f280ab8c8bbcb52878f37de7be8,sha256:f791759c9a5c0ee00450d33e44a9ba921baaac5f1b625b2ef8b16241029e3db8,false
RRSF424,[Draft] Research & Related Application for Federal Assistance (SF424 R&R),5.0,ApplicantInfo.ContactPersonInfo.Phone,RR_SF424_5_0.ApplicantInfo.ContactPersonInfo.Phone,Phone,question,question-candidate:sha256:a50b6a4a6632eab7ab73913199c0427bacb58b437f0f641ccbdfcbb06d2e3bdc,question-candidate:sha256:a50b6a4a6632eab7ab73913199c0427bacb58b437f0f641ccbdfcbb06d2e3bdc,question:sha256:7a0de64ba35fa069327671f23b8af45637663feb3e1dac1ec2387c7fdf8a8062,agent_proposed,application_contact,,application-contact|application-shell|contact-channels,1,1,,,,string,xsd_declared_type,globLib:TelephoneNumberDataType,https://apply07.grants.gov/apply/forms/schemas/RR_SF424_5_0-V5.0.xsd,f140f32afed9d7efbe30fc8f299542bbbc3121dbc87a79aa351fcf096163d3bc,sha256:f791759c9a5c0ee00450d33e44a9ba921baaac5f1b625b2ef8b16241029e3db8,false
RRSF424,[Draft] Research & Related Application for Federal Assistance (SF424 R&R),5.0,ApplicantInfo.OrganizationInfo.Address.ZipPostalCode,RR_SF424_5_0.ApplicantInfo.OrganizationInfo.Address.ZipPostalCode,ZipPostalCode,question,question-candidate:sha256:a54be47a1f27bcdbbff1cce2ccef62c530a19f30c2618b2c7e786951e98f5f2b,question-candidate:sha256:a54be47a1f27bcdbbff1cce2ccef62c530a19f30c2618b2c7e786951e98f5f2b,question:sha256:a936cb43e6a47940405700ab5dc6a2f0e1fec8d1b0ff5da85fe0e42c1d48a444,agent_proposed,applicant_organization,,application-shell|postal-address,0,1,,,,string,xsd_declared_type,globLib:ZipPostalCodeDataType,https://apply07.grants.gov/apply/system/schemas/GlobalLibrary-V2.0.xsd,ff0214de91b95a4209f50f0fe08a18d0f3d17f280ab8c8bbcb52878f37de7be8,sha256:f791759c9a5c0ee00450d33e44a9ba921baaac5f1b625b2ef8b16241029e3db8,false
RRSF424,[Draft] Research & Related Application for Federal Assistance (SF424 R&R),5.0,ApplicantInfo.ContactPersonInfo.Name.LastName,RR_SF424_5_0.ApplicantInfo.ContactPersonInfo.Name.LastName,LastName,question,question-candidate:sha256:a6a58d777e5c04e7e8967523f5818c1c8d051880a2776a5d078922dd6fc798e2,question-candidate:sha256:a6a58d777e5c04e7e8967523f5818c1c8d051880a2776a5d078922dd6fc798e2,question:sha256:1e4827ac36fb5408d1ef8c4bde4f147994d516c0f39b78e4726d1ec3f6a176f1,agent_proposed,application_contact,,application-contact|application-shell|person-name,1,1,,,,string,xsd_declared_type,globLib:LastNameDataType,https://apply07.grants.gov/apply/system/schemas/GlobalLibrary-V2.0.xsd,ff0214de91b95a4209f50f0fe08a18d0f3d17f280ab8c8bbcb52878f37de7be8,sha256:f791759c9a5c0ee00450d33e44a9ba921baaac5f1b625b2ef8b16241029e3db8,false
RRSF424,[Draft] Research & Related Application for Federal Assistance (SF424 R&R),5.0,ApplicantInfo.ContactPersonInfo.Address.City,RR_SF424_5_0.ApplicantInfo.ContactPersonInfo.Address.City,City,question,question-candidate:sha256:abaa06d4aa92c264e0261288bba17d8716b1e57f81e1782bff49b18e15e53e37,question-candidate:sha256:abaa06d4aa92c264e0261288bba17d8716b1e57f81e1782bff49b18e15e53e37,question:sha256:c66a3c2f1ccda4fe65ef009f873b628d5ac15c84466833aad1eef6e0621ffaeb,agent_proposed,application_contact,,application-contact|application-shell|postal-address,1,1,,,,string,xsd_declared_type,globLib:CityDataType,https://apply07.grants.gov/apply/system/schemas/GlobalLibrary-V2.0.xsd,ff0214de91b95a4209f50f0fe08a18d0f3d17f280ab8c8bbcb52878f37de7be8,sha256:f791759c9a5c0ee00450d33e44a9ba921baaac5f1b625b2ef8b16241029e3db8,false
RRSF424,[Draft] Research & Related Application for Federal Assistance (SF424 R&R),5.0,FederalID,RR_SF424_5_0.FederalID,FederalID,question,question-candidate:sha256:b5e4277a9331df6731d592a25369ba53ac4c2c50b292f930d3171c9eaf575131,question-candidate:sha256:b5e4277a9331df6731d592a25369ba53ac4c2c50b292f930d3171c9eaf575131,question:sha256:0714cf314616b5de19c7b84813870c513518051253445a7694115c588f28d745,agent_proposed,application_shell,,application-identifiers|application-shell,0,1,,,,string,xsd_declared_type,globLib:FederalIDDataType,https://apply07.grants.gov/apply/forms/schemas/RR_SF424_5_0-V5.0.xsd,f140f32afed9d7efbe30fc8f299542bbbc3121dbc87a79aa351fcf096163d3bc,sha256:f791759c9a5c0ee00450d33e44a9ba921baaac5f1b625b2ef8b16241029e3db8,false
RRSF424,[Draft] Research & Related Application for Federal Assistance (SF424 R&R),5.0,AORInfo.Title,RR_SF424_5_0.AORInfo.Title,Title,question,question-candidate:sha256:bd277019a84015382e570d1052c32889719254da84dacb91e7fcafc55f005013,question-candidate:sha256:bd277019a84015382e570d1052c32889719254da84dacb91e7fcafc55f005013,question:sha256:bc95f86cbd0ec871c05f246be9834bb7a1bb56ed4b9a617c7134b723a6dda7a7,agent_proposed,authorized_representative,,application-shell|authorized-representative,1,1,,,,string,xsd_declared_type,globLib:HumanTitleDataType,https://apply07.grants.gov/apply/forms/schemas/RR_SF424_5_0-V5.0.xsd,f140f32afed9d7efbe30fc8f299542bbbc3121dbc87a79aa351fcf096163d3bc,sha256:f791759c9a5c0ee00450d33e44a9ba921baaac5f1b625b2ef8b16241029e3db8,false
RRSF424,[Draft] Research & Related Application for Federal Assistance (SF424 R&R),5.0,ApplicantInfo.ContactPersonInfo.Address.State,RR_SF424_5_0.ApplicantInfo.ContactPersonInfo.Address.State,State,question,question-candidate:sha256:bd6fe4abcfb08f44542565e80d2fc25abe4351b9942181ba5cb21d3afbfe2b57,question-candidate:sha256:bd6fe4abcfb08f44542565e80d2fc25abe4351b9942181ba5cb21d3afbfe2b57,question:sha256:ab97678ae7e6d5f4c3280ec18e93927aa58ab9dd97e5027cd2aafeb31db84155,agent_proposed,application_contact,,application-contact|application-shell|postal-address,0,1,,,,string,xsd_declared_type,codes:StateCodeDataTypeV3,https://apply07.grants.gov/apply/system/schemas/GlobalLibrary-V2.0.xsd,ff0214de91b95a4209f50f0fe08a18d0f3d17f280ab8c8bbcb52878f37de7be8,sha256:f791759c9a5c0ee00450d33e44a9ba921baaac5f1b625b2ef8b16241029e3db8,false
RRSF424,[Draft] Research & Related Application for Federal Assistance (SF424 R&R),5.0,AOR_Signature,RR_SF424_5_0.AOR_Signature,AOR_Signature,question,question-candidate:sha256:be7c781b9c9ed596f1673b23474e1dcd1bc8393728c383fc25ed53c59e7e1e6a,question-candidate:sha256:be7c781b9c9ed596f1673b23474e1dcd1bc8393728c383fc25ed53c59e7e1e6a,question:sha256:4dff0100f56dc75907659863b3fa570fbb6e0195ce78a3abccaebacf99550dfe,agent_proposed,application_shell,,application-shell|signature-certification,1,1,,,,string,xsd_declared_type,globLib:SignatureDataType,https://apply07.grants.gov/apply/forms/schemas/RR_SF424_5_0-V5.0.xsd,f140f32afed9d7efbe30fc8f299542bbbc3121dbc87a79aa351fcf096163d3bc,sha256:f791759c9a5c0ee00450d33e44a9ba921baaac5f1b625b2ef8b16241029e3db8,false
RRSF424,[Draft] Research & Related Application for Federal Assistance (SF424 R&R),5.0,AORInfo.Name.LastName,RR_SF424_5_0.AORInfo.Name.LastName,LastName,question,question-candidate:sha256:c336e2ca674f135b2bc21245158ce8e3677e0305056618dd6cc83906dac46869,question-candidate:sha256:c336e2ca674f135b2bc21245158ce8e3677e0305056618dd6cc83906dac46869,question:sha256:b4a0bd1425f0c95635bf2ee550faef8566126f329725042ca2b95d29480600c1,agent_proposed,authorized_representative,,application-shell|authorized-representative|person-name,1,1,,,,string,xsd_declared_type,globLib:LastNameDataType,https://apply07.grants.gov/apply/system/schemas/GlobalLibrary-V2.0.xsd,ff0214de91b95a4209f50f0fe08a18d0f3d17f280ab8c8bbcb52878f37de7be8,sha256:f791759c9a5c0ee00450d33e44a9ba921baaac5f1b625b2ef8b16241029e3db8,false
RRSF424,[Draft] Research & Related Application for Federal Assistance (SF424 R&R),5.0,PDPIContactInfo.Address.Street1,RR_SF424_5_0.PDPIContactInfo.Address.Street1,Street1,question,question-candidate:sha256:c90eb8f002fc33ff00bc8e9e1037e62ddcb494b75e4665ade5d44354c483e2b4,question-candidate:sha256:c90eb8f002fc33ff00bc8e9e1037e62ddcb494b75e4665ade5d44354c483e2b4,question:sha256:ff9b4e1871ac21d1786b94a1eef918fbc5e31cf303c78c160f785630fde97226,agent_proposed,project_director_or_principal_investigator,,application-shell|postal-address|project-director-pi,1,1,,,,string,xsd_declared_type,globLib:StreetDataType,https://apply07.grants.gov/apply/system/schemas/GlobalLibrary-V2.0.xsd,ff0214de91b95a4209f50f0fe08a18d0f3d17f280ab8c8bbcb52878f37de7be8,sha256:f791759c9a5c0ee00450d33e44a9ba921baaac5f1b625b2ef8b16241029e3db8,false
RRSF424,[Draft] Research & Related Application for Federal Assistance (SF424 R&R),5.0,AOR_SignedDate,RR_SF424_5_0.AOR_SignedDate,AOR_SignedDate,question,question-candidate:sha256:cd6dbb7db76eed2bee04954fb461d3501d0cce55972556862b51037f4e4f28b2,question-candidate:sha256:cd6dbb7db76eed2bee04954fb461d3501d0cce55972556862b51037f4e4f28b2,question:sha256:9dcd1064ee57c979007cdec61ef2f4ecf011c9201fb995cf5b2391b073b32221,agent_proposed,application_shell,,application-shell|signature-certification,1,1,,,,string,xsd_declared_type,xs:date,https://apply07.grants.gov/apply/forms/schemas/RR_SF424_5_0-V5.0.xsd,f140f32afed9d7efbe30fc8f299542bbbc3121dbc87a79aa351fcf096163d3bc,sha256:f791759c9a5c0ee00450d33e44a9ba921baaac5f1b625b2ef8b16241029e3db8,false
RRSF424,[Draft] Research & Related Application for Federal Assistance (SF424 R&R),5.0,PDPIContactInfo.Address.Street2,RR_SF424_5_0.PDPIContactInfo.Address.Street2,Street2,question,question-candidate:sha256:d13eef3fa5a02cf3850e89457ddce3af881eb57eff3acf592c72b3da80cca72c,question-candidate:sha256:d13eef3fa5a02cf3850e89457ddce3af881eb57eff3acf592c72b3da80cca72c,question:sha256:290f395ea3f1e75bdc0d0075bd152fde5a9a2cf40dd23081e1d1fc848657ec01,agent_proposed,project_director_or_principal_investigator,,application-shell|postal-address|project-director-pi,0,1,,,,string,xsd_declared_type,globLib:StreetDataType,https://apply07.grants.gov/apply/system/schemas/GlobalLibrary-V2.0.xsd,ff0214de91b95a4209f50f0fe08a18d0f3d17f280ab8c8bbcb52878f37de7be8,sha256:f791759c9a5c0ee00450d33e44a9ba921baaac5f1b625b2ef8b16241029e3db8,false
RRSF424,[Draft] Research & Related Application for Federal Assistance (SF424 R&R),5.0,EmployerID,RR_SF424_5_0.EmployerID,EmployerID,question,question-candidate:sha256:d198eece9f38daee7643b30295415f269766b227e1f54e3070a265de7e3fe501,question-candidate:sha256:d198eece9f38daee7643b30295415f269766b227e1f54e3070a265de7e3fe501,question:sha256:12e788facff06d6c819dca063b9f6f18e3971f729d9ca6a0ebc0d6ad346b8861,agent_proposed,application_shell,,application-shell|organization-identity,1,1,,,,string,normalized_source_type,string,https://apply07.grants.gov/apply/forms/schemas/RR_SF424_5_0-V5.0.xsd,f140f32afed9d7efbe30fc8f299542bbbc3121dbc87a79aa351fcf096163d3bc,sha256:f791759c9a5c0ee00450d33e44a9ba921baaac5f1b625b2ef8b16241029e3db8,false
RRSF424,[Draft] Research & Related Application for Federal Assistance (SF424 R&R),5.0,AORInfo.Address.City,RR_SF424_5_0.AORInfo.Address.City,City,question,question-candidate:sha256:d656d1f117341015009aacb096b6b57154421b3f6fe49e1547bf027b15d6e06b,question-candidate:sha256:d656d1f117341015009aacb096b6b57154421b3f6fe49e1547bf027b15d6e06b,question:sha256:d7b638c95a0fcca594df8800f97e42dffaf2f899ee58271d284cc87cb2cef1df,agent_proposed,authorized_representative,,application-shell|authorized-representative|postal-address,1,1,,,,string,xsd_declared_type,globLib:CityDataType,https://apply07.grants.gov/apply/system/schemas/GlobalLibrary-V2.0.xsd,ff0214de91b95a4209f50f0fe08a18d0f3d17f280ab8c8bbcb52878f37de7be8,sha256:f791759c9a5c0ee00450d33e44a9ba921baaac5f1b625b2ef8b16241029e3db8,false
RRSF424,[Draft] Research & Related Application for Federal Assistance (SF424 R&R),5.0,ApplicantInfo.ContactPersonInfo.Name.PrefixName,RR_SF424_5_0.ApplicantInfo.ContactPersonInfo.Name.PrefixName,PrefixName,question,question-candidate:sha256:d6b8e5814c8682dd9f62599cf2637ae5693ce87f1b625ecde1d6d2011eebbeac,question-candidate:sha256:d6b8e5814c8682dd9f62599cf2637ae5693ce87f1b625ecde1d6d2011eebbeac,question:sha256:2a0ead01c71329cc5a96c1545e05bdfef8ba0f90c49a1955978e760781c9702b,agent_proposed,application_contact,,application-contact|application-shell|person-name,0,1,,,,string,xsd_declared_type,globLib:PrefixNameDataType,https://apply07.grants.gov/apply/system/schemas/GlobalLibrary-V2.0.xsd,ff0214de91b95a4209f50f0fe08a18d0f3d17f280ab8c8bbcb52878f37de7be8,sha256:f791759c9a5c0ee00450d33e44a9ba921baaac5f1b625b2ef8b16241029e3db8,false
RRSF424,[Draft] Research & Related Application for Federal Assistance (SF424 R&R),5.0,EstimatedProjectFunding.TotalEstimatedAmount,RR_SF424_5_0.EstimatedProjectFunding.TotalEstimatedAmount,TotalEstimatedAmount,question,question-candidate:sha256:db64fa16614140b308fa74b95f8e4240540451f36ebdf66259dd0579bc916fee,question-candidate:sha256:db64fa16614140b308fa74b95f8e4240540451f36ebdf66259dd0579bc916fee,question:sha256:487fe1d86f5dcffa712504dcce647c49ae1b9def8a630494efeb23287017b17f,agent_proposed,application_shell,,application-shell|funding-summary,1,1,,,,number,xsd_declared_type,globLib:BudgetTotalAmountDataType,https://apply07.grants.gov/apply/forms/schemas/RR_SF424_5_0-V5.0.xsd,f140f32afed9d7efbe30fc8f299542bbbc3121dbc87a79aa351fcf096163d3bc,sha256:f791759c9a5c0ee00450d33e44a9ba921baaac5f1b625b2ef8b16241029e3db8,false
RRSF424,[Draft] Research & Related Application for Federal Assistance (SF424 R&R),5.0,PDPIContactInfo.Address.State,RR_SF424_5_0.PDPIContactInfo.Address.State,State,question,question-candidate:sha256:dde8b893056c60a78cd5a6a61f7c00952781c10917b84f59aaecf18105cd6ec6,question-candidate:sha256:dde8b893056c60a78cd5a6a61f7c00952781c10917b84f59aaecf18105cd6ec6,question:sha256:cef5a9d5d383d298ade41ac8c38ba82888d087abc6ce4b4870bc247fc83e83f4,agent_proposed,project_director_or_principal_investigator,,application-shell|postal-address|project-director-pi,0,1,,,,string,xsd_declared_type,codes:StateCodeDataTypeV3,https://apply07.grants.gov/apply/system/schemas/GlobalLibrary-V2.0.xsd,ff0214de91b95a4209f50f0fe08a18d0f3d17f280ab8c8bbcb52878f37de7be8,sha256:f791759c9a5c0ee00450d33e44a9ba921baaac5f1b625b2ef8b16241029e3db8,false
RRSF424,[Draft] Research & Related Application for Federal Assistance (SF424 R&R),5.0,ApplicantInfo.ContactPersonInfo.Title,RR_SF424_5_0.ApplicantInfo.ContactPersonInfo.Title,Title,question,question-candidate:sha256:e02009e0ac56728bb846f7e47165bd2a4a1384753840903b037bd8963894a3a9,question-candidate:sha256:e02009e0ac56728bb846f7e47165bd2a4a1384753840903b037bd8963894a3a9,question:sha256:f147e91682b888e9fe8eb5120e66315088b18aacd25c64e3c1c94067ea1614d2,agent_proposed,application_contact,,application-contact|application-shell,0,1,,,,string,xsd_declared_type,globLib:HumanTitleDataType,https://apply07.grants.gov/apply/forms/schemas/RR_SF424_5_0-V5.0.xsd,f140f32afed9d7efbe30fc8f299542bbbc3121dbc87a79aa351fcf096163d3bc,sha256:f791759c9a5c0ee00450d33e44a9ba921baaac5f1b625b2ef8b16241029e3db8,false
RRSF424,[Draft] Research & Related Application for Federal Assistance (SF424 R&R),5.0,PDPIContactInfo.Division,RR_SF424_5_0.PDPIContactInfo.Division,Division,question,question-candidate:sha256:e1be2e1590796213da2ba711dda83e7e2241cd724960ac378042e0cd2131b1cb,question-candidate:sha256:e1be2e1590796213da2ba711dda83e7e2241cd724960ac378042e0cd2131b1cb,question:sha256:04e3e7b9a4971ea4ef9687c18ceca5fa382d3632d3a980b309ee327129986279,agent_proposed,project_director_or_principal_investigator,,application-shell|project-director-pi,0,1,,,,string,xsd_declared_type,globLib:DivisionNameDataTypeV2,https://apply07.grants.gov/apply/forms/schemas/RR_SF424_5_0-V5.0.xsd,f140f32afed9d7efbe30fc8f299542bbbc3121dbc87a79aa351fcf096163d3bc,sha256:f791759c9a5c0ee00450d33e44a9ba921baaac5f1b625b2ef8b16241029e3db8,false
RRSF424,[Draft] Research & Related Application for Federal Assistance (SF424 R&R),5.0,PDPIContactInfo.Address.City,RR_SF424_5_0.PDPIContactInfo.Address.City,City,question,question-candidate:sha256:e7119b9d69ea809ec4c050b7dc2faffcb91a5c01079c23d2f3043fabf79a3d13,question-candidate:sha256:e7119b9d69ea809ec4c050b7dc2faffcb91a5c01079c23d2f3043fabf79a3d13,question:sha256:cfe3498f2c3ce4eec0f38a296b1779df864a3c904cd6e6575c4f6c564181eaf5,agent_proposed,project_director_or_principal_investigator,,application-shell|postal-address|project-director-pi,1,1,,,,string,xsd_declared_type,globLib:CityDataType,https://apply07.grants.gov/apply/system/schemas/GlobalLibrary-V2.0.xsd,ff0214de91b95a4209f50f0fe08a18d0f3d17f280ab8c8bbcb52878f37de7be8,sha256:f791759c9a5c0ee00450d33e44a9ba921baaac5f1b625b2ef8b16241029e3db8,false
RRSF424,[Draft] Research & Related Application for Federal Assistance (SF424 R&R),5.0,ApplicationType.RevisionCodeOtherExplanation,RR_SF424_5_0.ApplicationType.RevisionCodeOtherExplanation,RevisionCodeOtherExplanation,question,question-candidate:sha256:e9f469f85977b7d12496ebc2aa5b8cc52fa012ef3c6f4124431e035ed6c32187,question-candidate:sha256:e9f469f85977b7d12496ebc2aa5b8cc52fa012ef3c6f4124431e035ed6c32187,question:sha256:349a0c634f376fa38d90ab1a25261ad007b53af37efbac9a1a202cdeaff92ccf,agent_proposed,application_shell,,application-shell,0,1,,,,string,normalized_source_type,string,https://apply07.grants.gov/apply/forms/schemas/RR_SF424_5_0-V5.0.xsd,f140f32afed9d7efbe30fc8f299542bbbc3121dbc87a79aa351fcf096163d3bc,sha256:f791759c9a5c0ee00450d33e44a9ba921baaac5f1b625b2ef8b16241029e3db8,false
RRSF424,[Draft] Research & Related Application for Federal Assistance (SF424 R&R),5.0,EstimatedProjectFunding.EstimatedProgramIncome,RR_SF424_5_0.EstimatedProjectFunding.EstimatedProgramIncome,EstimatedProgramIncome,question,question-candidate:sha256:eae61548de15e2f2d13868f95e2561caacbe91429953986a689c1c086ef1f25b,question-candidate:sha256:eae61548de15e2f2d13868f95e2561caacbe91429953986a689c1c086ef1f25b,question:sha256:29f0ba709fe3d7373e7dd2491f59c7cc836cc9b1a5d0ec385cc6bf616e4c9b13,agent_proposed,application_shell,,application-shell|funding-summary,1,1,,,,number,xsd_declared_type,globLib:BudgetTotalAmountDataType,https://apply07.grants.gov/apply/forms/schemas/RR_SF424_5_0-V5.0.xsd,f140f32afed9d7efbe30fc8f299542bbbc3121dbc87a79aa351fcf096163d3bc,sha256:f791759c9a5c0ee00450d33e44a9ba921baaac5f1b625b2ef8b16241029e3db8,false
RRSF424,[Draft] Research & Related Application for Federal Assistance (SF424 R&R),5.0,AORInfo.Address.ZipPostalCode,RR_SF424_5_0.AORInfo.Address.ZipPostalCode,ZipPostalCode,question,question-candidate:sha256:ebd4825f8fff4cf3fb1b4f741e4f3e505619a4f20b28ecd121c15cfd4dbe29fc,question-candidate:sha256:ebd4825f8fff4cf3fb1b4f741e4f3e505619a4f20b28ecd121c15cfd4dbe29fc,question:sha256:64361a6755f4388724696d8f8f0b37c77b31dda98c3ca277c1faf6debc104020,agent_proposed,authorized_representative,,application-shell|authorized-representative|postal-address,0,1,,,,string,xsd_declared_type,globLib:ZipPostalCodeDataType,https://apply07.grants.gov/apply/system/schemas/GlobalLibrary-V2.0.xsd,ff0214de91b95a4209f50f0fe08a18d0f3d17f280ab8c8bbcb52878f37de7be8,sha256:f791759c9a5c0ee00450d33e44a9ba921baaac5f1b625b2ef8b16241029e3db8,false
RRSF424,[Draft] Research & Related Application for Federal Assistance (SF424 R&R),5.0,AORInfo.OrganizationName,RR_SF424_5_0.AORInfo.OrganizationName,OrganizationName,question,question-candidate:sha256:f65872c46026e5677a20a6c6c95ec4a59aee2ed79030e75186a6af49d39e4e08,question-candidate:sha256:f65872c46026e5677a20a6c6c95ec4a59aee2ed79030e75186a6af49d39e4e08,question:sha256:cf571160fa335ad402ed9fd4daa08d573092236bbd3424c65551e9a965209a93,agent_proposed,authorized_representative,,application-shell|authorized-representative|organization-identity,1,1,,,,string,xsd_declared_type,globLib:OrganizationNameDataType,https://apply07.grants.gov/apply/forms/schemas/RR_SF424_5_0-V5.0.xsd,f140f32afed9d7efbe30fc8f299542bbbc3121dbc87a79aa351fcf096163d3bc,sha256:f791759c9a5c0ee00450d33e44a9ba921baaac5f1b625b2ef8b16241029e3db8,false
RRSF424,[Draft] Research & Related Application for Federal Assistance (SF424 R&R),5.0,AORInfo.Address.County,RR_SF424_5_0.AORInfo.Address.County,County,question,question-candidate:sha256:f7cede1c5e30a060ef3b7c07e64b5fd0fec237fd42c84fbbebdb1b323b46b1cf,question-candidate:sha256:f7cede1c5e30a060ef3b7c07e64b5fd0fec237fd42c84fbbebdb1b323b46b1cf,question:sha256:4f12dc804b4dde465d2bd9f3b234ad580f8734f401095b46f39a589c073e908c,agent_proposed,authorized_representative,,application-shell|authorized-representative|postal-address,0,1,,,,string,xsd_declared_type,globLib:CountyDataType,https://apply07.grants.gov/apply/system/schemas/GlobalLibrary-V2.0.xsd,ff0214de91b95a4209f50f0fe08a18d0f3d17f280ab8c8bbcb52878f37de7be8,sha256:f791759c9a5c0ee00450d33e44a9ba921baaac5f1b625b2ef8b16241029e3db8,false
RRSF424,[Draft] Research & Related Application for Federal Assistance (SF424 R&R),5.0,ApplicantInfo.OrganizationInfo.Division,RR_SF424_5_0.ApplicantInfo.OrganizationInfo.Division,Division,question,question-candidate:sha256:f86befb9dae19c3484bbecd94cb5cd0fd5ceb57e04bc71736eb15d34bad5a71b,question-candidate:sha256:f86befb9dae19c3484bbecd94cb5cd0fd5ceb57e04bc71736eb15d34bad5a71b,question:sha256:b39eb659b4e112a923438dab1e403b487be2247659c625c464726c4431596ba9,agent_proposed,applicant_organization,,application-shell,0,1,,,,string,xsd_declared_type,globLib:DivisionNameDataTypeV2,https://apply07.grants.gov/apply/system/schemas/GlobalLibrary-V2.0.xsd,ff0214de91b95a4209f50f0fe08a18d0f3d17f280ab8c8bbcb52878f37de7be8,sha256:f791759c9a5c0ee00450d33e44a9ba921baaac5f1b625b2ef8b16241029e3db8,false
RRSF424,[Draft] Research & Related Application for Federal Assistance (SF424 R&R),5.0,EstimatedProjectFunding.TotalNonfedrequested,RR_SF424_5_0.EstimatedProjectFunding.TotalNonfedrequested,TotalNonfedrequested,question,question-candidate:sha256:f9a1a4208ee2e6adba41bc9183b356558808753b434d93acaca1e58b597be6c5,question-candidate:sha256:f9a1a4208ee2e6adba41bc9183b356558808753b434d93acaca1e58b597be6c5,question:sha256:2643563cbab4d5b2c93f2c426745d5f5309e6502b816d23d6fa56ddce5779771,agent_proposed,application_shell,,application-shell|funding-summary,1,1,,,,number,xsd_declared_type,globLib:BudgetTotalAmountDataType,https://apply07.grants.gov/apply/forms/schemas/RR_SF424_5_0-V5.0.xsd,f140f32afed9d7efbe30fc8f299542bbbc3121dbc87a79aa351fcf096163d3bc,sha256:f791759c9a5c0ee00450d33e44a9ba921baaac5f1b625b2ef8b16241029e3db8,false
RRSF424,[Draft] Research & Related Application for Federal Assistance (SF424 R&R),5.0,ApplicationType.RevisionCode,RR_SF424_5_0.ApplicationType.RevisionCode,RevisionCode,question,question-candidate:sha256:fd738e72796df9304318e64776b07bd6359459a4e4048a7c0b828c67d53370aa,question-candidate:sha256:fd738e72796df9304318e64776b07bd6359459a4e4048a7c0b828c67d53370aa,question:sha256:e8a56cf21d63fa05ef9491f5941070b48262daf3a64584d842a44c6a35d7fed4,agent_proposed,application_shell,,application-shell,0,1,,,,string,xsd_declared_type,RR_SF424_5_0:RevisionTypeCodeDataType,https://apply07.grants.gov/apply/forms/schemas/RR_SF424_5_0-V5.0.xsd,f140f32afed9d7efbe30fc8f299542bbbc3121dbc87a79aa351fcf096163d3bc,sha256:f791759c9a5c0ee00450d33e44a9ba921baaac5f1b625b2ef8b16241029e3db8,false
RRSubawardBudget10_30,[Draft] R&R Subaward Budget Attachment(s) Form 10 YR 30 ATT,3.0,budget_attachments.rr_budget_10_3_0[].budget_year[].equipment.equipment_list[].equipment_item,RR_SubawardBudget10_30_3_0.BudgetAttachments.RR_Budget10_3_0.BudgetYear.Equipment.EquipmentList.EquipmentItem,Equipment Item,question,concept:budget:equipment:item,concept:budget:equipment:item,question:sha256:43cb18df02c2c5110fb976ffc5b1f1228fb5a39b1ff43811d629e7062e1c8f30,agent_proposed,subaward_organization,,parameterized-budget:cost-category,1,1,behavior:sha256:04b87e2336d228cac51784ac874864ac84a56e93d8e330836be5fac8fab7266a,runtime-rule:sha256:9673d068686d78f9a2ddb5d464f0a453b398435988add994bcfc5bd60afb3eb3|runtime-rule:sha256:c8600abb4a8199eb712f17e6205f8c181e5493e3ee8e826bd1bd23b23e781f7b|runtime-rule:sha256:d6db95405945119107db30cfe0d5750718015a87a9be49302d865885d849e0e1,condition|guidance,string,xsd_declared_type,RR_Budget10_3_0:String1_64DataType,https://apply07.grants.gov/apply/forms/schemas/RR_Budget10_3_0-V3.0.xsd,e9d004c15ffcbae04b65087cb0eff7e87b8eb8ba0ffd6bfb6aba5542e04708cc,sha256:0ed112b2e50f0e0c43423f690201b207f5b9c5a85349335260e4fd999f3a611a,false
RRSubawardBudget10_30,[Draft] R&R Subaward Budget Attachment(s) Form 10 YR 30 ATT,3.0,budget_attachments.rr_budget_10_3_0[].budget_year[].fee,RR_SubawardBudget10_30_3_0.BudgetAttachments.RR_Budget10_3_0.BudgetYear.Fee,Fee,question,concept:budget:fee,concept:budget:fee,question:sha256:d671e830a403cedacef0e99e92ad9fd660b43f6b8379a6d1728b92a273cf9ce2,agent_proposed,subaward_organization,,parameterized-budget:budget-period,0,1,behavior:sha256:5b6fa24a40bcb70fa6b975b78d5ee4f147bb7f2d9a0891b95d93a06d1372bf9d,runtime-rule:sha256:4f65e7163876fc6891192204a3678b0735632d32cdf2f02dac2eb8784946acb4|runtime-rule:sha256:88b3f27182ac763c7f958cb161633237de1ff87db825459e59b4dd9d8dcc3c90,calculation,string,xsd_declared_type,globLib:BudgetAmountDataType,https://apply07.grants.gov/apply/forms/schemas/RR_Budget10_3_0-V3.0.xsd,e9d004c15ffcbae04b65087cb0eff7e87b8eb8ba0ffd6bfb6aba5542e04708cc,sha256:0ed112b2e50f0e0c43423f690201b207f5b9c5a85349335260e4fd999f3a611a,false
RRSubawardBudget10_30,[Draft] R&R Subaward Budget Attachment(s) Form 10 YR 30 ATT,3.0,budget_attachments.rr_budget_10_3_0[].budget_year[].equipment.equipment_list[].funds_requested,RR_SubawardBudget10_30_3_0.BudgetAttachments.RR_Budget10_3_0.BudgetYear.Equipment.EquipmentList.FundsRequested,Equipment Item Funds Requested,question,concept:budget:funds-requested,concept:budget:funds-requested,question:sha256:7244f292d0f20fdbcaa1931ae8036dda31c9177d8ea9bdb746e5f34ceb0626ff,agent_proposed,subaward_organization,,parameterized-budget:cost-category,1,1,behavior:sha256:c03954cdef945cf502b2f1bc4c308fa1ed122371ecd3ed0681fa365d0bde7bd2,runtime-rule:sha256:bd4f80c1b870f50f3e406475ba2dbbe167cdd4ba5580ac802a4e9e1cd6c05e30|runtime-rule:sha256:c8600abb4a8199eb712f17e6205f8c181e5493e3ee8e826bd1bd23b23e781f7b|runtime-rule:sha256:d6db95405945119107db30cfe0d5750718015a87a9be49302d865885d849e0e1,condition|guidance,string,xsd_declared_type,glob:DecimalMin1Max14Places2Type,https://apply07.grants.gov/apply/forms/schemas/RR_Budget10_3_0-V3.0.xsd,e9d004c15ffcbae04b65087cb0eff7e87b8eb8ba0ffd6bfb6aba5542e04708cc,sha256:0ed112b2e50f0e0c43423f690201b207f5b9c5a85349335260e4fd999f3a611a,false
RRSubawardBudget10_30,[Draft] R&R Subaward Budget Attachment(s) Form 10 YR 30 ATT,3.0,budget_attachments.rr_budget_10_3_0[].budget_year[].indirect_costs.indirect_cost[].fund_requested,RR_SubawardBudget10_30_3_0.BudgetAttachments.RR_Budget10_3_0.BudgetYear.IndirectCosts.IndirectCost.FundRequested,Indirect Costs Funds Requested,question,concept:budget:funds-requested,concept:budget:funds-requested,question:sha256:98b9cc391a2da7105daffeead522710f1084a1a792b3cdd81abdfa6456a0ca04,agent_proposed,subaward_organization,,parameterized-budget:indirect-cost,1,1,behavior:sha256:e17d9fad042d42fcb4a1935912723da266b19f83577cd9f53cbc603ae7f1d970,runtime-rule:sha256:1900538b857b1ed81afbaf21c1392ff26b227d97709c9f343b398887ee9d4099,guidance,string,xsd_declared_type,glob:DecimalMin1Max14Places2Type,https://apply07.grants.gov/apply/forms/schemas/RR_Budget10_3_0-V3.0.xsd,e9d004c15ffcbae04b65087cb0eff7e87b8eb8ba0ffd6bfb6aba5542e04708cc,sha256:0ed112b2e50f0e0c43423f690201b207f5b9c5a85349335260e4fd999f3a611a,false
RRSubawardBudget10_30,[Draft] R&R Subaward Budget Attachment(s) Form 10 YR 30 ATT,3.0,budget_attachments.rr_budget_10_3_0[].budget_year[].indirect_costs.indirect_cost[].base,RR_SubawardBudget10_30_3_0.BudgetAttachments.RR_Budget10_3_0.BudgetYear.IndirectCosts.IndirectCost.Base,Indirect Cost Base,question,concept:budget:indirect:base,concept:budget:indirect:base,question:sha256:ee03173e6e7db1b923f64e6477e9251d25c0933e798b7625ff72495ea14a5b7f,agent_proposed,subaward_organization,,parameterized-budget:indirect-cost,0,1,behavior:sha256:b598c5114e7c4e437c916f4cf2c12ec50cb9e074291f11f08f06fa75e3b55078,,,string,xsd_declared_type,glob:DecimalMin1Max14Places2Type,https://apply07.grants.gov/apply/forms/schemas/RR_Budget10_3_0-V3.0.xsd,e9d004c15ffcbae04b65087cb0eff7e87b8eb8ba0ffd6bfb6aba5542e04708cc,sha256:0ed112b2e50f0e0c43423f690201b207f5b9c5a85349335260e4fd999f3a611a,false
RRSubawardBudget10_30,[Draft] R&R Subaward Budget Attachment(s) Form 10 YR 30 ATT,3.0,budget_attachments.rr_budget_10_3_0[].budget_year[].cognizant_federal_agency,RR_SubawardBudget10_30_3_0.BudgetAttachments.RR_Budget10_3_0.BudgetYear.CognizantFederalAgency,"Cognizant Federal Agency (Agency Name, POC Name, and POC Phone Number)",question,concept:budget:indirect:cognizant-agency,concept:budget:indirect:cognizant-agency,question:sha256:54ae90e1609f14ae80218262c75f67daa555ec1dd0cbfe03b9a055f9cf6aee3b,agent_proposed,subaward_organization,,parameterized-budget:indirect-cost,0,1,behavior:sha256:78964578bdf38429ae6acc27cf2756ee1c8547b46712fb2f2fb1a22827d93456,,,string,normalized_source_type,string,https://apply07.grants.gov/apply/forms/schemas/RR_Budget10_3_0-V3.0.xsd,e9d004c15ffcbae04b65087cb0eff7e87b8eb8ba0ffd6bfb6aba5542e04708cc,sha256:0ed112b2e50f0e0c43423f690201b207f5b9c5a85349335260e4fd999f3a611a,false
RRSubawardBudget10_30,[Draft] R&R Subaward Budget Attachment(s) Form 10 YR 30 ATT,3.0,budget_attachments.rr_budget_10_3_0[].budget_year[].indirect_costs.indirect_cost[].cost_type,RR_SubawardBudget10_30_3_0.BudgetAttachments.RR_Budget10_3_0.BudgetYear.IndirectCosts.IndirectCost.CostType,Indirect Cost Type,question,concept:budget:indirect:cost-type,concept:budget:indirect:cost-type,question:sha256:158e665227dd0f83ccf05e81f452a94d6e73d5ca3a6d8b78a6370fee873d72a9,agent_proposed,subaward_organization,,parameterized-budget:indirect-cost,1,1,behavior:sha256:ce8cf4b2c3587623f4eeb32db30cd188f60c487e409e1c64e77f0364caef5cd8,runtime-rule:sha256:f27170b0b9be2042cf2f24c683d49de334e151a24291aa7e663892eb8f5c0c47,guidance,string,xsd_declared_type,RR_Budget10_3_0:String1_64DataType,https://apply07.grants.gov/apply/forms/schemas/RR_Budget10_3_0-V3.0.xsd,e9d004c15ffcbae04b65087cb0eff7e87b8eb8ba0ffd6bfb6aba5542e04708cc,sha256:0ed112b2e50f0e0c43423f690201b207f5b9c5a85349335260e4fd999f3a611a,false
RRSubawardBudget10_30,[Draft] R&R Subaward Budget Attachment(s) Form 10 YR 30 ATT,3.0,budget_attachments.rr_budget_10_3_0[].budget_year[].indirect_costs.indirect_cost[].rate,RR_SubawardBudget10_30_3_0.BudgetAttachments.RR_Budget10_3_0.BudgetYear.IndirectCosts.IndirectCost.Rate,Indirect Cost Rate,question,concept:budget:indirect:rate,concept:budget:indirect:rate,question:sha256:50a7a74653f166eef1cbd8cccc00b2124169e9168e69a03b48573e5b74956424,agent_proposed,subaward_organization,,parameterized-budget:indirect-cost,0,1,behavior:sha256:708e4fc49659765ed6318f93b0dccce64b06bc6d6cf6f23e12f83cf75d955030,runtime-rule:sha256:c963180557a10f55a3e0d8c3c0b8e5c692352b421b8aeadfc1034f91afb0ca2c,guidance,string,normalized_source_type,decimal,https://apply07.grants.gov/apply/forms/schemas/RR_Budget10_3_0-V3.0.xsd,e9d004c15ffcbae04b65087cb0eff7e87b8eb8ba0ffd6bfb6aba5542e04708cc,sha256:0ed112b2e50f0e0c43423f690201b207f5b9c5a85349335260e4fd999f3a611a,false
RRSubawardBudget10_30,[Draft] R&R Subaward Budget Attachment(s) Form 10 YR 30 ATT,3.0,budget_attachments.rr_budget_10_3_0[].budget_year[].other_direct_costs.other_direct_cost_1.cost,RR_SubawardBudget10_30_3_0.BudgetAttachments.RR_Budget10_3_0.BudgetYear.OtherDirectCosts.OtherDirectCost1.Cost,Additional Other Direct Cost Funds Requested,question,concept:budget:line:cost,concept:budget:line:cost,question:sha256:0665585eae29a1d6c78cf53f70159f42c45c856d099bcab96b23b397224822ef,agent_proposed,subaward_organization,,parameterized-budget:cost-category,1,1,behavior:sha256:38f14a3bd655c303f1e443a09d3692b9cda56e626dc3aa30d09bbdaf208d4966,runtime-rule:sha256:8e63c7b97bb272020d62ca6770ad7803118cac0896d95962df05e02067f3fb08|runtime-rule:sha256:9b99336c9af153bcdb77c3f3b84ef03b5530511ac151eba12ae90a961514a74d,condition|guidance,string,xsd_declared_type,glob:DecimalMin1Max14Places2Type,https://apply07.grants.gov/apply/forms/schemas/RR_Budget10_3_0-V3.0.xsd,e9d004c15ffcbae04b65087cb0eff7e87b8eb8ba0ffd6bfb6aba5542e04708cc,sha256:0ed112b2e50f0e0c43423f690201b207f5b9c5a85349335260e4fd999f3a611a,false
RRSubawardBudget10_30,[Draft] R&R Subaward Budget Attachment(s) Form 10 YR 30 ATT,3.0,budget_attachments.rr_budget_10_3_0[].budget_year[].other_direct_costs.other_direct_cost_10.cost,RR_SubawardBudget10_30_3_0.BudgetAttachments.RR_Budget10_3_0.BudgetYear.OtherDirectCosts.OtherDirectCost10.Cost,Additional Other Direct Cost Funds Requested,question,concept:budget:line:cost,concept:budget:line:cost,question:sha256:227e6fadcd8a8e67717d0cbd673441f771519ca684c10343ed8d273231beca0f,agent_proposed,subaward_organization,,parameterized-budget:cost-category,1,1,behavior:sha256:38f14a3bd655c303f1e443a09d3692b9cda56e626dc3aa30d09bbdaf208d4966,runtime-rule:sha256:0124f0e2bd41b9885d260d2ed0e16de2d4a420bdd46f9de2f33df2de288fb057|runtime-rule:sha256:c7f102b128eb1ffc924bc159cc1e3c3257266dcd5590509f6702a8f2cdaf9260,condition|guidance,string,xsd_declared_type,glob:DecimalMin1Max14Places2Type,https://apply07.grants.gov/apply/forms/schemas/RR_Budget10_3_0-V3.0.xsd,e9d004c15ffcbae04b65087cb0eff7e87b8eb8ba0ffd6bfb6aba5542e04708cc,sha256:0ed112b2e50f0e0c43423f690201b207f5b9c5a85349335260e4fd999f3a611a,false
RRSubawardBudget10_30,[Draft] R&R Subaward Budget Attachment(s) Form 10 YR 30 ATT,3.0,budget_attachments.rr_budget_10_3_0[].budget_year[].other_direct_costs.other_direct_cost_2.cost,RR_SubawardBudget10_30_3_0.BudgetAttachments.RR_Budget10_3_0.BudgetYear.OtherDirectCosts.OtherDirectCost2.Cost,Additional Other Direct Cost Funds Requested,question,concept:budget:line:cost,concept:budget:line:cost,question:sha256:def1d3daea9a311d6d04484284d16c289cf04e560bc80884c93f0ef4ee166013,agent_proposed,subaward_organization,,parameterized-budget:cost-category,1,1,behavior:sha256:38f14a3bd655c303f1e443a09d3692b9cda56e626dc3aa30d09bbdaf208d4966,runtime-rule:sha256:2afe4f99c1343cb685ab5e6b4359e2ec17fcf19e73f41934a13884299919332a|runtime-rule:sha256:936eb0c86ad0a4afdde4d64a0e38a064398351b0920e286bc445c40982fedb26,condition|guidance,string,xsd_declared_type,glob:DecimalMin1Max14Places2Type,https://apply07.grants.gov/apply/forms/schemas/RR_Budget10_3_0-V3.0.xsd,e9d004c15ffcbae04b65087cb0eff7e87b8eb8ba0ffd6bfb6aba5542e04708cc,sha256:0ed112b2e50f0e0c43423f690201b207f5b9c5a85349335260e4fd999f3a611a,false
RRSubawardBudget10_30,[Draft] R&R Subaward Budget Attachment(s) Form 10 YR 30 ATT,3.0,budget_attachments.rr_budget_10_3_0[].budget_year[].other_direct_costs.other_direct_cost_3.cost,RR_SubawardBudget10_30_3_0.BudgetAttachments.RR_Budget10_3_0.BudgetYear.OtherDirectCosts.OtherDirectCost3.Cost,Additional Other Direct Cost Funds Requested,question,concept:budget:line:cost,concept:budget:line:cost,question:sha256:4c878abab08fe9b86a42a45c60f3ef40d34baa7f86899741d38f3f615afc87f3,agent_proposed,subaward_organization,,parameterized-budget:cost-category,1,1,behavior:sha256:38f14a3bd655c303f1e443a09d3692b9cda56e626dc3aa30d09bbdaf208d4966,runtime-rule:sha256:ea56c6dcc3548b6c8e3edc5a1503449d1ced102dc0397d5cf547f0f39c303460|runtime-rule:sha256:f899efd5799a2160fd83694bf3d0f6a832d14101a8a4526468f67837b2fa70cb,condition|guidance,string,xsd_declared_type,glob:DecimalMin1Max14Places2Type,https://apply07.grants.gov/apply/forms/schemas/RR_Budget10_3_0-V3.0.xsd,e9d004c15ffcbae04b65087cb0eff7e87b8eb8ba0ffd6bfb6aba5542e04708cc,sha256:0ed112b2e50f0e0c43423f690201b207f5b9c5a85349335260e4fd999f3a611a,false
RRSubawardBudget10_30,[Draft] R&R Subaward Budget Attachment(s) Form 10 YR 30 ATT,3.0,budget_attachments.rr_budget_10_3_0[].budget_year[].other_direct_costs.other_direct_cost_4.cost,RR_SubawardBudget10_30_3_0.BudgetAttachments.RR_Budget10_3_0.BudgetYear.OtherDirectCosts.OtherDirectCost4.Cost,Additional Other Direct Cost Funds Requested,question,concept:budget:line:cost,concept:budget:line:cost,question:sha256:5b3563d8ac04bbb80a6a3d7cb28bc051b6d7b36fa02130d65c4ebc64ca5707c1,agent_proposed,subaward_organization,,parameterized-budget:cost-category,1,1,behavior:sha256:38f14a3bd655c303f1e443a09d3692b9cda56e626dc3aa30d09bbdaf208d4966,runtime-rule:sha256:123a5bc06b87063ff9b16707e3199cc809c2a5129c730e5d138f6193d6cbe19e|runtime-rule:sha256:4f149ebffc167e4e670b79c80bef1b13fc7c87f2a101c2a72f2dba0fc32f63af,condition|guidance,string,xsd_declared_type,glob:DecimalMin1Max14Places2Type,https://apply07.grants.gov/apply/forms/schemas/RR_Budget10_3_0-V3.0.xsd,e9d004c15ffcbae04b65087cb0eff7e87b8eb8ba0ffd6bfb6aba5542e04708cc,sha256:0ed112b2e50f0e0c43423f690201b207f5b9c5a85349335260e4fd999f3a611a,false
RRSubawardBudget10_30,[Draft] R&R Subaward Budget Attachment(s) Form 10 YR 30 ATT,3.0,budget_attachments.rr_budget_10_3_0[].budget_year[].other_direct_costs.other_direct_cost_5.cost,RR_SubawardBudget10_30_3_0.BudgetAttachments.RR_Budget10_3_0.BudgetYear.OtherDirectCosts.OtherDirectCost5.Cost,Additional Other Direct Cost Funds Requested,question,concept:budget:line:cost,concept:budget:line:cost,question:sha256:f6b2d1fb227b70d86d6bcc4c55c7cf71dc25bfe0f0dde8238ee99b473473342c,agent_proposed,subaward_organization,,parameterized-budget:cost-category,1,1,behavior:sha256:38f14a3bd655c303f1e443a09d3692b9cda56e626dc3aa30d09bbdaf208d4966,runtime-rule:sha256:599b1453806cf42ac8b7b15e2a6ecc724a8368fde2aec960243db46d31602474|runtime-rule:sha256:e0abf1bbf17f84d7c8ddf55456dbff5d16c6beb6d7df0f860363db0ac5cd36b5,condition|guidance,string,xsd_declared_type,glob:DecimalMin1Max14Places2Type,https://apply07.grants.gov/apply/forms/schemas/RR_Budget10_3_0-V3.0.xsd,e9d004c15ffcbae04b65087cb0eff7e87b8eb8ba0ffd6bfb6aba5542e04708cc,sha256:0ed112b2e50f0e0c43423f690201b207f5b9c5a85349335260e4fd999f3a611a,false
RRSubawardBudget10_30,[Draft] R&R Subaward Budget Attachment(s) Form 10 YR 30 ATT,3.0,budget_attachments.rr_budget_10_3_0[].budget_year[].other_direct_costs.other_direct_cost_6.cost,RR_SubawardBudget10_30_3_0.BudgetAttachments.RR_Budget10_3_0.BudgetYear.OtherDirectCosts.OtherDirectCost6.Cost,Additional Other Direct Cost Funds Requested,question,concept:budget:line:cost,concept:budget:line:cost,question:sha256:0d49a779bda72b6833f5ebb1b27fd1bd4b0ae572193f94e5b79c8c6c51f35bd0,agent_proposed,subaward_organization,,parameterized-budget:cost-category,1,1,behavior:sha256:38f14a3bd655c303f1e443a09d3692b9cda56e626dc3aa30d09bbdaf208d4966,runtime-rule:sha256:0a7758dc66306a52360fdc8fe098ebe8655ac939bf5d9191cdc5973ea39e8860|runtime-rule:sha256:8d6cb15bd6c0cd5b15c83bdc76b268bbc75af530352da9ce8397ed2d400648bb,condition|guidance,string,xsd_declared_type,glob:DecimalMin1Max14Places2Type,https://apply07.grants.gov/apply/forms/schemas/RR_Budget10_3_0-V3.0.xsd,e9d004c15ffcbae04b65087cb0eff7e87b8eb8ba0ffd6bfb6aba5542e04708cc,sha256:0ed112b2e50f0e0c43423f690201b207f5b9c5a85349335260e4fd999f3a611a,false
RRSubawardBudget10_30,[Draft] R&R Subaward Budget Attachment(s) Form 10 YR 30 ATT,3.0,budget_attachments.rr_budget_10_3_0[].budget_year[].other_direct_costs.other_direct_cost_7.cost,RR_SubawardBudget10_30_3_0.BudgetAttachments.RR_Budget10_3_0.BudgetYear.OtherDirectCosts.OtherDirectCost7.Cost,Additional Other Direct Cost Funds Requested,question,concept:budget:line:cost,concept:budget:line:cost,question:sha256:bc2a176350df035d297cbff4fa87e2124ec6208fd1018cbc4acd6f92903fd758,agent_proposed,subaward_organization,,parameterized-budget:cost-category,1,1,behavior:sha256:38f14a3bd655c303f1e443a09d3692b9cda56e626dc3aa30d09bbdaf208d4966,runtime-rule:sha256:43f299e68d0a8a31d2b35af561979919944276df486a3589c968fd91fe9a2fbb|runtime-rule:sha256:8835709295c57af9dcfc034a6b623daa3a99fc6159e06f91830c6014d9af9fb7,condition|guidance,string,xsd_declared_type,glob:DecimalMin1Max14Places2Type,https://apply07.grants.gov/apply/forms/schemas/RR_Budget10_3_0-V3.0.xsd,e9d004c15ffcbae04b65087cb0eff7e87b8eb8ba0ffd6bfb6aba5542e04708cc,sha256:0ed112b2e50f0e0c43423f690201b207f5b9c5a85349335260e4fd999f3a611a,false
RRSubawardBudget10_30,[Draft] R&R Subaward Budget Attachment(s) Form 10 YR 30 ATT,3.0,budget_attachments.rr_budget_10_3_0[].budget_year[].other_direct_costs.other_direct_cost_8.cost,RR_SubawardBudget10_30_3_0.BudgetAttachments.RR_Budget10_3_0.BudgetYear.OtherDirectCosts.OtherDirectCost8.Cost,Additional Other Direct Cost Funds Requested,question,concept:budget:line:cost,concept:budget:line:cost,question:sha256:02de8f5138daa56531a3c4738cc9ee6958a2dab9648440df87b5f71601b0a221,agent_proposed,subaward_organization,,parameterized-budget:cost-category,1,1,behavior:sha256:38f14a3bd655c303f1e443a09d3692b9cda56e626dc3aa30d09bbdaf208d4966,runtime-rule:sha256:6ec2dfcea6ba6ad0f46341285baa34419e76585010e28b81a482a8bd133a7238|runtime-rule:sha256:daf082050831e4f4c1dee5c5c64571d498a8935b97e7573235683151a6a4e040,condition|guidance,string,xsd_declared_type,glob:DecimalMin1Max14Places2Type,https://apply07.grants.gov/apply/forms/schemas/RR_Budget10_3_0-V3.0.xsd,e9d004c15ffcbae04b65087cb0eff7e87b8eb8ba0ffd6bfb6aba5542e04708cc,sha256:0ed112b2e50f0e0c43423f690201b207f5b9c5a85349335260e4fd999f3a611a,false
RRSubawardBudget10_30,[Draft] R&R Subaward Budget Attachment(s) Form 10 YR 30 ATT,3.0,budget_attachments.rr_budget_10_3_0[].budget_year[].other_direct_costs.other_direct_cost_9.cost,RR_SubawardBudget10_30_3_0.BudgetAttachments.RR_Budget10_3_0.BudgetYear.OtherDirectCosts.OtherDirectCost9.Cost,Additional Other Direct Cost Funds Requested,question,concept:budget:line:cost,concept:budget:line:cost,question:sha256:4b448f0f7381c28026c73d8ee8f1e10c67531f5bf5251e0bacacc143fe2d08b8,agent_proposed,subaward_organization,,parameterized-budget:cost-category,1,1,behavior:sha256:38f14a3bd655c303f1e443a09d3692b9cda56e626dc3aa30d09bbdaf208d4966,runtime-rule:sha256:028694f8099513fba09c0644340abc45d71c5473b52907d4527b17019ba7071f|runtime-rule:sha256:8e5de7892128ec48f62bf312f691ad2a61c162add239497f4e8b639523eb9ed7,condition|guidance,string,xsd_declared_type,glob:DecimalMin1Max14Places2Type,https://apply07.grants.gov/apply/forms/schemas/RR_Budget10_3_0-V3.0.xsd,e9d004c15ffcbae04b65087cb0eff7e87b8eb8ba0ffd6bfb6aba5542e04708cc,sha256:0ed112b2e50f0e0c43423f690201b207f5b9c5a85349335260e4fd999f3a611a,false
RRSubawardBudget10_30,[Draft] R&R Subaward Budget Attachment(s) Form 10 YR 30 ATT,3.0,budget_attachments.rr_budget_10_3_0[].budget_year[].participant_trainee_support_costs.other.cost,RR_SubawardBudget10_30_3_0.BudgetAttachments.RR_Budget10_3_0.BudgetYear.ParticipantTraineeSupportCosts.Other.Cost,Other Participant/Trainee Costs,question,concept:budget:line:cost,concept:budget:line:cost,question:sha256:6f354cc365146e2868681d694eee36d33db8e4fe968fa3930a1c2790d58287ff,agent_proposed,subaward_organization,,parameterized-budget:cost-category,1,1,behavior:sha256:6fc445b7571a974f6a7067d01710f5fbdc7d75c550910040c22b0bcd59e12b13,runtime-rule:sha256:8a8d3c8e568b88f84806091a3bd6cb19192e64e112322e0013b2a138863b9abd|runtime-rule:sha256:aacd3a0e4c5fe835ae047fbc803e06612e1374d71286c7302903e0bec070c40c|runtime-rule:sha256:b7451ae2918531243c1406c664b3063a2329df415d801b8e5e285894a1117131,condition|guidance,string,xsd_declared_type,glob:DecimalMin1Max14Places2Type,https://apply07.grants.gov/apply/forms/schemas/RR_Budget10_3_0-V3.0.xsd,e9d004c15ffcbae04b65087cb0eff7e87b8eb8ba0ffd6bfb6aba5542e04708cc,sha256:0ed112b2e50f0e0c43423f690201b207f5b9c5a85349335260e4fd999f3a611a,false
RRSubawardBudget10_30,[Draft] R&R Subaward Budget Attachment(s) Form 10 YR 30 ATT,3.0,budget_attachments.rr_budget_10_3_0[].budget_year[].other_direct_costs.other_direct_cost_1.description,RR_SubawardBudget10_30_3_0.BudgetAttachments.RR_Budget10_3_0.BudgetYear.OtherDirectCosts.OtherDirectCost1.Description,Additional Other Direct Cost Description,question,concept:budget:line:description,concept:budget:line:description,question:sha256:c6b0a9c4f53920344f4666606edf760d641038fca51669c2bd66bd80089c32d0,agent_proposed,subaward_organization,,parameterized-budget:cost-category,1,1,behavior:sha256:558d6e3e22862b8dfefaa17770a96a96874e25f8af1e7e58d2ddd2758d0948f9,runtime-rule:sha256:7227ee51bc04d4b913fc8a11d27c9f62d0f2d7cdee8f80d1aceb662bf4509fcb|runtime-rule:sha256:c5cd01f7d8c037d6eb490af9b1909981881be6d69b5905c5764bb4d64fcb68f7,condition|guidance,string,xsd_declared_type,RR_Budget10_3_0:String1_120DataType,https://apply07.grants.gov/apply/forms/schemas/RR_Budget10_3_0-V3.0.xsd,e9d004c15ffcbae04b65087cb0eff7e87b8eb8ba0ffd6bfb6aba5542e04708cc,sha256:0ed112b2e50f0e0c43423f690201b207f5b9c5a85349335260e4fd999f3a611a,false
RRSubawardBudget10_30,[Draft] R&R Subaward Budget Attachment(s) Form 10 YR 30 ATT,3.0,budget_attachments.rr_budget_10_3_0[].budget_year[].other_direct_costs.other_direct_cost_10.description,RR_SubawardBudget10_30_3_0.BudgetAttachments.RR_Budget10_3_0.BudgetYear.OtherDirectCosts.OtherDirectCost10.Description,Additional Other Direct Cost Description,question,concept:budget:line:description,concept:budget:line:description,question:sha256:edc1cc9f1b75a19c5b6fe793c7af7e56dfff22051e5e381e86f8c603357f152f,agent_proposed,subaward_organization,,parameterized-budget:cost-category,1,1,behavior:sha256:558d6e3e22862b8dfefaa17770a96a96874e25f8af1e7e58d2ddd2758d0948f9,runtime-rule:sha256:006d6d7844229eb8a99f59c2c85848f9e42c394e3609421967d4d264c13ef370|runtime-rule:sha256:a30810b8dd5dc502826dd8ce8e5a94a788c8905f06c022cba613fe339c0b80f7,condition|guidance,string,xsd_declared_type,RR_Budget10_3_0:String1_120DataType,https://apply07.grants.gov/apply/forms/schemas/RR_Budget10_3_0-V3.0.xsd,e9d004c15ffcbae04b65087cb0eff7e87b8eb8ba0ffd6bfb6aba5542e04708cc,sha256:0ed112b2e50f0e0c43423f690201b207f5b9c5a85349335260e4fd999f3a611a,false
RRSubawardBudget10_30,[Draft] R&R Subaward Budget Attachment(s) Form 10 YR 30 ATT,3.0,budget_attachments.rr_budget_10_3_0[].budget_year[].other_direct_costs.other_direct_cost_2.description,RR_SubawardBudget10_30_3_0.BudgetAttachments.RR_Budget10_3_0.BudgetYear.OtherDirectCosts.OtherDirectCost2.Description,Additional Other Direct Cost Description,question,concept:budget:line:description,concept:budget:line:description,question:sha256:4f991c2413125c924a3575ad285ce24f3f69e0071dda3867ac0e099cbdc1666b,agent_proposed,subaward_organization,,parameterized-budget:cost-category,1,1,behavior:sha256:558d6e3e22862b8dfefaa17770a96a96874e25f8af1e7e58d2ddd2758d0948f9,runtime-rule:sha256:d8a5266c75f16b38834149c83dd26eadb3fec476b94511b0cb5da32b0a88c78f|runtime-rule:sha256:f0a926fff4ae6d4311dadaeee0143c142986b0066cd135dbeda7b6a6301b7f2f,condition|guidance,string,xsd_declared_type,RR_Budget10_3_0:String1_120DataType,https://apply07.grants.gov/apply/forms/schemas/RR_Budget10_3_0-V3.0.xsd,e9d004c15ffcbae04b65087cb0eff7e87b8eb8ba0ffd6bfb6aba5542e04708cc,sha256:0ed112b2e50f0e0c43423f690201b207f5b9c5a85349335260e4fd999f3a611a,false
RRSubawardBudget10_30,[Draft] R&R Subaward Budget Attachment(s) Form 10 YR 30 ATT,3.0,budget_attachments.rr_budget_10_3_0[].budget_year[].other_direct_costs.other_direct_cost_3.description,RR_SubawardBudget10_30_3_0.BudgetAttachments.RR_Budget10_3_0.BudgetYear.OtherDirectCosts.OtherDirectCost3.Description,Additional Other Direct Cost Description,question,concept:budget:line:description,concept:budget:line:description,question:sha256:0e13417e8284698de1b20b54be7d1780e81960a32da6af967cbaa90183467595,agent_proposed,subaward_organization,,parameterized-budget:cost-category,1,1,behavior:sha256:558d6e3e22862b8dfefaa17770a96a96874e25f8af1e7e58d2ddd2758d0948f9,runtime-rule:sha256:3d6d065d2892e96866b9e33f4ee40f4ab507b96e1aec749b528d7fb422d930df|runtime-rule:sha256:6e25ef0f2fd45a62d96d7d2df1269192069368dceaf6e078acf6da043cbaeae7,condition|guidance,string,xsd_declared_type,RR_Budget10_3_0:String1_120DataType,https://apply07.grants.gov/apply/forms/schemas/RR_Budget10_3_0-V3.0.xsd,e9d004c15ffcbae04b65087cb0eff7e87b8eb8ba0ffd6bfb6aba5542e04708cc,sha256:0ed112b2e50f0e0c43423f690201b207f5b9c5a85349335260e4fd999f3a611a,false
RRSubawardBudget10_30,[Draft] R&R Subaward Budget Attachment(s) Form 10 YR 30 ATT,3.0,budget_attachments.rr_budget_10_3_0[].budget_year[].other_direct_costs.other_direct_cost_4.description,RR_SubawardBudget10_30_3_0.BudgetAttachments.RR_Budget10_3_0.BudgetYear.OtherDirectCosts.OtherDirectCost4.Description,Additional Other Direct Cost Description,question,concept:budget:line:description,concept:budget:line:description,question:sha256:cacf165a75f2e13382e4d64605ebaaf0aab932d0116c7df4f15dee2e72134324,agent_proposed,subaward_organization,,parameterized-budget:cost-category,1,1,behavior:sha256:558d6e3e22862b8dfefaa17770a96a96874e25f8af1e7e58d2ddd2758d0948f9,runtime-rule:sha256:69f2134a57e8a6c4cc06c593f45554fce9ebccc2c6fc92a386d7f61f1dd9d1ec|runtime-rule:sha256:96f0ecd74f9adcfeb522b23568acf57464fb69b4897662677b04098f0749a6b3,condition|guidance,string,xsd_declared_type,RR_Budget10_3_0:String1_120DataType,https://apply07.grants.gov/apply/forms/schemas/RR_Budget10_3_0-V3.0.xsd,e9d004c15ffcbae04b65087cb0eff7e87b8eb8ba0ffd6bfb6aba5542e04708cc,sha256:0ed112b2e50f0e0c43423f690201b207f5b9c5a85349335260e4fd999f3a611a,false
RRSubawardBudget10_30,[Draft] R&R Subaward Budget Attachment(s) Form 10 YR 30 ATT,3.0,budget_attachments.rr_budget_10_3_0[].budget_year[].other_direct_costs.other_direct_cost_5.description,RR_SubawardBudget10_30_3_0.BudgetAttachments.RR_Budget10_3_0.BudgetYear.OtherDirectCosts.OtherDirectCost5.Description,Additional Other Direct Cost Description,question,concept:budget:line:description,concept:budget:line:description,question:sha256:0fc58edf3abb68ffefd89626c2d6d1544b68df123c86800aecbb21cddb94780c,agent_proposed,subaward_organization,,parameterized-budget:cost-category,1,1,behavior:sha256:558d6e3e22862b8dfefaa17770a96a96874e25f8af1e7e58d2ddd2758d0948f9,runtime-rule:sha256:5f921be6702e3a0e929427408ba4e8fb61feb42c111a2ebb720c7b5e866a7540|runtime-rule:sha256:f04e73098667028d985a6021e70007becab849a40ad0a390a4822558935df963,condition|guidance,string,xsd_declared_type,RR_Budget10_3_0:String1_120DataType,https://apply07.grants.gov/apply/forms/schemas/RR_Budget10_3_0-V3.0.xsd,e9d004c15ffcbae04b65087cb0eff7e87b8eb8ba0ffd6bfb6aba5542e04708cc,sha256:0ed112b2e50f0e0c43423f690201b207f5b9c5a85349335260e4fd999f3a611a,false
RRSubawardBudget10_30,[Draft] R&R Subaward Budget Attachment(s) Form 10 YR 30 ATT,3.0,budget_attachments.rr_budget_10_3_0[].budget_year[].other_direct_costs.other_direct_cost_6.description,RR_SubawardBudget10_30_3_0.BudgetAttachments.RR_Budget10_3_0.BudgetYear.OtherDirectCosts.OtherDirectCost6.Description,Additional Other Direct Cost Description,question,concept:budget:line:description,concept:budget:line:description,question:sha256:a36cc4f77118060997934c0e74f59ddb0b3c252f0d9106d5f383ac2a15d286be,agent_proposed,subaward_organization,,parameterized-budget:cost-category,1,1,behavior:sha256:558d6e3e22862b8dfefaa17770a96a96874e25f8af1e7e58d2ddd2758d0948f9,runtime-rule:sha256:77c7e33e35c99324e05304419634814a3c8a7c2e501cd0c9e7b29eaa8d2ba241|runtime-rule:sha256:eaffcba29ec61f99f668ab99807a2c8bf6a60dc4610941884e59c4f1bbc1a391,condition|guidance,string,xsd_declared_type,RR_Budget10_3_0:String1_120DataType,https://apply07.grants.gov/apply/forms/schemas/RR_Budget10_3_0-V3.0.xsd,e9d004c15ffcbae04b65087cb0eff7e87b8eb8ba0ffd6bfb6aba5542e04708cc,sha256:0ed112b2e50f0e0c43423f690201b207f5b9c5a85349335260e4fd999f3a611a,false
RRSubawardBudget10_30,[Draft] R&R Subaward Budget Attachment(s) Form 10 YR 30 ATT,3.0,budget_attachments.rr_budget_10_3_0[].budget_year[].other_direct_costs.other_direct_cost_7.description,RR_SubawardBudget10_30_3_0.BudgetAttachments.RR_Budget10_3_0.BudgetYear.OtherDirectCosts.OtherDirectCost7.Description,Additional Other Direct Cost Description,question,concept:budget:line:description,concept:budget:line:description,question:sha256:1cffa52bbd4716fe020c2b85ca65a2f7e08fa1ea9839ca7b961b64d1132a5746,agent_proposed,subaward_organization,,parameterized-budget:cost-category,1,1,behavior:sha256:558d6e3e22862b8dfefaa17770a96a96874e25f8af1e7e58d2ddd2758d0948f9,runtime-rule:sha256:7d008eb1174514f77fd4f00a37237bfa3bf2e3586a00b52d19223b679243ec5b|runtime-rule:sha256:fc0c956aecb986235b78ec934a8f7ca833b3bc0e29acefa8167fd06e10fe3eb1,condition|guidance,string,xsd_declared_type,RR_Budget10_3_0:String1_120DataType,https://apply07.grants.gov/apply/forms/schemas/RR_Budget10_3_0-V3.0.xsd,e9d004c15ffcbae04b65087cb0eff7e87b8eb8ba0ffd6bfb6aba5542e04708cc,sha256:0ed112b2e50f0e0c43423f690201b207f5b9c5a85349335260e4fd999f3a611a,false
RRSubawardBudget10_30,[Draft] R&R Subaward Budget Attachment(s) Form 10 YR 30 ATT,3.0,budget_attachments.rr_budget_10_3_0[].budget_year[].other_direct_costs.other_direct_cost_8.description,RR_SubawardBudget10_30_3_0.BudgetAttachments.RR_Budget10_3_0.BudgetYear.OtherDirectCosts.OtherDirectCost8.Description,Additional Other Direct Cost Description,question,concept:budget:line:description,concept:budget:line:description,question:sha256:1f992f2a6ac9229c043493a02b22f03bf5202cf5119d5c68888eb271393cb6db,agent_proposed,subaward_organization,,parameterized-budget:cost-category,1,1,behavior:sha256:558d6e3e22862b8dfefaa17770a96a96874e25f8af1e7e58d2ddd2758d0948f9,runtime-rule:sha256:e849a4546d8b289598d07417ebe82a10e8a3b5a149a8c0e6f715ef42fb48d88c|runtime-rule:sha256:f67a5bfd6234a9e0840801767ba3768c0dcf89408390c565964aa285eb285a2a,condition|guidance,string,xsd_declared_type,RR_Budget10_3_0:String1_120DataType,https://apply07.grants.gov/apply/forms/schemas/RR_Budget10_3_0-V3.0.xsd,e9d004c15ffcbae04b65087cb0eff7e87b8eb8ba0ffd6bfb6aba5542e04708cc,sha256:0ed112b2e50f0e0c43423f690201b207f5b9c5a85349335260e4fd999f3a611a,false
RRSubawardBudget10_30,[Draft] R&R Subaward Budget Attachment(s) Form 10 YR 30 ATT,3.0,budget_attachments.rr_budget_10_3_0[].budget_year[].other_direct_costs.other_direct_cost_9.description,RR_SubawardBudget10_30_3_0.BudgetAttachments.RR_Budget10_3_0.BudgetYear.OtherDirectCosts.OtherDirectCost9.Description,Additional Other Direct Cost Description,question,concept:budget:line:description,concept:budget:line:description,question:sha256:04b94d210dbec4cff23e4697e0c8ebc08bd6a5549f9e74eef53691f1bcfdd7f3,agent_proposed,subaward_organization,,parameterized-budget:cost-category,1,1,behavior:sha256:558d6e3e22862b8dfefaa17770a96a96874e25f8af1e7e58d2ddd2758d0948f9,runtime-rule:sha256:861182b084c4e7f6c9349b4314d1c40330481d0c92b92b9d0575032535706e87|runtime-rule:sha256:f24c197ed6f7ecc27d46d92febc30c8c8835b295f2c2a18bda748544ddd7d552,condition|guidance,string,xsd_declared_type,RR_Budget10_3_0:String1_120DataType,https://apply07.grants.gov/apply/forms/schemas/RR_Budget10_3_0-V3.0.xsd,e9d004c15ffcbae04b65087cb0eff7e87b8eb8ba0ffd6bfb6aba5542e04708cc,sha256:0ed112b2e50f0e0c43423f690201b207f5b9c5a85349335260e4fd999f3a611a,false
RRSubawardBudget10_30,[Draft] R&R Subaward Budget Attachment(s) Form 10 YR 30 ATT,3.0,budget_attachments.rr_budget_10_3_0[].budget_year[].participant_trainee_support_costs.other.description,RR_SubawardBudget10_30_3_0.BudgetAttachments.RR_Budget10_3_0.BudgetYear.ParticipantTraineeSupportCosts.Other.Description,5. Other,question,concept:budget:line:description,concept:budget:line:description,question:sha256:b2edbacae878a8a9b3978b27304eae3f4ae3779ea603ad7adf27fc1adc87d70c,agent_proposed,subaward_organization,,parameterized-budget:cost-category,1,1,behavior:sha256:6e5d742760148af04dd241ff88683de213ae8a73270432fd64e3583db7a5b960,runtime-rule:sha256:49287e1c27f025e6b9c714c06f49d45edc9d54f557f69889ea8c4798666d16f5|runtime-rule:sha256:8a8d3c8e568b88f84806091a3bd6cb19192e64e112322e0013b2a138863b9abd|runtime-rule:sha256:b7451ae2918531243c1406c664b3063a2329df415d801b8e5e285894a1117131,condition|guidance,string,xsd_declared_type,glob:StringMin1Max100Type,https://apply07.grants.gov/apply/forms/schemas/RR_Budget10_3_0-V3.0.xsd,e9d004c15ffcbae04b65087cb0eff7e87b8eb8ba0ffd6bfb6aba5542e04708cc,sha256:0ed112b2e50f0e0c43423f690201b207f5b9c5a85349335260e4fd999f3a611a,false
RRSubawardBudget10_30,[Draft] R&R Subaward Budget Attachment(s) Form 10 YR 30 ATT,3.0,budget_attachments.rr_budget_10_3_0[].budget_year[].other_direct_costs.alterations_renovations,RR_SubawardBudget10_30_3_0.BudgetAttachments.RR_Budget10_3_0.BudgetYear.OtherDirectCosts.AlterationsRenovations,7. Alterations and Renovations,question,concept:budget:other-direct:alterations-renovations,concept:budget:other-direct:alterations-renovations,question:sha256:bb4d95fca2073221c864caff99ebac537e5c5260881bd55b25cbb03f84d82f91,agent_proposed,subaward_organization,,parameterized-budget:cost-category,0,1,behavior:sha256:c5a7ffc5e91fa721624098fa1f176a477ddeb1c88d0d328a0f34e2e41ea2d389,runtime-rule:sha256:b36b7b02e03dc6758f3a990abc1e6e54d9a324bac7baf86268b6aed2b56486ea|runtime-rule:sha256:c943ba046d12863edb8ea563848f1819feaf4ae92b8232db53a9122562afa090,calculation|guidance,string,xsd_declared_type,glob:DecimalMin1Max14Places2Type,https://apply07.grants.gov/apply/forms/schemas/RR_Budget10_3_0-V3.0.xsd,e9d004c15ffcbae04b65087cb0eff7e87b8eb8ba0ffd6bfb6aba5542e04708cc,sha256:0ed112b2e50f0e0c43423f690201b207f5b9c5a85349335260e4fd999f3a611a,false
RRSubawardBudget10_30,[Draft] R&R Subaward Budget Attachment(s) Form 10 YR 30 ATT,3.0,budget_attachments.rr_budget_10_3_0[].budget_year[].other_direct_costs.adp_computer_services,RR_SubawardBudget10_30_3_0.BudgetAttachments.RR_Budget10_3_0.BudgetYear.OtherDirectCosts.ADPComputerServices,4. ADP/Computer Services,question,concept:budget:other-direct:computer-services,concept:budget:other-direct:computer-services,question:sha256:b41771df1f11344a838d9d7fe450a4157a6aa172af0af6b34074ce3fb06630c2,agent_proposed,subaward_organization,,parameterized-budget:cost-category,0,1,behavior:sha256:a56066eb9ed80b3acb50ffb8468b7138e713c6fa87a876e5debb21dbef294206,runtime-rule:sha256:60fb369a073e7cdafe8f359e3b9aad0f37f120a3c4dc6b4e6ff6b9e0c182838f|runtime-rule:sha256:b62fbbe037f967d1560f3ecf51febdf0d76695a316567e469b86da9a31614a33,calculation|guidance,string,xsd_declared_type,glob:DecimalMin1Max14Places2Type,https://apply07.grants.gov/apply/forms/schemas/RR_Budget10_3_0-V3.0.xsd,e9d004c15ffcbae04b65087cb0eff7e87b8eb8ba0ffd6bfb6aba5542e04708cc,sha256:0ed112b2e50f0e0c43423f690201b207f5b9c5a85349335260e4fd999f3a611a,false
RRSubawardBudget10_30,[Draft] R&R Subaward Budget Attachment(s) Form 10 YR 30 ATT,3.0,budget_attachments.rr_budget_10_3_0[].budget_year[].other_direct_costs.consultant_services,RR_SubawardBudget10_30_3_0.BudgetAttachments.RR_Budget10_3_0.BudgetYear.OtherDirectCosts.ConsultantServices,3. Consultant Services,question,concept:budget:other-direct:consultant,concept:budget:other-direct:consultant,question:sha256:062631acf88548ea0fea4c40b13172fd72e26cee2805a8ac96d8588d1ca68e19,agent_proposed,subaward_organization,,parameterized-budget:cost-category,0,1,behavior:sha256:62d6cfd01dc7f534e73e17e2e5744a8b77f10585d5ab28728ffac8a52696d84b,runtime-rule:sha256:68ae34d5510ade9dad2994f1585d35c7d4a7c5b457935615ec76d2bfb9179b11|runtime-rule:sha256:a58752d24ba0fb77d5223c5872e50ab2a1bed8fe55d92cfabdf95d9a54f410eb,calculation|guidance,string,xsd_declared_type,glob:DecimalMin1Max14Places2Type,https://apply07.grants.gov/apply/forms/schemas/RR_Budget10_3_0-V3.0.xsd,e9d004c15ffcbae04b65087cb0eff7e87b8eb8ba0ffd6bfb6aba5542e04708cc,sha256:0ed112b2e50f0e0c43423f690201b207f5b9c5a85349335260e4fd999f3a611a,false
RRSubawardBudget10_30,[Draft] R&R Subaward Budget Attachment(s) Form 10 YR 30 ATT,3.0,budget_attachments.rr_budget_10_3_0[].budget_year[].other_direct_costs.equipment_rental_fee,RR_SubawardBudget10_30_3_0.BudgetAttachments.RR_Budget10_3_0.BudgetYear.OtherDirectCosts.EquipmentRentalFee,6. Equipment or Facility Rental/User Fees,question,concept:budget:other-direct:equipment-rental,concept:budget:other-direct:equipment-rental,question:sha256:83e2d00993c455635fb51c01f597496c3776865f4c1a6e10363dab71a2950483,agent_proposed,subaward_organization,,parameterized-budget:cost-category,0,1,behavior:sha256:edd444c045e675c5af420d8c144a811f1a0a5dc5eedec9121da8a70d6bedd655,runtime-rule:sha256:058cc06594212c712f737deb261fb3b31304ca63f154cce9479e0c91041693aa|runtime-rule:sha256:fbd4d13167194feb7e5a165d340826a094b02841d6e2f98326b1bc1ff4558215,calculation|guidance,string,xsd_declared_type,glob:DecimalMin1Max14Places2Type,https://apply07.grants.gov/apply/forms/schemas/RR_Budget10_3_0-V3.0.xsd,e9d004c15ffcbae04b65087cb0eff7e87b8eb8ba0ffd6bfb6aba5542e04708cc,sha256:0ed112b2e50f0e0c43423f690201b207f5b9c5a85349335260e4fd999f3a611a,false
RRSubawardBudget10_30,[Draft] R&R Subaward Budget Attachment(s) Form 10 YR 30 ATT,3.0,budget_attachments.rr_budget_10_3_0[].budget_year[].other_direct_costs.materials_supplies,RR_SubawardBudget10_30_3_0.BudgetAttachments.RR_Budget10_3_0.BudgetYear.OtherDirectCosts.MaterialsSupplies,1. Materials and Supplies,question,concept:budget:other-direct:materials-supplies,concept:budget:other-direct:materials-supplies,question:sha256:a04ec4b097abb860d7a9370125cd335b258c7027f4338ac46f49ef64d13378e7,agent_proposed,subaward_organization,,parameterized-budget:cost-category,0,1,behavior:sha256:9c46403d149c60e5cb2450e1170337aa4f64012afef83e6b8e3b4c4960eb41e5,runtime-rule:sha256:6540cd46fcfffc66c314d6aadb014d8726eb7fb2a96acc3c0af4e5df762b4b1a|runtime-rule:sha256:6f8542be5faf2d112762124f14ac07613004c54086009495b5eabf30792cba80,calculation|guidance,string,xsd_declared_type,glob:DecimalMin1Max14Places2Type,https://apply07.grants.gov/apply/forms/schemas/RR_Budget10_3_0-V3.0.xsd,e9d004c15ffcbae04b65087cb0eff7e87b8eb8ba0ffd6bfb6aba5542e04708cc,sha256:0ed112b2e50f0e0c43423f690201b207f5b9c5a85349335260e4fd999f3a611a,false
RRSubawardBudget10_30,[Draft] R&R Subaward Budget Attachment(s) Form 10 YR 30 ATT,3.0,budget_attachments.rr_budget_10_3_0[].budget_year[].other_direct_costs.publication_costs,RR_SubawardBudget10_30_3_0.BudgetAttachments.RR_Budget10_3_0.BudgetYear.OtherDirectCosts.PublicationCosts,2. Publication Costs,question,concept:budget:other-direct:publication,concept:budget:other-direct:publication,question:sha256:793189d556c19ec1101674cd1fa22f235c19102a526f6ba4cd03d8e5cdb525bb,agent_proposed,subaward_organization,,parameterized-budget:cost-category,0,1,behavior:sha256:d80c58cbd7f941630762d94258f1a0964de5f6a0878466a85631fe7c67f00bac,runtime-rule:sha256:cdb19559d2e35a1dc846eefcc8e6404b9e4fbace2032d3d94d18b707b7bfb6d0|runtime-rule:sha256:d03ad8b143f123e62d1bb1d9cf0dc3e67e341e1040414aaa087f84a43935f01f,calculation|guidance,string,xsd_declared_type,glob:DecimalMin1Max14Places2Type,https://apply07.grants.gov/apply/forms/schemas/RR_Budget10_3_0-V3.0.xsd,e9d004c15ffcbae04b65087cb0eff7e87b8eb8ba0ffd6bfb6aba5542e04708cc,sha256:0ed112b2e50f0e0c43423f690201b207f5b9c5a85349335260e4fd999f3a611a,false
RRSubawardBudget10_30,[Draft] R&R Subaward Budget Attachment(s) Form 10 YR 30 ATT,3.0,budget_attachments.rr_budget_10_3_0[].budget_year[].other_direct_costs.subaward_consortium_contractual_costs,RR_SubawardBudget10_30_3_0.BudgetAttachments.RR_Budget10_3_0.BudgetYear.OtherDirectCosts.SubawardConsortiumContractualCosts,5. Subawards/Consortium/Contractual Costs,question,concept:budget:other-direct:subaward-contractual,concept:budget:other-direct:subaward-contractual,question:sha256:8f6e09bcab29f71c6da822647cd3fd8e592bf6d9882fc1a9ca2b6e4121700eb1,agent_proposed,subaward_organization,,parameterized-budget:cost-category,0,1,behavior:sha256:632a69ccd7d8e1c90e6e97fe4665f3a6c784081569eeabf8caa0ef2465412741,runtime-rule:sha256:0d99cf4790cdce400c3f6ce877913fde55ad6869ba9c20623323c8ff719b116b|runtime-rule:sha256:1fa5b7cb0e2b92302c111d0d33fb254e8025fc4d6fbbbdfa9092707f6189dd59,calculation|guidance,string,xsd_declared_type,glob:DecimalMin1Max14Places2Type,https://apply07.grants.gov/apply/forms/schemas/RR_Budget10_3_0-V3.0.xsd,e9d004c15ffcbae04b65087cb0eff7e87b8eb8ba0ffd6bfb6aba5542e04708cc,sha256:0ed112b2e50f0e0c43423f690201b207f5b9c5a85349335260e4fd999f3a611a,false
RRSubawardBudget10_30,[Draft] R&R Subaward Budget Attachment(s) Form 10 YR 30 ATT,3.0,budget_attachments.rr_budget_10_3_0[].budget_year[].budget_period_end_date,RR_SubawardBudget10_30_3_0.BudgetAttachments.RR_Budget10_3_0.BudgetYear.BudgetPeriodEndDate,End Date:,question,concept:budget:period:end-date,concept:budget:period:end-date,question:sha256:83b1d2ed56331e5c56602bd9778d099f0923f1ac2c6a22aaff029668c97262cd,agent_proposed,subaward_organization,,parameterized-budget:budget-period,1,1,behavior:sha256:de4911d62d42d0d15ca7686b3bcaaa1e8e86705e6f0b93cc63b8c677d0282684,runtime-rule:sha256:eecd1a073ae35cab2b04e0b977d8e9536b65cab6507ce04b51a7ceef8cc2fb62,guidance,string,xsd_declared_type,xs:date,https://apply07.grants.gov/apply/forms/schemas/RR_Budget10_3_0-V3.0.xsd,e9d004c15ffcbae04b65087cb0eff7e87b8eb8ba0ffd6bfb6aba5542e04708cc,sha256:0ed112b2e50f0e0c43423f690201b207f5b9c5a85349335260e4fd999f3a611a,false
RRSubawardBudget10_30,[Draft] R&R Subaward Budget Attachment(s) Form 10 YR 30 ATT,3.0,budget_attachments.rr_budget_10_3_0[].budget_year[].budget_period_start_date,RR_SubawardBudget10_30_3_0.BudgetAttachments.RR_Budget10_3_0.BudgetYear.BudgetPeriodStartDate,Start Date:,question,concept:budget:period:start-date,concept:budget:period:start-date,question:sha256:78c7a6542a7067ef31718b468ab66a27a2eba949b0c754881bcf20930afe0efb,agent_proposed,subaward_organization,,parameterized-budget:budget-period,1,1,behavior:sha256:4e4eb9b17f17a047060eddace3c8069efa400f70361776c98401e696100119b4,runtime-rule:sha256:3580cf127b36bfea6252247d8d4eb8a8ea2db984e6910489209d23750580a0c9,guidance,string,xsd_declared_type,xs:date,https://apply07.grants.gov/apply/forms/schemas/RR_Budget10_3_0-V3.0.xsd,e9d004c15ffcbae04b65087cb0eff7e87b8eb8ba0ffd6bfb6aba5542e04708cc,sha256:0ed112b2e50f0e0c43423f690201b207f5b9c5a85349335260e4fd999f3a611a,false
RRSubawardBudget10_30,[Draft] R&R Subaward Budget Attachment(s) Form 10 YR 30 ATT,3.0,budget_attachments.rr_budget_10_3_0[].budget_year[].key_persons.key_person[].academic_months,RR_SubawardBudget10_30_3_0.BudgetAttachments.RR_Budget10_3_0.BudgetYear.KeyPersons.KeyPerson.AcademicMonths,Senior/Key Person Academic Months,question,concept:budget:personnel:academic-months,concept:budget:personnel:academic-months,question:sha256:5accd2f8a11700846e4296871a26e386e3ccd588a93711d078a3831e90debd34,agent_proposed,subaward_organization,,parameterized-budget:personnel,0,1,behavior:sha256:35e81b4d33c706f0458de47ff5940507c32e9427e9206ed10b1abfefbd6562fd,,,string,xsd_declared_type,RR_Budget10_3_0:Month2whole2fracDataType,https://apply07.grants.gov/apply/forms/schemas/RR_Budget10_3_0-V3.0.xsd,e9d004c15ffcbae04b65087cb0eff7e87b8eb8ba0ffd6bfb6aba5542e04708cc,sha256:0ed112b2e50f0e0c43423f690201b207f5b9c5a85349335260e4fd999f3a611a,false
RRSubawardBudget10_30,[Draft] R&R Subaward Budget Attachment(s) Form 10 YR 30 ATT,3.0,budget_attachments.rr_budget_10_3_0[].budget_year[].other_personnel.graduate_students.academic_months,RR_SubawardBudget10_30_3_0.BudgetAttachments.RR_Budget10_3_0.BudgetYear.OtherPersonnel.GraduateStudents.AcademicMonths,Academic Months Graduate Students,question,concept:budget:personnel:academic-months,concept:budget:personnel:academic-months,question:sha256:ba726198991bd5cca6aecb1f3cbc97a81b6be879f17751ba92e23926757afc3b,agent_proposed,subaward_organization,,parameterized-budget:personnel,0,1,behavior:sha256:e243ff3aa3c0f09bc11e30a2d9f94f2707388984cff733ff308303dfff8bdf50,runtime-rule:sha256:081337d3e37eb5a7d5325efb4f023c8954af06b63181f77cf5395a9837eb07ad|runtime-rule:sha256:8c2ca4342640faee0d2a12859b38de544b4d55e49afa845470762be04f1102fe|runtime-rule:sha256:da605c20f2f9404e937d06480effe6ce72b0dcfc7c6d0c1f9207770e9828291f,condition,string,xsd_declared_type,RR_Budget10_3_0:Month3whole2fracDataType,https://apply07.grants.gov/apply/forms/schemas/RR_Budget10_3_0-V3.0.xsd,e9d004c15ffcbae04b65087cb0eff7e87b8eb8ba0ffd6bfb6aba5542e04708cc,sha256:0ed112b2e50f0e0c43423f690201b207f5b9c5a85349335260e4fd999f3a611a,false
RRSubawardBudget10_30,[Draft] R&R Subaward Budget Attachment(s) Form 10 YR 30 ATT,3.0,budget_attachments.rr_budget_10_3_0[].budget_year[].other_personnel.other[].academic_months,RR_SubawardBudget10_30_3_0.BudgetAttachments.RR_Budget10_3_0.BudgetYear.OtherPersonnel.Other.AcademicMonths,Academic Months Additional Project Role,question,concept:budget:personnel:academic-months,concept:budget:personnel:academic-months,question:sha256:2623d1672ed73a916c394d26df2c02f33270b3bf59f75aff6ac8042227138088,agent_proposed,subaward_organization,,parameterized-budget:personnel,0,1,behavior:sha256:ab6af592cfe5fce05d1c7915435ba0050fe0a8d9348bb8510d3ed92291e24b2c,runtime-rule:sha256:45cba18172eb5923115b23bf927fe33a0b1978ab56e14a1a5f84eeb5587f26d7|runtime-rule:sha256:c151cdf8ac75dfd61f6054b8ccc49ebeea3fa6a6091b578cb3f77467989cece7|runtime-rule:sha256:d7c1150d598b30b686e671c3879d587e1d8c34eef7fdd950887fdf1a5f4c4d7d|runtime-rule:sha256:e0689f277f837d470854b2d461d56841b1eb007043d2fdfd94927a8acc407b36,condition,string,xsd_declared_type,RR_Budget10_3_0:Month3whole2fracDataType,https://apply07.grants.gov/apply/forms/schemas/RR_Budget10_3_0-V3.0.xsd,e9d004c15ffcbae04b65087cb0eff7e87b8eb8ba0ffd6bfb6aba5542e04708cc,sha256:0ed112b2e50f0e0c43423f690201b207f5b9c5a85349335260e4fd999f3a611a,false
RRSubawardBudget10_30,[Draft] R&R Subaward Budget Attachment(s) Form 10 YR 30 ATT,3.0,budget_attachments.rr_budget_10_3_0[].budget_year[].other_personnel.post_doc_associates.academic_months,RR_SubawardBudget10_30_3_0.BudgetAttachments.RR_Budget10_3_0.BudgetYear.OtherPersonnel.PostDocAssociates.AcademicMonths,Academic Months Post Doctoral Associates,question,concept:budget:personnel:academic-months,concept:budget:personnel:academic-months,question:sha256:4d33f6bda4adf51db792d6039bd38ed45dc5be661d55628eb6d59c64d30a70c8,agent_proposed,subaward_organization,,parameterized-budget:personnel,0,1,behavior:sha256:615bf5d367889a3dc6c61ee292dde639f966710622ad6a9e4e879b24caeed454,runtime-rule:sha256:1979b860748ea8aa561eeaf92a61c6f7ecb4bf030ce976f25531f8c4c12cfb83|runtime-rule:sha256:6e067f6ff8017e5ee4d327e83fee888e671ef5e237bfcdb4149308e4b68f4a26|runtime-rule:sha256:ed987a9ebf1c56c054e0496f52f1ce3d3095b0225e3199a782b298ce22f81cac,condition,string,xsd_declared_type,RR_Budget10_3_0:Month3whole2fracDataType,https://apply07.grants.gov/apply/forms/schemas/RR_Budget10_3_0-V3.0.xsd,e9d004c15ffcbae04b65087cb0eff7e87b8eb8ba0ffd6bfb6aba5542e04708cc,sha256:0ed112b2e50f0e0c43423f690201b207f5b9c5a85349335260e4fd999f3a611a,false
RRSubawardBudget10_30,[Draft] R&R Subaward Budget Attachment(s) Form 10 YR 30 ATT,3.0,budget_attachments.rr_budget_10_3_0[].budget_year[].other_personnel.secretarial_clerical.academic_months,RR_SubawardBudget10_30_3_0.BudgetAttachments.RR_Budget10_3_0.BudgetYear.OtherPersonnel.SecretarialClerical.AcademicMonths,Academic Months Secretarial/Clerical,question,concept:budget:personnel:academic-months,concept:budget:personnel:academic-months,question:sha256:1faa3cbbd971add23bd656ec7538ff7d8384035098d6678283f76059bcffee00,agent_proposed,subaward_organization,,parameterized-budget:personnel,0,1,behavior:sha256:b37682663abcd1183898f178b4952ef2c43c867776da031dcb61d0ba53cfaf6d,runtime-rule:sha256:408d9412fbd644b40fabc76d1f2acebe6385f8255e72fd13133bf210485a3347|runtime-rule:sha256:9ab72cf0ab09fb5fadfba653454c2b280b14477ef263866838150f651b681f01|runtime-rule:sha256:d603cf73c2fa8d3cbe1e9ac896fed1b537676212d7910f872bc598168c279284,condition,string,xsd_declared_type,RR_Budget10_3_0:Month3whole2fracDataType,https://apply07.grants.gov/apply/forms/schemas/RR_Budget10_3_0-V3.0.xsd,e9d004c15ffcbae04b65087cb0eff7e87b8eb8ba0ffd6bfb6aba5542e04708cc,sha256:0ed112b2e50f0e0c43423f690201b207f5b9c5a85349335260e4fd999f3a611a,false
RRSubawardBudget10_30,[Draft] R&R Subaward Budget Attachment(s) Form 10 YR 30 ATT,3.0,budget_attachments.rr_budget_10_3_0[].budget_year[].other_personnel.undergraduate_students.academic_months,RR_SubawardBudget10_30_3_0.BudgetAttachments.RR_Budget10_3_0.BudgetYear.OtherPersonnel.UndergraduateStudents.AcademicMonths,Academic Months Undergraduate Students,question,concept:budget:personnel:academic-months,concept:budget:personnel:academic-months,question:sha256:17cfc1012427ac13954676e23ea3097f98e1d959099745d1df9ed46e2b89720c,agent_proposed,subaward_organization,,parameterized-budget:personnel,0,1,behavior:sha256:2842e3e903671c32c5814523d2c2198175f2dbf0dbeae9a5e09a9d03f3979411,runtime-rule:sha256:6f634a81bb0f487ce0b11cdae28f79a3c2bc93a986a4115b8cca56362322a831|runtime-rule:sha256:738f1001b800667a14e295143b98cf28bb081096de72cba39e0c997958b03b8f|runtime-rule:sha256:ebafce262a56fd44be221ee52304438f4b5de936636182a25248335bef7b95e7,condition,string,xsd_declared_type,RR_Budget10_3_0:Month3whole2fracDataType,https://apply07.grants.gov/apply/forms/schemas/RR_Budget10_3_0-V3.0.xsd,e9d004c15ffcbae04b65087cb0eff7e87b8eb8ba0ffd6bfb6aba5542e04708cc,sha256:0ed112b2e50f0e0c43423f690201b207f5b9c5a85349335260e4fd999f3a611a,false
RRSubawardBudget10_30,[Draft] R&R Subaward Budget Attachment(s) Form 10 YR 30 ATT,3.0,budget_attachments.rr_budget_10_3_0[].budget_year[].key_persons.key_person[].base_salary,RR_SubawardBudget10_30_3_0.BudgetAttachments.RR_Budget10_3_0.BudgetYear.KeyPersons.KeyPerson.BaseSalary,Senior/Key Person Base Salary,question,concept:budget:personnel:base-salary,concept:budget:personnel:base-salary,question:sha256:0a815989cb2c4ae6ed6320d5310c88c37906c26d307fd55960ab8f671de46aa4,agent_proposed,subaward_organization,,parameterized-budget:personnel,0,1,behavior:sha256:9fc14e6bc015016bbf7692ebc06fb0fb884299ba2353cff5c277b34d8fa5de5a,,,string,xsd_declared_type,glob:DecimalMin1Max14Places2Type,https://apply07.grants.gov/apply/forms/schemas/RR_Budget10_3_0-V3.0.xsd,e9d004c15ffcbae04b65087cb0eff7e87b8eb8ba0ffd6bfb6aba5542e04708cc,sha256:0ed112b2e50f0e0c43423f690201b207f5b9c5a85349335260e4fd999f3a611a,false
RRSubawardBudget10_30,[Draft] R&R Subaward Budget Attachment(s) Form 10 YR 30 ATT,3.0,budget_attachments.rr_budget_10_3_0[].budget_year[].key_persons.key_person[].calendar_months,RR_SubawardBudget10_30_3_0.BudgetAttachments.RR_Budget10_3_0.BudgetYear.KeyPersons.KeyPerson.CalendarMonths,Senior/Key Person Calendar Months,question,concept:budget:personnel:calendar-months,concept:budget:personnel:calendar-months,question:sha256:a06c705cf62e3e5ee55dec8ca6f5f491dcbc9c341436805db9d52a4fbebcdf60,agent_proposed,subaward_organization,,parameterized-budget:personnel,0,1,behavior:sha256:1469ecb23fc683c5721ab58538b1bcbc031091857514adbba714ea4f0ab84d0c,,,string,xsd_declared_type,RR_Budget10_3_0:Month2whole2fracDataType,https://apply07.grants.gov/apply/forms/schemas/RR_Budget10_3_0-V3.0.xsd,e9d004c15ffcbae04b65087cb0eff7e87b8eb8ba0ffd6bfb6aba5542e04708cc,sha256:0ed112b2e50f0e0c43423f690201b207f5b9c5a85349335260e4fd999f3a611a,false
RRSubawardBudget10_30,[Draft] R&R Subaward Budget Attachment(s) Form 10 YR 30 ATT,3.0,budget_attachments.rr_budget_10_3_0[].budget_year[].other_personnel.graduate_students.calendar_months,RR_SubawardBudget10_30_3_0.BudgetAttachments.RR_Budget10_3_0.BudgetYear.OtherPersonnel.GraduateStudents.CalendarMonths,Calendar Months Graduate Students,question,concept:budget:personnel:calendar-months,concept:budget:personnel:calendar-months,question:sha256:ca71e6a4530e53c9a29a77574a92b23da927984644795c80a7fc15a677f8abdb,agent_proposed,subaward_organization,,parameterized-budget:personnel,0,1,behavior:sha256:55193b61cf3b45523e2784e8eb1427ca1cc43154845ae93cbd3205b94bac3f55,runtime-rule:sha256:081337d3e37eb5a7d5325efb4f023c8954af06b63181f77cf5395a9837eb07ad|runtime-rule:sha256:8c2ca4342640faee0d2a12859b38de544b4d55e49afa845470762be04f1102fe|runtime-rule:sha256:da605c20f2f9404e937d06480effe6ce72b0dcfc7c6d0c1f9207770e9828291f,condition,string,xsd_declared_type,RR_Budget10_3_0:Month3whole2fracDataType,https://apply07.grants.gov/apply/forms/schemas/RR_Budget10_3_0-V3.0.xsd,e9d004c15ffcbae04b65087cb0eff7e87b8eb8ba0ffd6bfb6aba5542e04708cc,sha256:0ed112b2e50f0e0c43423f690201b207f5b9c5a85349335260e4fd999f3a611a,false
RRSubawardBudget10_30,[Draft] R&R Subaward Budget Attachment(s) Form 10 YR 30 ATT,3.0,budget_attachments.rr_budget_10_3_0[].budget_year[].other_personnel.other[].calendar_months,RR_SubawardBudget10_30_3_0.BudgetAttachments.RR_Budget10_3_0.BudgetYear.OtherPersonnel.Other.CalendarMonths,Calendar Months Additional Project Role,question,concept:budget:personnel:calendar-months,concept:budget:personnel:calendar-months,question:sha256:7df313a8f14f617b23845e3762385fa57c1dda59f23a0a335db36ecb212eb23c,agent_proposed,subaward_organization,,parameterized-budget:personnel,0,1,behavior:sha256:b1be6af4f930a9f082bf02185b5cd7cd8fb7d612f2b037db665d5dc9a8ffb11b,runtime-rule:sha256:45cba18172eb5923115b23bf927fe33a0b1978ab56e14a1a5f84eeb5587f26d7|runtime-rule:sha256:c151cdf8ac75dfd61f6054b8ccc49ebeea3fa6a6091b578cb3f77467989cece7|runtime-rule:sha256:d7c1150d598b30b686e671c3879d587e1d8c34eef7fdd950887fdf1a5f4c4d7d|runtime-rule:sha256:e0689f277f837d470854b2d461d56841b1eb007043d2fdfd94927a8acc407b36,condition,string,xsd_declared_type,RR_Budget10_3_0:Month3whole2fracDataType,https://apply07.grants.gov/apply/forms/schemas/RR_Budget10_3_0-V3.0.xsd,e9d004c15ffcbae04b65087cb0eff7e87b8eb8ba0ffd6bfb6aba5542e04708cc,sha256:0ed112b2e50f0e0c43423f690201b207f5b9c5a85349335260e4fd999f3a611a,false
RRSubawardBudget10_30,[Draft] R&R Subaward Budget Attachment(s) Form 10 YR 30 ATT,3.0,budget_attachments.rr_budget_10_3_0[].budget_year[].other_personnel.post_doc_associates.calendar_months,RR_SubawardBudget10_30_3_0.BudgetAttachments.RR_Budget10_3_0.BudgetYear.OtherPersonnel.PostDocAssociates.CalendarMonths,Calendar Months Post Doctoral Associates,question,concept:budget:personnel:calendar-months,concept:budget:personnel:calendar-months,question:sha256:c80b6f14157c035e8e10be6a58d46393553e75fd1db0a465dc9a68aac570494c,agent_proposed,subaward_organization,,parameterized-budget:personnel,0,1,behavior:sha256:3268ecd18ef7039efffe63aca2dd0b56a785f38f5091a014058d0c863bc9fe6c,runtime-rule:sha256:1979b860748ea8aa561eeaf92a61c6f7ecb4bf030ce976f25531f8c4c12cfb83|runtime-rule:sha256:6e067f6ff8017e5ee4d327e83fee888e671ef5e237bfcdb4149308e4b68f4a26|runtime-rule:sha256:ed987a9ebf1c56c054e0496f52f1ce3d3095b0225e3199a782b298ce22f81cac,condition,string,xsd_declared_type,RR_Budget10_3_0:Month3whole2fracDataType,https://apply07.grants.gov/apply/forms/schemas/RR_Budget10_3_0-V3.0.xsd,e9d004c15ffcbae04b65087cb0eff7e87b8eb8ba0ffd6bfb6aba5542e04708cc,sha256:0ed112b2e50f0e0c43423f690201b207f5b9c5a85349335260e4fd999f3a611a,false
RRSubawardBudget10_30,[Draft] R&R Subaward Budget Attachment(s) Form 10 YR 30 ATT,3.0,budget_attachments.rr_budget_10_3_0[].budget_year[].other_personnel.secretarial_clerical.calendar_months,RR_SubawardBudget10_30_3_0.BudgetAttachments.RR_Budget10_3_0.BudgetYear.OtherPersonnel.SecretarialClerical.CalendarMonths,Calendar Months Secretarial/Clerical,question,concept:budget:personnel:calendar-months,concept:budget:personnel:calendar-months,question:sha256:2b2a80cb2bc2ce4305998cfc1c9c474d24eaf4438997faf6236652b4a7e6f854,agent_proposed,subaward_organization,,parameterized-budget:personnel,0,1,behavior:sha256:e78a31268eabc592f66a46c9e5bad9e077c72cb5e7e2d02a98f971c92a76b2b5,runtime-rule:sha256:408d9412fbd644b40fabc76d1f2acebe6385f8255e72fd13133bf210485a3347|runtime-rule:sha256:9ab72cf0ab09fb5fadfba653454c2b280b14477ef263866838150f651b681f01|runtime-rule:sha256:d603cf73c2fa8d3cbe1e9ac896fed1b537676212d7910f872bc598168c279284,condition,string,xsd_declared_type,RR_Budget10_3_0:Month3whole2fracDataType,https://apply07.grants.gov/apply/forms/schemas/RR_Budget10_3_0-V3.0.xsd,e9d004c15ffcbae04b65087cb0eff7e87b8eb8ba0ffd6bfb6aba5542e04708cc,sha256:0ed112b2e50f0e0c43423f690201b207f5b9c5a85349335260e4fd999f3a611a,false
RRSubawardBudget10_30,[Draft] R&R Subaward Budget Attachment(s) Form 10 YR 30 ATT,3.0,budget_attachments.rr_budget_10_3_0[].budget_year[].other_personnel.undergraduate_students.calendar_months,RR_SubawardBudget10_30_3_0.BudgetAttachments.RR_Budget10_3_0.BudgetYear.OtherPersonnel.UndergraduateStudents.CalendarMonths,Calendar Months Undergraduate Students,question,concept:budget:personnel:calendar-months,concept:budget:personnel:calendar-months,question:sha256:30567cad9b05ced7beadc6e948477824045b8b4ba9bbf25904262890ec6ba3b2,agent_proposed,subaward_organization,,parameterized-budget:personnel,0,1,behavior:sha256:bf080a3f8e5ba1bafa457c28fd369f4a3ee49a497e0db78d2edaa68397b0820f,runtime-rule:sha256:6f634a81bb0f487ce0b11cdae28f79a3c2bc93a986a4115b8cca56362322a831|runtime-rule:sha256:738f1001b800667a14e295143b98cf28bb081096de72cba39e0c997958b03b8f|runtime-rule:sha256:ebafce262a56fd44be221ee52304438f4b5de936636182a25248335bef7b95e7,condition,string,xsd_declared_type,RR_Budget10_3_0:Month3whole2fracDataType,https://apply07.grants.gov/apply/forms/schemas/RR_Budget10_3_0-V3.0.xsd,e9d004c15ffcbae04b65087cb0eff7e87b8eb8ba0ffd6bfb6aba5542e04708cc,sha256:0ed112b2e50f0e0c43423f690201b207f5b9c5a85349335260e4fd999f3a611a,false
RRSubawardBudget10_30,[Draft] R&R Subaward Budget Attachment(s) Form 10 YR 30 ATT,3.0,budget_attachments.rr_budget_10_3_0[].budget_year[].other_personnel.graduate_students.number_of_personnel,RR_SubawardBudget10_30_3_0.BudgetAttachments.RR_Budget10_3_0.BudgetYear.OtherPersonnel.GraduateStudents.NumberOfPersonnel,Number of Personnel Graduate Students,question,concept:budget:personnel:count,concept:budget:personnel:count,question:sha256:f0792b6aeadc3de50e36fa9c53cff8216d633cbbf678ce5fa2f24809236f0955,agent_proposed,subaward_organization,,parameterized-budget:personnel,1,1,behavior:sha256:f9d02cd2361b8cbdd4a65b185e9e8686fa53640168b9818048b1ed2b2582b891,runtime-rule:sha256:081337d3e37eb5a7d5325efb4f023c8954af06b63181f77cf5395a9837eb07ad|runtime-rule:sha256:8c2ca4342640faee0d2a12859b38de544b4d55e49afa845470762be04f1102fe|runtime-rule:sha256:da605c20f2f9404e937d06480effe6ce72b0dcfc7c6d0c1f9207770e9828291f|runtime-rule:sha256:fd86b33337d9ad039402c04b738ece9915f9bb6c0469739c40c8355d23afb6b3,condition|guidance,integer,xsd_declared_type,RR_Budget10_3_0:Int3DataType,https://apply07.grants.gov/apply/forms/schemas/RR_Budget10_3_0-V3.0.xsd,e9d004c15ffcbae04b65087cb0eff7e87b8eb8ba0ffd6bfb6aba5542e04708cc,sha256:0ed112b2e50f0e0c43423f690201b207f5b9c5a85349335260e4fd999f3a611a,false
RRSubawardBudget10_30,[Draft] R&R Subaward Budget Attachment(s) Form 10 YR 30 ATT,3.0,budget_attachments.rr_budget_10_3_0[].budget_year[].other_personnel.other[].number_of_personnel,RR_SubawardBudget10_30_3_0.BudgetAttachments.RR_Budget10_3_0.BudgetYear.OtherPersonnel.Other.NumberOfPersonnel,Number of Personnel Additional Project Role,question,concept:budget:personnel:count,concept:budget:personnel:count,question:sha256:54bb2f95610c5e1caa5d03493f33b18a27c6babbbb2d68f74a62bcad458cc061,agent_proposed,subaward_organization,,parameterized-budget:personnel,1,1,behavior:sha256:e23b381b1baab3948769629394a0f69021ebc5567d56dfb3e901348dacd3ff7d,runtime-rule:sha256:45cba18172eb5923115b23bf927fe33a0b1978ab56e14a1a5f84eeb5587f26d7|runtime-rule:sha256:c151cdf8ac75dfd61f6054b8ccc49ebeea3fa6a6091b578cb3f77467989cece7|runtime-rule:sha256:d7c1150d598b30b686e671c3879d587e1d8c34eef7fdd950887fdf1a5f4c4d7d|runtime-rule:sha256:e0689f277f837d470854b2d461d56841b1eb007043d2fdfd94927a8acc407b36|runtime-rule:sha256:ec9f2193abddb050850d8065365a097b76521e9f1723152f964b658b4ffec7a4,condition|guidance,integer,xsd_declared_type,RR_Budget10_3_0:Int3DataType,https://apply07.grants.gov/apply/forms/schemas/RR_Budget10_3_0-V3.0.xsd,e9d004c15ffcbae04b65087cb0eff7e87b8eb8ba0ffd6bfb6aba5542e04708cc,sha256:0ed112b2e50f0e0c43423f690201b207f5b9c5a85349335260e4fd999f3a611a,false
RRSubawardBudget10_30,[Draft] R&R Subaward Budget Attachment(s) Form 10 YR 30 ATT,3.0,budget_attachments.rr_budget_10_3_0[].budget_year[].other_personnel.post_doc_associates.number_of_personnel,RR_SubawardBudget10_30_3_0.BudgetAttachments.RR_Budget10_3_0.BudgetYear.OtherPersonnel.PostDocAssociates.NumberOfPersonnel,Number of Personnel Post Doctoral Associates,question,concept:budget:personnel:count,concept:budget:personnel:count,question:sha256:f12326e37044fad4eabf8e39f8bf87fa425ce9863715fb2933c4bd9f6857c1cc,agent_proposed,subaward_organization,,parameterized-budget:personnel,1,1,behavior:sha256:3083502291666c64c50b268c0e19bdcef8f1d3f4345d8cfd816906bf63da1e14,runtime-rule:sha256:1979b860748ea8aa561eeaf92a61c6f7ecb4bf030ce976f25531f8c4c12cfb83|runtime-rule:sha256:6e067f6ff8017e5ee4d327e83fee888e671ef5e237bfcdb4149308e4b68f4a26|runtime-rule:sha256:8538706add1ab25800fba388ca0395472a55f9fdcfdb5f968b0fda2950d23edb|runtime-rule:sha256:ed987a9ebf1c56c054e0496f52f1ce3d3095b0225e3199a782b298ce22f81cac,condition|guidance,integer,xsd_declared_type,RR_Budget10_3_0:Int3DataType,https://apply07.grants.gov/apply/forms/schemas/RR_Budget10_3_0-V3.0.xsd,e9d004c15ffcbae04b65087cb0eff7e87b8eb8ba0ffd6bfb6aba5542e04708cc,sha256:0ed112b2e50f0e0c43423f690201b207f5b9c5a85349335260e4fd999f3a611a,false
RRSubawardBudget10_30,[Draft] R&R Subaward Budget Attachment(s) Form 10 YR 30 ATT,3.0,budget_attachments.rr_budget_10_3_0[].budget_year[].other_personnel.secretarial_clerical.number_of_personnel,RR_SubawardBudget10_30_3_0.BudgetAttachments.RR_Budget10_3_0.BudgetYear.OtherPersonnel.SecretarialClerical.NumberOfPersonnel,Number of Personnel Secretarial/Clerical,question,concept:budget:personnel:count,concept:budget:personnel:count,question:sha256:41e36c0c7d5ea841af563e5e46c9b14dd9aabcecb78b54c808debae28c66d4b1,agent_proposed,subaward_organization,,parameterized-budget:personnel,1,1,behavior:sha256:42f9d46772c2aa0793ee88c70bbe4589cbe37f5ea0610dc465abdba3e11aeb5a,runtime-rule:sha256:408d9412fbd644b40fabc76d1f2acebe6385f8255e72fd13133bf210485a3347|runtime-rule:sha256:99c1c2d658585ed68447305c5501ed8f0169cb192e4398951eb745cf5963c9cf|runtime-rule:sha256:9ab72cf0ab09fb5fadfba653454c2b280b14477ef263866838150f651b681f01|runtime-rule:sha256:d603cf73c2fa8d3cbe1e9ac896fed1b537676212d7910f872bc598168c279284,condition|guidance,integer,xsd_declared_type,RR_Budget10_3_0:Int3DataType,https://apply07.grants.gov/apply/forms/schemas/RR_Budget10_3_0-V3.0.xsd,e9d004c15ffcbae04b65087cb0eff7e87b8eb8ba0ffd6bfb6aba5542e04708cc,sha256:0ed112b2e50f0e0c43423f690201b207f5b9c5a85349335260e4fd999f3a611a,false
RRSubawardBudget10_30,[Draft] R&R Subaward Budget Attachment(s) Form 10 YR 30 ATT,3.0,budget_attachments.rr_budget_10_3_0[].budget_year[].other_personnel.undergraduate_students.number_of_personnel,RR_SubawardBudget10_30_3_0.BudgetAttachments.RR_Budget10_3_0.BudgetYear.OtherPersonnel.UndergraduateStudents.NumberOfPersonnel,Number of Personnel Undergraduate Students,question,concept:budget:personnel:count,concept:budget:personnel:count,question:sha256:a03dfeb9ae770351c0d859deab0269ea5eafe6c881c2bcadf45650c4cec4d805,agent_proposed,subaward_organization,,parameterized-budget:personnel,1,1,behavior:sha256:c791f0cf2da158ff3755cd3a490784e763299ed888b4be2a06c80f77935e7640,runtime-rule:sha256:2ce02e5ec510d7b0bd1dda5473478869e873b4af0d709b4b5843c7a834bdb01a|runtime-rule:sha256:6f634a81bb0f487ce0b11cdae28f79a3c2bc93a986a4115b8cca56362322a831|runtime-rule:sha256:738f1001b800667a14e295143b98cf28bb081096de72cba39e0c997958b03b8f|runtime-rule:sha256:ebafce262a56fd44be221ee52304438f4b5de936636182a25248335bef7b95e7,condition|guidance,integer,xsd_declared_type,RR_Budget10_3_0:Int3DataType,https://apply07.grants.gov/apply/forms/schemas/RR_Budget10_3_0-V3.0.xsd,e9d004c15ffcbae04b65087cb0eff7e87b8eb8ba0ffd6bfb6aba5542e04708cc,sha256:0ed112b2e50f0e0c43423f690201b207f5b9c5a85349335260e4fd999f3a611a,false
RRSubawardBudget10_30,[Draft] R&R Subaward Budget Attachment(s) Form 10 YR 30 ATT,3.0,budget_attachments.rr_budget_10_3_0[].budget_year[].key_persons.key_person[].fringe_benefits,RR_SubawardBudget10_30_3_0.BudgetAttachments.RR_Budget10_3_0.BudgetYear.KeyPersons.KeyPerson.FringeBenefits,Senior/Key Person Fringe Benefits,question,concept:budget:personnel:fringe-benefits,concept:budget:personnel:fringe-benefits,question:sha256:063a9ccd03e609168150a6b5b3b41003e2151cb2f6f92787f03dd0ccbb88d48c,agent_proposed,subaward_organization,,parameterized-budget:personnel,1,1,behavior:sha256:b7d1b7b391071b89b6f9ba05e25a54c1d1ebd3a5925193e1074ca5fed8b2ac46,runtime-rule:sha256:43674bc7ee46d28bf48e52f0e18615153fbc574510f5c6587fc0d401a88c4a75|runtime-rule:sha256:49786aa0ea3ec761094e20da135506fb16381bec017290f0e59fbaa864a0df54,calculation|guidance,string,xsd_declared_type,glob:DecimalMin1Max14Places2Type,https://apply07.grants.gov/apply/forms/schemas/RR_Budget10_3_0-V3.0.xsd,e9d004c15ffcbae04b65087cb0eff7e87b8eb8ba0ffd6bfb6aba5542e04708cc,sha256:0ed112b2e50f0e0c43423f690201b207f5b9c5a85349335260e4fd999f3a611a,false
RRSubawardBudget10_30,[Draft] R&R Subaward Budget Attachment(s) Form 10 YR 30 ATT,3.0,budget_attachments.rr_budget_10_3_0[].budget_year[].other_personnel.graduate_students.fringe_benefits,RR_SubawardBudget10_30_3_0.BudgetAttachments.RR_Budget10_3_0.BudgetYear.OtherPersonnel.GraduateStudents.FringeBenefits,Fringe Benefits Graduate Students,question,concept:budget:personnel:fringe-benefits,concept:budget:personnel:fringe-benefits,question:sha256:09be75c59429c5f2594e7b1adbe46d7c2f34c01d4c854ff71af8d4ef9d5824fe,agent_proposed,subaward_organization,,parameterized-budget:personnel,1,1,behavior:sha256:5883d6cbe561b273be8aecec3a5ada9948fdf6385f2bb4f0cd9852c04ca0815b,runtime-rule:sha256:081337d3e37eb5a7d5325efb4f023c8954af06b63181f77cf5395a9837eb07ad|runtime-rule:sha256:7265a0c5b0d25b6bd95f1087a6ea7372f05557bde688661b0cd34b4b0acce57b|runtime-rule:sha256:8c2ca4342640faee0d2a12859b38de544b4d55e49afa845470762be04f1102fe|runtime-rule:sha256:da605c20f2f9404e937d06480effe6ce72b0dcfc7c6d0c1f9207770e9828291f|runtime-rule:sha256:eff640e497c83ef2c64cb6bfa8f428bfae5872c03d09c5da93a7cae4fcdb0e4c,calculation|condition|guidance,string,xsd_declared_type,glob:DecimalMin1Max14Places2Type,https://apply07.grants.gov/apply/forms/schemas/RR_Budget10_3_0-V3.0.xsd,e9d004c15ffcbae04b65087cb0eff7e87b8eb8ba0ffd6bfb6aba5542e04708cc,sha256:0ed112b2e50f0e0c43423f690201b207f5b9c5a85349335260e4fd999f3a611a,false
RRSubawardBudget10_30,[Draft] R&R Subaward Budget Attachment(s) Form 10 YR 30 ATT,3.0,budget_attachments.rr_budget_10_3_0[].budget_year[].other_personnel.other[].fringe_benefits,RR_SubawardBudget10_30_3_0.BudgetAttachments.RR_Budget10_3_0.BudgetYear.OtherPersonnel.Other.FringeBenefits,Fringe Benefits Additional Project Role,question,concept:budget:personnel:fringe-benefits,concept:budget:personnel:fringe-benefits,question:sha256:d1d527d06d8048bb775c413c2de2597a75eeda71ed855408de3b5cd4ccc0c011,agent_proposed,subaward_organization,,parameterized-budget:personnel,1,1,behavior:sha256:7e6db1b924cfc08655f6c76ed698b3acd953853baa45e064bd4a5d1bec3e4928,runtime-rule:sha256:45cba18172eb5923115b23bf927fe33a0b1978ab56e14a1a5f84eeb5587f26d7|runtime-rule:sha256:c151cdf8ac75dfd61f6054b8ccc49ebeea3fa6a6091b578cb3f77467989cece7|runtime-rule:sha256:c97a6af69e68afeb82ab55196d37a638be04084d1d9b7a66394838d057f6a727|runtime-rule:sha256:d7c1150d598b30b686e671c3879d587e1d8c34eef7fdd950887fdf1a5f4c4d7d|runtime-rule:sha256:da4d90cce30bcecef0b3796046e7026e2ded5800bc247ca1993880ba4f2ff897|runtime-rule:sha256:e0689f277f837d470854b2d461d56841b1eb007043d2fdfd94927a8acc407b36,calculation|condition|guidance,string,xsd_declared_type,glob:DecimalMin1Max14Places2Type,https://apply07.grants.gov/apply/forms/schemas/RR_Budget10_3_0-V3.0.xsd,e9d004c15ffcbae04b65087cb0eff7e87b8eb8ba0ffd6bfb6aba5542e04708cc,sha256:0ed112b2e50f0e0c43423f690201b207f5b9c5a85349335260e4fd999f3a611a,false
RRSubawardBudget10_30,[Draft] R&R Subaward Budget Attachment(s) Form 10 YR 30 ATT,3.0,budget_attachments.rr_budget_10_3_0[].budget_year[].other_personnel.post_doc_associates.fringe_benefits,RR_SubawardBudget10_30_3_0.BudgetAttachments.RR_Budget10_3_0.BudgetYear.OtherPersonnel.PostDocAssociates.FringeBenefits,Fringe Benefits Post Doctoral Associates,question,concept:budget:personnel:fringe-benefits,concept:budget:personnel:fringe-benefits,question:sha256:117cd50d803445ea4a7448a6ec6d4a1084d7d0df0e1aea40351d64d61d2ae80f,agent_proposed,subaward_organization,,parameterized-budget:personnel,1,1,behavior:sha256:3d22c08e0406860e88fd6cecdac2e8e6afc74f051ffaf011dbd3de4c7e326a0f,runtime-rule:sha256:1979b860748ea8aa561eeaf92a61c6f7ecb4bf030ce976f25531f8c4c12cfb83|runtime-rule:sha256:3d5c4a6f39a7ad7712a2011fce7558b8d495fe75c9e2332cbb47ce84c7b1deea|runtime-rule:sha256:6e067f6ff8017e5ee4d327e83fee888e671ef5e237bfcdb4149308e4b68f4a26|runtime-rule:sha256:7d641898a33d7dad239f460b9707b804f22a889bb40142426758fc48aec8a928|runtime-rule:sha256:ed987a9ebf1c56c054e0496f52f1ce3d3095b0225e3199a782b298ce22f81cac,calculation|condition|guidance,string,xsd_declared_type,glob:DecimalMin1Max14Places2Type,https://apply07.grants.gov/apply/forms/schemas/RR_Budget10_3_0-V3.0.xsd,e9d004c15ffcbae04b65087cb0eff7e87b8eb8ba0ffd6bfb6aba5542e04708cc,sha256:0ed112b2e50f0e0c43423f690201b207f5b9c5a85349335260e4fd999f3a611a,false
RRSubawardBudget10_30,[Draft] R&R Subaward Budget Attachment(s) Form 10 YR 30 ATT,3.0,budget_attachments.rr_budget_10_3_0[].budget_year[].other_personnel.secretarial_clerical.fringe_benefits,RR_SubawardBudget10_30_3_0.BudgetAttachments.RR_Budget10_3_0.BudgetYear.OtherPersonnel.SecretarialClerical.FringeBenefits,Fringe Benefits Secretarial/Clerical,question,concept:budget:personnel:fringe-benefits,concept:budget:personnel:fringe-benefits,question:sha256:ef1d509adc8d245a64308863af2cafd22a3d7132cf89d24a110d8f47d3bbd649,agent_proposed,subaward_organization,,parameterized-budget:personnel,1,1,behavior:sha256:d32915e856bc30a29c74b239b721d264e32d2fc7ee89bc150afc94e7dc81ae11,runtime-rule:sha256:408d9412fbd644b40fabc76d1f2acebe6385f8255e72fd13133bf210485a3347|runtime-rule:sha256:42e41470b2b1000a90e4e8e8e8bbe9a3183ff9a97824ed9371a5be65f95757ad|runtime-rule:sha256:9ab72cf0ab09fb5fadfba653454c2b280b14477ef263866838150f651b681f01|runtime-rule:sha256:d603cf73c2fa8d3cbe1e9ac896fed1b537676212d7910f872bc598168c279284|runtime-rule:sha256:d9e38119401ea5d6e04cb9c86adc262415f945df89783698bbfeb5a14bf3b12c,calculation|condition|guidance,string,xsd_declared_type,glob:DecimalMin1Max14Places2Type,https://apply07.grants.gov/apply/forms/schemas/RR_Budget10_3_0-V3.0.xsd,e9d004c15ffcbae04b65087cb0eff7e87b8eb8ba0ffd6bfb6aba5542e04708cc,sha256:0ed112b2e50f0e0c43423f690201b207f5b9c5a85349335260e4fd999f3a611a,false
RRSubawardBudget10_30,[Draft] R&R Subaward Budget Attachment(s) Form 10 YR 30 ATT,3.0,budget_attachments.rr_budget_10_3_0[].budget_year[].other_personnel.undergraduate_students.fringe_benefits,RR_SubawardBudget10_30_3_0.BudgetAttachments.RR_Budget10_3_0.BudgetYear.OtherPersonnel.UndergraduateStudents.FringeBenefits,Fringe Benefits Undergraduate Students,question,concept:budget:personnel:fringe-benefits,concept:budget:personnel:fringe-benefits,question:sha256:0659ca003727f0606713e71417a5b84c9780449c1dfee81b3b33092e3f6ac396,agent_proposed,subaward_organization,,parameterized-budget:personnel,1,1,behavior:sha256:f8c55a5cdf4c0be367f9bfe1448d321a0ef1f1df6a5112e250b6f1055fa13a1e,runtime-rule:sha256:340aca5fcacf91b37cf3f584fa90bee44aecf2f326f68b169d7d48112a31f2a3|runtime-rule:sha256:6f634a81bb0f487ce0b11cdae28f79a3c2bc93a986a4115b8cca56362322a831|runtime-rule:sha256:738f1001b800667a14e295143b98cf28bb081096de72cba39e0c997958b03b8f|runtime-rule:sha256:ebafce262a56fd44be221ee52304438f4b5de936636182a25248335bef7b95e7|runtime-rule:sha256:fef219fde0f42b214965883376341f7ee241465be12eb6089de60b26e31c460c,calculation|condition|guidance,string,xsd_declared_type,glob:DecimalMin1Max14Places2Type,https://apply07.grants.gov/apply/forms/schemas/RR_Budget10_3_0-V3.0.xsd,e9d004c15ffcbae04b65087cb0eff7e87b8eb8ba0ffd6bfb6aba5542e04708cc,sha256:0ed112b2e50f0e0c43423f690201b207f5b9c5a85349335260e4fd999f3a611a,false
RRSubawardBudget10_30,[Draft] R&R Subaward Budget Attachment(s) Form 10 YR 30 ATT,3.0,budget_attachments.rr_budget_10_3_0[].budget_year[].key_persons.key_person[].requested_salary,RR_SubawardBudget10_30_3_0.BudgetAttachments.RR_Budget10_3_0.BudgetYear.KeyPersons.KeyPerson.RequestedSalary,Senior/Key Person Requested Salary,question,concept:budget:personnel:requested-salary,concept:budget:personnel:requested-salary,question:sha256:90b09916b26a606d45d43883418daeb56da4aee708fe75f712936ab3856afb8c,agent_proposed,subaward_organization,,parameterized-budget:personnel,1,1,behavior:sha256:615b64249790d187c447e3abbfed6d41131ce9792f8444ecf56f69a606e67087,runtime-rule:sha256:31d219dcfa41ae360b63e8834a6b4a19d0e457d4be008c7d7f7e2157f072584e|runtime-rule:sha256:43674bc7ee46d28bf48e52f0e18615153fbc574510f5c6587fc0d401a88c4a75,calculation|guidance,string,xsd_declared_type,glob:DecimalMin1Max14Places2Type,https://apply07.grants.gov/apply/forms/schemas/RR_Budget10_3_0-V3.0.xsd,e9d004c15ffcbae04b65087cb0eff7e87b8eb8ba0ffd6bfb6aba5542e04708cc,sha256:0ed112b2e50f0e0c43423f690201b207f5b9c5a85349335260e4fd999f3a611a,false
RRSubawardBudget10_30,[Draft] R&R Subaward Budget Attachment(s) Form 10 YR 30 ATT,3.0,budget_attachments.rr_budget_10_3_0[].budget_year[].other_personnel.graduate_students.requested_salary,RR_SubawardBudget10_30_3_0.BudgetAttachments.RR_Budget10_3_0.BudgetYear.OtherPersonnel.GraduateStudents.RequestedSalary,Requested Salary Graduate Students,question,concept:budget:personnel:requested-salary,concept:budget:personnel:requested-salary,question:sha256:95f7c00e088a4c0de21e4e3ab8eee2df1788b3847d37bfc72893ff16f785d153,agent_proposed,subaward_organization,,parameterized-budget:personnel,1,1,behavior:sha256:7b326531cd05895bc8b8b8f28ea66a1fba9c88364468b903d4f2031cc9a49869,runtime-rule:sha256:081337d3e37eb5a7d5325efb4f023c8954af06b63181f77cf5395a9837eb07ad|runtime-rule:sha256:7265a0c5b0d25b6bd95f1087a6ea7372f05557bde688661b0cd34b4b0acce57b|runtime-rule:sha256:8c2ca4342640faee0d2a12859b38de544b4d55e49afa845470762be04f1102fe|runtime-rule:sha256:da605c20f2f9404e937d06480effe6ce72b0dcfc7c6d0c1f9207770e9828291f|runtime-rule:sha256:f5eb1767d189178024891c9744395a29f18526062c5d4b1623cabc3639f32d4c,calculation|condition|guidance,string,xsd_declared_type,glob:DecimalMin1Max14Places2Type,https://apply07.grants.gov/apply/forms/schemas/RR_Budget10_3_0-V3.0.xsd,e9d004c15ffcbae04b65087cb0eff7e87b8eb8ba0ffd6bfb6aba5542e04708cc,sha256:0ed112b2e50f0e0c43423f690201b207f5b9c5a85349335260e4fd999f3a611a,false
RRSubawardBudget10_30,[Draft] R&R Subaward Budget Attachment(s) Form 10 YR 30 ATT,3.0,budget_attachments.rr_budget_10_3_0[].budget_year[].other_personnel.other[].requested_salary,RR_SubawardBudget10_30_3_0.BudgetAttachments.RR_Budget10_3_0.BudgetYear.OtherPersonnel.Other.RequestedSalary,Requested Salary Additional Project Role,question,concept:budget:personnel:requested-salary,concept:budget:personnel:requested-salary,question:sha256:5288042eab0c54d8972f6579efb111fb7e2508c733e168e49584a6ee4ab0baf7,agent_proposed,subaward_organization,,parameterized-budget:personnel,1,1,behavior:sha256:edc4a7bf115fd9198ba6a17eda18cec1e6b3c3bc2c7519b61634dfc11cb09b6b,runtime-rule:sha256:45cba18172eb5923115b23bf927fe33a0b1978ab56e14a1a5f84eeb5587f26d7|runtime-rule:sha256:c151cdf8ac75dfd61f6054b8ccc49ebeea3fa6a6091b578cb3f77467989cece7|runtime-rule:sha256:c6cfe5d38b97972994ced003b94d064546ab76ee8e956a22ebac84eef929afd8|runtime-rule:sha256:c97a6af69e68afeb82ab55196d37a638be04084d1d9b7a66394838d057f6a727|runtime-rule:sha256:d7c1150d598b30b686e671c3879d587e1d8c34eef7fdd950887fdf1a5f4c4d7d|runtime-rule:sha256:e0689f277f837d470854b2d461d56841b1eb007043d2fdfd94927a8acc407b36,calculation|condition|guidance,string,xsd_declared_type,glob:DecimalMin1Max14Places2Type,https://apply07.grants.gov/apply/forms/schemas/RR_Budget10_3_0-V3.0.xsd,e9d004c15ffcbae04b65087cb0eff7e87b8eb8ba0ffd6bfb6aba5542e04708cc,sha256:0ed112b2e50f0e0c43423f690201b207f5b9c5a85349335260e4fd999f3a611a,false
RRSubawardBudget10_30,[Draft] R&R Subaward Budget Attachment(s) Form 10 YR 30 ATT,3.0,budget_attachments.rr_budget_10_3_0[].budget_year[].other_personnel.post_doc_associates.requested_salary,RR_SubawardBudget10_30_3_0.BudgetAttachments.RR_Budget10_3_0.BudgetYear.OtherPersonnel.PostDocAssociates.RequestedSalary,Requested Salary Post Doctoral Associates,question,concept:budget:personnel:requested-salary,concept:budget:personnel:requested-salary,question:sha256:224f0aac361d9f63809bec53bd5a8257c294863e90357eb8d2097ab20db4edef,agent_proposed,subaward_organization,,parameterized-budget:personnel,1,1,behavior:sha256:e74a5a964bb5c5f8f412c5a2280290bfb4e494ade27b8d18831dddb4fe021dcd,runtime-rule:sha256:1979b860748ea8aa561eeaf92a61c6f7ecb4bf030ce976f25531f8c4c12cfb83|runtime-rule:sha256:3d5c4a6f39a7ad7712a2011fce7558b8d495fe75c9e2332cbb47ce84c7b1deea|runtime-rule:sha256:4d2ffac7cabd7a88cc634970174e2826ca31b7c850a46473bfe083a9eb2fb83d|runtime-rule:sha256:6e067f6ff8017e5ee4d327e83fee888e671ef5e237bfcdb4149308e4b68f4a26|runtime-rule:sha256:ed987a9ebf1c56c054e0496f52f1ce3d3095b0225e3199a782b298ce22f81cac,calculation|condition|guidance,string,xsd_declared_type,glob:DecimalMin1Max14Places2Type,https://apply07.grants.gov/apply/forms/schemas/RR_Budget10_3_0-V3.0.xsd,e9d004c15ffcbae04b65087cb0eff7e87b8eb8ba0ffd6bfb6aba5542e04708cc,sha256:0ed112b2e50f0e0c43423f690201b207f5b9c5a85349335260e4fd999f3a611a,false
RRSubawardBudget10_30,[Draft] R&R Subaward Budget Attachment(s) Form 10 YR 30 ATT,3.0,budget_attachments.rr_budget_10_3_0[].budget_year[].other_personnel.secretarial_clerical.requested_salary,RR_SubawardBudget10_30_3_0.BudgetAttachments.RR_Budget10_3_0.BudgetYear.OtherPersonnel.SecretarialClerical.RequestedSalary,Requested Salary Secretarial/Clerical,question,concept:budget:personnel:requested-salary,concept:budget:personnel:requested-salary,question:sha256:5f2ed5a145a5135d305fc379e9968f21187eff6dfb82c69bbcb2bec99fecb08f,agent_proposed,subaward_organization,,parameterized-budget:personnel,1,1,behavior:sha256:140c4a25eb96e7e21151964264dd3c6c6ca308ac72ea4883f54ecdbbaf7d8b21,runtime-rule:sha256:408d9412fbd644b40fabc76d1f2acebe6385f8255e72fd13133bf210485a3347|runtime-rule:sha256:42e41470b2b1000a90e4e8e8e8bbe9a3183ff9a97824ed9371a5be65f95757ad|runtime-rule:sha256:6c48d062ef847f0d6782e8d5a735f6d20bbe9be3d8727002bbeedaf8ae1bf953|runtime-rule:sha256:9ab72cf0ab09fb5fadfba653454c2b280b14477ef263866838150f651b681f01|runtime-rule:sha256:d603cf73c2fa8d3cbe1e9ac896fed1b537676212d7910f872bc598168c279284,calculation|condition|guidance,string,xsd_declared_type,glob:DecimalMin1Max14Places2Type,https://apply07.grants.gov/apply/forms/schemas/RR_Budget10_3_0-V3.0.xsd,e9d004c15ffcbae04b65087cb0eff7e87b8eb8ba0ffd6bfb6aba5542e04708cc,sha256:0ed112b2e50f0e0c43423f690201b207f5b9c5a85349335260e4fd999f3a611a,false
RRSubawardBudget10_30,[Draft] R&R Subaward Budget Attachment(s) Form 10 YR 30 ATT,3.0,budget_attachments.rr_budget_10_3_0[].budget_year[].other_personnel.undergraduate_students.requested_salary,RR_SubawardBudget10_30_3_0.BudgetAttachments.RR_Budget10_3_0.BudgetYear.OtherPersonnel.UndergraduateStudents.RequestedSalary,Requested Salary Undergraduate Students,question,concept:budget:personnel:requested-salary,concept:budget:personnel:requested-salary,question:sha256:828831f2bb16bdbfdd0ba5f4ea4e8086200d7e28105f8e6ac55737060d38e10c,agent_proposed,subaward_organization,,parameterized-budget:personnel,1,1,behavior:sha256:b90432f266c9d1be5093af2a40a9bc05d0197fe547a87178189e04afcbc0b410,runtime-rule:sha256:340aca5fcacf91b37cf3f584fa90bee44aecf2f326f68b169d7d48112a31f2a3|runtime-rule:sha256:6f634a81bb0f487ce0b11cdae28f79a3c2bc93a986a4115b8cca56362322a831|runtime-rule:sha256:738f1001b800667a14e295143b98cf28bb081096de72cba39e0c997958b03b8f|runtime-rule:sha256:a47165025f17a97ef5607b463aacf98eaf0610c33161e8c9bf9a464651e701be|runtime-rule:sha256:ebafce262a56fd44be221ee52304438f4b5de936636182a25248335bef7b95e7,calculation|condition|guidance,string,xsd_declared_type,glob:DecimalMin1Max14Places2Type,https://apply07.grants.gov/apply/forms/schemas/RR_Budget10_3_0-V3.0.xsd,e9d004c15ffcbae04b65087cb0eff7e87b8eb8ba0ffd6bfb6aba5542e04708cc,sha256:0ed112b2e50f0e0c43423f690201b207f5b9c5a85349335260e4fd999f3a611a,false
RRSubawardBudget10_30,[Draft] R&R Subaward Budget Attachment(s) Form 10 YR 30 ATT,3.0,budget_attachments.rr_budget_10_3_0[].budget_year[].key_persons.key_person[].summer_months,RR_SubawardBudget10_30_3_0.BudgetAttachments.RR_Budget10_3_0.BudgetYear.KeyPersons.KeyPerson.SummerMonths,Senior/Key Person Summer Months,question,concept:budget:personnel:summer-months,concept:budget:personnel:summer-months,question:sha256:230b21e4dde1a16c54d599680a7b36cefb35c3134c609eca19bc93db08b7b786,agent_proposed,subaward_organization,,parameterized-budget:personnel,0,1,behavior:sha256:95d7486f78baed16c6a5464363b5027a3daa83663c932d80bf379ff302896a83,,,string,xsd_declared_type,RR_Budget10_3_0:Month2whole2fracDataType,https://apply07.grants.gov/apply/forms/schemas/RR_Budget10_3_0-V3.0.xsd,e9d004c15ffcbae04b65087cb0eff7e87b8eb8ba0ffd6bfb6aba5542e04708cc,sha256:0ed112b2e50f0e0c43423f690201b207f5b9c5a85349335260e4fd999f3a611a,false
RRSubawardBudget10_30,[Draft] R&R Subaward Budget Attachment(s) Form 10 YR 30 ATT,3.0,budget_attachments.rr_budget_10_3_0[].budget_year[].other_personnel.graduate_students.summer_months,RR_SubawardBudget10_30_3_0.BudgetAttachments.RR_Budget10_3_0.BudgetYear.OtherPersonnel.GraduateStudents.SummerMonths,Summer Months Graduate Students,question,concept:budget:personnel:summer-months,concept:budget:personnel:summer-months,question:sha256:2dc637bdaa1b3152119cc645482301549d60fd34eb6a2cb071f6029922849028,agent_proposed,subaward_organization,,parameterized-budget:personnel,0,1,behavior:sha256:e9afd5d91be659ed72b9a28cd846e6b31a00d74b7eccf399e3ce37a38e0f45c6,runtime-rule:sha256:081337d3e37eb5a7d5325efb4f023c8954af06b63181f77cf5395a9837eb07ad|runtime-rule:sha256:8c2ca4342640faee0d2a12859b38de544b4d55e49afa845470762be04f1102fe|runtime-rule:sha256:da605c20f2f9404e937d06480effe6ce72b0dcfc7c6d0c1f9207770e9828291f,condition,string,xsd_declared_type,RR_Budget10_3_0:Month3whole2fracDataType,https://apply07.grants.gov/apply/forms/schemas/RR_Budget10_3_0-V3.0.xsd,e9d004c15ffcbae04b65087cb0eff7e87b8eb8ba0ffd6bfb6aba5542e04708cc,sha256:0ed112b2e50f0e0c43423f690201b207f5b9c5a85349335260e4fd999f3a611a,false
RRSubawardBudget10_30,[Draft] R&R Subaward Budget Attachment(s) Form 10 YR 30 ATT,3.0,budget_attachments.rr_budget_10_3_0[].budget_year[].other_personnel.other[].summer_months,RR_SubawardBudget10_30_3_0.BudgetAttachments.RR_Budget10_3_0.BudgetYear.OtherPersonnel.Other.SummerMonths,Summer Months Additional Project Role,question,concept:budget:personnel:summer-months,concept:budget:personnel:summer-months,question:sha256:6308432cfd99425769b433cd572cb8f0f3467c6921181af6ed387d2dac024a4a,agent_proposed,subaward_organization,,parameterized-budget:personnel,0,1,behavior:sha256:54deb134e3980300934eb16f087ff3127b7db46ce5b63998912d3cd5fd53957c,runtime-rule:sha256:45cba18172eb5923115b23bf927fe33a0b1978ab56e14a1a5f84eeb5587f26d7|runtime-rule:sha256:c151cdf8ac75dfd61f6054b8ccc49ebeea3fa6a6091b578cb3f77467989cece7|runtime-rule:sha256:d7c1150d598b30b686e671c3879d587e1d8c34eef7fdd950887fdf1a5f4c4d7d|runtime-rule:sha256:e0689f277f837d470854b2d461d56841b1eb007043d2fdfd94927a8acc407b36,condition,string,xsd_declared_type,RR_Budget10_3_0:Month3whole2fracDataType,https://apply07.grants.gov/apply/forms/schemas/RR_Budget10_3_0-V3.0.xsd,e9d004c15ffcbae04b65087cb0eff7e87b8eb8ba0ffd6bfb6aba5542e04708cc,sha256:0ed112b2e50f0e0c43423f690201b207f5b9c5a85349335260e4fd999f3a611a,false
RRSubawardBudget10_30,[Draft] R&R Subaward Budget Attachment(s) Form 10 YR 30 ATT,3.0,budget_attachments.rr_budget_10_3_0[].budget_year[].other_personnel.post_doc_associates.summer_months,RR_SubawardBudget10_30_3_0.BudgetAttachments.RR_Budget10_3_0.BudgetYear.OtherPersonnel.PostDocAssociates.SummerMonths,Summer Months Post Doctoral Associates,question,concept:budget:personnel:summer-months,concept:budget:personnel:summer-months,question:sha256:7306d67b453a1e5bdc6c8c7886a1c903b363dea10602b73ca557bbbe8d4dcdb4,agent_proposed,subaward_organization,,parameterized-budget:personnel,0,1,behavior:sha256:770c0de9220fc50980ab9d817db4adde04980db8e25d2b81c209709696d4e345,runtime-rule:sha256:1979b860748ea8aa561eeaf92a61c6f7ecb4bf030ce976f25531f8c4c12cfb83|runtime-rule:sha256:6e067f6ff8017e5ee4d327e83fee888e671ef5e237bfcdb4149308e4b68f4a26|runtime-rule:sha256:ed987a9ebf1c56c054e0496f52f1ce3d3095b0225e3199a782b298ce22f81cac,condition,string,xsd_declared_type,RR_Budget10_3_0:Month3whole2fracDataType,https://apply07.grants.gov/apply/forms/schemas/RR_Budget10_3_0-V3.0.xsd,e9d004c15ffcbae04b65087cb0eff7e87b8eb8ba0ffd6bfb6aba5542e04708cc,sha256:0ed112b2e50f0e0c43423f690201b207f5b9c5a85349335260e4fd999f3a611a,false
RRSubawardBudget10_30,[Draft] R&R Subaward Budget Attachment(s) Form 10 YR 30 ATT,3.0,budget_attachments.rr_budget_10_3_0[].budget_year[].other_personnel.secretarial_clerical.summer_months,RR_SubawardBudget10_30_3_0.BudgetAttachments.RR_Budget10_3_0.BudgetYear.OtherPersonnel.SecretarialClerical.SummerMonths,Summer Months Secretarial/Clerical,question,concept:budget:personnel:summer-months,concept:budget:personnel:summer-months,question:sha256:2923d086a32f4150cf078f495d08d1887127ee24ffe111683d49b26b46079242,agent_proposed,subaward_organization,,parameterized-budget:personnel,0,1,behavior:sha256:7750f860a26ee12510ec94a512d7928bb71e0d4f21b64072926d051df4385b07,runtime-rule:sha256:408d9412fbd644b40fabc76d1f2acebe6385f8255e72fd13133bf210485a3347|runtime-rule:sha256:9ab72cf0ab09fb5fadfba653454c2b280b14477ef263866838150f651b681f01|runtime-rule:sha256:d603cf73c2fa8d3cbe1e9ac896fed1b537676212d7910f872bc598168c279284,condition,string,xsd_declared_type,RR_Budget10_3_0:Month3whole2fracDataType,https://apply07.grants.gov/apply/forms/schemas/RR_Budget10_3_0-V3.0.xsd,e9d004c15ffcbae04b65087cb0eff7e87b8eb8ba0ffd6bfb6aba5542e04708cc,sha256:0ed112b2e50f0e0c43423f690201b207f5b9c5a85349335260e4fd999f3a611a,false
RRSubawardBudget10_30,[Draft] R&R Subaward Budget Attachment(s) Form 10 YR 30 ATT,3.0,budget_attachments.rr_budget_10_3_0[].budget_year[].other_personnel.undergraduate_students.summer_months,RR_SubawardBudget10_30_3_0.BudgetAttachments.RR_Budget10_3_0.BudgetYear.OtherPersonnel.UndergraduateStudents.SummerMonths,Summer Months Undergraduate Students,question,concept:budget:personnel:summer-months,concept:budget:personnel:summer-months,question:sha256:c07c724050ff1e59318d2c17c4fbc44a51d1a62fdab296d56a6860ea240a18eb,agent_proposed,subaward_organization,,parameterized-budget:personnel,0,1,behavior:sha256:d19ec7e0dd5040d9adbd9558584077bc5a6059720eae8d6d1980f8e182d33a51,runtime-rule:sha256:6f634a81bb0f487ce0b11cdae28f79a3c2bc93a986a4115b8cca56362322a831|runtime-rule:sha256:738f1001b800667a14e295143b98cf28bb081096de72cba39e0c997958b03b8f|runtime-rule:sha256:ebafce262a56fd44be221ee52304438f4b5de936636182a25248335bef7b95e7,condition,string,xsd_declared_type,RR_Budget10_3_0:Month3whole2fracDataType,https://apply07.grants.gov/apply/forms/schemas/RR_Budget10_3_0-V3.0.xsd,e9d004c15ffcbae04b65087cb0eff7e87b8eb8ba0ffd6bfb6aba5542e04708cc,sha256:0ed112b2e50f0e0c43423f690201b207f5b9c5a85349335260e4fd999f3a611a,false
RRSubawardBudget10_30,[Draft] R&R Subaward Budget Attachment(s) Form 10 YR 30 ATT,3.0,budget_attachments.rr_budget_10_3_0[].budget_year[].equipment.total_fund_for_attached_equipment,RR_SubawardBudget10_30_3_0.BudgetAttachments.RR_Budget10_3_0.BudgetYear.Equipment.TotalFundForAttachedEquipment,Total funds requested for all equipment listed in the attached file,question,concept:budget:research:attached-equipment-total,concept:budget:research:attached-equipment-total,question:sha256:482f072da2ddb10cd83d76e7a3a3b343d10fd6ac64b0772c34a3c8a596bb33dc,agent_proposed,subaward_organization,,parameterized-budget:cost-category,0,1,behavior:sha256:d6ed03ab5ae99117d1356dbc4b57ffe3e6fe5c0235636b25884d0872c328ef99,runtime-rule:sha256:690a3d37d771f245dc1901d7d0e78f17e937da9aede3097fa2c0994d06bc89ae|runtime-rule:sha256:cb42755df81675c40751102ecdf7cced3c9fd90b0d98af6fefcfdbd688d1fe5c,condition|guidance,string,xsd_declared_type,glob:DecimalMin1Max14Places2Type,https://apply07.grants.gov/apply/forms/schemas/RR_Budget10_3_0-V3.0.xsd,e9d004c15ffcbae04b65087cb0eff7e87b8eb8ba0ffd6bfb6aba5542e04708cc,sha256:0ed112b2e50f0e0c43423f690201b207f5b9c5a85349335260e4fd999f3a611a,false
RRSubawardBudget10_30,[Draft] R&R Subaward Budget Attachment(s) Form 10 YR 30 ATT,3.0,budget_attachments.rr_budget_10_3_0[].budget_year[].key_persons.total_fund_for_attached_key_persons,RR_SubawardBudget10_30_3_0.BudgetAttachments.RR_Budget10_3_0.BudgetYear.KeyPersons.TotalFundForAttachedKeyPersons,Total Funds requested for all Senior Key Persons in the attached file,question,concept:budget:research:attached-key-person-total,concept:budget:research:attached-key-person-total,question:sha256:d7c27af4db5ee1eb522cb54f22d24b4a5f995b2692dd8bef7e065d26f95aded3,agent_proposed,subaward_organization,,parameterized-budget:personnel,0,1,behavior:sha256:1e7c4345bccf8bd8d632f9b80e035a6a0a68c81740a50034a6f5f5139100d55a,runtime-rule:sha256:4307d8296d74c911934b8cd25580856bc8534e14aacbd8859b9fb4c9992ee35b|runtime-rule:sha256:df71112f6678676e8baa925b39240f885ced6bce38392a02ee04dc4baf7c1774,condition|guidance,string,xsd_declared_type,glob:DecimalMin1Max15Places2Type,https://apply07.grants.gov/apply/forms/schemas/RR_Budget10_3_0-V3.0.xsd,e9d004c15ffcbae04b65087cb0eff7e87b8eb8ba0ffd6bfb6aba5542e04708cc,sha256:0ed112b2e50f0e0c43423f690201b207f5b9c5a85349335260e4fd999f3a611a,false
RRSubawardBudget10_30,[Draft] R&R Subaward Budget Attachment(s) Form 10 YR 30 ATT,3.0,budget_attachments.rr_budget_10_3_0[].budget_type,RR_SubawardBudget10_30_3_0.BudgetAttachments.RR_Budget10_3_0.BudgetType,Budget Type:,question,concept:budget:research:budget-type,concept:budget:research:budget-type,question:sha256:8e7a0f5c516ca1df2f37e448f0ac74c35bde0da4271cd36cdc26b6c1e13bc4e0,agent_proposed,subaward_organization,,parameterized-budget:form-shell,1,1,behavior:sha256:3318319185313234932aa13bf12d79472447e8be07d625403fcfc08c869117d4|behavior:sha256:7bc693a6372cd0fea1db9d81aba24e8887a2f0ae6d05f1a85f97cc2d54064524|behavior:sha256:f4178488055e44a993934a7149f22caa760d74cca2a9ee730bc07b990cdaa07e,runtime-rule:sha256:5559ed4f0517d467dba29be55210c6425fa87e42e1511db21b8966c08ce10a08,guidance,string,xsd_declared_type,RR_Budget10_3_0:BudgetTypeDataType,https://apply07.grants.gov/apply/forms/schemas/RR_Budget10_3_0-V3.0.xsd,e9d004c15ffcbae04b65087cb0eff7e87b8eb8ba0ffd6bfb6aba5542e04708cc,sha256:0ed112b2e50f0e0c43423f690201b207f5b9c5a85349335260e4fd999f3a611a,false
RRSubawardBudget10_30,[Draft] R&R Subaward Budget Attachment(s) Form 10 YR 30 ATT,3.0,budget_attachments.rr_budget_10_3_0[].budget_year[].participant_trainee_support_costs.participant_trainee_number,RR_SubawardBudget10_30_3_0.BudgetAttachments.RR_Budget10_3_0.BudgetYear.ParticipantTraineeSupportCosts.ParticipantTraineeNumber,Number of Participants/Trainees,question,concept:budget:trainee:count,concept:budget:trainee:count,question:sha256:77a5cb3b14e0449cc33100b37dca121fe5063895c1bed3841272e888cb43ac7e,agent_proposed,subaward_organization,,parameterized-budget:cost-category,0,1,behavior:sha256:5e09fe81fe13a3fd00b39a86eae044f7c7aa722f6608cc137b57b046d3f37ed8,runtime-rule:sha256:a4281e9be614630b4075d27a3b9945cd9769d2be85cfd6d88ecdda196b414992,calculation,integer,xsd_declared_type,RR_Budget10_3_0:Int4DataType,https://apply07.grants.gov/apply/forms/schemas/RR_Budget10_3_0-V3.0.xsd,e9d004c15ffcbae04b65087cb0eff7e87b8eb8ba0ffd6bfb6aba5542e04708cc,sha256:0ed112b2e50f0e0c43423f690201b207f5b9c5a85349335260e4fd999f3a611a,false
RRSubawardBudget10_30,[Draft] R&R Subaward Budget Attachment(s) Form 10 YR 30 ATT,3.0,budget_attachments.rr_budget_10_3_0[].budget_year[].participant_trainee_support_costs.stipends,RR_SubawardBudget10_30_3_0.BudgetAttachments.RR_Budget10_3_0.BudgetYear.ParticipantTraineeSupportCosts.Stipends,2. Stipends,question,concept:budget:trainee:stipends,concept:budget:trainee:stipends,question:sha256:c7919fcd73123ef36dfa013f8bac132c69eaacf05ccb92acaacf8910a557a1a0,agent_proposed,subaward_organization,,parameterized-budget:cost-category,0,1,behavior:sha256:18fc217a00655f8d1a0f0eb24ba3151c872fba18457fd863cebd9fe3c69294c1,runtime-rule:sha256:a4c295ea01694b3fb9c1127b51041eb32f0d59fcf3079630e7bacf81ca0baac8,guidance,string,xsd_declared_type,glob:DecimalMin1Max14Places2Type,https://apply07.grants.gov/apply/forms/schemas/RR_Budget10_3_0-V3.0.xsd,e9d004c15ffcbae04b65087cb0eff7e87b8eb8ba0ffd6bfb6aba5542e04708cc,sha256:0ed112b2e50f0e0c43423f690201b207f5b9c5a85349335260e4fd999f3a611a,false
RRSubawardBudget10_30,[Draft] R&R Subaward Budget Attachment(s) Form 10 YR 30 ATT,3.0,budget_attachments.rr_budget_10_3_0[].budget_year[].participant_trainee_support_costs.subsistence,RR_SubawardBudget10_30_3_0.BudgetAttachments.RR_Budget10_3_0.BudgetYear.ParticipantTraineeSupportCosts.Subsistence,4. Subsistence,question,concept:budget:trainee:subsistence,concept:budget:trainee:subsistence,question:sha256:a5730654a44bdfcf6c71461d07620c109b6d139ecda2765ecf8639b41b956acb,agent_proposed,subaward_organization,,parameterized-budget:cost-category,0,1,behavior:sha256:daf24826a4a374c3f1d90facb297bd0cbf0249efcff1e700de68830b2b7bc1be,runtime-rule:sha256:95febf6907554e7ccb589f5bb53bdf2af585fb7d981f3fe87168ab6a1562bf55,guidance,string,xsd_declared_type,glob:DecimalMin1Max14Places2Type,https://apply07.grants.gov/apply/forms/schemas/RR_Budget10_3_0-V3.0.xsd,e9d004c15ffcbae04b65087cb0eff7e87b8eb8ba0ffd6bfb6aba5542e04708cc,sha256:0ed112b2e50f0e0c43423f690201b207f5b9c5a85349335260e4fd999f3a611a,false
RRSubawardBudget10_30,[Draft] R&R Subaward Budget Attachment(s) Form 10 YR 30 ATT,3.0,budget_attachments.rr_budget_10_3_0[].budget_year[].participant_trainee_support_costs.travel,RR_SubawardBudget10_30_3_0.BudgetAttachments.RR_Budget10_3_0.BudgetYear.ParticipantTraineeSupportCosts.Travel,3. Travel,question,concept:budget:trainee:travel,concept:budget:trainee:travel,question:sha256:a71c68cdb3ac052bd7b2d3c623079bf5afaf9c1163b45d70a4fc680fd88ca96f,agent_proposed,subaward_organization,,parameterized-budget:cost-category,0,1,behavior:sha256:262656af75da9697b2c16c86fa0051e1dabe851739bc3e0d7d73d1169353dea6,runtime-rule:sha256:2bf7debcddcc52594da3d8875e36e6df8779f14ab13306c1ad8949b7257a9665,guidance,string,xsd_declared_type,glob:DecimalMin1Max14Places2Type,https://apply07.grants.gov/apply/forms/schemas/RR_Budget10_3_0-V3.0.xsd,e9d004c15ffcbae04b65087cb0eff7e87b8eb8ba0ffd6bfb6aba5542e04708cc,sha256:0ed112b2e50f0e0c43423f690201b207f5b9c5a85349335260e4fd999f3a611a,false
RRSubawardBudget10_30,[Draft] R&R Subaward Budget Attachment(s) Form 10 YR 30 ATT,3.0,budget_attachments.rr_budget_10_3_0[].budget_year[].participant_trainee_support_costs.tuition_fee_health_insurance,RR_SubawardBudget10_30_3_0.BudgetAttachments.RR_Budget10_3_0.BudgetYear.ParticipantTraineeSupportCosts.TuitionFeeHealthInsurance,1. Tuition/Fees/Health Insurance,question,concept:budget:trainee:tuition-fees-insurance,concept:budget:trainee:tuition-fees-insurance,question:sha256:d9c0b0df6ad19ce11d0463135a69b7cc5a755e91cdeb82bbc51f97999a58d6ab,agent_proposed,subaward_organization,,parameterized-budget:cost-category,0,1,behavior:sha256:1000618e42c17ff2b25f10c008ae794e2387036c28037c4792511f195006ab29,runtime-rule:sha256:daaa60d85eed82f8bead583f4220c94bcae8536eae13599a3fce11abbcc50fd3,guidance,string,xsd_declared_type,glob:DecimalMin1Max14Places2Type,https://apply07.grants.gov/apply/forms/schemas/RR_Budget10_3_0-V3.0.xsd,e9d004c15ffcbae04b65087cb0eff7e87b8eb8ba0ffd6bfb6aba5542e04708cc,sha256:0ed112b2e50f0e0c43423f690201b207f5b9c5a85349335260e4fd999f3a611a,false
RRSubawardBudget10_30,[Draft] R&R Subaward Budget Attachment(s) Form 10 YR 30 ATT,3.0,budget_attachments.rr_budget_10_3_0[].budget_year[].travel.domestic_travel_cost,RR_SubawardBudget10_30_3_0.BudgetAttachments.RR_Budget10_3_0.BudgetYear.Travel.DomesticTravelCost,"1. Domestic Travel Costs ( Incl. Canada, Mexico and U.S. Possessions)",question,concept:budget:travel:domestic,concept:budget:travel:domestic,question:sha256:cb62b91fc5036814c70ac0eb8160aa059dd1f0f715dca32624c8af03ac461ed9,agent_proposed,subaward_organization,,parameterized-budget:cost-category,0,1,behavior:sha256:c12400eeaa13fd73203f2192eb3a6068686ee4c27ac9097d642787c05f4afee4,runtime-rule:sha256:0db2a0066a22638789f8ef5b47138167bd3b2bd6bda6fc44e8292de1e2a2a38c|runtime-rule:sha256:297d907b815b12bc870ff21e5dcf6b66dd9be4f23dc64bb379b65544ce07f065|runtime-rule:sha256:e3b3866d54cff47268a33c7390fd48ea1b90aebde02ad565f11b7a8fd862e156,calculation|guidance,string,xsd_declared_type,glob:DecimalMin1Max14Places2Type,https://apply07.grants.gov/apply/forms/schemas/RR_Budget10_3_0-V3.0.xsd,e9d004c15ffcbae04b65087cb0eff7e87b8eb8ba0ffd6bfb6aba5542e04708cc,sha256:0ed112b2e50f0e0c43423f690201b207f5b9c5a85349335260e4fd999f3a611a,false
RRSubawardBudget10_30,[Draft] R&R Subaward Budget Attachment(s) Form 10 YR 30 ATT,3.0,budget_attachments.rr_budget_10_3_0[].budget_year[].travel.foreign_travel_cost,RR_SubawardBudget10_30_3_0.BudgetAttachments.RR_Budget10_3_0.BudgetYear.Travel.ForeignTravelCost,2. Foreign Travel Costs,question,concept:budget:travel:foreign,concept:budget:travel:foreign,question:sha256:85085dc98936470f54fdfe3a82f006b7605e3671b518cb29ff5b3a28bdd17dc5,agent_proposed,subaward_organization,,parameterized-budget:cost-category,0,1,behavior:sha256:564a072ecad924c206b816234c351ef3248ccea35a263bcd8ccbbd837e1d23ea,runtime-rule:sha256:0db2a0066a22638789f8ef5b47138167bd3b2bd6bda6fc44e8292de1e2a2a38c|runtime-rule:sha256:2d91561f74dfb2bc99f93a8d7af978024de7d747d9b59bf9fc6f02e33b5c87f8|runtime-rule:sha256:b32d24bd135bd97e1f1906f31eaa5fcb9bc45a2b488df1165318f039d7c2faf0,calculation|guidance,string,xsd_declared_type,glob:DecimalMin1Max14Places2Type,https://apply07.grants.gov/apply/forms/schemas/RR_Budget10_3_0-V3.0.xsd,e9d004c15ffcbae04b65087cb0eff7e87b8eb8ba0ffd6bfb6aba5542e04708cc,sha256:0ed112b2e50f0e0c43423f690201b207f5b9c5a85349335260e4fd999f3a611a,false
RRSubawardBudget10_30,[Draft] R&R Subaward Budget Attachment(s) Form 10 YR 30 ATT,3.0,budget_attachments.rr_budget_10_3_0[].budget_year[].key_persons.key_person[].project_role,RR_SubawardBudget10_30_3_0.BudgetAttachments.RR_Budget10_3_0.BudgetYear.KeyPersons.KeyPerson.ProjectRole,Project Role:,question,concept:research-person:project-role,concept:research-person:project-role,question:sha256:08586c0425a9a7376f08e7547a00221d86dbacd46f872acd390bab981f22aa14,agent_proposed,subaward_organization,,parameterized-budget:personnel,1,1,behavior:sha256:aa25a9c76a10247f42e52eb19545c8d355176ff30198ba4858b64012854f9e64,runtime-rule:sha256:cb4b966743764d7d4511da1a0058a616625730952ca2f62664a5d4cacc88eb81,guidance,string,xsd_declared_type,glob:StringMin1Max100Type,https://apply07.grants.gov/apply/forms/schemas/RR_Budget10_3_0-V3.0.xsd,e9d004c15ffcbae04b65087cb0eff7e87b8eb8ba0ffd6bfb6aba5542e04708cc,sha256:0ed112b2e50f0e0c43423f690201b207f5b9c5a85349335260e4fd999f3a611a,false
RRSubawardBudget10_30,[Draft] R&R Subaward Budget Attachment(s) Form 10 YR 30 ATT,3.0,budget_attachments.rr_budget_10_3_0[].budget_year[].other_personnel.graduate_students.project_role,RR_SubawardBudget10_30_3_0.BudgetAttachments.RR_Budget10_3_0.BudgetYear.OtherPersonnel.GraduateStudents.ProjectRole,Project Role Graduate Students,question,concept:research-person:project-role,concept:research-person:project-role,question:sha256:b37e8a29e2d92733e702fcb468662722ad6c53d4f2c8dd1b3060a43475ba9d3e,agent_proposed,subaward_organization,,parameterized-budget:personnel,1,1,behavior:sha256:823988205fe578c8792bf38d7df602d7b7129813f2eadfab6dd2d1dcd041501f,runtime-rule:sha256:081337d3e37eb5a7d5325efb4f023c8954af06b63181f77cf5395a9837eb07ad|runtime-rule:sha256:0d303adcd26e2e2fb631bd0059334079ec298838140c2c51c0eedffaea99770a|runtime-rule:sha256:8c2ca4342640faee0d2a12859b38de544b4d55e49afa845470762be04f1102fe|runtime-rule:sha256:da605c20f2f9404e937d06480effe6ce72b0dcfc7c6d0c1f9207770e9828291f,condition|guidance,string,xsd_declared_type,glob:StringMin1Max100Type,https://apply07.grants.gov/apply/forms/schemas/RR_Budget10_3_0-V3.0.xsd,e9d004c15ffcbae04b65087cb0eff7e87b8eb8ba0ffd6bfb6aba5542e04708cc,sha256:0ed112b2e50f0e0c43423f690201b207f5b9c5a85349335260e4fd999f3a611a,false
RRSubawardBudget10_30,[Draft] R&R Subaward Budget Attachment(s) Form 10 YR 30 ATT,3.0,budget_attachments.rr_budget_10_3_0[].budget_year[].other_personnel.other[].project_role,RR_SubawardBudget10_30_3_0.BudgetAttachments.RR_Budget10_3_0.BudgetYear.OtherPersonnel.Other.ProjectRole,Additional Project Role Description,question,concept:research-person:project-role,concept:research-person:project-role,question:sha256:da1e5bf4cf9cb44bbd1a25f3e5d9417d1be1c379ad553bc0787e474a10f8d760,agent_proposed,subaward_organization,,parameterized-budget:personnel,1,1,behavior:sha256:a0136dcaaf8df3d9813a1d62c3683c4f66d2d5c011af340d12a9acf831784d0a,runtime-rule:sha256:2afa428be67f4fe6aab091b720257c3cf95e59e0331c19e52b7c984520d53eae|runtime-rule:sha256:45cba18172eb5923115b23bf927fe33a0b1978ab56e14a1a5f84eeb5587f26d7|runtime-rule:sha256:c151cdf8ac75dfd61f6054b8ccc49ebeea3fa6a6091b578cb3f77467989cece7|runtime-rule:sha256:d7c1150d598b30b686e671c3879d587e1d8c34eef7fdd950887fdf1a5f4c4d7d|runtime-rule:sha256:e0689f277f837d470854b2d461d56841b1eb007043d2fdfd94927a8acc407b36,condition|guidance,string,xsd_declared_type,glob:StringMin1Max100Type,https://apply07.grants.gov/apply/forms/schemas/RR_Budget10_3_0-V3.0.xsd,e9d004c15ffcbae04b65087cb0eff7e87b8eb8ba0ffd6bfb6aba5542e04708cc,sha256:0ed112b2e50f0e0c43423f690201b207f5b9c5a85349335260e4fd999f3a611a,false
RRSubawardBudget10_30,[Draft] R&R Subaward Budget Attachment(s) Form 10 YR 30 ATT,3.0,budget_attachments.rr_budget_10_3_0[].budget_year[].other_personnel.post_doc_associates.project_role,RR_SubawardBudget10_30_3_0.BudgetAttachments.RR_Budget10_3_0.BudgetYear.OtherPersonnel.PostDocAssociates.ProjectRole,Project Role Post Doctoral Associates,question,concept:research-person:project-role,concept:research-person:project-role,question:sha256:8546a18b50b9ecb738de3e64c1061225c7acfdef92a66659eebbe9d663601f7e,agent_proposed,subaward_organization,,parameterized-budget:personnel,1,1,behavior:sha256:79abbe04855272d62e21bb9d86eb36ec4a36de537d2d1d578e6aa65b5da63dc8,runtime-rule:sha256:1979b860748ea8aa561eeaf92a61c6f7ecb4bf030ce976f25531f8c4c12cfb83|runtime-rule:sha256:49c57d749a3515a26baa0c593adf4ffd5ed1572b509180bb70b8b53b9c47344c|runtime-rule:sha256:6e067f6ff8017e5ee4d327e83fee888e671ef5e237bfcdb4149308e4b68f4a26|runtime-rule:sha256:ed987a9ebf1c56c054e0496f52f1ce3d3095b0225e3199a782b298ce22f81cac,condition|guidance,string,xsd_declared_type,glob:StringMin1Max100Type,https://apply07.grants.gov/apply/forms/schemas/RR_Budget10_3_0-V3.0.xsd,e9d004c15ffcbae04b65087cb0eff7e87b8eb8ba0ffd6bfb6aba5542e04708cc,sha256:0ed112b2e50f0e0c43423f690201b207f5b9c5a85349335260e4fd999f3a611a,false
RRSubawardBudget10_30,[Draft] R&R Subaward Budget Attachment(s) Form 10 YR 30 ATT,3.0,budget_attachments.rr_budget_10_3_0[].budget_year[].other_personnel.secretarial_clerical.project_role,RR_SubawardBudget10_30_3_0.BudgetAttachments.RR_Budget10_3_0.BudgetYear.OtherPersonnel.SecretarialClerical.ProjectRole,Project Role Secretarial/Clerical,question,concept:research-person:project-role,concept:research-person:project-role,question:sha256:52e4f018a86f4d8d17d0b531309748b14542f371b6a04ae1400691fecff66ea8,agent_proposed,subaward_organization,,parameterized-budget:personnel,1,1,behavior:sha256:4297d6ce8e5e5460756b12d8eba492832e5b721d72eb4c0a31f62b69e53ea819,runtime-rule:sha256:408d9412fbd644b40fabc76d1f2acebe6385f8255e72fd13133bf210485a3347|runtime-rule:sha256:9ab72cf0ab09fb5fadfba653454c2b280b14477ef263866838150f651b681f01|runtime-rule:sha256:d603cf73c2fa8d3cbe1e9ac896fed1b537676212d7910f872bc598168c279284|runtime-rule:sha256:e1edec98ac397c6df2e5c30cf40dc37d2ad2e7dfdcdee13fe1b6610d9c5da339,condition|guidance,string,xsd_declared_type,glob:StringMin1Max100Type,https://apply07.grants.gov/apply/forms/schemas/RR_Budget10_3_0-V3.0.xsd,e9d004c15ffcbae04b65087cb0eff7e87b8eb8ba0ffd6bfb6aba5542e04708cc,sha256:0ed112b2e50f0e0c43423f690201b207f5b9c5a85349335260e4fd999f3a611a,false
RRSubawardBudget10_30,[Draft] R&R Subaward Budget Attachment(s) Form 10 YR 30 ATT,3.0,budget_attachments.rr_budget_10_3_0[].budget_year[].other_personnel.undergraduate_students.project_role,RR_SubawardBudget10_30_3_0.BudgetAttachments.RR_Budget10_3_0.BudgetYear.OtherPersonnel.UndergraduateStudents.ProjectRole,Project Role Undergraduate Students,question,concept:research-person:project-role,concept:research-person:project-role,question:sha256:e5b3da5f5488c10b324dac33cc0e41aa7c97ca20918d709946197afbba7d6046,agent_proposed,subaward_organization,,parameterized-budget:personnel,1,1,behavior:sha256:7dbbf55d83adf36e892a9ca547e30e3ee198de3a9770eb6e50f7ed3f685c72fa,runtime-rule:sha256:6f634a81bb0f487ce0b11cdae28f79a3c2bc93a986a4115b8cca56362322a831|runtime-rule:sha256:738f1001b800667a14e295143b98cf28bb081096de72cba39e0c997958b03b8f|runtime-rule:sha256:ebafce262a56fd44be221ee52304438f4b5de936636182a25248335bef7b95e7|runtime-rule:sha256:fad406db04725d322c62bb3a92ec6d7101b3d44ac3dcc6b5bd33b308e927aab1,condition|guidance,string,xsd_declared_type,glob:StringMin1Max100Type,https://apply07.grants.gov/apply/forms/schemas/RR_Budget10_3_0-V3.0.xsd,e9d004c15ffcbae04b65087cb0eff7e87b8eb8ba0ffd6bfb6aba5542e04708cc,sha256:0ed112b2e50f0e0c43423f690201b207f5b9c5a85349335260e4fd999f3a611a,false
RRSubawardBudget10_30,[Draft] R&R Subaward Budget Attachment(s) Form 10 YR 30 ATT,3.0,budget_attachments.rr_budget_10_3_0[].budget_year[].key_persons.key_person[].name.first_name,RR_SubawardBudget10_30_3_0.BudgetAttachments.RR_Budget10_3_0.BudgetYear.KeyPersons.KeyPerson.Name.FirstName,First Name,question,concept:role:key-person:name:first,concept:role:key-person:name:first,question:sha256:eb6af5cac558631ea13eabf5ab6fe84ad3e7e6f7542c88029e58c8a7b62c14a8,agent_proposed,subaward_organization,,parameterized-budget:personnel,1,1,behavior:sha256:733ee3c8bcc2fd4054ae80bf330a545efc3b3d04cfbaf114c3e45ed048ddab0f,runtime-rule:sha256:316c5153791371ea38f92fdbf1152e55bd4d2e6a5407b07a00172deca5990fc6,guidance,string,xsd_declared_type,globLib:FirstNameDataType,https://apply07.grants.gov/apply/system/schemas/GlobalLibrary-V2.0.xsd,ff0214de91b95a4209f50f0fe08a18d0f3d17f280ab8c8bbcb52878f37de7be8,sha256:0ed112b2e50f0e0c43423f690201b207f5b9c5a85349335260e4fd999f3a611a,false
RRSubawardBudget10_30,[Draft] R&R Subaward Budget Attachment(s) Form 10 YR 30 ATT,3.0,budget_attachments.rr_budget_10_3_0[].budget_year[].key_persons.key_person[].name.last_name,RR_SubawardBudget10_30_3_0.BudgetAttachments.RR_Budget10_3_0.BudgetYear.KeyPersons.KeyPerson.Name.LastName,Last Name,question,concept:role:key-person:name:last,concept:role:key-person:name:last,question:sha256:e2f51caec55426625ce1a694d769928cc6ab78845edd57d7703b4d4a7d5ab18c,agent_proposed,subaward_organization,,parameterized-budget:personnel,1,1,behavior:sha256:5c80a8fe63966c7013fad8b442c9b9f3943f9a76e6d11d692c864f72d9d86af6,runtime-rule:sha256:10a9a9b879630f50880a7d5c6db1d60082c1309c242fe543e6bd59a469672ead,guidance,string,xsd_declared_type,globLib:LastNameDataType,https://apply07.grants.gov/apply/system/schemas/GlobalLibrary-V2.0.xsd,ff0214de91b95a4209f50f0fe08a18d0f3d17f280ab8c8bbcb52878f37de7be8,sha256:0ed112b2e50f0e0c43423f690201b207f5b9c5a85349335260e4fd999f3a611a,false
RRSubawardBudget10_30,[Draft] R&R Subaward Budget Attachment(s) Form 10 YR 30 ATT,3.0,budget_attachments.rr_budget_10_3_0[].budget_year[].key_persons.key_person[].name.middle_name,RR_SubawardBudget10_30_3_0.BudgetAttachments.RR_Budget10_3_0.BudgetYear.KeyPersons.KeyPerson.Name.MiddleName,Middle Name,question,concept:role:key-person:name:middle,concept:role:key-person:name:middle,question:sha256:26ad49fc6db440b40bccc613e1d8b480ebc9422d9c86d41b65104aea73e2f239,agent_proposed,subaward_organization,,parameterized-budget:personnel,0,1,behavior:sha256:628741135e6b958106078bfbdd60d2f90e62b62c110146dfff2e5aab0bd13761,,,string,xsd_declared_type,globLib:MiddleNameDataType,https://apply07.grants.gov/apply/system/schemas/GlobalLibrary-V2.0.xsd,ff0214de91b95a4209f50f0fe08a18d0f3d17f280ab8c8bbcb52878f37de7be8,sha256:0ed112b2e50f0e0c43423f690201b207f5b9c5a85349335260e4fd999f3a611a,false
RRSubawardBudget10_30,[Draft] R&R Subaward Budget Attachment(s) Form 10 YR 30 ATT,3.0,budget_attachments.rr_budget_10_3_0[].budget_year[].key_persons.key_person[].name.prefix_name,RR_SubawardBudget10_30_3_0.BudgetAttachments.RR_Budget10_3_0.BudgetYear.KeyPersons.KeyPerson.Name.PrefixName,Prefix,question,concept:role:key-person:name:prefix,concept:role:key-person:name:prefix,question:sha256:ba5b54d36d49853d790cb1d035c138d656d4577c814ecb6d69b34a7aa8aafd80,agent_proposed,subaward_organization,,parameterized-budget:personnel,0,1,behavior:sha256:63e06f3e53f06a6842314ed07c4cedc30009276121dfaa37f54caa1e8053bf69,,,string,xsd_declared_type,globLib:PrefixNameDataType,https://apply07.grants.gov/apply/system/schemas/GlobalLibrary-V2.0.xsd,ff0214de91b95a4209f50f0fe08a18d0f3d17f280ab8c8bbcb52878f37de7be8,sha256:0ed112b2e50f0e0c43423f690201b207f5b9c5a85349335260e4fd999f3a611a,false
RRSubawardBudget10_30,[Draft] R&R Subaward Budget Attachment(s) Form 10 YR 30 ATT,3.0,budget_attachments.rr_budget_10_3_0[].budget_year[].key_persons.key_person[].name.suffix_name,RR_SubawardBudget10_30_3_0.BudgetAttachments.RR_Budget10_3_0.BudgetYear.KeyPersons.KeyPerson.Name.SuffixName,Suffix,question,concept:role:key-person:name:suffix,concept:role:key-person:name:suffix,question:sha256:0703e9fd1efd9edeed58fc1c69aa496224f47b5b8c775e71b7fbc196dd96489b,agent_proposed,subaward_organization,,parameterized-budget:personnel,0,1,behavior:sha256:a6f876940d65f64fd5fe5023f09f34ba27b84e0c1d04d07f4308e78bddac63f9,,,string,xsd_declared_type,globLib:SuffixNameDataType,https://apply07.grants.gov/apply/system/schemas/GlobalLibrary-V2.0.xsd,ff0214de91b95a4209f50f0fe08a18d0f3d17f280ab8c8bbcb52878f37de7be8,sha256:0ed112b2e50f0e0c43423f690201b207f5b9c5a85349335260e4fd999f3a611a,false
RRSubawardBudget10_30,[Draft] R&R Subaward Budget Attachment(s) Form 10 YR 30 ATT,3.0,budget_attachments.rr_budget_10_3_0[].organization_name,RR_SubawardBudget10_30_3_0.BudgetAttachments.RR_Budget10_3_0.OrganizationName,Enter name of Organization:,question,concept:role:subaward-organization:name,concept:role:subaward-organization:name,question:sha256:a5d74d5e6533c7fb44938649aeb7cb7163adba16dfa823a7a0ce1f8de7b5ab81,agent_proposed,subaward_organization,,parameterized-budget:form-shell,0,1,behavior:sha256:acddef36c8a2161db9916c23a10dea34e2b649072114bd43003ede638bc5514c,runtime-rule:sha256:c7b9737a004b977bdfdedfbb4899089663e66f15318785fa1e645ffd6879f362,guidance,string,xsd_declared_type,globLib:OrganizationNameDataType,https://apply07.grants.gov/apply/forms/schemas/RR_Budget10_3_0-V3.0.xsd,e9d004c15ffcbae04b65087cb0eff7e87b8eb8ba0ffd6bfb6aba5542e04708cc,sha256:0ed112b2e50f0e0c43423f690201b207f5b9c5a85349335260e4fd999f3a611a,false
RRSubawardBudget10_30,[Draft] R&R Subaward Budget Attachment(s) Form 10 YR 30 ATT,3.0,budget_attachments.rr_budget_10_3_0[].samuei,RR_SubawardBudget10_30_3_0.BudgetAttachments.RR_Budget10_3_0.SAMUEI,UEI:,question,concept:role:subaward-organization:sam-uei,concept:role:subaward-organization:sam-uei,question:sha256:bd9966c8d10b75a1b34321485f118f276942510294c9bd4be97dd7af9ebad9ac,agent_proposed,subaward_organization,,parameterized-budget:form-shell,1,1,behavior:sha256:25936522ac3dcda12268b1ee52d5d0da51b21751bb983c3988b7be7fe135b22a,runtime-rule:sha256:981a8c48b41106698abc791c65873310536500d5942cf6e164fa5c859896dd29,guidance,string,xsd_declared_type,globLib:SAMUEIDataType,https://apply07.grants.gov/apply/forms/schemas/RR_Budget10_3_0-V3.0.xsd,e9d004c15ffcbae04b65087cb0eff7e87b8eb8ba0ffd6bfb6aba5542e04708cc,sha256:0ed112b2e50f0e0c43423f690201b207f5b9c5a85349335260e4fd999f3a611a,false
RRSubawardBudget30,[Draft] R&R Subaward Budget Attachment(s) Form 30,3.0,budget_attachments.rr_budget_3_0[].budget_year[].equipment.equipment_list[].funds_requested,RR_SubawardBudget30_3_0.BudgetAttachments.RR_Budget_3_0.BudgetYear.Equipment.EquipmentList.FundsRequested,Equipment Item Funds Requested,question,concept:budget:equipment:funds-requested,concept:budget:equipment:funds-requested,question:sha256:4c125b360b95edef80a9e88560cbf608e05f267a736194fd2c9fd3c98f723e30,agent_proposed,subaward_organization,,parameterized-budget:cost-category,1,1,,runtime-rule:sha256:3fde37b356277158346ef6a35bdb9a028e01e2843c97cf1899b28d0c07341e0a|runtime-rule:sha256:5bdc8969f7fd416ed9c7f92fe9130477dada7f4ef7048e3b1946c94ee765ba0e|runtime-rule:sha256:e80947befa52f22b3439b7d4a4a482aaf27da4a6fc1b706d115dc051da2ce881,condition|guidance,string,xsd_declared_type,glob:DecimalMin1Max14Places2Type,https://apply07.grants.gov/apply/forms/schemas/RR_Budget_3_0-V3.0.xsd,d474010f85819549990de65fc51292bed08ba98ac0895d0dde9513fbe855cdbc,sha256:d5d534326e8f7e4416baf98c95c1f9234c0a23628259ee2d7e3199181a24e08a,false
RRSubawardBudget30,[Draft] R&R Subaward Budget Attachment(s) Form 30,3.0,budget_attachments.rr_budget_3_0[].budget_year[].equipment.equipment_list[].equipment_item,RR_SubawardBudget30_3_0.BudgetAttachments.RR_Budget_3_0.BudgetYear.Equipment.EquipmentList.EquipmentItem,Equipment Item,question,concept:budget:equipment:item,concept:budget:equipment:item,question:sha256:c2559455f2f82fa209d135f0c1ebfa95d32872305319c3b6bacf38a188171ff0,agent_proposed,subaward_organization,,parameterized-budget:cost-category,1,1,,runtime-rule:sha256:3fde37b356277158346ef6a35bdb9a028e01e2843c97cf1899b28d0c07341e0a|runtime-rule:sha256:5bdc8969f7fd416ed9c7f92fe9130477dada7f4ef7048e3b1946c94ee765ba0e|runtime-rule:sha256:e1a7fdd05d61f304c9d815ed32e971456f0f7f736be51e203ac461fc77c6f257,condition|guidance,string,xsd_declared_type,RR_Budget_3_0:String1_64DataType,https://apply07.grants.gov/apply/forms/schemas/RR_Budget_3_0-V3.0.xsd,d474010f85819549990de65fc51292bed08ba98ac0895d0dde9513fbe855cdbc,sha256:d5d534326e8f7e4416baf98c95c1f9234c0a23628259ee2d7e3199181a24e08a,false
RRSubawardBudget30,[Draft] R&R Subaward Budget Attachment(s) Form 30,3.0,budget_attachments.rr_budget_3_0[].budget_year[].fee,RR_SubawardBudget30_3_0.BudgetAttachments.RR_Budget_3_0.BudgetYear.Fee,Fee,question,concept:budget:fee,concept:budget:fee,question:sha256:16d46f92c68c487daadfa76a377176fe2e8a0d7858560dcd8ee205d61f064461,agent_proposed,subaward_organization,,parameterized-budget:budget-period,0,1,,runtime-rule:sha256:8b66b83b472cee5ab1ebf01f545bef8b1d254e07683410a7555431c761e94a91|runtime-rule:sha256:e5dbfeefc752f69ef1328ecd968f3eeda2574b1486a0b042885efdea90ee5a06,calculation,string,xsd_declared_type,globLib:BudgetAmountDataType,https://apply07.grants.gov/apply/forms/schemas/RR_Budget_3_0-V3.0.xsd,d474010f85819549990de65fc51292bed08ba98ac0895d0dde9513fbe855cdbc,sha256:d5d534326e8f7e4416baf98c95c1f9234c0a23628259ee2d7e3199181a24e08a,false
RRSubawardBudget30,[Draft] R&R Subaward Budget Attachment(s) Form 30,3.0,budget_attachments.rr_budget_3_0[].budget_year[].indirect_costs.indirect_cost[].base,RR_SubawardBudget30_3_0.BudgetAttachments.RR_Budget_3_0.BudgetYear.IndirectCosts.IndirectCost.Base,Indirect Cost Base,question,concept:budget:indirect:base,concept:budget:indirect:base,question:sha256:7f256bd9575b1754f40e3cee986fa906a119e5d744f82cabcc549b83715db38a,agent_proposed,subaward_organization,,parameterized-budget:indirect-cost,0,1,,,,string,xsd_declared_type,glob:DecimalMin1Max14Places2Type,https://apply07.grants.gov/apply/forms/schemas/RR_Budget_3_0-V3.0.xsd,d474010f85819549990de65fc51292bed08ba98ac0895d0dde9513fbe855cdbc,sha256:d5d534326e8f7e4416baf98c95c1f9234c0a23628259ee2d7e3199181a24e08a,false
RRSubawardBudget30,[Draft] R&R Subaward Budget Attachment(s) Form 30,3.0,budget_attachments.rr_budget_3_0[].budget_year[].cognizant_federal_agency,RR_SubawardBudget30_3_0.BudgetAttachments.RR_Budget_3_0.BudgetYear.CognizantFederalAgency,"Cognizant Federal Agency (Agency Name, POC Name, and POC Phone Number)",question,concept:budget:indirect:cognizant-agency,concept:budget:indirect:cognizant-agency,question:sha256:7779e5c880a2892e26964cbaaf44a5dbbad66f72e763ad7eb16e7f6758e5ba7e,agent_proposed,subaward_organization,,parameterized-budget:indirect-cost,0,1,,,,string,normalized_source_type,string,https://apply07.grants.gov/apply/forms/schemas/RR_Budget_3_0-V3.0.xsd,d474010f85819549990de65fc51292bed08ba98ac0895d0dde9513fbe855cdbc,sha256:d5d534326e8f7e4416baf98c95c1f9234c0a23628259ee2d7e3199181a24e08a,false
RRSubawardBudget30,[Draft] R&R Subaward Budget Attachment(s) Form 30,3.0,budget_attachments.rr_budget_3_0[].budget_year[].indirect_costs.indirect_cost[].cost_type,RR_SubawardBudget30_3_0.BudgetAttachments.RR_Budget_3_0.BudgetYear.IndirectCosts.IndirectCost.CostType,Indirect Cost Type,question,concept:budget:indirect:cost-type,concept:budget:indirect:cost-type,question:sha256:239ca218b0ef37445cf621e20c722d64c8dc5b5c026b6c3fc03ef971d56c25c4,agent_proposed,subaward_organization,,parameterized-budget:indirect-cost,1,1,,runtime-rule:sha256:4d6c689c104f02882ecc6e1092a22b3427a2db1c0fa51ab307ff18c04ef48c15,guidance,string,xsd_declared_type,RR_Budget_3_0:String1_64DataType,https://apply07.grants.gov/apply/forms/schemas/RR_Budget_3_0-V3.0.xsd,d474010f85819549990de65fc51292bed08ba98ac0895d0dde9513fbe855cdbc,sha256:d5d534326e8f7e4416baf98c95c1f9234c0a23628259ee2d7e3199181a24e08a,false
RRSubawardBudget30,[Draft] R&R Subaward Budget Attachment(s) Form 30,3.0,budget_attachments.rr_budget_3_0[].budget_year[].indirect_costs.indirect_cost[].fund_requested,RR_SubawardBudget30_3_0.BudgetAttachments.RR_Budget_3_0.BudgetYear.IndirectCosts.IndirectCost.FundRequested,Indirect Costs Funds Requested,question,concept:budget:indirect:funds-requested,concept:budget:indirect:funds-requested,question:sha256:ef87c0158ab18f6a98b9fad5e66b415949044eca0687222929b96d946d0e39ab,agent_proposed,subaward_organization,,parameterized-budget:indirect-cost,1,1,,runtime-rule:sha256:d0a3bdc5863b72a111b083dfa47239c2314365ceb392021fabc7762a185ce4e0,guidance,string,xsd_declared_type,glob:DecimalMin1Max14Places2Type,https://apply07.grants.gov/apply/forms/schemas/RR_Budget_3_0-V3.0.xsd,d474010f85819549990de65fc51292bed08ba98ac0895d0dde9513fbe855cdbc,sha256:d5d534326e8f7e4416baf98c95c1f9234c0a23628259ee2d7e3199181a24e08a,false
RRSubawardBudget30,[Draft] R&R Subaward Budget Attachment(s) Form 30,3.0,budget_attachments.rr_budget_3_0[].budget_year[].indirect_costs.indirect_cost[].rate,RR_SubawardBudget30_3_0.BudgetAttachments.RR_Budget_3_0.BudgetYear.IndirectCosts.IndirectCost.Rate,Indirect Cost Rate,question,concept:budget:indirect:rate,concept:budget:indirect:rate,question:sha256:cb04bcd60366ed1e08128b1fcce6b3d0bd0a948766baa090744c846226230cf4,agent_proposed,subaward_organization,,parameterized-budget:indirect-cost,0,1,,runtime-rule:sha256:f8a20197b778ce88ae8b35217ed6d8e21173926c3107460f7584e62ac4796e0d,guidance,string,normalized_source_type,decimal,https://apply07.grants.gov/apply/forms/schemas/RR_Budget_3_0-V3.0.xsd,d474010f85819549990de65fc51292bed08ba98ac0895d0dde9513fbe855cdbc,sha256:d5d534326e8f7e4416baf98c95c1f9234c0a23628259ee2d7e3199181a24e08a,false
RRSubawardBudget30,[Draft] R&R Subaward Budget Attachment(s) Form 30,3.0,budget_attachments.rr_budget_3_0[].budget_year[].other_direct_costs.other_direct_cost_1.cost,RR_SubawardBudget30_3_0.BudgetAttachments.RR_Budget_3_0.BudgetYear.OtherDirectCosts.OtherDirectCost1.Cost,Additional Other Direct Cost Funds Requested,question,concept:budget:line:cost,concept:budget:line:cost,question:sha256:f604bf20ebe2504dc5799bc58295f598df70b88a3a55dc21348a7e872530a28d,agent_proposed,subaward_organization,,parameterized-budget:cost-category,1,1,,runtime-rule:sha256:0136bb5ed41b5d9a47e24abe4305d66e0b252e5ec293041d6c582710d1d04508|runtime-rule:sha256:d10168c30f5cc9dc5476a24c17646b901ae3d88f559289c05a7d8c346176d214,condition|guidance,string,xsd_declared_type,glob:DecimalMin1Max14Places2Type,https://apply07.grants.gov/apply/forms/schemas/RR_Budget_3_0-V3.0.xsd,d474010f85819549990de65fc51292bed08ba98ac0895d0dde9513fbe855cdbc,sha256:d5d534326e8f7e4416baf98c95c1f9234c0a23628259ee2d7e3199181a24e08a,false
RRSubawardBudget30,[Draft] R&R Subaward Budget Attachment(s) Form 30,3.0,budget_attachments.rr_budget_3_0[].budget_year[].other_direct_costs.other_direct_cost_10.cost,RR_SubawardBudget30_3_0.BudgetAttachments.RR_Budget_3_0.BudgetYear.OtherDirectCosts.OtherDirectCost10.Cost,Additional Other Direct Cost Funds Requested,question,concept:budget:line:cost,concept:budget:line:cost,question:sha256:5477329131e5bf28d76a9be19692da3f0a0840d7f363ee56e51d02e49ff4a153,agent_proposed,subaward_organization,,parameterized-budget:cost-category,1,1,,runtime-rule:sha256:3b714f233e065fe06cf89838ce44e21f883cd29d44d3077edd181fbae6dbd234|runtime-rule:sha256:5cd19c560f9b6b2f8d5810efbaab38c2073ba2b285960cf9ef764271a30ba48f,condition|guidance,string,xsd_declared_type,glob:DecimalMin1Max14Places2Type,https://apply07.grants.gov/apply/forms/schemas/RR_Budget_3_0-V3.0.xsd,d474010f85819549990de65fc51292bed08ba98ac0895d0dde9513fbe855cdbc,sha256:d5d534326e8f7e4416baf98c95c1f9234c0a23628259ee2d7e3199181a24e08a,false
RRSubawardBudget30,[Draft] R&R Subaward Budget Attachment(s) Form 30,3.0,budget_attachments.rr_budget_3_0[].budget_year[].other_direct_costs.other_direct_cost_2.cost,RR_SubawardBudget30_3_0.BudgetAttachments.RR_Budget_3_0.BudgetYear.OtherDirectCosts.OtherDirectCost2.Cost,Additional Other Direct Cost Funds Requested,question,concept:budget:line:cost,concept:budget:line:cost,question:sha256:9f1138d1985822fdb14b812870de8065a61b9d713279866261178acb403bc9df,agent_proposed,subaward_organization,,parameterized-budget:cost-category,1,1,,runtime-rule:sha256:99aa485f61cb557d3cf8ddf2b3b384c59db4ebdda54ecfd8db9d4e9974e7c2d0|runtime-rule:sha256:ca50d5f17aeb5ec763e5a36422b85dbe5c02c2e8493ed706f21ec43be706657f,condition|guidance,string,xsd_declared_type,glob:DecimalMin1Max14Places2Type,https://apply07.grants.gov/apply/forms/schemas/RR_Budget_3_0-V3.0.xsd,d474010f85819549990de65fc51292bed08ba98ac0895d0dde9513fbe855cdbc,sha256:d5d534326e8f7e4416baf98c95c1f9234c0a23628259ee2d7e3199181a24e08a,false
RRSubawardBudget30,[Draft] R&R Subaward Budget Attachment(s) Form 30,3.0,budget_attachments.rr_budget_3_0[].budget_year[].other_direct_costs.other_direct_cost_3.cost,RR_SubawardBudget30_3_0.BudgetAttachments.RR_Budget_3_0.BudgetYear.OtherDirectCosts.OtherDirectCost3.Cost,Additional Other Direct Cost Funds Requested,question,concept:budget:line:cost,concept:budget:line:cost,question:sha256:1fcc727cf83d5cde252a922eb3a2049083a796dd259c6818640ca244abf5a9b7,agent_proposed,subaward_organization,,parameterized-budget:cost-category,1,1,,runtime-rule:sha256:8690e1b59ee8a52a5b54ac7eecaa23bae40ea6583f1e53f8972b166440b62a09|runtime-rule:sha256:cfddf33cd76fefc7df0c2c07692e7f0e0024f08f78da724e03114e8ba14e3594,condition|guidance,string,xsd_declared_type,glob:DecimalMin1Max14Places2Type,https://apply07.grants.gov/apply/forms/schemas/RR_Budget_3_0-V3.0.xsd,d474010f85819549990de65fc51292bed08ba98ac0895d0dde9513fbe855cdbc,sha256:d5d534326e8f7e4416baf98c95c1f9234c0a23628259ee2d7e3199181a24e08a,false
RRSubawardBudget30,[Draft] R&R Subaward Budget Attachment(s) Form 30,3.0,budget_attachments.rr_budget_3_0[].budget_year[].other_direct_costs.other_direct_cost_4.cost,RR_SubawardBudget30_3_0.BudgetAttachments.RR_Budget_3_0.BudgetYear.OtherDirectCosts.OtherDirectCost4.Cost,Additional Other Direct Cost Funds Requested,question,concept:budget:line:cost,concept:budget:line:cost,question:sha256:48e3d48b0eefd6b0b9d15e87a3d9ea17be2664c9080978685cda9c80b350f99b,agent_proposed,subaward_organization,,parameterized-budget:cost-category,1,1,,runtime-rule:sha256:3f7efd9016594858e414b77bf8b638b918df4b1c3bfac177feed40f4e6377d21|runtime-rule:sha256:f44731ea1d9176c13bd2ec17b6614dcdf88e36819e60c6cf9a291df9d67a19ff,condition|guidance,string,xsd_declared_type,glob:DecimalMin1Max14Places2Type,https://apply07.grants.gov/apply/forms/schemas/RR_Budget_3_0-V3.0.xsd,d474010f85819549990de65fc51292bed08ba98ac0895d0dde9513fbe855cdbc,sha256:d5d534326e8f7e4416baf98c95c1f9234c0a23628259ee2d7e3199181a24e08a,false
RRSubawardBudget30,[Draft] R&R Subaward Budget Attachment(s) Form 30,3.0,budget_attachments.rr_budget_3_0[].budget_year[].other_direct_costs.other_direct_cost_5.cost,RR_SubawardBudget30_3_0.BudgetAttachments.RR_Budget_3_0.BudgetYear.OtherDirectCosts.OtherDirectCost5.Cost,Additional Other Direct Cost Funds Requested,question,concept:budget:line:cost,concept:budget:line:cost,question:sha256:08a415f34ef2ab99ef2735b32a144e42f7aa5f3d2e71d3d34aac2f6e8f1c3fa1,agent_proposed,subaward_organization,,parameterized-budget:cost-category,1,1,,runtime-rule:sha256:04377d6521c96323e7b5de94faab0d68180a1e3ae8087a72e50cffa114ad43a2|runtime-rule:sha256:9c7a20cb18867becf9e62bfae422bbe427da9556c00460388b831d6ee8006a9b,condition|guidance,string,xsd_declared_type,glob:DecimalMin1Max14Places2Type,https://apply07.grants.gov/apply/forms/schemas/RR_Budget_3_0-V3.0.xsd,d474010f85819549990de65fc51292bed08ba98ac0895d0dde9513fbe855cdbc,sha256:d5d534326e8f7e4416baf98c95c1f9234c0a23628259ee2d7e3199181a24e08a,false
RRSubawardBudget30,[Draft] R&R Subaward Budget Attachment(s) Form 30,3.0,budget_attachments.rr_budget_3_0[].budget_year[].other_direct_costs.other_direct_cost_6.cost,RR_SubawardBudget30_3_0.BudgetAttachments.RR_Budget_3_0.BudgetYear.OtherDirectCosts.OtherDirectCost6.Cost,Additional Other Direct Cost Funds Requested,question,concept:budget:line:cost,concept:budget:line:cost,question:sha256:543ee351ef94384dd9bb33df3967ea4aa34017b340ae7e96277f9ee8a3c535fd,agent_proposed,subaward_organization,,parameterized-budget:cost-category,1,1,,runtime-rule:sha256:113cdc50333aca689a5acfb34dd3265f3b559fce46b4aeb7cf997461a871347d|runtime-rule:sha256:3bbc5da67533948309bd262e308b2d1db36f40eeb81a87e5602213e87e180ecc,condition|guidance,string,xsd_declared_type,glob:DecimalMin1Max14Places2Type,https://apply07.grants.gov/apply/forms/schemas/RR_Budget_3_0-V3.0.xsd,d474010f85819549990de65fc51292bed08ba98ac0895d0dde9513fbe855cdbc,sha256:d5d534326e8f7e4416baf98c95c1f9234c0a23628259ee2d7e3199181a24e08a,false
RRSubawardBudget30,[Draft] R&R Subaward Budget Attachment(s) Form 30,3.0,budget_attachments.rr_budget_3_0[].budget_year[].other_direct_costs.other_direct_cost_7.cost,RR_SubawardBudget30_3_0.BudgetAttachments.RR_Budget_3_0.BudgetYear.OtherDirectCosts.OtherDirectCost7.Cost,Additional Other Direct Cost Funds Requested,question,concept:budget:line:cost,concept:budget:line:cost,question:sha256:6d5ed7b7841479b1940a989a2263bf14d27d7549ef19c4e03b28a71262b284e9,agent_proposed,subaward_organization,,parameterized-budget:cost-category,1,1,,runtime-rule:sha256:a84c2159c9c9921bf8b6696d8361fe568ac42d04cd2e326d380c8a94d532c13f|runtime-rule:sha256:e4089b2d9da8a17dff70c930b6672c4fd79683aed1a58165ec267acff6040316,condition|guidance,string,xsd_declared_type,glob:DecimalMin1Max14Places2Type,https://apply07.grants.gov/apply/forms/schemas/RR_Budget_3_0-V3.0.xsd,d474010f85819549990de65fc51292bed08ba98ac0895d0dde9513fbe855cdbc,sha256:d5d534326e8f7e4416baf98c95c1f9234c0a23628259ee2d7e3199181a24e08a,false
RRSubawardBudget30,[Draft] R&R Subaward Budget Attachment(s) Form 30,3.0,budget_attachments.rr_budget_3_0[].budget_year[].other_direct_costs.other_direct_cost_8.cost,RR_SubawardBudget30_3_0.BudgetAttachments.RR_Budget_3_0.BudgetYear.OtherDirectCosts.OtherDirectCost8.Cost,Additional Other Direct Cost Funds Requested,question,concept:budget:line:cost,concept:budget:line:cost,question:sha256:5157fbc1e0ccc057bd0d0f7dcd4ca85d45c155e650e0a08e316e197b62b93183,agent_proposed,subaward_organization,,parameterized-budget:cost-category,1,1,,runtime-rule:sha256:39ce245952344c6b17ab6eacffa9acbe3eb3b02330325328f23985ff00266ecf|runtime-rule:sha256:a88ee53752574f2f249d7e2ab5c399f8db5b08e19eb40da302d3264e4e64a7aa,condition|guidance,string,xsd_declared_type,glob:DecimalMin1Max14Places2Type,https://apply07.grants.gov/apply/forms/schemas/RR_Budget_3_0-V3.0.xsd,d474010f85819549990de65fc51292bed08ba98ac0895d0dde9513fbe855cdbc,sha256:d5d534326e8f7e4416baf98c95c1f9234c0a23628259ee2d7e3199181a24e08a,false
RRSubawardBudget30,[Draft] R&R Subaward Budget Attachment(s) Form 30,3.0,budget_attachments.rr_budget_3_0[].budget_year[].other_direct_costs.other_direct_cost_9.cost,RR_SubawardBudget30_3_0.BudgetAttachments.RR_Budget_3_0.BudgetYear.OtherDirectCosts.OtherDirectCost9.Cost,Additional Other Direct Cost Funds Requested,question,concept:budget:line:cost,concept:budget:line:cost,question:sha256:8306c6fca5be8164a3822bd600b47fe2d3e70a5dfba2b85d19922e17e9970de8,agent_proposed,subaward_organization,,parameterized-budget:cost-category,1,1,,runtime-rule:sha256:20af214bdb18c25da093a8b04d695bc9e41f72dfa0186bbe2ab278c889f1ecd0|runtime-rule:sha256:7abd6242d017fc6cbbd55de8d99af812c9064cd4f4a0fcda57a60833404742b2,condition|guidance,string,xsd_declared_type,glob:DecimalMin1Max14Places2Type,https://apply07.grants.gov/apply/forms/schemas/RR_Budget_3_0-V3.0.xsd,d474010f85819549990de65fc51292bed08ba98ac0895d0dde9513fbe855cdbc,sha256:d5d534326e8f7e4416baf98c95c1f9234c0a23628259ee2d7e3199181a24e08a,false
RRSubawardBudget30,[Draft] R&R Subaward Budget Attachment(s) Form 30,3.0,budget_attachments.rr_budget_3_0[].budget_year[].participant_trainee_support_costs.other.cost,RR_SubawardBudget30_3_0.BudgetAttachments.RR_Budget_3_0.BudgetYear.ParticipantTraineeSupportCosts.Other.Cost,Other Participant/Trainee Costs,question,concept:budget:line:cost,concept:budget:line:cost,question:sha256:c1430e9ea73ec22a6100c063d50e5d56437d75d25ed9248acfd6f39f411d9fe8,agent_proposed,subaward_organization,,parameterized-budget:cost-category,1,1,,runtime-rule:sha256:033fb42be95d94aa82f0869e9ad1ef4a835f3c13e3faea067b72de4f3dfd3125|runtime-rule:sha256:03403186b8c2b20aadec3f2d28fa99f186014f4f286bcfed961d97160f144f29|runtime-rule:sha256:50b59a2de82c329fc34ade69ab5db1403c4e5539ccb4f703ff9d8237f7b7f701,condition|guidance,string,xsd_declared_type,glob:DecimalMin1Max14Places2Type,https://apply07.grants.gov/apply/forms/schemas/RR_Budget_3_0-V3.0.xsd,d474010f85819549990de65fc51292bed08ba98ac0895d0dde9513fbe855cdbc,sha256:d5d534326e8f7e4416baf98c95c1f9234c0a23628259ee2d7e3199181a24e08a,false
RRSubawardBudget30,[Draft] R&R Subaward Budget Attachment(s) Form 30,3.0,budget_attachments.rr_budget_3_0[].budget_year[].other_direct_costs.other_direct_cost_1.description,RR_SubawardBudget30_3_0.BudgetAttachments.RR_Budget_3_0.BudgetYear.OtherDirectCosts.OtherDirectCost1.Description,Additional Other Direct Cost Description,question,concept:budget:line:description,concept:budget:line:description,question:sha256:f3eaeeea8f99dd75501b23217bc7d2a3259dc2739dc44a36cc9f40e784f8e631,agent_proposed,subaward_organization,,parameterized-budget:cost-category,1,1,,runtime-rule:sha256:c3b8ad06465818526c01d60bcfc980f4edd9b4718947fcd2be2a731d0919d397|runtime-rule:sha256:cf6f6e18b8fa062291e8870df4ea5fc13d1604c2892e944d6b494ddf9e13fc7f,condition|guidance,string,xsd_declared_type,RR_Budget_3_0:String1_120DataType,https://apply07.grants.gov/apply/forms/schemas/RR_Budget_3_0-V3.0.xsd,d474010f85819549990de65fc51292bed08ba98ac0895d0dde9513fbe855cdbc,sha256:d5d534326e8f7e4416baf98c95c1f9234c0a23628259ee2d7e3199181a24e08a,false
RRSubawardBudget30,[Draft] R&R Subaward Budget Attachment(s) Form 30,3.0,budget_attachments.rr_budget_3_0[].budget_year[].other_direct_costs.other_direct_cost_10.description,RR_SubawardBudget30_3_0.BudgetAttachments.RR_Budget_3_0.BudgetYear.OtherDirectCosts.OtherDirectCost10.Description,Additional Other Direct Cost Description,question,concept:budget:line:description,concept:budget:line:description,question:sha256:dc78dac18635fd334d341e33eb050efcacf9695a06186e6da504ce4399745ea9,agent_proposed,subaward_organization,,parameterized-budget:cost-category,1,1,,runtime-rule:sha256:3b35ffe76cd07299cd910d75bf2c9d23ba4a1157bbf46bb6f5f6289e899395b2|runtime-rule:sha256:a7e70bc35ec6a96c9e2581d2809d83b755c88f053b686593206a4a3959605ea1,condition|guidance,string,xsd_declared_type,RR_Budget_3_0:String1_120DataType,https://apply07.grants.gov/apply/forms/schemas/RR_Budget_3_0-V3.0.xsd,d474010f85819549990de65fc51292bed08ba98ac0895d0dde9513fbe855cdbc,sha256:d5d534326e8f7e4416baf98c95c1f9234c0a23628259ee2d7e3199181a24e08a,false
RRSubawardBudget30,[Draft] R&R Subaward Budget Attachment(s) Form 30,3.0,budget_attachments.rr_budget_3_0[].budget_year[].other_direct_costs.other_direct_cost_2.description,RR_SubawardBudget30_3_0.BudgetAttachments.RR_Budget_3_0.BudgetYear.OtherDirectCosts.OtherDirectCost2.Description,Additional Other Direct Cost Description,question,concept:budget:line:description,concept:budget:line:description,question:sha256:d32fdeb4f3376fa86baa52754aa4ae0605120ae2ea4e2165083cc0b572d27c28,agent_proposed,subaward_organization,,parameterized-budget:cost-category,1,1,,runtime-rule:sha256:a8eb92612e89394ac800dfe12ebb992bb8f567669aa5b1ac8a3b05c75e5167e9|runtime-rule:sha256:e8034cad2bd6ab1ae467aa85108efb60ac3d4fff50859ab3a621d1bcdda507d6,condition|guidance,string,xsd_declared_type,RR_Budget_3_0:String1_120DataType,https://apply07.grants.gov/apply/forms/schemas/RR_Budget_3_0-V3.0.xsd,d474010f85819549990de65fc51292bed08ba98ac0895d0dde9513fbe855cdbc,sha256:d5d534326e8f7e4416baf98c95c1f9234c0a23628259ee2d7e3199181a24e08a,false
RRSubawardBudget30,[Draft] R&R Subaward Budget Attachment(s) Form 30,3.0,budget_attachments.rr_budget_3_0[].budget_year[].other_direct_costs.other_direct_cost_3.description,RR_SubawardBudget30_3_0.BudgetAttachments.RR_Budget_3_0.BudgetYear.OtherDirectCosts.OtherDirectCost3.Description,Additional Other Direct Cost Description,question,concept:budget:line:description,concept:budget:line:description,question:sha256:9a4d4b7c201f70dba64e59e464265bb955bbfe37613581626b99ae331b2e04e4,agent_proposed,subaward_organization,,parameterized-budget:cost-category,1,1,,runtime-rule:sha256:11dc580337e41afeb9efc63588fed997a06425d61622d5fc094767cb6cf82eed|runtime-rule:sha256:f5cdce686c1a9f44062af96b9b13ba7c850baaca504719801067f9840e943a37,condition|guidance,string,xsd_declared_type,RR_Budget_3_0:String1_120DataType,https://apply07.grants.gov/apply/forms/schemas/RR_Budget_3_0-V3.0.xsd,d474010f85819549990de65fc51292bed08ba98ac0895d0dde9513fbe855cdbc,sha256:d5d534326e8f7e4416baf98c95c1f9234c0a23628259ee2d7e3199181a24e08a,false
RRSubawardBudget30,[Draft] R&R Subaward Budget Attachment(s) Form 30,3.0,budget_attachments.rr_budget_3_0[].budget_year[].other_direct_costs.other_direct_cost_4.description,RR_SubawardBudget30_3_0.BudgetAttachments.RR_Budget_3_0.BudgetYear.OtherDirectCosts.OtherDirectCost4.Description,Additional Other Direct Cost Description,question,concept:budget:line:description,concept:budget:line:description,question:sha256:14bb1d9deb76ebae9176fefd230fe1e7ec1fb1c11b4ef325339604702dc8bc9e,agent_proposed,subaward_organization,,parameterized-budget:cost-category,1,1,,runtime-rule:sha256:33b8e90a60fc488749b28d1553934d6b61f7c248c126fbed81b3198b8c8f72f9|runtime-rule:sha256:451cc5eaf0c3fa617f14fa6d7cbd45f26175dc93c0cc91e14d287519cce94d2a,condition|guidance,string,xsd_declared_type,RR_Budget_3_0:String1_120DataType,https://apply07.grants.gov/apply/forms/schemas/RR_Budget_3_0-V3.0.xsd,d474010f85819549990de65fc51292bed08ba98ac0895d0dde9513fbe855cdbc,sha256:d5d534326e8f7e4416baf98c95c1f9234c0a23628259ee2d7e3199181a24e08a,false
RRSubawardBudget30,[Draft] R&R Subaward Budget Attachment(s) Form 30,3.0,budget_attachments.rr_budget_3_0[].budget_year[].other_direct_costs.other_direct_cost_5.description,RR_SubawardBudget30_3_0.BudgetAttachments.RR_Budget_3_0.BudgetYear.OtherDirectCosts.OtherDirectCost5.Description,Additional Other Direct Cost Description,question,concept:budget:line:description,concept:budget:line:description,question:sha256:ad00e93015e5dd9542f0212983725b7c23f001e407c12c62443f199bce30fc7a,agent_proposed,subaward_organization,,parameterized-budget:cost-category,1,1,,runtime-rule:sha256:084d7525f7581c70400257dbaa6efb52c1a11db5d494eb3f73a4816a9ff4aa4f|runtime-rule:sha256:1075a8f042b83288efc77d8e2b9a3b6edf1aa0bd9c639651227f560dbce81294,condition|guidance,string,xsd_declared_type,RR_Budget_3_0:String1_120DataType,https://apply07.grants.gov/apply/forms/schemas/RR_Budget_3_0-V3.0.xsd,d474010f85819549990de65fc51292bed08ba98ac0895d0dde9513fbe855cdbc,sha256:d5d534326e8f7e4416baf98c95c1f9234c0a23628259ee2d7e3199181a24e08a,false
RRSubawardBudget30,[Draft] R&R Subaward Budget Attachment(s) Form 30,3.0,budget_attachments.rr_budget_3_0[].budget_year[].other_direct_costs.other_direct_cost_6.description,RR_SubawardBudget30_3_0.BudgetAttachments.RR_Budget_3_0.BudgetYear.OtherDirectCosts.OtherDirectCost6.Description,Additional Other Direct Cost Description,question,concept:budget:line:description,concept:budget:line:description,question:sha256:b6b78673101a9797b86c007c6f9531c6ef22ae50789d64d11a4b52cd2c8f3519,agent_proposed,subaward_organization,,parameterized-budget:cost-category,1,1,,runtime-rule:sha256:b83e8d396424c3c94de5b4c0fb57decf1c812be67e7bbcc1f7e1e817aa93f189|runtime-rule:sha256:d814838b1533ac3e49248b58fc09a8e4df2d306137bf74a5e21d4bacfc0f2385,condition|guidance,string,xsd_declared_type,RR_Budget_3_0:String1_120DataType,https://apply07.grants.gov/apply/forms/schemas/RR_Budget_3_0-V3.0.xsd,d474010f85819549990de65fc51292bed08ba98ac0895d0dde9513fbe855cdbc,sha256:d5d534326e8f7e4416baf98c95c1f9234c0a23628259ee2d7e3199181a24e08a,false
RRSubawardBudget30,[Draft] R&R Subaward Budget Attachment(s) Form 30,3.0,budget_attachments.rr_budget_3_0[].budget_year[].other_direct_costs.other_direct_cost_7.description,RR_SubawardBudget30_3_0.BudgetAttachments.RR_Budget_3_0.BudgetYear.OtherDirectCosts.OtherDirectCost7.Description,Additional Other Direct Cost Description,question,concept:budget:line:description,concept:budget:line:description,question:sha256:a1cf68790cd2832f346b87d38209fc71e01f5f012452442cc295dd1173dd541d,agent_proposed,subaward_organization,,parameterized-budget:cost-category,1,1,,runtime-rule:sha256:2bb5c334b965d6014ea01db82b3bee542f2ec57248f021651fccd88e33c0d33d|runtime-rule:sha256:accde5a971d7754116e336ce8f959a82d83a4c9580176bd0f09f7925a37945d9,condition|guidance,string,xsd_declared_type,RR_Budget_3_0:String1_120DataType,https://apply07.grants.gov/apply/forms/schemas/RR_Budget_3_0-V3.0.xsd,d474010f85819549990de65fc51292bed08ba98ac0895d0dde9513fbe855cdbc,sha256:d5d534326e8f7e4416baf98c95c1f9234c0a23628259ee2d7e3199181a24e08a,false
RRSubawardBudget30,[Draft] R&R Subaward Budget Attachment(s) Form 30,3.0,budget_attachments.rr_budget_3_0[].budget_year[].other_direct_costs.other_direct_cost_8.description,RR_SubawardBudget30_3_0.BudgetAttachments.RR_Budget_3_0.BudgetYear.OtherDirectCosts.OtherDirectCost8.Description,Additional Other Direct Cost Description,question,concept:budget:line:description,concept:budget:line:description,question:sha256:d9e3578dcf5341d20d8435b48b442ab1991475b2dd90855d95cd3e75399cdcb5,agent_proposed,subaward_organization,,parameterized-budget:cost-category,1,1,,runtime-rule:sha256:add2ff4c63ffdfc72f0db1dc5c50ef441e1697afac5b97bbab0d64a2f0d203eb|runtime-rule:sha256:e50ae64a2aecfce995fd0766657a6711905bbfdd876e85976915248b4009b15e,condition|guidance,string,xsd_declared_type,RR_Budget_3_0:String1_120DataType,https://apply07.grants.gov/apply/forms/schemas/RR_Budget_3_0-V3.0.xsd,d474010f85819549990de65fc51292bed08ba98ac0895d0dde9513fbe855cdbc,sha256:d5d534326e8f7e4416baf98c95c1f9234c0a23628259ee2d7e3199181a24e08a,false
RRSubawardBudget30,[Draft] R&R Subaward Budget Attachment(s) Form 30,3.0,budget_attachments.rr_budget_3_0[].budget_year[].other_direct_costs.other_direct_cost_9.description,RR_SubawardBudget30_3_0.BudgetAttachments.RR_Budget_3_0.BudgetYear.OtherDirectCosts.OtherDirectCost9.Description,Additional Other Direct Cost Description,question,concept:budget:line:description,concept:budget:line:description,question:sha256:6c04f8ed749024ab6a36b16444f2f8e0fc6c27d32b264c5f6c9d7e7c0fb193d2,agent_proposed,subaward_organization,,parameterized-budget:cost-category,1,1,,runtime-rule:sha256:2b91706562591ff88773350edb0cbab2950f3e9c25f73d772eed23b198855a02|runtime-rule:sha256:5c5d79da1fa9eac7b215d3f761406650b6505a3dbfcf44a997ba925d10eac0b5,condition|guidance,string,xsd_declared_type,RR_Budget_3_0:String1_120DataType,https://apply07.grants.gov/apply/forms/schemas/RR_Budget_3_0-V3.0.xsd,d474010f85819549990de65fc51292bed08ba98ac0895d0dde9513fbe855cdbc,sha256:d5d534326e8f7e4416baf98c95c1f9234c0a23628259ee2d7e3199181a24e08a,false
RRSubawardBudget30,[Draft] R&R Subaward Budget Attachment(s) Form 30,3.0,budget_attachments.rr_budget_3_0[].budget_year[].participant_trainee_support_costs.other.description,RR_SubawardBudget30_3_0.BudgetAttachments.RR_Budget_3_0.BudgetYear.ParticipantTraineeSupportCosts.Other.Description,5. Other,question,concept:budget:line:description,concept:budget:line:description,question:sha256:98ab8f4e4e6b9a142f58b2614c9bf8e4c54545730f68cba8a7b5b47a57197a73,agent_proposed,subaward_organization,,parameterized-budget:cost-category,1,1,,runtime-rule:sha256:033fb42be95d94aa82f0869e9ad1ef4a835f3c13e3faea067b72de4f3dfd3125|runtime-rule:sha256:50b59a2de82c329fc34ade69ab5db1403c4e5539ccb4f703ff9d8237f7b7f701|runtime-rule:sha256:bad1f4d94778738852c39eda7f91333a4c6f1af5ecc3723de47f77701d28f28d,condition|guidance,string,xsd_declared_type,glob:StringMin1Max100Type,https://apply07.grants.gov/apply/forms/schemas/RR_Budget_3_0-V3.0.xsd,d474010f85819549990de65fc51292bed08ba98ac0895d0dde9513fbe855cdbc,sha256:d5d534326e8f7e4416baf98c95c1f9234c0a23628259ee2d7e3199181a24e08a,false
RRSubawardBudget30,[Draft] R&R Subaward Budget Attachment(s) Form 30,3.0,budget_attachments.rr_budget_3_0[].budget_year[].other_direct_costs.alterations_renovations,RR_SubawardBudget30_3_0.BudgetAttachments.RR_Budget_3_0.BudgetYear.OtherDirectCosts.AlterationsRenovations,7. Alterations and Renovations,question,concept:budget:other-direct:alterations-renovations,concept:budget:other-direct:alterations-renovations,question:sha256:0003af55046324e6464075a23325c544fe67152d59c76980878e5de8ddd29b9c,agent_proposed,subaward_organization,,parameterized-budget:cost-category,0,1,,runtime-rule:sha256:206f9cb4bf2139781348208706e2bfd80882f9269d09f1691a041029df7dab11|runtime-rule:sha256:3475d1e659d2bbbe151862744cf38b3d35e27033d419105dea7f9fc8a81678b4,calculation|guidance,string,xsd_declared_type,glob:DecimalMin1Max14Places2Type,https://apply07.grants.gov/apply/forms/schemas/RR_Budget_3_0-V3.0.xsd,d474010f85819549990de65fc51292bed08ba98ac0895d0dde9513fbe855cdbc,sha256:d5d534326e8f7e4416baf98c95c1f9234c0a23628259ee2d7e3199181a24e08a,false
RRSubawardBudget30,[Draft] R&R Subaward Budget Attachment(s) Form 30,3.0,budget_attachments.rr_budget_3_0[].budget_year[].other_direct_costs.adp_computer_services,RR_SubawardBudget30_3_0.BudgetAttachments.RR_Budget_3_0.BudgetYear.OtherDirectCosts.ADPComputerServices,4. ADP/Computer Services,question,concept:budget:other-direct:computer-services,concept:budget:other-direct:computer-services,question:sha256:bf9f086416a191ae3435acbfa254c547d04340dc784eadb8f025414274c5ad6c,agent_proposed,subaward_organization,,parameterized-budget:cost-category,0,1,,runtime-rule:sha256:da545b214c7b5a0aa1d6c91fcf014b2d7a1168daec95342c9365ec409c36c7dd|runtime-rule:sha256:eb11f6fae789f98687538a691561f72c270b074e2bad7a89d48e79973bcb6848,calculation|guidance,string,xsd_declared_type,glob:DecimalMin1Max14Places2Type,https://apply07.grants.gov/apply/forms/schemas/RR_Budget_3_0-V3.0.xsd,d474010f85819549990de65fc51292bed08ba98ac0895d0dde9513fbe855cdbc,sha256:d5d534326e8f7e4416baf98c95c1f9234c0a23628259ee2d7e3199181a24e08a,false
RRSubawardBudget30,[Draft] R&R Subaward Budget Attachment(s) Form 30,3.0,budget_attachments.rr_budget_3_0[].budget_year[].other_direct_costs.consultant_services,RR_SubawardBudget30_3_0.BudgetAttachments.RR_Budget_3_0.BudgetYear.OtherDirectCosts.ConsultantServices,3. Consultant Services,question,concept:budget:other-direct:consultant,concept:budget:other-direct:consultant,question:sha256:0c2404200153384d954e67f9caa37e1fe128593a8614200bfaf25c0b6e013d9a,agent_proposed,subaward_organization,,parameterized-budget:cost-category,0,1,,runtime-rule:sha256:44cca4f537944d5f707e693a0570b402f8e2f0dcc771a1ed092621b9f636daf5|runtime-rule:sha256:68922fd460fbfccd7a63cd2647bb8991f3b438063249f09f5a13f5513f54d949,calculation|guidance,string,xsd_declared_type,glob:DecimalMin1Max14Places2Type,https://apply07.grants.gov/apply/forms/schemas/RR_Budget_3_0-V3.0.xsd,d474010f85819549990de65fc51292bed08ba98ac0895d0dde9513fbe855cdbc,sha256:d5d534326e8f7e4416baf98c95c1f9234c0a23628259ee2d7e3199181a24e08a,false
RRSubawardBudget30,[Draft] R&R Subaward Budget Attachment(s) Form 30,3.0,budget_attachments.rr_budget_3_0[].budget_year[].other_direct_costs.equipment_rental_fee,RR_SubawardBudget30_3_0.BudgetAttachments.RR_Budget_3_0.BudgetYear.OtherDirectCosts.EquipmentRentalFee,6. Equipment or Facility Rental/User Fees,question,concept:budget:other-direct:equipment-rental,concept:budget:other-direct:equipment-rental,question:sha256:7efefc6eca271fde46014698b016462a13218ef5c6d823239558f7a067b482ce,agent_proposed,subaward_organization,,parameterized-budget:cost-category,0,1,,runtime-rule:sha256:5036ecd5fdf1311347a164e31b1f592a889346fce711f853d119132cbbf98467|runtime-rule:sha256:f58f58c6900eb0e5b01d1587dac6506f1f17b201ed18e8c71702ed2639c61cc3,calculation|guidance,string,xsd_declared_type,glob:DecimalMin1Max14Places2Type,https://apply07.grants.gov/apply/forms/schemas/RR_Budget_3_0-V3.0.xsd,d474010f85819549990de65fc51292bed08ba98ac0895d0dde9513fbe855cdbc,sha256:d5d534326e8f7e4416baf98c95c1f9234c0a23628259ee2d7e3199181a24e08a,false
RRSubawardBudget30,[Draft] R&R Subaward Budget Attachment(s) Form 30,3.0,budget_attachments.rr_budget_3_0[].budget_year[].other_direct_costs.materials_supplies,RR_SubawardBudget30_3_0.BudgetAttachments.RR_Budget_3_0.BudgetYear.OtherDirectCosts.MaterialsSupplies,1. Materials and Supplies,question,concept:budget:other-direct:materials-supplies,concept:budget:other-direct:materials-supplies,question:sha256:09626514df2f455ad26c411046bb3e0ffe4cd5abdae729ebb20a12eafe03b0ae,agent_proposed,subaward_organization,,parameterized-budget:cost-category,0,1,,runtime-rule:sha256:31f81356c9d70cd25f5e39a0545b730db070f269d1229630f46048f1749805a5|runtime-rule:sha256:90a3de286a643e60eb18fadf649801764706c62bc5dc77f7ecc72117b976eda5,calculation|guidance,string,xsd_declared_type,glob:DecimalMin1Max14Places2Type,https://apply07.grants.gov/apply/forms/schemas/RR_Budget_3_0-V3.0.xsd,d474010f85819549990de65fc51292bed08ba98ac0895d0dde9513fbe855cdbc,sha256:d5d534326e8f7e4416baf98c95c1f9234c0a23628259ee2d7e3199181a24e08a,false
RRSubawardBudget30,[Draft] R&R Subaward Budget Attachment(s) Form 30,3.0,budget_attachments.rr_budget_3_0[].budget_year[].other_direct_costs.publication_costs,RR_SubawardBudget30_3_0.BudgetAttachments.RR_Budget_3_0.BudgetYear.OtherDirectCosts.PublicationCosts,2. Publication Costs,question,concept:budget:other-direct:publication,concept:budget:other-direct:publication,question:sha256:f2b09de0927afc1b39b7f39ccb051c0699d4d33acf5ffe5c7ae9474ab4f99dcc,agent_proposed,subaward_organization,,parameterized-budget:cost-category,0,1,,runtime-rule:sha256:1965b12c651f71db006699d8b2b9b9fbed6ba6516c7abebc0d804d47ee0ee21d|runtime-rule:sha256:bd45ee2fd64495d7f89b757f6349f082f68eb139682c568f0d94d41b8dc1fd93,calculation|guidance,string,xsd_declared_type,glob:DecimalMin1Max14Places2Type,https://apply07.grants.gov/apply/forms/schemas/RR_Budget_3_0-V3.0.xsd,d474010f85819549990de65fc51292bed08ba98ac0895d0dde9513fbe855cdbc,sha256:d5d534326e8f7e4416baf98c95c1f9234c0a23628259ee2d7e3199181a24e08a,false
RRSubawardBudget30,[Draft] R&R Subaward Budget Attachment(s) Form 30,3.0,budget_attachments.rr_budget_3_0[].budget_year[].other_direct_costs.subaward_consortium_contractual_costs,RR_SubawardBudget30_3_0.BudgetAttachments.RR_Budget_3_0.BudgetYear.OtherDirectCosts.SubawardConsortiumContractualCosts,5. Subawards/Consortium/Contractual Costs,question,concept:budget:other-direct:subaward-contractual,concept:budget:other-direct:subaward-contractual,question:sha256:7fc214e52f5022e2221eb74f0f14fd1f4fb558e0aa1a00c67fc558981d4f67bb,agent_proposed,subaward_organization,,parameterized-budget:cost-category,0,1,,runtime-rule:sha256:0d5bfd8ae21c0e052c393b8c9dace79af6d4f3c0b1efd6912a7c8870fed1b7c9|runtime-rule:sha256:28cc17d6e244d413aff88140858c04e767b44b011627cafc106c7d436ecec918,calculation|guidance,string,xsd_declared_type,glob:DecimalMin1Max14Places2Type,https://apply07.grants.gov/apply/forms/schemas/RR_Budget_3_0-V3.0.xsd,d474010f85819549990de65fc51292bed08ba98ac0895d0dde9513fbe855cdbc,sha256:d5d534326e8f7e4416baf98c95c1f9234c0a23628259ee2d7e3199181a24e08a,false
RRSubawardBudget30,[Draft] R&R Subaward Budget Attachment(s) Form 30,3.0,budget_attachments.rr_budget_3_0[].budget_year[].budget_period_end_date,RR_SubawardBudget30_3_0.BudgetAttachments.RR_Budget_3_0.BudgetYear.BudgetPeriodEndDate,End Date:,question,concept:budget:period:end-date,concept:budget:period:end-date,question:sha256:d5f08218ec2d7b6cef3419abbd91b102ac2335361bfd0d282598cf171d80d7ca,agent_proposed,subaward_organization,,parameterized-budget:budget-period,1,1,,runtime-rule:sha256:38a8025c72a3dcdee5b7fd275595d8227ff30c94405ecb816e257f112ebe10d5,guidance,string,xsd_declared_type,xs:date,https://apply07.grants.gov/apply/forms/schemas/RR_Budget_3_0-V3.0.xsd,d474010f85819549990de65fc51292bed08ba98ac0895d0dde9513fbe855cdbc,sha256:d5d534326e8f7e4416baf98c95c1f9234c0a23628259ee2d7e3199181a24e08a,false
RRSubawardBudget30,[Draft] R&R Subaward Budget Attachment(s) Form 30,3.0,budget_attachments.rr_budget_3_0[].budget_year[].budget_period_start_date,RR_SubawardBudget30_3_0.BudgetAttachments.RR_Budget_3_0.BudgetYear.BudgetPeriodStartDate,Start Date:,question,concept:budget:period:start-date,concept:budget:period:start-date,question:sha256:e8e27cd49d843b1ee730318f58cb2b48c143c645d0f872589149f044abd84ff0,agent_proposed,subaward_organization,,parameterized-budget:budget-period,1,1,,runtime-rule:sha256:1cec6196918aa390dd7b05c9d127d4a52690f750f1bdedcfbfe2e053f5ca6c5e,guidance,string,xsd_declared_type,xs:date,https://apply07.grants.gov/apply/forms/schemas/RR_Budget_3_0-V3.0.xsd,d474010f85819549990de65fc51292bed08ba98ac0895d0dde9513fbe855cdbc,sha256:d5d534326e8f7e4416baf98c95c1f9234c0a23628259ee2d7e3199181a24e08a,false
RRSubawardBudget30,[Draft] R&R Subaward Budget Attachment(s) Form 30,3.0,budget_attachments.rr_budget_3_0[].budget_year[].key_persons.key_person[].academic_months,RR_SubawardBudget30_3_0.BudgetAttachments.RR_Budget_3_0.BudgetYear.KeyPersons.KeyPerson.AcademicMonths,Senior/Key Person Academic Months,question,concept:budget:personnel:academic-months,concept:budget:personnel:academic-months,question:sha256:b8ef69a73774ad2699b91b365b58720e716e9cb69c54548f0850f5ba0a0de87e,agent_proposed,subaward_organization,,parameterized-budget:personnel,0,1,,,,string,xsd_declared_type,RR_Budget_3_0:Month2whole2fracDataType,https://apply07.grants.gov/apply/forms/schemas/RR_Budget_3_0-V3.0.xsd,d474010f85819549990de65fc51292bed08ba98ac0895d0dde9513fbe855cdbc,sha256:d5d534326e8f7e4416baf98c95c1f9234c0a23628259ee2d7e3199181a24e08a,false
RRSubawardBudget30,[Draft] R&R Subaward Budget Attachment(s) Form 30,3.0,budget_attachments.rr_budget_3_0[].budget_year[].other_personnel.graduate_students.academic_months,RR_SubawardBudget30_3_0.BudgetAttachments.RR_Budget_3_0.BudgetYear.OtherPersonnel.GraduateStudents.AcademicMonths,Academic Months Graduate Students,question,concept:budget:personnel:academic-months,concept:budget:personnel:academic-months,question:sha256:d400227789d6c8eb038c44071e81a73f26c8a1acc9ad416cb1f4b2d786251bf5,agent_proposed,subaward_organization,,parameterized-budget:personnel,0,1,,runtime-rule:sha256:26cbf20cd36cba2641fc8d903d8a01cdbaa54d7a43242c5b916e45e603669188|runtime-rule:sha256:33d096ff9b10165d3a5a141e440b51529b4c1d30744ff7f95ec326c8acb1c460|runtime-rule:sha256:bcb5e8f124a94373822d04e01046df948aa6c39316f324fcd668a10f0f259395,condition,string,xsd_declared_type,RR_Budget_3_0:Month3whole2fracDataType,https://apply07.grants.gov/apply/forms/schemas/RR_Budget_3_0-V3.0.xsd,d474010f85819549990de65fc51292bed08ba98ac0895d0dde9513fbe855cdbc,sha256:d5d534326e8f7e4416baf98c95c1f9234c0a23628259ee2d7e3199181a24e08a,false
RRSubawardBudget30,[Draft] R&R Subaward Budget Attachment(s) Form 30,3.0,budget_attachments.rr_budget_3_0[].budget_year[].other_personnel.other[].academic_months,RR_SubawardBudget30_3_0.BudgetAttachments.RR_Budget_3_0.BudgetYear.OtherPersonnel.Other.AcademicMonths,Academic Months Additional Project Role,question,concept:budget:personnel:academic-months,concept:budget:personnel:academic-months,question:sha256:2d54c99731ac6b4fe92e7c39cb3ea7d4841a60fc860057a070e2cad57de1670f,agent_proposed,subaward_organization,,parameterized-budget:personnel,0,1,,runtime-rule:sha256:218e9d1d3672b779737c722e49b30dd9fad79bdefb66b0af0b8b618fbdd3d06c|runtime-rule:sha256:4cd6ec1348b30c2ed3653cb03409a52359cf0e8059edb438f8edec9447f553dd|runtime-rule:sha256:7b8663136110f1f54cf3dd0fa06c9d3b9a7a5986a559c9dbe0fe4f9149e78cee|runtime-rule:sha256:ade977b5df81cd6c1c2306245c9d158bb58d455b93aaef586b445dc863b41ef9,condition,string,xsd_declared_type,RR_Budget_3_0:Month3whole2fracDataType,https://apply07.grants.gov/apply/forms/schemas/RR_Budget_3_0-V3.0.xsd,d474010f85819549990de65fc51292bed08ba98ac0895d0dde9513fbe855cdbc,sha256:d5d534326e8f7e4416baf98c95c1f9234c0a23628259ee2d7e3199181a24e08a,false
RRSubawardBudget30,[Draft] R&R Subaward Budget Attachment(s) Form 30,3.0,budget_attachments.rr_budget_3_0[].budget_year[].other_personnel.post_doc_associates.academic_months,RR_SubawardBudget30_3_0.BudgetAttachments.RR_Budget_3_0.BudgetYear.OtherPersonnel.PostDocAssociates.AcademicMonths,Academic Months Post Doctoral Associates,question,concept:budget:personnel:academic-months,concept:budget:personnel:academic-months,question:sha256:e9d19d2b9930c10628852ad45607e19504435cc82bda5f883462d13212e889bf,agent_proposed,subaward_organization,,parameterized-budget:personnel,0,1,,runtime-rule:sha256:1b2b4f715a932dff761d0f6118086cc4224631380b8a160866cac6afe39e474d|runtime-rule:sha256:728151d913a48a0c3bca043c2f3c9d36a942b4c6794f4b111cfed48e48acbb51|runtime-rule:sha256:eaf481659524c7f0cd785c18375c405929eb11f1074e8e6a8bf13d695879600a,condition,string,xsd_declared_type,RR_Budget_3_0:Month3whole2fracDataType,https://apply07.grants.gov/apply/forms/schemas/RR_Budget_3_0-V3.0.xsd,d474010f85819549990de65fc51292bed08ba98ac0895d0dde9513fbe855cdbc,sha256:d5d534326e8f7e4416baf98c95c1f9234c0a23628259ee2d7e3199181a24e08a,false
RRSubawardBudget30,[Draft] R&R Subaward Budget Attachment(s) Form 30,3.0,budget_attachments.rr_budget_3_0[].budget_year[].other_personnel.secretarial_clerical.academic_months,RR_SubawardBudget30_3_0.BudgetAttachments.RR_Budget_3_0.BudgetYear.OtherPersonnel.SecretarialClerical.AcademicMonths,Academic Months Secretarial/Clerical,question,concept:budget:personnel:academic-months,concept:budget:personnel:academic-months,question:sha256:7c47aa9cd37f4fc728711d379334eae6742148a96c075a9130363320efa39b56,agent_proposed,subaward_organization,,parameterized-budget:personnel,0,1,,runtime-rule:sha256:12244f4a7f66523926e2fe63e4a4e03a6723b2c6163aaa588a10a9c6bbb00a6b|runtime-rule:sha256:6d31c50623b4dfe94c7f8990859316dbf0a6128944b22ab48fa06c6e4fafd23c|runtime-rule:sha256:b7c7f0bb418f8868d2872becf729f8299491e1d498bdbfaaaff3e091eefe1d66,condition,string,xsd_declared_type,RR_Budget_3_0:Month3whole2fracDataType,https://apply07.grants.gov/apply/forms/schemas/RR_Budget_3_0-V3.0.xsd,d474010f85819549990de65fc51292bed08ba98ac0895d0dde9513fbe855cdbc,sha256:d5d534326e8f7e4416baf98c95c1f9234c0a23628259ee2d7e3199181a24e08a,false
RRSubawardBudget30,[Draft] R&R Subaward Budget Attachment(s) Form 30,3.0,budget_attachments.rr_budget_3_0[].budget_year[].other_personnel.undergraduate_students.academic_months,RR_SubawardBudget30_3_0.BudgetAttachments.RR_Budget_3_0.BudgetYear.OtherPersonnel.UndergraduateStudents.AcademicMonths,Academic Months Undergraduate Students,question,concept:budget:personnel:academic-months,concept:budget:personnel:academic-months,question:sha256:4cfca120aa7ca3157d81122dacc24ee8ae0c49e7a0a43c96285440365d79449d,agent_proposed,subaward_organization,,parameterized-budget:personnel,0,1,,runtime-rule:sha256:112ab64519dc157ff8899089ef5f40419365bd539dd3a28b3fbcd8a7630c2629|runtime-rule:sha256:6a15d83741701d8f7ffedb7199fe976e1092a208bdb4e682b5c602396f902b5b|runtime-rule:sha256:e1bdbcb8fa1bf258857e4b0aefb1838ed595b6bc58d3f0c5b35816f73376f9ab,condition,string,xsd_declared_type,RR_Budget_3_0:Month3whole2fracDataType,https://apply07.grants.gov/apply/forms/schemas/RR_Budget_3_0-V3.0.xsd,d474010f85819549990de65fc51292bed08ba98ac0895d0dde9513fbe855cdbc,sha256:d5d534326e8f7e4416baf98c95c1f9234c0a23628259ee2d7e3199181a24e08a,false
RRSubawardBudget30,[Draft] R&R Subaward Budget Attachment(s) Form 30,3.0,budget_attachments.rr_budget_3_0[].budget_year[].key_persons.key_person[].base_salary,RR_SubawardBudget30_3_0.BudgetAttachments.RR_Budget_3_0.BudgetYear.KeyPersons.KeyPerson.BaseSalary,Senior/Key Person Base Salary,question,concept:budget:personnel:base-salary,concept:budget:personnel:base-salary,question:sha256:3ab7db540ef4fc7c9b46aca68fab2dcd655a74f35dbf3ae216643d5faffe23d1,agent_proposed,subaward_organization,,parameterized-budget:personnel,0,1,,,,string,xsd_declared_type,glob:DecimalMin1Max14Places2Type,https://apply07.grants.gov/apply/forms/schemas/RR_Budget_3_0-V3.0.xsd,d474010f85819549990de65fc51292bed08ba98ac0895d0dde9513fbe855cdbc,sha256:d5d534326e8f7e4416baf98c95c1f9234c0a23628259ee2d7e3199181a24e08a,false
RRSubawardBudget30,[Draft] R&R Subaward Budget Attachment(s) Form 30,3.0,budget_attachments.rr_budget_3_0[].budget_year[].key_persons.key_person[].calendar_months,RR_SubawardBudget30_3_0.BudgetAttachments.RR_Budget_3_0.BudgetYear.KeyPersons.KeyPerson.CalendarMonths,Senior/Key Person Calendar Months,question,concept:budget:personnel:calendar-months,concept:budget:personnel:calendar-months,question:sha256:06ebe6b7fe698fdf3c8a3fc213a11b8908684f2836e55fc1c76283ca018907fd,agent_proposed,subaward_organization,,parameterized-budget:personnel,0,1,,,,string,xsd_declared_type,RR_Budget_3_0:Month2whole2fracDataType,https://apply07.grants.gov/apply/forms/schemas/RR_Budget_3_0-V3.0.xsd,d474010f85819549990de65fc51292bed08ba98ac0895d0dde9513fbe855cdbc,sha256:d5d534326e8f7e4416baf98c95c1f9234c0a23628259ee2d7e3199181a24e08a,false
RRSubawardBudget30,[Draft] R&R Subaward Budget Attachment(s) Form 30,3.0,budget_attachments.rr_budget_3_0[].budget_year[].other_personnel.graduate_students.calendar_months,RR_SubawardBudget30_3_0.BudgetAttachments.RR_Budget_3_0.BudgetYear.OtherPersonnel.GraduateStudents.CalendarMonths,Calendar Months Graduate Students,question,concept:budget:personnel:calendar-months,concept:budget:personnel:calendar-months,question:sha256:53066ef77fdc1385685acffa0697adc03f7512ebd62fc571027f1fe474ba1ff5,agent_proposed,subaward_organization,,parameterized-budget:personnel,0,1,,runtime-rule:sha256:26cbf20cd36cba2641fc8d903d8a01cdbaa54d7a43242c5b916e45e603669188|runtime-rule:sha256:33d096ff9b10165d3a5a141e440b51529b4c1d30744ff7f95ec326c8acb1c460|runtime-rule:sha256:bcb5e8f124a94373822d04e01046df948aa6c39316f324fcd668a10f0f259395,condition,string,xsd_declared_type,RR_Budget_3_0:Month3whole2fracDataType,https://apply07.grants.gov/apply/forms/schemas/RR_Budget_3_0-V3.0.xsd,d474010f85819549990de65fc51292bed08ba98ac0895d0dde9513fbe855cdbc,sha256:d5d534326e8f7e4416baf98c95c1f9234c0a23628259ee2d7e3199181a24e08a,false
RRSubawardBudget30,[Draft] R&R Subaward Budget Attachment(s) Form 30,3.0,budget_attachments.rr_budget_3_0[].budget_year[].other_personnel.other[].calendar_months,RR_SubawardBudget30_3_0.BudgetAttachments.RR_Budget_3_0.BudgetYear.OtherPersonnel.Other.CalendarMonths,Calendar Months Additional Project Role,question,concept:budget:personnel:calendar-months,concept:budget:personnel:calendar-months,question:sha256:3b451b4497211af38e3dc6731b4402b17a8da17bfd6ff924f098a1f4508c5084,agent_proposed,subaward_organization,,parameterized-budget:personnel,0,1,,runtime-rule:sha256:218e9d1d3672b779737c722e49b30dd9fad79bdefb66b0af0b8b618fbdd3d06c|runtime-rule:sha256:4cd6ec1348b30c2ed3653cb03409a52359cf0e8059edb438f8edec9447f553dd|runtime-rule:sha256:7b8663136110f1f54cf3dd0fa06c9d3b9a7a5986a559c9dbe0fe4f9149e78cee|runtime-rule:sha256:ade977b5df81cd6c1c2306245c9d158bb58d455b93aaef586b445dc863b41ef9,condition,string,xsd_declared_type,RR_Budget_3_0:Month3whole2fracDataType,https://apply07.grants.gov/apply/forms/schemas/RR_Budget_3_0-V3.0.xsd,d474010f85819549990de65fc51292bed08ba98ac0895d0dde9513fbe855cdbc,sha256:d5d534326e8f7e4416baf98c95c1f9234c0a23628259ee2d7e3199181a24e08a,false
RRSubawardBudget30,[Draft] R&R Subaward Budget Attachment(s) Form 30,3.0,budget_attachments.rr_budget_3_0[].budget_year[].other_personnel.post_doc_associates.calendar_months,RR_SubawardBudget30_3_0.BudgetAttachments.RR_Budget_3_0.BudgetYear.OtherPersonnel.PostDocAssociates.CalendarMonths,Calendar Months Post Doctoral Associates,question,concept:budget:personnel:calendar-months,concept:budget:personnel:calendar-months,question:sha256:ad2fe9185d2addf60d85d553834f43826f070044cd650097278f96652d754c0c,agent_proposed,subaward_organization,,parameterized-budget:personnel,0,1,,runtime-rule:sha256:1b2b4f715a932dff761d0f6118086cc4224631380b8a160866cac6afe39e474d|runtime-rule:sha256:728151d913a48a0c3bca043c2f3c9d36a942b4c6794f4b111cfed48e48acbb51|runtime-rule:sha256:eaf481659524c7f0cd785c18375c405929eb11f1074e8e6a8bf13d695879600a,condition,string,xsd_declared_type,RR_Budget_3_0:Month3whole2fracDataType,https://apply07.grants.gov/apply/forms/schemas/RR_Budget_3_0-V3.0.xsd,d474010f85819549990de65fc51292bed08ba98ac0895d0dde9513fbe855cdbc,sha256:d5d534326e8f7e4416baf98c95c1f9234c0a23628259ee2d7e3199181a24e08a,false
RRSubawardBudget30,[Draft] R&R Subaward Budget Attachment(s) Form 30,3.0,budget_attachments.rr_budget_3_0[].budget_year[].other_personnel.secretarial_clerical.calendar_months,RR_SubawardBudget30_3_0.BudgetAttachments.RR_Budget_3_0.BudgetYear.OtherPersonnel.SecretarialClerical.CalendarMonths,Calendar Months Secretarial/Clerical,question,concept:budget:personnel:calendar-months,concept:budget:personnel:calendar-months,question:sha256:e70ee4ce35456177347b176855d59271a23d5c23f18da986e9a59559d00183eb,agent_proposed,subaward_organization,,parameterized-budget:personnel,0,1,,runtime-rule:sha256:12244f4a7f66523926e2fe63e4a4e03a6723b2c6163aaa588a10a9c6bbb00a6b|runtime-rule:sha256:6d31c50623b4dfe94c7f8990859316dbf0a6128944b22ab48fa06c6e4fafd23c|runtime-rule:sha256:b7c7f0bb418f8868d2872becf729f8299491e1d498bdbfaaaff3e091eefe1d66,condition,string,xsd_declared_type,RR_Budget_3_0:Month3whole2fracDataType,https://apply07.grants.gov/apply/forms/schemas/RR_Budget_3_0-V3.0.xsd,d474010f85819549990de65fc51292bed08ba98ac0895d0dde9513fbe855cdbc,sha256:d5d534326e8f7e4416baf98c95c1f9234c0a23628259ee2d7e3199181a24e08a,false
RRSubawardBudget30,[Draft] R&R Subaward Budget Attachment(s) Form 30,3.0,budget_attachments.rr_budget_3_0[].budget_year[].other_personnel.undergraduate_students.calendar_months,RR_SubawardBudget30_3_0.BudgetAttachments.RR_Budget_3_0.BudgetYear.OtherPersonnel.UndergraduateStudents.CalendarMonths,Calendar Months Undergraduate Students,question,concept:budget:personnel:calendar-months,concept:budget:personnel:calendar-months,question:sha256:2bae2b06e6309e000addcfe6f5460a2955891249e31e93565cfd5415950d50d0,agent_proposed,subaward_organization,,parameterized-budget:personnel,0,1,,runtime-rule:sha256:112ab64519dc157ff8899089ef5f40419365bd539dd3a28b3fbcd8a7630c2629|runtime-rule:sha256:6a15d83741701d8f7ffedb7199fe976e1092a208bdb4e682b5c602396f902b5b|runtime-rule:sha256:e1bdbcb8fa1bf258857e4b0aefb1838ed595b6bc58d3f0c5b35816f73376f9ab,condition,string,xsd_declared_type,RR_Budget_3_0:Month3whole2fracDataType,https://apply07.grants.gov/apply/forms/schemas/RR_Budget_3_0-V3.0.xsd,d474010f85819549990de65fc51292bed08ba98ac0895d0dde9513fbe855cdbc,sha256:d5d534326e8f7e4416baf98c95c1f9234c0a23628259ee2d7e3199181a24e08a,false
RRSubawardBudget30,[Draft] R&R Subaward Budget Attachment(s) Form 30,3.0,budget_attachments.rr_budget_3_0[].budget_year[].other_personnel.graduate_students.number_of_personnel,RR_SubawardBudget30_3_0.BudgetAttachments.RR_Budget_3_0.BudgetYear.OtherPersonnel.GraduateStudents.NumberOfPersonnel,Number of Personnel Graduate Students,question,concept:budget:personnel:count,concept:budget:personnel:count,question:sha256:995f77ddf3a87c771989ae45d58e802d70ad9ff2d5c5dc3bd05e908c70f230f3,agent_proposed,subaward_organization,,parameterized-budget:personnel,1,1,,runtime-rule:sha256:26cbf20cd36cba2641fc8d903d8a01cdbaa54d7a43242c5b916e45e603669188|runtime-rule:sha256:33d096ff9b10165d3a5a141e440b51529b4c1d30744ff7f95ec326c8acb1c460|runtime-rule:sha256:4501d7887e99f63dc26aa5e1c9e062e3f1ab35b8ea98bf6639bd78c483fbd335|runtime-rule:sha256:bcb5e8f124a94373822d04e01046df948aa6c39316f324fcd668a10f0f259395,condition|guidance,integer,xsd_declared_type,RR_Budget_3_0:Int3DataType,https://apply07.grants.gov/apply/forms/schemas/RR_Budget_3_0-V3.0.xsd,d474010f85819549990de65fc51292bed08ba98ac0895d0dde9513fbe855cdbc,sha256:d5d534326e8f7e4416baf98c95c1f9234c0a23628259ee2d7e3199181a24e08a,false
RRSubawardBudget30,[Draft] R&R Subaward Budget Attachment(s) Form 30,3.0,budget_attachments.rr_budget_3_0[].budget_year[].other_personnel.other[].number_of_personnel,RR_SubawardBudget30_3_0.BudgetAttachments.RR_Budget_3_0.BudgetYear.OtherPersonnel.Other.NumberOfPersonnel,Number of Personnel Additional Project Role,question,concept:budget:personnel:count,concept:budget:personnel:count,question:sha256:45bab15ffd07d133886ad30a469e4b1a1ed960731cafca3296770bb713bea101,agent_proposed,subaward_organization,,parameterized-budget:personnel,1,1,,runtime-rule:sha256:218e9d1d3672b779737c722e49b30dd9fad79bdefb66b0af0b8b618fbdd3d06c|runtime-rule:sha256:4cd6ec1348b30c2ed3653cb03409a52359cf0e8059edb438f8edec9447f553dd|runtime-rule:sha256:7b8663136110f1f54cf3dd0fa06c9d3b9a7a5986a559c9dbe0fe4f9149e78cee|runtime-rule:sha256:922f3634279c66b5ebc3093621d4e6515dfe85d44d71557cff1d74633132ee86|runtime-rule:sha256:ade977b5df81cd6c1c2306245c9d158bb58d455b93aaef586b445dc863b41ef9,condition|guidance,integer,xsd_declared_type,RR_Budget_3_0:Int3DataType,https://apply07.grants.gov/apply/forms/schemas/RR_Budget_3_0-V3.0.xsd,d474010f85819549990de65fc51292bed08ba98ac0895d0dde9513fbe855cdbc,sha256:d5d534326e8f7e4416baf98c95c1f9234c0a23628259ee2d7e3199181a24e08a,false
RRSubawardBudget30,[Draft] R&R Subaward Budget Attachment(s) Form 30,3.0,budget_attachments.rr_budget_3_0[].budget_year[].other_personnel.post_doc_associates.number_of_personnel,RR_SubawardBudget30_3_0.BudgetAttachments.RR_Budget_3_0.BudgetYear.OtherPersonnel.PostDocAssociates.NumberOfPersonnel,Number of Personnel Post Doctoral Associates,question,concept:budget:personnel:count,concept:budget:personnel:count,question:sha256:6ba10a9e6a8dfe8e75ffe3541b83f2d37c09c9290bcafb56a3c94538d2fcf989,agent_proposed,subaward_organization,,parameterized-budget:personnel,1,1,,runtime-rule:sha256:031b4b951c7a3b0fa7d4402d9c617a73adb57e57dfb4a5eb48aef9f8bc62736a|runtime-rule:sha256:1b2b4f715a932dff761d0f6118086cc4224631380b8a160866cac6afe39e474d|runtime-rule:sha256:728151d913a48a0c3bca043c2f3c9d36a942b4c6794f4b111cfed48e48acbb51|runtime-rule:sha256:eaf481659524c7f0cd785c18375c405929eb11f1074e8e6a8bf13d695879600a,condition|guidance,integer,xsd_declared_type,RR_Budget_3_0:Int3DataType,https://apply07.grants.gov/apply/forms/schemas/RR_Budget_3_0-V3.0.xsd,d474010f85819549990de65fc51292bed08ba98ac0895d0dde9513fbe855cdbc,sha256:d5d534326e8f7e4416baf98c95c1f9234c0a23628259ee2d7e3199181a24e08a,false
RRSubawardBudget30,[Draft] R&R Subaward Budget Attachment(s) Form 30,3.0,budget_attachments.rr_budget_3_0[].budget_year[].other_personnel.secretarial_clerical.number_of_personnel,RR_SubawardBudget30_3_0.BudgetAttachments.RR_Budget_3_0.BudgetYear.OtherPersonnel.SecretarialClerical.NumberOfPersonnel,Number of Personnel Secretarial/Clerical,question,concept:budget:personnel:count,concept:budget:personnel:count,question:sha256:343c8e6f0157a4ed7e3d666d1cdad1e213bcd7fd9e25b739c0891609ff153933,agent_proposed,subaward_organization,,parameterized-budget:personnel,1,1,,runtime-rule:sha256:0ee2ce457f2be88e13f56dfc85acd439814fce7cf9df8a741f5ff3fca29b902d|runtime-rule:sha256:12244f4a7f66523926e2fe63e4a4e03a6723b2c6163aaa588a10a9c6bbb00a6b|runtime-rule:sha256:6d31c50623b4dfe94c7f8990859316dbf0a6128944b22ab48fa06c6e4fafd23c|runtime-rule:sha256:b7c7f0bb418f8868d2872becf729f8299491e1d498bdbfaaaff3e091eefe1d66,condition|guidance,integer,xsd_declared_type,RR_Budget_3_0:Int3DataType,https://apply07.grants.gov/apply/forms/schemas/RR_Budget_3_0-V3.0.xsd,d474010f85819549990de65fc51292bed08ba98ac0895d0dde9513fbe855cdbc,sha256:d5d534326e8f7e4416baf98c95c1f9234c0a23628259ee2d7e3199181a24e08a,false
RRSubawardBudget30,[Draft] R&R Subaward Budget Attachment(s) Form 30,3.0,budget_attachments.rr_budget_3_0[].budget_year[].other_personnel.undergraduate_students.number_of_personnel,RR_SubawardBudget30_3_0.BudgetAttachments.RR_Budget_3_0.BudgetYear.OtherPersonnel.UndergraduateStudents.NumberOfPersonnel,Number of Personnel Undergraduate Students,question,concept:budget:personnel:count,concept:budget:personnel:count,question:sha256:03a354cdfa4cba17121df17c177a444b609d7edca0caca1484de0dd36577c220,agent_proposed,subaward_organization,,parameterized-budget:personnel,1,1,,runtime-rule:sha256:112ab64519dc157ff8899089ef5f40419365bd539dd3a28b3fbcd8a7630c2629|runtime-rule:sha256:6a15d83741701d8f7ffedb7199fe976e1092a208bdb4e682b5c602396f902b5b|runtime-rule:sha256:b68ca2b66efd5cab812bf4df395921ffc088e00e4c4bac8bd2d5239f166c88d1|runtime-rule:sha256:e1bdbcb8fa1bf258857e4b0aefb1838ed595b6bc58d3f0c5b35816f73376f9ab,condition|guidance,integer,xsd_declared_type,RR_Budget_3_0:Int3DataType,https://apply07.grants.gov/apply/forms/schemas/RR_Budget_3_0-V3.0.xsd,d474010f85819549990de65fc51292bed08ba98ac0895d0dde9513fbe855cdbc,sha256:d5d534326e8f7e4416baf98c95c1f9234c0a23628259ee2d7e3199181a24e08a,false
RRSubawardBudget30,[Draft] R&R Subaward Budget Attachment(s) Form 30,3.0,budget_attachments.rr_budget_3_0[].budget_year[].key_persons.key_person[].fringe_benefits,RR_SubawardBudget30_3_0.BudgetAttachments.RR_Budget_3_0.BudgetYear.KeyPersons.KeyPerson.FringeBenefits,Senior/Key Person Fringe Benefits,question,concept:budget:personnel:fringe-benefits,concept:budget:personnel:fringe-benefits,question:sha256:7fa206cb5b0653a5aef05649321401289ceeb06db84e7e657a5e9e2c18276944,agent_proposed,subaward_organization,,parameterized-budget:personnel,1,1,,runtime-rule:sha256:398ce0ccb9e2cea898a950a7c64c8c43190999dd7aad5c44d674e31ae3fee00d|runtime-rule:sha256:732d537fa4055f18a102587df21cbe13fceecf9589185b23d5b5e9642cd95d46,calculation|guidance,string,xsd_declared_type,glob:DecimalMin1Max14Places2Type,https://apply07.grants.gov/apply/forms/schemas/RR_Budget_3_0-V3.0.xsd,d474010f85819549990de65fc51292bed08ba98ac0895d0dde9513fbe855cdbc,sha256:d5d534326e8f7e4416baf98c95c1f9234c0a23628259ee2d7e3199181a24e08a,false
RRSubawardBudget30,[Draft] R&R Subaward Budget Attachment(s) Form 30,3.0,budget_attachments.rr_budget_3_0[].budget_year[].other_personnel.graduate_students.fringe_benefits,RR_SubawardBudget30_3_0.BudgetAttachments.RR_Budget_3_0.BudgetYear.OtherPersonnel.GraduateStudents.FringeBenefits,Fringe Benefits Graduate Students,question,concept:budget:personnel:fringe-benefits,concept:budget:personnel:fringe-benefits,question:sha256:bb2c50f96430fa29099506d92d193087891de5e702c0dd130c48b854a3dc378a,agent_proposed,subaward_organization,,parameterized-budget:personnel,1,1,,runtime-rule:sha256:26cbf20cd36cba2641fc8d903d8a01cdbaa54d7a43242c5b916e45e603669188|runtime-rule:sha256:33d096ff9b10165d3a5a141e440b51529b4c1d30744ff7f95ec326c8acb1c460|runtime-rule:sha256:36a30fddf369ad589508ed4d5ec1eff446391323cd8480ddcdf1c391c880de4f|runtime-rule:sha256:bcb5e8f124a94373822d04e01046df948aa6c39316f324fcd668a10f0f259395|runtime-rule:sha256:c4ecc6957bc87dd75835e71ca2f8946b9ea43bef5e16dc7312f4291c836522e9,calculation|condition|guidance,string,xsd_declared_type,glob:DecimalMin1Max14Places2Type,https://apply07.grants.gov/apply/forms/schemas/RR_Budget_3_0-V3.0.xsd,d474010f85819549990de65fc51292bed08ba98ac0895d0dde9513fbe855cdbc,sha256:d5d534326e8f7e4416baf98c95c1f9234c0a23628259ee2d7e3199181a24e08a,false
RRSubawardBudget30,[Draft] R&R Subaward Budget Attachment(s) Form 30,3.0,budget_attachments.rr_budget_3_0[].budget_year[].other_personnel.other[].fringe_benefits,RR_SubawardBudget30_3_0.BudgetAttachments.RR_Budget_3_0.BudgetYear.OtherPersonnel.Other.FringeBenefits,Fringe Benefits Additional Project Role,question,concept:budget:personnel:fringe-benefits,concept:budget:personnel:fringe-benefits,question:sha256:444abe6deffcd2d4a16e972095cd05240a857dc2ff5c7b35f4fc9652640afbbe,agent_proposed,subaward_organization,,parameterized-budget:personnel,1,1,,runtime-rule:sha256:218e9d1d3672b779737c722e49b30dd9fad79bdefb66b0af0b8b618fbdd3d06c|runtime-rule:sha256:4cd6ec1348b30c2ed3653cb03409a52359cf0e8059edb438f8edec9447f553dd|runtime-rule:sha256:7b8663136110f1f54cf3dd0fa06c9d3b9a7a5986a559c9dbe0fe4f9149e78cee|runtime-rule:sha256:ade977b5df81cd6c1c2306245c9d158bb58d455b93aaef586b445dc863b41ef9|runtime-rule:sha256:b4219060efa6a464fc1a35c7cd7f7ccfa4ab757e6d415070d3c70f997cd699ba|runtime-rule:sha256:bbaa0f1aee1d0630f66cbeb768d55de50d6982c020513bad46d56bee6bb8ecc9,calculation|condition|guidance,string,xsd_declared_type,glob:DecimalMin1Max14Places2Type,https://apply07.grants.gov/apply/forms/schemas/RR_Budget_3_0-V3.0.xsd,d474010f85819549990de65fc51292bed08ba98ac0895d0dde9513fbe855cdbc,sha256:d5d534326e8f7e4416baf98c95c1f9234c0a23628259ee2d7e3199181a24e08a,false
RRSubawardBudget30,[Draft] R&R Subaward Budget Attachment(s) Form 30,3.0,budget_attachments.rr_budget_3_0[].budget_year[].other_personnel.post_doc_associates.fringe_benefits,RR_SubawardBudget30_3_0.BudgetAttachments.RR_Budget_3_0.BudgetYear.OtherPersonnel.PostDocAssociates.FringeBenefits,Fringe Benefits Post Doctoral Associates,question,concept:budget:personnel:fringe-benefits,concept:budget:personnel:fringe-benefits,question:sha256:5f361f65d6e2ab1055a1fb6774e675fca5e0aef1686eb1374ba3b28f0153f690,agent_proposed,subaward_organization,,parameterized-budget:personnel,1,1,,runtime-rule:sha256:1b2b4f715a932dff761d0f6118086cc4224631380b8a160866cac6afe39e474d|runtime-rule:sha256:453e945dda645a584d0885377fb23239a45ff033775c6f21e1787de200842aad|runtime-rule:sha256:728151d913a48a0c3bca043c2f3c9d36a942b4c6794f4b111cfed48e48acbb51|runtime-rule:sha256:9b5c28c142f2814424b1aad04de8ae7c592828181e9e865b7fa0e7c3b110baf8|runtime-rule:sha256:eaf481659524c7f0cd785c18375c405929eb11f1074e8e6a8bf13d695879600a,calculation|condition|guidance,string,xsd_declared_type,glob:DecimalMin1Max14Places2Type,https://apply07.grants.gov/apply/forms/schemas/RR_Budget_3_0-V3.0.xsd,d474010f85819549990de65fc51292bed08ba98ac0895d0dde9513fbe855cdbc,sha256:d5d534326e8f7e4416baf98c95c1f9234c0a23628259ee2d7e3199181a24e08a,false
RRSubawardBudget30,[Draft] R&R Subaward Budget Attachment(s) Form 30,3.0,budget_attachments.rr_budget_3_0[].budget_year[].other_personnel.secretarial_clerical.fringe_benefits,RR_SubawardBudget30_3_0.BudgetAttachments.RR_Budget_3_0.BudgetYear.OtherPersonnel.SecretarialClerical.FringeBenefits,Fringe Benefits Secretarial/Clerical,question,concept:budget:personnel:fringe-benefits,concept:budget:personnel:fringe-benefits,question:sha256:c320faf9abbbf3b6e36936cf27158fdf205190dd5414029bede69b53a09939a3,agent_proposed,subaward_organization,,parameterized-budget:personnel,1,1,,runtime-rule:sha256:12244f4a7f66523926e2fe63e4a4e03a6723b2c6163aaa588a10a9c6bbb00a6b|runtime-rule:sha256:6d31c50623b4dfe94c7f8990859316dbf0a6128944b22ab48fa06c6e4fafd23c|runtime-rule:sha256:98b4d44fd4fd463ea5787ae0af0d4faeb8c6b34e4f3c14c241ec6b55dda8b59e|runtime-rule:sha256:b7c7f0bb418f8868d2872becf729f8299491e1d498bdbfaaaff3e091eefe1d66|runtime-rule:sha256:d6188853c93fb2cae00e8fa31ee63b8fb2ee5c0c3d0f0e7c7f832860c571d6ac,calculation|condition|guidance,string,xsd_declared_type,glob:DecimalMin1Max14Places2Type,https://apply07.grants.gov/apply/forms/schemas/RR_Budget_3_0-V3.0.xsd,d474010f85819549990de65fc51292bed08ba98ac0895d0dde9513fbe855cdbc,sha256:d5d534326e8f7e4416baf98c95c1f9234c0a23628259ee2d7e3199181a24e08a,false
RRSubawardBudget30,[Draft] R&R Subaward Budget Attachment(s) Form 30,3.0,budget_attachments.rr_budget_3_0[].budget_year[].other_personnel.undergraduate_students.fringe_benefits,RR_SubawardBudget30_3_0.BudgetAttachments.RR_Budget_3_0.BudgetYear.OtherPersonnel.UndergraduateStudents.FringeBenefits,Fringe Benefits Undergraduate Students,question,concept:budget:personnel:fringe-benefits,concept:budget:personnel:fringe-benefits,question:sha256:2843b9bdd9c3e58217e23baa8eea235504247103b90b6e6c4e46be9529c97757,agent_proposed,subaward_organization,,parameterized-budget:personnel,1,1,,runtime-rule:sha256:112ab64519dc157ff8899089ef5f40419365bd539dd3a28b3fbcd8a7630c2629|runtime-rule:sha256:3c47897a26ec545bfa067502b35f505ae883e11f9a2e2c77fc5dbc782a31a133|runtime-rule:sha256:5d08bcad00427f8be881d6e8de8fd9e66be1d46a9f35d4c9605c6328a4bf9041|runtime-rule:sha256:6a15d83741701d8f7ffedb7199fe976e1092a208bdb4e682b5c602396f902b5b|runtime-rule:sha256:e1bdbcb8fa1bf258857e4b0aefb1838ed595b6bc58d3f0c5b35816f73376f9ab,calculation|condition|guidance,string,xsd_declared_type,glob:DecimalMin1Max14Places2Type,https://apply07.grants.gov/apply/forms/schemas/RR_Budget_3_0-V3.0.xsd,d474010f85819549990de65fc51292bed08ba98ac0895d0dde9513fbe855cdbc,sha256:d5d534326e8f7e4416baf98c95c1f9234c0a23628259ee2d7e3199181a24e08a,false
RRSubawardBudget30,[Draft] R&R Subaward Budget Attachment(s) Form 30,3.0,budget_attachments.rr_budget_3_0[].budget_year[].key_persons.key_person[].requested_salary,RR_SubawardBudget30_3_0.BudgetAttachments.RR_Budget_3_0.BudgetYear.KeyPersons.KeyPerson.RequestedSalary,Senior/Key Person Requested Salary,question,concept:budget:personnel:requested-salary,concept:budget:personnel:requested-salary,question:sha256:08daa1d0317b824ef59a2fb0df2bb160f8296a7840c3c18816f067b7297bd35b,agent_proposed,subaward_organization,,parameterized-budget:personnel,1,1,,runtime-rule:sha256:732d537fa4055f18a102587df21cbe13fceecf9589185b23d5b5e9642cd95d46|runtime-rule:sha256:b512db63f2c629619a57bad433a0eea1b5c84128bebd0809f7ee520516081552,calculation|guidance,string,xsd_declared_type,glob:DecimalMin1Max14Places2Type,https://apply07.grants.gov/apply/forms/schemas/RR_Budget_3_0-V3.0.xsd,d474010f85819549990de65fc51292bed08ba98ac0895d0dde9513fbe855cdbc,sha256:d5d534326e8f7e4416baf98c95c1f9234c0a23628259ee2d7e3199181a24e08a,false
RRSubawardBudget30,[Draft] R&R Subaward Budget Attachment(s) Form 30,3.0,budget_attachments.rr_budget_3_0[].budget_year[].other_personnel.graduate_students.requested_salary,RR_SubawardBudget30_3_0.BudgetAttachments.RR_Budget_3_0.BudgetYear.OtherPersonnel.GraduateStudents.RequestedSalary,Requested Salary Graduate Students,question,concept:budget:personnel:requested-salary,concept:budget:personnel:requested-salary,question:sha256:857032c9c9c820dd872ec9b73e3b615e18f6d9b8a4de935f10418bcee422bf63,agent_proposed,subaward_organization,,parameterized-budget:personnel,1,1,,runtime-rule:sha256:26cbf20cd36cba2641fc8d903d8a01cdbaa54d7a43242c5b916e45e603669188|runtime-rule:sha256:33d096ff9b10165d3a5a141e440b51529b4c1d30744ff7f95ec326c8acb1c460|runtime-rule:sha256:bcb5e8f124a94373822d04e01046df948aa6c39316f324fcd668a10f0f259395|runtime-rule:sha256:c4ecc6957bc87dd75835e71ca2f8946b9ea43bef5e16dc7312f4291c836522e9|runtime-rule:sha256:ec169b2aa0aa1a88a7b6b3a3056e6f63ed3a78d7688e3de1ece3b666d5b3c592,calculation|condition|guidance,string,xsd_declared_type,glob:DecimalMin1Max14Places2Type,https://apply07.grants.gov/apply/forms/schemas/RR_Budget_3_0-V3.0.xsd,d474010f85819549990de65fc51292bed08ba98ac0895d0dde9513fbe855cdbc,sha256:d5d534326e8f7e4416baf98c95c1f9234c0a23628259ee2d7e3199181a24e08a,false
RRSubawardBudget30,[Draft] R&R Subaward Budget Attachment(s) Form 30,3.0,budget_attachments.rr_budget_3_0[].budget_year[].other_personnel.other[].requested_salary,RR_SubawardBudget30_3_0.BudgetAttachments.RR_Budget_3_0.BudgetYear.OtherPersonnel.Other.RequestedSalary,Requested Salary Additional Project Role,question,concept:budget:personnel:requested-salary,concept:budget:personnel:requested-salary,question:sha256:a796fd87098361a6cb36cf2ea19149ba775bd7f038595893b36bfcc5735fbb7e,agent_proposed,subaward_organization,,parameterized-budget:personnel,1,1,,runtime-rule:sha256:218e9d1d3672b779737c722e49b30dd9fad79bdefb66b0af0b8b618fbdd3d06c|runtime-rule:sha256:4cd6ec1348b30c2ed3653cb03409a52359cf0e8059edb438f8edec9447f553dd|runtime-rule:sha256:7b8663136110f1f54cf3dd0fa06c9d3b9a7a5986a559c9dbe0fe4f9149e78cee|runtime-rule:sha256:952e550de6ae4c50fd66897459bba970572404f03aec7d09f879b02c8152f547|runtime-rule:sha256:ade977b5df81cd6c1c2306245c9d158bb58d455b93aaef586b445dc863b41ef9|runtime-rule:sha256:bbaa0f1aee1d0630f66cbeb768d55de50d6982c020513bad46d56bee6bb8ecc9,calculation|condition|guidance,string,xsd_declared_type,glob:DecimalMin1Max14Places2Type,https://apply07.grants.gov/apply/forms/schemas/RR_Budget_3_0-V3.0.xsd,d474010f85819549990de65fc51292bed08ba98ac0895d0dde9513fbe855cdbc,sha256:d5d534326e8f7e4416baf98c95c1f9234c0a23628259ee2d7e3199181a24e08a,false
RRSubawardBudget30,[Draft] R&R Subaward Budget Attachment(s) Form 30,3.0,budget_attachments.rr_budget_3_0[].budget_year[].other_personnel.post_doc_associates.requested_salary,RR_SubawardBudget30_3_0.BudgetAttachments.RR_Budget_3_0.BudgetYear.OtherPersonnel.PostDocAssociates.RequestedSalary,Requested Salary Post Doctoral Associates,question,concept:budget:personnel:requested-salary,concept:budget:personnel:requested-salary,question:sha256:34f8c285c2f7393c9c66b0e7be615bdfd3e7b3e016b02a177ebbc2b6533a3192,agent_proposed,subaward_organization,,parameterized-budget:personnel,1,1,,runtime-rule:sha256:1b2b4f715a932dff761d0f6118086cc4224631380b8a160866cac6afe39e474d|runtime-rule:sha256:453e945dda645a584d0885377fb23239a45ff033775c6f21e1787de200842aad|runtime-rule:sha256:728151d913a48a0c3bca043c2f3c9d36a942b4c6794f4b111cfed48e48acbb51|runtime-rule:sha256:eaf481659524c7f0cd785c18375c405929eb11f1074e8e6a8bf13d695879600a|runtime-rule:sha256:edff32832aa86ba1d8ba09acb9bd638bf36b3a47893cb22b6ebe935d79e83748,calculation|condition|guidance,string,xsd_declared_type,glob:DecimalMin1Max14Places2Type,https://apply07.grants.gov/apply/forms/schemas/RR_Budget_3_0-V3.0.xsd,d474010f85819549990de65fc51292bed08ba98ac0895d0dde9513fbe855cdbc,sha256:d5d534326e8f7e4416baf98c95c1f9234c0a23628259ee2d7e3199181a24e08a,false
RRSubawardBudget30,[Draft] R&R Subaward Budget Attachment(s) Form 30,3.0,budget_attachments.rr_budget_3_0[].budget_year[].other_personnel.secretarial_clerical.requested_salary,RR_SubawardBudget30_3_0.BudgetAttachments.RR_Budget_3_0.BudgetYear.OtherPersonnel.SecretarialClerical.RequestedSalary,Requested Salary Secretarial/Clerical,question,concept:budget:personnel:requested-salary,concept:budget:personnel:requested-salary,question:sha256:18f82640ef2e75ecc0037007631388cfeb51b6ceccb167a4efadc594870118b9,agent_proposed,subaward_organization,,parameterized-budget:personnel,1,1,,runtime-rule:sha256:0bd29c2654bb6c46e185ee95364e0183a50c6082f842aac5fa610faf011a98d1|runtime-rule:sha256:12244f4a7f66523926e2fe63e4a4e03a6723b2c6163aaa588a10a9c6bbb00a6b|runtime-rule:sha256:6d31c50623b4dfe94c7f8990859316dbf0a6128944b22ab48fa06c6e4fafd23c|runtime-rule:sha256:98b4d44fd4fd463ea5787ae0af0d4faeb8c6b34e4f3c14c241ec6b55dda8b59e|runtime-rule:sha256:b7c7f0bb418f8868d2872becf729f8299491e1d498bdbfaaaff3e091eefe1d66,calculation|condition|guidance,string,xsd_declared_type,glob:DecimalMin1Max14Places2Type,https://apply07.grants.gov/apply/forms/schemas/RR_Budget_3_0-V3.0.xsd,d474010f85819549990de65fc51292bed08ba98ac0895d0dde9513fbe855cdbc,sha256:d5d534326e8f7e4416baf98c95c1f9234c0a23628259ee2d7e3199181a24e08a,false
RRSubawardBudget30,[Draft] R&R Subaward Budget Attachment(s) Form 30,3.0,budget_attachments.rr_budget_3_0[].budget_year[].other_personnel.undergraduate_students.requested_salary,RR_SubawardBudget30_3_0.BudgetAttachments.RR_Budget_3_0.BudgetYear.OtherPersonnel.UndergraduateStudents.RequestedSalary,Requested Salary Undergraduate Students,question,concept:budget:personnel:requested-salary,concept:budget:personnel:requested-salary,question:sha256:08dab312a496e026dc019c88eb3c5e8715e4de1c6373895f5bceee22eae6596e,agent_proposed,subaward_organization,,parameterized-budget:personnel,1,1,,runtime-rule:sha256:112ab64519dc157ff8899089ef5f40419365bd539dd3a28b3fbcd8a7630c2629|runtime-rule:sha256:3c47897a26ec545bfa067502b35f505ae883e11f9a2e2c77fc5dbc782a31a133|runtime-rule:sha256:6a15d83741701d8f7ffedb7199fe976e1092a208bdb4e682b5c602396f902b5b|runtime-rule:sha256:6b62d55ee5aae176601f918192a57a79dd7a1a3d935f0bbe73b9f1eb1f2610dd|runtime-rule:sha256:e1bdbcb8fa1bf258857e4b0aefb1838ed595b6bc58d3f0c5b35816f73376f9ab,calculation|condition|guidance,string,xsd_declared_type,glob:DecimalMin1Max14Places2Type,https://apply07.grants.gov/apply/forms/schemas/RR_Budget_3_0-V3.0.xsd,d474010f85819549990de65fc51292bed08ba98ac0895d0dde9513fbe855cdbc,sha256:d5d534326e8f7e4416baf98c95c1f9234c0a23628259ee2d7e3199181a24e08a,false
RRSubawardBudget30,[Draft] R&R Subaward Budget Attachment(s) Form 30,3.0,budget_attachments.rr_budget_3_0[].budget_year[].key_persons.key_person[].summer_months,RR_SubawardBudget30_3_0.BudgetAttachments.RR_Budget_3_0.BudgetYear.KeyPersons.KeyPerson.SummerMonths,Senior/Key Person Summer Months,question,concept:budget:personnel:summer-months,concept:budget:personnel:summer-months,question:sha256:5949e0fef0eb8d825197a00fc731fd4be3c271f8d87c631f5767f1644e519a8d,agent_proposed,subaward_organization,,parameterized-budget:personnel,0,1,,,,string,xsd_declared_type,RR_Budget_3_0:Month2whole2fracDataType,https://apply07.grants.gov/apply/forms/schemas/RR_Budget_3_0-V3.0.xsd,d474010f85819549990de65fc51292bed08ba98ac0895d0dde9513fbe855cdbc,sha256:d5d534326e8f7e4416baf98c95c1f9234c0a23628259ee2d7e3199181a24e08a,false
RRSubawardBudget30,[Draft] R&R Subaward Budget Attachment(s) Form 30,3.0,budget_attachments.rr_budget_3_0[].budget_year[].other_personnel.graduate_students.summer_months,RR_SubawardBudget30_3_0.BudgetAttachments.RR_Budget_3_0.BudgetYear.OtherPersonnel.GraduateStudents.SummerMonths,Summer Months Graduate Students,question,concept:budget:personnel:summer-months,concept:budget:personnel:summer-months,question:sha256:df49187aa8b3a623071c46b9f8c95b73ba2fc92ec095ecf375016e83c4779fb3,agent_proposed,subaward_organization,,parameterized-budget:personnel,0,1,,runtime-rule:sha256:26cbf20cd36cba2641fc8d903d8a01cdbaa54d7a43242c5b916e45e603669188|runtime-rule:sha256:33d096ff9b10165d3a5a141e440b51529b4c1d30744ff7f95ec326c8acb1c460|runtime-rule:sha256:bcb5e8f124a94373822d04e01046df948aa6c39316f324fcd668a10f0f259395,condition,string,xsd_declared_type,RR_Budget_3_0:Month3whole2fracDataType,https://apply07.grants.gov/apply/forms/schemas/RR_Budget_3_0-V3.0.xsd,d474010f85819549990de65fc51292bed08ba98ac0895d0dde9513fbe855cdbc,sha256:d5d534326e8f7e4416baf98c95c1f9234c0a23628259ee2d7e3199181a24e08a,false
RRSubawardBudget30,[Draft] R&R Subaward Budget Attachment(s) Form 30,3.0,budget_attachments.rr_budget_3_0[].budget_year[].other_personnel.other[].summer_months,RR_SubawardBudget30_3_0.BudgetAttachments.RR_Budget_3_0.BudgetYear.OtherPersonnel.Other.SummerMonths,Summer Months Additional Project Role,question,concept:budget:personnel:summer-months,concept:budget:personnel:summer-months,question:sha256:3b5b363a5a181810d478e1e59772829607cb5b07a34d111d6ba9feca183c4ec0,agent_proposed,subaward_organization,,parameterized-budget:personnel,0,1,,runtime-rule:sha256:218e9d1d3672b779737c722e49b30dd9fad79bdefb66b0af0b8b618fbdd3d06c|runtime-rule:sha256:4cd6ec1348b30c2ed3653cb03409a52359cf0e8059edb438f8edec9447f553dd|runtime-rule:sha256:7b8663136110f1f54cf3dd0fa06c9d3b9a7a5986a559c9dbe0fe4f9149e78cee|runtime-rule:sha256:ade977b5df81cd6c1c2306245c9d158bb58d455b93aaef586b445dc863b41ef9,condition,string,xsd_declared_type,RR_Budget_3_0:Month3whole2fracDataType,https://apply07.grants.gov/apply/forms/schemas/RR_Budget_3_0-V3.0.xsd,d474010f85819549990de65fc51292bed08ba98ac0895d0dde9513fbe855cdbc,sha256:d5d534326e8f7e4416baf98c95c1f9234c0a23628259ee2d7e3199181a24e08a,false
RRSubawardBudget30,[Draft] R&R Subaward Budget Attachment(s) Form 30,3.0,budget_attachments.rr_budget_3_0[].budget_year[].other_personnel.post_doc_associates.summer_months,RR_SubawardBudget30_3_0.BudgetAttachments.RR_Budget_3_0.BudgetYear.OtherPersonnel.PostDocAssociates.SummerMonths,Summer Months Post Doctoral Associates,question,concept:budget:personnel:summer-months,concept:budget:personnel:summer-months,question:sha256:9d65739f43fbdd7b7113b818d57a34466795f2f672ee399409a2ae06cdf154e7,agent_proposed,subaward_organization,,parameterized-budget:personnel,0,1,,runtime-rule:sha256:1b2b4f715a932dff761d0f6118086cc4224631380b8a160866cac6afe39e474d|runtime-rule:sha256:728151d913a48a0c3bca043c2f3c9d36a942b4c6794f4b111cfed48e48acbb51|runtime-rule:sha256:eaf481659524c7f0cd785c18375c405929eb11f1074e8e6a8bf13d695879600a,condition,string,xsd_declared_type,RR_Budget_3_0:Month3whole2fracDataType,https://apply07.grants.gov/apply/forms/schemas/RR_Budget_3_0-V3.0.xsd,d474010f85819549990de65fc51292bed08ba98ac0895d0dde9513fbe855cdbc,sha256:d5d534326e8f7e4416baf98c95c1f9234c0a23628259ee2d7e3199181a24e08a,false
RRSubawardBudget30,[Draft] R&R Subaward Budget Attachment(s) Form 30,3.0,budget_attachments.rr_budget_3_0[].budget_year[].other_personnel.secretarial_clerical.summer_months,RR_SubawardBudget30_3_0.BudgetAttachments.RR_Budget_3_0.BudgetYear.OtherPersonnel.SecretarialClerical.SummerMonths,Summer Months Secretarial/Clerical,question,concept:budget:personnel:summer-months,concept:budget:personnel:summer-months,question:sha256:7e5829cf1c81135579566dc0239ed83d940842dec63234ff02cfd14695517fba,agent_proposed,subaward_organization,,parameterized-budget:personnel,0,1,,runtime-rule:sha256:12244f4a7f66523926e2fe63e4a4e03a6723b2c6163aaa588a10a9c6bbb00a6b|runtime-rule:sha256:6d31c50623b4dfe94c7f8990859316dbf0a6128944b22ab48fa06c6e4fafd23c|runtime-rule:sha256:b7c7f0bb418f8868d2872becf729f8299491e1d498bdbfaaaff3e091eefe1d66,condition,string,xsd_declared_type,RR_Budget_3_0:Month3whole2fracDataType,https://apply07.grants.gov/apply/forms/schemas/RR_Budget_3_0-V3.0.xsd,d474010f85819549990de65fc51292bed08ba98ac0895d0dde9513fbe855cdbc,sha256:d5d534326e8f7e4416baf98c95c1f9234c0a23628259ee2d7e3199181a24e08a,false
RRSubawardBudget30,[Draft] R&R Subaward Budget Attachment(s) Form 30,3.0,budget_attachments.rr_budget_3_0[].budget_year[].other_personnel.undergraduate_students.summer_months,RR_SubawardBudget30_3_0.BudgetAttachments.RR_Budget_3_0.BudgetYear.OtherPersonnel.UndergraduateStudents.SummerMonths,Summer Months Undergraduate Students,question,concept:budget:personnel:summer-months,concept:budget:personnel:summer-months,question:sha256:0a313cc82a9cd80530583edb1d8e34175720701eb2fe9b581dc79c1c2e0d50b1,agent_proposed,subaward_organization,,parameterized-budget:personnel,0,1,,runtime-rule:sha256:112ab64519dc157ff8899089ef5f40419365bd539dd3a28b3fbcd8a7630c2629|runtime-rule:sha256:6a15d83741701d8f7ffedb7199fe976e1092a208bdb4e682b5c602396f902b5b|runtime-rule:sha256:e1bdbcb8fa1bf258857e4b0aefb1838ed595b6bc58d3f0c5b35816f73376f9ab,condition,string,xsd_declared_type,RR_Budget_3_0:Month3whole2fracDataType,https://apply07.grants.gov/apply/forms/schemas/RR_Budget_3_0-V3.0.xsd,d474010f85819549990de65fc51292bed08ba98ac0895d0dde9513fbe855cdbc,sha256:d5d534326e8f7e4416baf98c95c1f9234c0a23628259ee2d7e3199181a24e08a,false
RRSubawardBudget30,[Draft] R&R Subaward Budget Attachment(s) Form 30,3.0,budget_attachments.rr_budget_3_0[].budget_year[].equipment.total_fund_for_attached_equipment,RR_SubawardBudget30_3_0.BudgetAttachments.RR_Budget_3_0.BudgetYear.Equipment.TotalFundForAttachedEquipment,Total funds requested for all equipment listed in the attached file,question,concept:budget:research:attached-equipment-total,concept:budget:research:attached-equipment-total,question:sha256:886c90dc988256581011f4f33075af3a8ac8cda7cc8687f724cdd1d12b63826e,agent_proposed,subaward_organization,,parameterized-budget:cost-category,0,1,,runtime-rule:sha256:02e514b871ea1420f1aeee8a27cdf09b7d484df798ab97d63e91e1c987be6e2c|runtime-rule:sha256:b34f2b0148b0a415b11ff3ff5c61082bfafc84fa060c402cd5cda4dbee23aa97,condition|guidance,string,xsd_declared_type,glob:DecimalMin1Max14Places2Type,https://apply07.grants.gov/apply/forms/schemas/RR_Budget_3_0-V3.0.xsd,d474010f85819549990de65fc51292bed08ba98ac0895d0dde9513fbe855cdbc,sha256:d5d534326e8f7e4416baf98c95c1f9234c0a23628259ee2d7e3199181a24e08a,false
RRSubawardBudget30,[Draft] R&R Subaward Budget Attachment(s) Form 30,3.0,budget_attachments.rr_budget_3_0[].budget_year[].key_persons.total_fund_for_attached_key_persons,RR_SubawardBudget30_3_0.BudgetAttachments.RR_Budget_3_0.BudgetYear.KeyPersons.TotalFundForAttachedKeyPersons,Total Funds requested for all Senior Key Persons in the attached file,question,concept:budget:research:attached-key-person-total,concept:budget:research:attached-key-person-total,question:sha256:321341520d5ce33c2926d09221e953d791a02e8481101f1176a63bc848ed59c4,agent_proposed,subaward_organization,,parameterized-budget:personnel,0,1,,runtime-rule:sha256:1d41e6cb434c3d941e9a51a7d3d6f18d5e901d0ad4013f00b7acaa0f3c71c3c6|runtime-rule:sha256:611631f8b4a4b44089a5e9e61f4fc34e31b62eee9a9fb4e8a0abc7a4e2fd6bc1,condition|guidance,string,xsd_declared_type,glob:DecimalMin1Max15Places2Type,https://apply07.grants.gov/apply/forms/schemas/RR_Budget_3_0-V3.0.xsd,d474010f85819549990de65fc51292bed08ba98ac0895d0dde9513fbe855cdbc,sha256:d5d534326e8f7e4416baf98c95c1f9234c0a23628259ee2d7e3199181a24e08a,false
RRSubawardBudget30,[Draft] R&R Subaward Budget Attachment(s) Form 30,3.0,budget_attachments.rr_budget_3_0[].budget_type,RR_SubawardBudget30_3_0.BudgetAttachments.RR_Budget_3_0.BudgetType,Budget Type:,question,concept:budget:research:budget-type,concept:budget:research:budget-type,question:sha256:eef9d32fd38175dc940bfeff0e50e81c9a90c554458d60f18c7713c1aec26cce,agent_proposed,subaward_organization,,parameterized-budget:form-shell,1,1,,runtime-rule:sha256:546d7f33bb07a004ebf847a0dfb2f44a562b90d616b186408b39bfac8f29899c,guidance,string,xsd_declared_type,RR_Budget_3_0:BudgetTypeDataType,https://apply07.grants.gov/apply/forms/schemas/RR_Budget_3_0-V3.0.xsd,d474010f85819549990de65fc51292bed08ba98ac0895d0dde9513fbe855cdbc,sha256:d5d534326e8f7e4416baf98c95c1f9234c0a23628259ee2d7e3199181a24e08a,false
RRSubawardBudget30,[Draft] R&R Subaward Budget Attachment(s) Form 30,3.0,budget_attachments.rr_budget_3_0[].budget_year[].participant_trainee_support_costs.participant_trainee_number,RR_SubawardBudget30_3_0.BudgetAttachments.RR_Budget_3_0.BudgetYear.ParticipantTraineeSupportCosts.ParticipantTraineeNumber,Number of Participants/Trainees,question,concept:budget:trainee:count,concept:budget:trainee:count,question:sha256:b61a8017ce0f42dbe0156dcf07675b120f30655cce380c0ad895ec2537609394,agent_proposed,subaward_organization,,parameterized-budget:cost-category,0,1,,runtime-rule:sha256:3aa54b5088dae4ce1f3eb3806819ec6bbb8fe907835cab8a34610f94795d2fcd,calculation,integer,xsd_declared_type,RR_Budget_3_0:Int4DataType,https://apply07.grants.gov/apply/forms/schemas/RR_Budget_3_0-V3.0.xsd,d474010f85819549990de65fc51292bed08ba98ac0895d0dde9513fbe855cdbc,sha256:d5d534326e8f7e4416baf98c95c1f9234c0a23628259ee2d7e3199181a24e08a,false
RRSubawardBudget30,[Draft] R&R Subaward Budget Attachment(s) Form 30,3.0,budget_attachments.rr_budget_3_0[].budget_year[].participant_trainee_support_costs.stipends,RR_SubawardBudget30_3_0.BudgetAttachments.RR_Budget_3_0.BudgetYear.ParticipantTraineeSupportCosts.Stipends,2. Stipends,question,concept:budget:trainee:stipends,concept:budget:trainee:stipends,question:sha256:52bd24c0bd20fc64a4e32378fe14ea92ce713a7f8413234dd9819e4d3404959f,agent_proposed,subaward_organization,,parameterized-budget:cost-category,0,1,,runtime-rule:sha256:0487fb5bc78a932bf0d492c08a8e401e9deafda32622d5d8b369007c67896c63,guidance,string,xsd_declared_type,glob:DecimalMin1Max14Places2Type,https://apply07.grants.gov/apply/forms/schemas/RR_Budget_3_0-V3.0.xsd,d474010f85819549990de65fc51292bed08ba98ac0895d0dde9513fbe855cdbc,sha256:d5d534326e8f7e4416baf98c95c1f9234c0a23628259ee2d7e3199181a24e08a,false
RRSubawardBudget30,[Draft] R&R Subaward Budget Attachment(s) Form 30,3.0,budget_attachments.rr_budget_3_0[].budget_year[].participant_trainee_support_costs.subsistence,RR_SubawardBudget30_3_0.BudgetAttachments.RR_Budget_3_0.BudgetYear.ParticipantTraineeSupportCosts.Subsistence,4. Subsistence,question,concept:budget:trainee:subsistence,concept:budget:trainee:subsistence,question:sha256:747ba130b30df4cbf8eac3683e82290e888fde7cc914cf182678304d2aa4069e,agent_proposed,subaward_organization,,parameterized-budget:cost-category,0,1,,runtime-rule:sha256:5b7871b21b7c3237c641b8950e7a59458e5eed31ab7309780d246f8daddda038,guidance,string,xsd_declared_type,glob:DecimalMin1Max14Places2Type,https://apply07.grants.gov/apply/forms/schemas/RR_Budget_3_0-V3.0.xsd,d474010f85819549990de65fc51292bed08ba98ac0895d0dde9513fbe855cdbc,sha256:d5d534326e8f7e4416baf98c95c1f9234c0a23628259ee2d7e3199181a24e08a,false
RRSubawardBudget30,[Draft] R&R Subaward Budget Attachment(s) Form 30,3.0,budget_attachments.rr_budget_3_0[].budget_year[].participant_trainee_support_costs.travel,RR_SubawardBudget30_3_0.BudgetAttachments.RR_Budget_3_0.BudgetYear.ParticipantTraineeSupportCosts.Travel,3. Travel,question,concept:budget:trainee:travel,concept:budget:trainee:travel,question:sha256:f345b7984cac7b55f0e8978cb6d6029a82092ef5ffd621ebdb38a1a3bbdf9edf,agent_proposed,subaward_organization,,parameterized-budget:cost-category,0,1,,runtime-rule:sha256:e27acc725ad383951bcc47002dbc60c57e54f46d64ea08499cb7f26b4ae84ca5,guidance,string,xsd_declared_type,glob:DecimalMin1Max14Places2Type,https://apply07.grants.gov/apply/forms/schemas/RR_Budget_3_0-V3.0.xsd,d474010f85819549990de65fc51292bed08ba98ac0895d0dde9513fbe855cdbc,sha256:d5d534326e8f7e4416baf98c95c1f9234c0a23628259ee2d7e3199181a24e08a,false
RRSubawardBudget30,[Draft] R&R Subaward Budget Attachment(s) Form 30,3.0,budget_attachments.rr_budget_3_0[].budget_year[].participant_trainee_support_costs.tuition_fee_health_insurance,RR_SubawardBudget30_3_0.BudgetAttachments.RR_Budget_3_0.BudgetYear.ParticipantTraineeSupportCosts.TuitionFeeHealthInsurance,1. Tuition/Fees/Health Insurance,question,concept:budget:trainee:tuition-fees-insurance,concept:budget:trainee:tuition-fees-insurance,question:sha256:8b4ee0bb5959298e4606a08bbaf89a0270795886b3fdf835f4c198c08e72047b,agent_proposed,subaward_organization,,parameterized-budget:cost-category,0,1,,runtime-rule:sha256:02727e05f51c2336f4e734b06d1c0ded9d8e4103716d355a8e66054a0490682e,guidance,string,xsd_declared_type,glob:DecimalMin1Max14Places2Type,https://apply07.grants.gov/apply/forms/schemas/RR_Budget_3_0-V3.0.xsd,d474010f85819549990de65fc51292bed08ba98ac0895d0dde9513fbe855cdbc,sha256:d5d534326e8f7e4416baf98c95c1f9234c0a23628259ee2d7e3199181a24e08a,false
RRSubawardBudget30,[Draft] R&R Subaward Budget Attachment(s) Form 30,3.0,budget_attachments.rr_budget_3_0[].budget_year[].travel.domestic_travel_cost,RR_SubawardBudget30_3_0.BudgetAttachments.RR_Budget_3_0.BudgetYear.Travel.DomesticTravelCost,"1. Domestic Travel Costs ( Incl. Canada, Mexico and U.S. Possessions)",question,concept:budget:travel:domestic,concept:budget:travel:domestic,question:sha256:eca96b4b5a50724a96b2250f3e8f9602b94a047317b6c0e6561ee14bb2554bfe,agent_proposed,subaward_organization,,parameterized-budget:cost-category,0,1,,runtime-rule:sha256:11fe1e54b1fc21a86c788eba9f436da9adf42248aa72f5837f0dcbeb1b30ff07|runtime-rule:sha256:40935f31a341c4621106e1538085e819a83d93f6e135a026c47c3275109611cb|runtime-rule:sha256:610c162389a67398ef54b2cde1223d2b1897578fb41c1048db7c8f39630093ef,calculation|guidance,string,xsd_declared_type,glob:DecimalMin1Max14Places2Type,https://apply07.grants.gov/apply/forms/schemas/RR_Budget_3_0-V3.0.xsd,d474010f85819549990de65fc51292bed08ba98ac0895d0dde9513fbe855cdbc,sha256:d5d534326e8f7e4416baf98c95c1f9234c0a23628259ee2d7e3199181a24e08a,false
RRSubawardBudget30,[Draft] R&R Subaward Budget Attachment(s) Form 30,3.0,budget_attachments.rr_budget_3_0[].budget_year[].travel.foreign_travel_cost,RR_SubawardBudget30_3_0.BudgetAttachments.RR_Budget_3_0.BudgetYear.Travel.ForeignTravelCost,2. Foreign Travel Costs,question,concept:budget:travel:foreign,concept:budget:travel:foreign,question:sha256:ecd78772812c108f43ad4f4d3d8f36a87c4715f3a32322097f62d945bf1acafb,agent_proposed,subaward_organization,,parameterized-budget:cost-category,0,1,,runtime-rule:sha256:11fe1e54b1fc21a86c788eba9f436da9adf42248aa72f5837f0dcbeb1b30ff07|runtime-rule:sha256:b6528141f403939d22aa04e4572b661ee9d0fd44ce7878cc4233c26857d915a7|runtime-rule:sha256:c6ded59ecb639f50ab1fe9a446b6ba5d0789d89356c0ef182a22bedc497ae385,calculation|guidance,string,xsd_declared_type,glob:DecimalMin1Max14Places2Type,https://apply07.grants.gov/apply/forms/schemas/RR_Budget_3_0-V3.0.xsd,d474010f85819549990de65fc51292bed08ba98ac0895d0dde9513fbe855cdbc,sha256:d5d534326e8f7e4416baf98c95c1f9234c0a23628259ee2d7e3199181a24e08a,false
RRSubawardBudget30,[Draft] R&R Subaward Budget Attachment(s) Form 30,3.0,budget_attachments.rr_budget_3_0[].budget_year[].key_persons.key_person[].project_role,RR_SubawardBudget30_3_0.BudgetAttachments.RR_Budget_3_0.BudgetYear.KeyPersons.KeyPerson.ProjectRole,Project Role:,question,concept:research-person:project-role,concept:research-person:project-role,question:sha256:121e2273f496b51a0bd7d4d11d54fb2dc8cd754b772f37d514e2b2252909a665,agent_proposed,subaward_organization,,parameterized-budget:personnel,1,1,,runtime-rule:sha256:68067af25827cf18fb0e79a2c46e48f7bd30e2b511a9eb716dbf7bd9cda3c391,guidance,string,xsd_declared_type,glob:StringMin1Max100Type,https://apply07.grants.gov/apply/forms/schemas/RR_Budget_3_0-V3.0.xsd,d474010f85819549990de65fc51292bed08ba98ac0895d0dde9513fbe855cdbc,sha256:d5d534326e8f7e4416baf98c95c1f9234c0a23628259ee2d7e3199181a24e08a,false
RRSubawardBudget30,[Draft] R&R Subaward Budget Attachment(s) Form 30,3.0,budget_attachments.rr_budget_3_0[].budget_year[].other_personnel.graduate_students.project_role,RR_SubawardBudget30_3_0.BudgetAttachments.RR_Budget_3_0.BudgetYear.OtherPersonnel.GraduateStudents.ProjectRole,Project Role Graduate Students,question,concept:research-person:project-role,concept:research-person:project-role,question:sha256:16a1c371f3e608f84ce6999abaf6d5d317c11c6d7da42a82a9a7d9670e629888,agent_proposed,subaward_organization,,parameterized-budget:personnel,1,1,,runtime-rule:sha256:26cbf20cd36cba2641fc8d903d8a01cdbaa54d7a43242c5b916e45e603669188|runtime-rule:sha256:33d096ff9b10165d3a5a141e440b51529b4c1d30744ff7f95ec326c8acb1c460|runtime-rule:sha256:4294ba8cae6021fde2acd8e2e58b8d6c3a88554db15468325f05322aa6e902fb|runtime-rule:sha256:bcb5e8f124a94373822d04e01046df948aa6c39316f324fcd668a10f0f259395,condition|guidance,string,xsd_declared_type,glob:StringMin1Max100Type,https://apply07.grants.gov/apply/forms/schemas/RR_Budget_3_0-V3.0.xsd,d474010f85819549990de65fc51292bed08ba98ac0895d0dde9513fbe855cdbc,sha256:d5d534326e8f7e4416baf98c95c1f9234c0a23628259ee2d7e3199181a24e08a,false
RRSubawardBudget30,[Draft] R&R Subaward Budget Attachment(s) Form 30,3.0,budget_attachments.rr_budget_3_0[].budget_year[].other_personnel.other[].project_role,RR_SubawardBudget30_3_0.BudgetAttachments.RR_Budget_3_0.BudgetYear.OtherPersonnel.Other.ProjectRole,Additional Project Role Description,question,concept:research-person:project-role,concept:research-person:project-role,question:sha256:6860ae5bb02cb0086c297845ee3d2e79e7e9adf2d7b8a1621364da14789632fb,agent_proposed,subaward_organization,,parameterized-budget:personnel,1,1,,runtime-rule:sha256:218e9d1d3672b779737c722e49b30dd9fad79bdefb66b0af0b8b618fbdd3d06c|runtime-rule:sha256:4cd6ec1348b30c2ed3653cb03409a52359cf0e8059edb438f8edec9447f553dd|runtime-rule:sha256:5b9a5d6f2e2c12002959a00b1946d66262f6173f72cc7f5251d11017cedc0932|runtime-rule:sha256:7b8663136110f1f54cf3dd0fa06c9d3b9a7a5986a559c9dbe0fe4f9149e78cee|runtime-rule:sha256:ade977b5df81cd6c1c2306245c9d158bb58d455b93aaef586b445dc863b41ef9,condition|guidance,string,xsd_declared_type,glob:StringMin1Max100Type,https://apply07.grants.gov/apply/forms/schemas/RR_Budget_3_0-V3.0.xsd,d474010f85819549990de65fc51292bed08ba98ac0895d0dde9513fbe855cdbc,sha256:d5d534326e8f7e4416baf98c95c1f9234c0a23628259ee2d7e3199181a24e08a,false
RRSubawardBudget30,[Draft] R&R Subaward Budget Attachment(s) Form 30,3.0,budget_attachments.rr_budget_3_0[].budget_year[].other_personnel.post_doc_associates.project_role,RR_SubawardBudget30_3_0.BudgetAttachments.RR_Budget_3_0.BudgetYear.OtherPersonnel.PostDocAssociates.ProjectRole,Project Role Post Doctoral Associates,question,concept:research-person:project-role,concept:research-person:project-role,question:sha256:6fc036140f98538b7b8962c1a8dda1d7edb9307a34f67cb1b773b513fa83adfe,agent_proposed,subaward_organization,,parameterized-budget:personnel,1,1,,runtime-rule:sha256:1b2b4f715a932dff761d0f6118086cc4224631380b8a160866cac6afe39e474d|runtime-rule:sha256:728151d913a48a0c3bca043c2f3c9d36a942b4c6794f4b111cfed48e48acbb51|runtime-rule:sha256:8ecf5e689a43421213a8b5e2d493bf492f8f4daad8f048dc1a5bbaf86496e2fe|runtime-rule:sha256:eaf481659524c7f0cd785c18375c405929eb11f1074e8e6a8bf13d695879600a,condition|guidance,string,xsd_declared_type,glob:StringMin1Max100Type,https://apply07.grants.gov/apply/forms/schemas/RR_Budget_3_0-V3.0.xsd,d474010f85819549990de65fc51292bed08ba98ac0895d0dde9513fbe855cdbc,sha256:d5d534326e8f7e4416baf98c95c1f9234c0a23628259ee2d7e3199181a24e08a,false
RRSubawardBudget30,[Draft] R&R Subaward Budget Attachment(s) Form 30,3.0,budget_attachments.rr_budget_3_0[].budget_year[].other_personnel.secretarial_clerical.project_role,RR_SubawardBudget30_3_0.BudgetAttachments.RR_Budget_3_0.BudgetYear.OtherPersonnel.SecretarialClerical.ProjectRole,Project Role Secretarial/Clerical,question,concept:research-person:project-role,concept:research-person:project-role,question:sha256:b011e4d973e735bb8dea8e3ac42e77553dbd17e69542c335d74f568e8853fe10,agent_proposed,subaward_organization,,parameterized-budget:personnel,1,1,,runtime-rule:sha256:12244f4a7f66523926e2fe63e4a4e03a6723b2c6163aaa588a10a9c6bbb00a6b|runtime-rule:sha256:6d31c50623b4dfe94c7f8990859316dbf0a6128944b22ab48fa06c6e4fafd23c|runtime-rule:sha256:b7c7f0bb418f8868d2872becf729f8299491e1d498bdbfaaaff3e091eefe1d66|runtime-rule:sha256:c241fb436435a0cb990aadd826435476b59d9db769bf2dcd4dacc9bc8546e436,condition|guidance,string,xsd_declared_type,glob:StringMin1Max100Type,https://apply07.grants.gov/apply/forms/schemas/RR_Budget_3_0-V3.0.xsd,d474010f85819549990de65fc51292bed08ba98ac0895d0dde9513fbe855cdbc,sha256:d5d534326e8f7e4416baf98c95c1f9234c0a23628259ee2d7e3199181a24e08a,false
RRSubawardBudget30,[Draft] R&R Subaward Budget Attachment(s) Form 30,3.0,budget_attachments.rr_budget_3_0[].budget_year[].other_personnel.undergraduate_students.project_role,RR_SubawardBudget30_3_0.BudgetAttachments.RR_Budget_3_0.BudgetYear.OtherPersonnel.UndergraduateStudents.ProjectRole,Project Role Undergraduate Students,question,concept:research-person:project-role,concept:research-person:project-role,question:sha256:c70120f3d82e6025aecbd173ec47441f0016facdc083d09fa77993bd3a2b44c0,agent_proposed,subaward_organization,,parameterized-budget:personnel,1,1,,runtime-rule:sha256:112ab64519dc157ff8899089ef5f40419365bd539dd3a28b3fbcd8a7630c2629|runtime-rule:sha256:6a15d83741701d8f7ffedb7199fe976e1092a208bdb4e682b5c602396f902b5b|runtime-rule:sha256:c8ab6208a920945d110fe35d9028c30490ce8a9a96133eaa09420b3d383f1a2e|runtime-rule:sha256:e1bdbcb8fa1bf258857e4b0aefb1838ed595b6bc58d3f0c5b35816f73376f9ab,condition|guidance,string,xsd_declared_type,glob:StringMin1Max100Type,https://apply07.grants.gov/apply/forms/schemas/RR_Budget_3_0-V3.0.xsd,d474010f85819549990de65fc51292bed08ba98ac0895d0dde9513fbe855cdbc,sha256:d5d534326e8f7e4416baf98c95c1f9234c0a23628259ee2d7e3199181a24e08a,false
RRSubawardBudget30,[Draft] R&R Subaward Budget Attachment(s) Form 30,3.0,budget_attachments.rr_budget_3_0[].budget_year[].key_persons.key_person[].name.first_name,RR_SubawardBudget30_3_0.BudgetAttachments.RR_Budget_3_0.BudgetYear.KeyPersons.KeyPerson.Name.FirstName,First Name,question,concept:role:key-person:name:first,concept:role:key-person:name:first,question:sha256:9325f4de72b0f5c888938d4d687a40113421e3c7057e4c0780ddf70755af0c1e,agent_proposed,subaward_organization,,parameterized-budget:personnel,1,1,,runtime-rule:sha256:1478da2185d3d72ec3960331294fe70c1e2ed7bc48b4a9f16e18c90ed60f1cd2,guidance,string,xsd_declared_type,globLib:FirstNameDataType,https://apply07.grants.gov/apply/system/schemas/GlobalLibrary-V2.0.xsd,ff0214de91b95a4209f50f0fe08a18d0f3d17f280ab8c8bbcb52878f37de7be8,sha256:d5d534326e8f7e4416baf98c95c1f9234c0a23628259ee2d7e3199181a24e08a,false
RRSubawardBudget30,[Draft] R&R Subaward Budget Attachment(s) Form 30,3.0,budget_attachments.rr_budget_3_0[].budget_year[].key_persons.key_person[].name.last_name,RR_SubawardBudget30_3_0.BudgetAttachments.RR_Budget_3_0.BudgetYear.KeyPersons.KeyPerson.Name.LastName,Last Name,question,concept:role:key-person:name:last,concept:role:key-person:name:last,question:sha256:b75ed2d47e6ae85ec7ad2116d8534cf022052544ef73c83997fde320f8fcc0c2,agent_proposed,subaward_organization,,parameterized-budget:personnel,1,1,,runtime-rule:sha256:48c9afea239f4cade25319184fa73d0e28438a44951752e281ef338e9d6a7d49,guidance,string,xsd_declared_type,globLib:LastNameDataType,https://apply07.grants.gov/apply/system/schemas/GlobalLibrary-V2.0.xsd,ff0214de91b95a4209f50f0fe08a18d0f3d17f280ab8c8bbcb52878f37de7be8,sha256:d5d534326e8f7e4416baf98c95c1f9234c0a23628259ee2d7e3199181a24e08a,false
RRSubawardBudget30,[Draft] R&R Subaward Budget Attachment(s) Form 30,3.0,budget_attachments.rr_budget_3_0[].budget_year[].key_persons.key_person[].name.middle_name,RR_SubawardBudget30_3_0.BudgetAttachments.RR_Budget_3_0.BudgetYear.KeyPersons.KeyPerson.Name.MiddleName,Middle Name,question,concept:role:key-person:name:middle,concept:role:key-person:name:middle,question:sha256:cc1d08917877c424807dcbee1e55e71bf1dcf33b73074df0b6348853988d6078,agent_proposed,subaward_organization,,parameterized-budget:personnel,0,1,,,,string,xsd_declared_type,globLib:MiddleNameDataType,https://apply07.grants.gov/apply/system/schemas/GlobalLibrary-V2.0.xsd,ff0214de91b95a4209f50f0fe08a18d0f3d17f280ab8c8bbcb52878f37de7be8,sha256:d5d534326e8f7e4416baf98c95c1f9234c0a23628259ee2d7e3199181a24e08a,false
RRSubawardBudget30,[Draft] R&R Subaward Budget Attachment(s) Form 30,3.0,budget_attachments.rr_budget_3_0[].budget_year[].key_persons.key_person[].name.prefix_name,RR_SubawardBudget30_3_0.BudgetAttachments.RR_Budget_3_0.BudgetYear.KeyPersons.KeyPerson.Name.PrefixName,Prefix,question,concept:role:key-person:name:prefix,concept:role:key-person:name:prefix,question:sha256:3b8b6a59c98142b793115d8b426dccc48fe47653d08890023ac3f20033c62845,agent_proposed,subaward_organization,,parameterized-budget:personnel,0,1,,,,string,xsd_declared_type,globLib:PrefixNameDataType,https://apply07.grants.gov/apply/system/schemas/GlobalLibrary-V2.0.xsd,ff0214de91b95a4209f50f0fe08a18d0f3d17f280ab8c8bbcb52878f37de7be8,sha256:d5d534326e8f7e4416baf98c95c1f9234c0a23628259ee2d7e3199181a24e08a,false
RRSubawardBudget30,[Draft] R&R Subaward Budget Attachment(s) Form 30,3.0,budget_attachments.rr_budget_3_0[].budget_year[].key_persons.key_person[].name.suffix_name,RR_SubawardBudget30_3_0.BudgetAttachments.RR_Budget_3_0.BudgetYear.KeyPersons.KeyPerson.Name.SuffixName,Suffix,question,concept:role:key-person:name:suffix,concept:role:key-person:name:suffix,question:sha256:a5a8a0b5478e0d49e1a13cdb3b387d72d460434b10f65789944cb75af2cc558f,agent_proposed,subaward_organization,,parameterized-budget:personnel,0,1,,,,string,xsd_declared_type,globLib:SuffixNameDataType,https://apply07.grants.gov/apply/system/schemas/GlobalLibrary-V2.0.xsd,ff0214de91b95a4209f50f0fe08a18d0f3d17f280ab8c8bbcb52878f37de7be8,sha256:d5d534326e8f7e4416baf98c95c1f9234c0a23628259ee2d7e3199181a24e08a,false
RRSubawardBudget30,[Draft] R&R Subaward Budget Attachment(s) Form 30,3.0,budget_attachments.rr_budget_3_0[].organization_name,RR_SubawardBudget30_3_0.BudgetAttachments.RR_Budget_3_0.OrganizationName,Enter name of Organization:,question,concept:role:subaward-organization:name,concept:role:subaward-organization:name,question:sha256:df34c8ce7fd2f2862c39aad6d64468c5d15c8a8605ddee4b896f014b0b2b78b3,agent_proposed,subaward_organization,,parameterized-budget:form-shell,0,1,,runtime-rule:sha256:1c5ae457170a3e48509c3adcde7f41f5d5c9cd03288e771ed00d743cb126a0b4,guidance,string,xsd_declared_type,globLib:OrganizationNameDataType,https://apply07.grants.gov/apply/forms/schemas/RR_Budget_3_0-V3.0.xsd,d474010f85819549990de65fc51292bed08ba98ac0895d0dde9513fbe855cdbc,sha256:d5d534326e8f7e4416baf98c95c1f9234c0a23628259ee2d7e3199181a24e08a,false
RRSubawardBudget30,[Draft] R&R Subaward Budget Attachment(s) Form 30,3.0,budget_attachments.rr_budget_3_0[].samuei,RR_SubawardBudget30_3_0.BudgetAttachments.RR_Budget_3_0.SAMUEI,UEI:,question,concept:role:subaward-organization:sam-uei,concept:role:subaward-organization:sam-uei,question:sha256:ab84f0a621a03fab4743c97633b21107fdeab6f4601325145556b595b0a9a22f,agent_proposed,subaward_organization,,parameterized-budget:form-shell,1,1,,runtime-rule:sha256:a74db0d7a0c4fdfb6c95beefd9ed3c831cafd078e4a0e0113a5c19fed2b50db4,guidance,string,xsd_declared_type,globLib:SAMUEIDataType,https://apply07.grants.gov/apply/forms/schemas/RR_Budget_3_0-V3.0.xsd,d474010f85819549990de65fc51292bed08ba98ac0895d0dde9513fbe855cdbc,sha256:d5d534326e8f7e4416baf98c95c1f9234c0a23628259ee2d7e3199181a24e08a,false
SF424,Application for Federal Assistance (SF-424),4.0,applicant_estimated_funding,SF424_4_0.ApplicantEstimatedFunding,Applicant Estimated Funding,question,concept:application-funding:applicant-estimated,concept:application-funding:applicant-estimated,question:sha256:1d8675897d1bb05a8d7739257d3fc3bbf84c3e26fd7291d733ace76c23bfb8b3,agent_proposed,,,,1,1,behavior:sha256:78a441c5f90f2cf43f0f3b7a1e83b0f1c089afdedf5d509ee75951f44a9eb1c2,,,,xsd_declared_type,globLib:BudgetAmountDataType,https://apply07.grants.gov/apply/forms/schemas/SF424_4_0-V4.0.xsd,21670776cc2751c806b1ec43a59d6296628e219733bc654cf518ede5b9ae0364,sha256:e65959cd589533ee92008b7d032f0bb969ce78d22581a09210d74715de458af0,false
SF424,Application for Federal Assistance (SF-424),4.0,federal_estimated_funding,SF424_4_0.FederalEstimatedFunding,Federal Estimated Funding,question,concept:application-funding:federal-estimated,concept:application-funding:federal-estimated,question:sha256:f335031cf0a7eed7a68a63f3da33e4fb125db8c9c887cbe1042ed9d68ceb0a8d,agent_proposed,,,,1,1,behavior:sha256:bd2c566e656ba6cff40cd26727ade7590ecf717f3ff1771afe8a1e43fe86d5d6,,,,xsd_declared_type,globLib:BudgetAmountDataType,https://apply07.grants.gov/apply/forms/schemas/SF424_4_0-V4.0.xsd,21670776cc2751c806b1ec43a59d6296628e219733bc654cf518ede5b9ae0364,sha256:e65959cd589533ee92008b7d032f0bb969ce78d22581a09210d74715de458af0,false
SF424,Application for Federal Assistance (SF-424),4.0,local_estimated_funding,SF424_4_0.LocalEstimatedFunding,Local Estimated Funding,question,concept:application-funding:local-estimated,concept:application-funding:local-estimated,question:sha256:1867d2c5e14fd73451846864b72451eedba6b69993b40dd8f7f9db87aff2b50f,agent_proposed,,,,1,1,behavior:sha256:cebd26ddcb4b26a4f3d28997318bf5a6720c0fcc367183c76a4224af7528de73,,,,xsd_declared_type,globLib:BudgetAmountDataType,https://apply07.grants.gov/apply/forms/schemas/SF424_4_0-V4.0.xsd,21670776cc2751c806b1ec43a59d6296628e219733bc654cf518ede5b9ae0364,sha256:e65959cd589533ee92008b7d032f0bb969ce78d22581a09210d74715de458af0,false
SF424,Application for Federal Assistance (SF-424),4.0,other_estimated_funding,SF424_4_0.OtherEstimatedFunding,Other Estimated Funding,question,concept:application-funding:other-estimated,concept:application-funding:other-estimated,question:sha256:45a77052d27584e6afd0a87dc203e8a83c0cccf45ff8ff0a77aabc4bf04e6ea2,agent_proposed,,,,1,1,behavior:sha256:760e194f592fc73c70d54671a8f247435960a157bfceb8fea43d2841ad2a89c4,,,,xsd_declared_type,globLib:BudgetAmountDataType,https://apply07.grants.gov/apply/forms/schemas/SF424_4_0-V4.0.xsd,21670776cc2751c806b1ec43a59d6296628e219733bc654cf518ede5b9ae0364,sha256:e65959cd589533ee92008b7d032f0bb969ce78d22581a09210d74715de458af0,false
SF424,Application for Federal Assistance (SF-424),4.0,program_income_estimated_funding,SF424_4_0.ProgramIncomeEstimatedFunding,Program Income Estimated Funding,question,concept:application-funding:program-income-estimated,concept:application-funding:program-income-estimated,question:sha256:54f9a330ddbcb761cdc5865685a05a1285968e825d569d3ae0cd0ec337722e1b,agent_proposed,,,,1,1,behavior:sha256:e61fc1ba2d24ce6a67c893da227742f80aaeb8f2bda60c2b0bb4b86eccae52f0,,,,xsd_declared_type,globLib:BudgetAmountDataType,https://apply07.grants.gov/apply/forms/schemas/SF424_4_0-V4.0.xsd,21670776cc2751c806b1ec43a59d6296628e219733bc654cf518ede5b9ae0364,sha256:e65959cd589533ee92008b7d032f0bb969ce78d22581a09210d74715de458af0,false
SF424,Application for Federal Assistance (SF-424),4.0,state_estimated_funding,SF424_4_0.StateEstimatedFunding,State Estimated Funding,question,concept:application-funding:state-estimated,concept:application-funding:state-estimated,question:sha256:e9d3f3434f12df56f419830db93d18c49138213bfd04bc7a63fe5d4d4cf1c38a,agent_proposed,,,,1,1,behavior:sha256:7ac5eaf8588509f9988bef86d85bf9ce4bcc90c12577147fa0a0b00c6f01db11,,,,xsd_declared_type,globLib:BudgetAmountDataType,https://apply07.grants.gov/apply/forms/schemas/SF424_4_0-V4.0.xsd,21670776cc2751c806b1ec43a59d6296628e219733bc654cf518ede5b9ae0364,sha256:e65959cd589533ee92008b7d032f0bb969ce78d22581a09210d74715de458af0,false
SF424,Application for Federal Assistance (SF-424),4.0,agency_name,SF424_4_0.AgencyName,Agency Name,question,concept:application:agency-name,concept:application:agency-name,question:sha256:c84ee099c58498b9231d99b54231e8feab23cb9f9d7a53f3535fe2e7cfd52ca0,agent_proposed,,,,1,1,behavior:sha256:3cbdab8841d6445bc29dbd12b77a8ed987cc6101e8397e66f24704f7fc0cb5a7,,,string,xsd_declared_type,globLib:AgencyNameDataType,https://apply07.grants.gov/apply/forms/schemas/SF424_4_0-V4.0.xsd,21670776cc2751c806b1ec43a59d6296628e219733bc654cf518ede5b9ae0364,sha256:e65959cd589533ee92008b7d032f0bb969ce78d22581a09210d74715de458af0,false
SF424,Application for Federal Assistance (SF-424),4.0,aor_signature,SF424_4_0.AORSignature,AOR Signature,question,concept:application:aor-signature,concept:application:aor-signature,question:sha256:0ffdae992350799813f3a1bfb5bfcede8a1d31398c3235121611c5b8ba6a274e,agent_proposed,,,,1,1,,,,,xsd_declared_type,globLib:SignatureDataType,https://apply07.grants.gov/apply/forms/schemas/SF424_4_0-V4.0.xsd,21670776cc2751c806b1ec43a59d6296628e219733bc654cf518ede5b9ae0364,sha256:e65959cd589533ee92008b7d032f0bb969ce78d22581a09210d74715de458af0,false
SF424,Application for Federal Assistance (SF-424),4.0,date_signed,SF424_4_0.DateSigned,Date Signed,question,concept:application:aor-signed-date,concept:application:aor-signed-date,question:sha256:303b8982dbcfd41cdcc83c18bb059a318e8f43269dc867a3305db4824701f6a7,agent_proposed,,,,1,1,,,,,xsd_declared_type,xs:date,https://apply07.grants.gov/apply/forms/schemas/SF424_4_0-V4.0.xsd,21670776cc2751c806b1ec43a59d6296628e219733bc654cf518ede5b9ae0364,sha256:e65959cd589533ee92008b7d032f0bb969ce78d22581a09210d74715de458af0,false
SF424,Application for Federal Assistance (SF-424),4.0,applicant_id,SF424_4_0.ApplicantID,Applicant Identifier,question,concept:application:applicant-id,concept:application:applicant-id,question:sha256:b19506af765132dd56066edc846fc008440041432a84f9f4d13d341d53d5d6a6,agent_proposed,,,,0,1,behavior:sha256:e7613c92281f6650d6da8f6cd996dca57f78c23cea8e9d2e27bbf9cad72ccfd9,,,string,xsd_declared_type,globLib:ApplicantIDDataType,https://apply07.grants.gov/apply/forms/schemas/SF424_4_0-V4.0.xsd,21670776cc2751c806b1ec43a59d6296628e219733bc654cf518ede5b9ae0364,sha256:e65959cd589533ee92008b7d032f0bb969ce78d22581a09210d74715de458af0,false
SF424,Application for Federal Assistance (SF-424),4.0,application_type,SF424_4_0.ApplicationType,Application Type,question,concept:application:application-type,concept:application:application-type,question:sha256:45c4fd6d17b5bf87d57833613ab4f43352e2477210d11e340627a0e80aada264,agent_proposed,,,,1,1,behavior:sha256:0498daa62c9bf4b498290d8686735b35672b38fceaacc660a88897eb9f7457fc|behavior:sha256:0a174b3173bbe1c64b18afb2f051412090be6afec72ec18f81a3c76e037f00d6|behavior:sha256:ed71c17db945ec44a4abc85f06e17ea875f48ad17374c817860de5343f196fab|behavior:sha256:f6d59ea220f472fde6be57ec3cf94625d68cf8fae38d390866c1150fd3bec438,,,string,normalized_source_type,string,https://apply07.grants.gov/apply/forms/schemas/SF424_4_0-V4.0.xsd,21670776cc2751c806b1ec43a59d6296628e219733bc654cf518ede5b9ae0364,sha256:e65959cd589533ee92008b7d032f0bb969ce78d22581a09210d74715de458af0,false
SF424,Application for Federal Assistance (SF-424),4.0,assistance_listing_number,SF424_4_0.CFDANumber,Assistance Listing Number,question,concept:application:assistance-listing-number,concept:application:assistance-listing-number,question:sha256:93ce9d0747d8dce9b96442fb92804c253593208298535848c3185c7ad924971b,agent_proposed,,,,0,1,behavior:sha256:bba52d50842686f678c24eb857e85dc2ea6073770078925cdfa43ac9b7244497,,,string,xsd_declared_type,globLib:CFDANumberDataType,https://apply07.grants.gov/apply/forms/schemas/SF424_4_0-V4.0.xsd,21670776cc2751c806b1ec43a59d6296628e219733bc654cf518ede5b9ae0364,sha256:e65959cd589533ee92008b7d032f0bb969ce78d22581a09210d74715de458af0,false
SF424,Application for Federal Assistance (SF-424),4.0,assistance_listing_program_title,SF424_4_0.CFDAProgramTitle,Assistance Listing Title,question,concept:application:assistance-listing-title,concept:application:assistance-listing-title,question:sha256:2ff461fa66b0e54f882dfcab4c089cecef162b542fb7a19ddb22963ac203a8d7,agent_proposed,,,,0,1,behavior:sha256:5b9dfebc5172817ee026f77025921ee6c00f81fae5d8a275173af4e776b374b1,,,string,xsd_declared_type,globLib:CFDATitleDataType,https://apply07.grants.gov/apply/forms/schemas/SF424_4_0-V4.0.xsd,21670776cc2751c806b1ec43a59d6296628e219733bc654cf518ede5b9ae0364,sha256:e65959cd589533ee92008b7d032f0bb969ce78d22581a09210d74715de458af0,false
SF424,Application for Federal Assistance (SF-424),4.0,certification_agree,SF424_4_0.CertificationAgree,Certification Agree,question,concept:application:certification-agreement,concept:application:certification-agreement,question:sha256:9952664af9b3bb5eb822e3d73cd95c0e7627433ae74295a3c53de3faccf2622f,agent_proposed,,,,1,1,behavior:sha256:dc04a1c92d70de4ebe537b77fcd5ecb3675ff605394b69b7cf3b53a1cbd0090a,,,boolean,xsd_declared_type,globLib:YesNoDataType,https://apply07.grants.gov/apply/forms/schemas/SF424_4_0-V4.0.xsd,21670776cc2751c806b1ec43a59d6296628e219733bc654cf518ede5b9ae0364,sha256:e65959cd589533ee92008b7d032f0bb969ce78d22581a09210d74715de458af0,false
SF424,Application for Federal Assistance (SF-424),4.0,competition_identification_number,SF424_4_0.CompetitionIdentificationNumber,Competition Number,question,concept:application:competition-identification-number,concept:application:competition-identification-number,question:sha256:55db6070c7ed31d08a99a23790a43078d2063278d0803ef4fdc390d0ed4d0bf6,agent_proposed,,,,0,1,behavior:sha256:bb6cdc0a1c90c8d43d07360d9e14af0222c5646a6f6c890addd217f84c1db88a,,,string,xsd_declared_type,globLib:CompetitionIDDataType,https://apply07.grants.gov/apply/forms/schemas/SF424_4_0-V4.0.xsd,21670776cc2751c806b1ec43a59d6296628e219733bc654cf518ede5b9ae0364,sha256:e65959cd589533ee92008b7d032f0bb969ce78d22581a09210d74715de458af0,false
SF424,Application for Federal Assistance (SF-424),4.0,competition_identification_title,SF424_4_0.CompetitionIdentificationTitle,Competition Title,question,concept:application:competition-identification-title,concept:application:competition-identification-title,question:sha256:6d064e687b74754aa7f94208b7d9819608047f578208c6747779e2bca866caad,agent_proposed,,,,0,1,behavior:sha256:9c0fecb9219d99d650ff5580f5145408ae9b0ae6eb4669494d0f2c88db8c50ef,,,string,xsd_declared_type,globLib:CompetitionTitleDataType,https://apply07.grants.gov/apply/forms/schemas/SF424_4_0-V4.0.xsd,21670776cc2751c806b1ec43a59d6296628e219733bc654cf518ede5b9ae0364,sha256:e65959cd589533ee92008b7d032f0bb969ce78d22581a09210d74715de458af0,false
SF424,Application for Federal Assistance (SF-424),4.0,delinquent_federal_debt,SF424_4_0.DelinquentFederalDebt,Applicant Delinquent on Federal Debt,question,concept:application:delinquent-federal-debt,concept:application:delinquent-federal-debt,question:sha256:cc845d09c69510380e82ac7eed93d70bac0ba363aaa481f2f6cb35b4737db3cb,agent_proposed,,,,1,1,behavior:sha256:5217e82d07daff5c5908836f1c8791951a876627bd31819f040e45982b8386db|behavior:sha256:7a3adfd229ba082b439c8f1fa8572c7b539da5b8f5ab37c888c7b19addd72944|behavior:sha256:b8c22cc337e7e7c4ade84e9f73a98dc53054a06a993e1130815dbfcff35d0677,,,boolean,xsd_declared_type,globLib:YesNoDataType,https://apply07.grants.gov/apply/forms/schemas/SF424_4_0-V4.0.xsd,21670776cc2751c806b1ec43a59d6296628e219733bc654cf518ede5b9ae0364,sha256:e65959cd589533ee92008b7d032f0bb969ce78d22581a09210d74715de458af0,false
SF424,Application for Federal Assistance (SF-424),4.0,federal_entity_identifier,SF424_4_0.FederalEntityIdentifier,Federal Entity Identifier,question,concept:application:federal-entity-identifier,concept:application:federal-entity-identifier,question:sha256:29796babe643ebba036f33b4f602e2297fb5e0f849684a084cda591a9bc12083,agent_proposed,,,,0,1,behavior:sha256:7f80352d12543625589af96481cbdf695e770f7b986535062f1beb02cc787c17,,,string,xsd_declared_type,globLib:FederalIDDataType,https://apply07.grants.gov/apply/forms/schemas/SF424_4_0-V4.0.xsd,21670776cc2751c806b1ec43a59d6296628e219733bc654cf518ede5b9ae0364,sha256:e65959cd589533ee92008b7d032f0bb969ce78d22581a09210d74715de458af0,false
SF424,Application for Federal Assistance (SF-424),4.0,funding_opportunity_number,SF424_4_0.FundingOpportunityNumber,Opportunity Number,question,concept:application:funding-opportunity-number,concept:application:funding-opportunity-number,question:sha256:f0f8ff563effc82377dc2e24fde89dbea65d764d8df02f6a010d9caae10ce023,agent_proposed,,,,1,1,behavior:sha256:5833bddb491f54ab016486b75cf6196fb7154ed6537c780ad3e85a2ae70c5201,,,string,xsd_declared_type,globLib:OpportunityIDDataType,https://apply07.grants.gov/apply/forms/schemas/SF424_4_0-V4.0.xsd,21670776cc2751c806b1ec43a59d6296628e219733bc654cf518ede5b9ae0364,sha256:e65959cd589533ee92008b7d032f0bb969ce78d22581a09210d74715de458af0,false
SF424,Application for Federal Assistance (SF-424),4.0,funding_opportunity_title,SF424_4_0.FundingOpportunityTitle,Opportunity title,question,concept:application:funding-opportunity-title,concept:application:funding-opportunity-title,question:sha256:1649b5df02a802f7a3ffb3c1933343d625fb2ddc9c7127dd8d2bbc085dad86d5,agent_proposed,,,,1,1,behavior:sha256:1afd5cebb933753f7475c9f2cdd0359d1546418e9274e8dd1ffdaf12deb1b68d,,,string,xsd_declared_type,globLib:OpportunityTitleDataType,https://apply07.grants.gov/apply/forms/schemas/SF424_4_0-V4.0.xsd,21670776cc2751c806b1ec43a59d6296628e219733bc654cf518ede5b9ae0364,sha256:e65959cd589533ee92008b7d032f0bb969ce78d22581a09210d74715de458af0,false
SF424,Application for Federal Assistance (SF-424),4.0,federal_award_identifier,SF424_4_0.FederalAwardIdentifier,Federal Award Identifier,question,concept:application:prior-federal-award-id,concept:application:prior-federal-award-id,question:sha256:bca89474b492bb3baabb96b3f4bac742a1bdc3bb6657649600cf501f08d835ea,agent_proposed,,,,0,1,behavior:sha256:2155db1b5f642cd04f84b10c67cf96693966a5d4b19d83ff9e481049438561d0,,,string,xsd_declared_type,globLib:ProjectAwardNumberDataType,https://apply07.grants.gov/apply/forms/schemas/SF424_4_0-V4.0.xsd,21670776cc2751c806b1ec43a59d6296628e219733bc654cf518ede5b9ae0364,sha256:e65959cd589533ee92008b7d032f0bb969ce78d22581a09210d74715de458af0,false
SF424,Application for Federal Assistance (SF-424),4.0,date_received,SF424_4_0.DateReceived,Date Received,question,concept:application:received-date,concept:application:received-date,question:sha256:13af99348e87d9fb18967fa599d9f1e24abcbc6fe50a584c232247866c74ab11,agent_proposed,,,,1,1,,,,string,xsd_declared_type,xs:date,https://apply07.grants.gov/apply/forms/schemas/SF424_4_0-V4.0.xsd,21670776cc2751c806b1ec43a59d6296628e219733bc654cf518ede5b9ae0364,sha256:e65959cd589533ee92008b7d032f0bb969ce78d22581a09210d74715de458af0,false
SF424,Application for Federal Assistance (SF-424),4.0,revision_other_specify,SF424_4_0.RevisionOtherSpecify,Other Explanation,question,concept:application:revision-other,concept:application:revision-other,question:sha256:e39a70a48e4d278396955b42ba30b04190047b2e5315bb543401dddbccfd5032,agent_proposed,,,,0,1,behavior:sha256:6e527665ea63cf0645f8df2f3b562bf36205a55d64fd42429e23d1ccbd87a264,,,string,normalized_source_type,string,https://apply07.grants.gov/apply/forms/schemas/SF424_4_0-V4.0.xsd,21670776cc2751c806b1ec43a59d6296628e219733bc654cf518ede5b9ae0364,sha256:e65959cd589533ee92008b7d032f0bb969ce78d22581a09210d74715de458af0,false
SF424,Application for Federal Assistance (SF-424),4.0,revision_type,SF424_4_0.RevisionType,Revision Type,question,concept:application:revision-type,concept:application:revision-type,question:sha256:0f75c7541eb36534b5a674010941e9e56eefd4ea3f2d338cd9b905633afe78a4,agent_proposed,,,,0,1,behavior:sha256:1d9af27ccca985b2e88d824590064a647f979e1165c39ac83aeaf078888cc6e8,,,string,normalized_source_type,string,https://apply07.grants.gov/apply/forms/schemas/SF424_4_0-V4.0.xsd,21670776cc2751c806b1ec43a59d6296628e219733bc654cf518ede5b9ae0364,sha256:e65959cd589533ee92008b7d032f0bb969ce78d22581a09210d74715de458af0,false
SF424,Application for Federal Assistance (SF-424),4.0,state_application_id,SF424_4_0.StateApplicationID,State Application Identifier,question,concept:application:state-application-id,concept:application:state-application-id,question:sha256:793f997e2b6d946bc84e3b75753c3ae4774ff11c2a262d78bb09af74b97eb5dd,agent_proposed,,,,0,1,behavior:sha256:0f9001a928647d225bcdd5c297c1bcacec491877d8ed9bb5865a31d4a50081c1,,,string,normalized_source_type,string,https://apply07.grants.gov/apply/forms/schemas/SF424_4_0-V4.0.xsd,21670776cc2751c806b1ec43a59d6296628e219733bc654cf518ede5b9ae0364,sha256:e65959cd589533ee92008b7d032f0bb969ce78d22581a09210d74715de458af0,false
SF424,Application for Federal Assistance (SF-424),4.0,state_receive_date,SF424_4_0.StateReceiveDate,Date Received By State,question,concept:application:state-received-date,concept:application:state-received-date,question:sha256:48764de21b89fcdb3b00840a0134cd73b9d786b024ae9f97c72a0180402e0a18,agent_proposed,,,,0,1,behavior:sha256:eea0f8b7118e55532935e4c1397551cd28ab371399e0259347ca95690314dfc9,,,string,xsd_declared_type,xs:date,https://apply07.grants.gov/apply/forms/schemas/SF424_4_0-V4.0.xsd,21670776cc2751c806b1ec43a59d6296628e219733bc654cf518ede5b9ae0364,sha256:e65959cd589533ee92008b7d032f0bb969ce78d22581a09210d74715de458af0,false
SF424,Application for Federal Assistance (SF-424),4.0,state_review_available_date,SF424_4_0.StateReviewAvailableDate,State Review Date,question,concept:application:state-review-date,concept:application:state-review-date,question:sha256:75c2e93329e3271f7df5b583f8f6f68955f9e01f65ca98f36e735508c39ef287,agent_proposed,,,,0,1,behavior:sha256:ceb0549ad6173ca283daa7400069bf4077e422216689964dfcba2b97a37755e4,,,string,xsd_declared_type,xs:date,https://apply07.grants.gov/apply/forms/schemas/SF424_4_0-V4.0.xsd,21670776cc2751c806b1ec43a59d6296628e219733bc654cf518ede5b9ae0364,sha256:e65959cd589533ee92008b7d032f0bb969ce78d22581a09210d74715de458af0,false
SF424,Application for Federal Assistance (SF-424),4.0,state_review,SF424_4_0.StateReview,Is Application Subject to Review By State Under Executive Order 12372 Process?,question,concept:application:state-review-status,concept:application:state-review-status,question:sha256:777bc47d46bcc0f3a3c5b499d8d0f5fee22a8b4a343e0b0a83efeee5197ee219,agent_proposed,,,,1,1,behavior:sha256:59986f29f6f5206d93c4dc37dd72e3ad57b06f85128c92c8155999707b3cdb0f|behavior:sha256:5d8c541e3e6ab62a428099721aede3dfa82f877dcba5f0a2bc46392f3315de30|behavior:sha256:9d9b9fe181a2e5d76de23dd89a4216c25f74e073ee846f4e19c1d7004cea03b2|behavior:sha256:ba1b0ddcf8a24a3e56c45b7775f8847750d86f5e88ea48be12412c22a810c820,,,string,normalized_source_type,string,https://apply07.grants.gov/apply/forms/schemas/SF424_4_0-V4.0.xsd,21670776cc2751c806b1ec43a59d6296628e219733bc654cf518ede5b9ae0364,sha256:e65959cd589533ee92008b7d032f0bb969ce78d22581a09210d74715de458af0,false
SF424,Application for Federal Assistance (SF-424),4.0,submission_type,SF424_4_0.SubmissionType,Submission Type,question,concept:application:submission-type,concept:application:submission-type,question:sha256:25237c67652227f469e41b2cf790f646625c8084ca99b442d2b4480d0f5fa20c,agent_proposed,,,,1,1,behavior:sha256:550c71438c812e3a1c47189f0b68db7273500da392c4ec5baa8d23f05ab6c7e8|behavior:sha256:80243d844b8c1cb632385ef4f15e184dc71a20c298cb637fd874ffa5dc720c32|behavior:sha256:938f0d330e16856cb71d06632ab9853b5e0ce15b9bb2e16aafeb58eec7eb34ac|behavior:sha256:99bf194f029ebdc1231f4401ba8f0d0f94a79b8ff1b2426c57052114c27eaa8f,,,string,normalized_source_type,string,https://apply07.grants.gov/apply/forms/schemas/SF424_4_0-V4.0.xsd,21670776cc2751c806b1ec43a59d6296628e219733bc654cf518ede5b9ae0364,sha256:e65959cd589533ee92008b7d032f0bb969ce78d22581a09210d74715de458af0,false
SF424,Application for Federal Assistance (SF-424),4.0,additional_project_title,SF424_4_0.AdditionalProjectTitle,Additional Project Title,question,concept:attachment:additional-project-titles,concept:attachment:additional-project-titles,question:sha256:28d582f6d5ce10ca7cfffddb8bf0d38610d2cf5484a63baa3ab3a16e8d1a82d9,agent_proposed,,,,0,1,behavior:sha256:783393dbdac185fa0d6983d1be4c29e1d652d1a282dc1474761233084bc7febe,,,array,xsd_declared_type,att:AttachmentGroupMin0Max100DataType,https://apply07.grants.gov/apply/forms/schemas/SF424_4_0-V4.0.xsd,21670776cc2751c806b1ec43a59d6296628e219733bc654cf518ede5b9ae0364,sha256:e65959cd589533ee92008b7d032f0bb969ce78d22581a09210d74715de458af0,false
SF424,Application for Federal Assistance (SF-424),4.0,applicant_type_code,SF424_4_0.ApplicantTypeCode1,Type of Applicant,question,concept:organization:applicant-type,concept:organization:applicant-type,question:sha256:3cb4ee39f0552df081997a51ee0c135f9c3f10dd006ceb42cdf962c534320148,agent_proposed,,,,1,1,behavior:sha256:c089ec67906b827e3d08b8e3381e09236519d0c89f31d258e41f7e64754571e0,,,array,xsd_declared_type,globLib:ApplicantTypeCodeDataType,https://apply07.grants.gov/apply/forms/schemas/SF424_4_0-V4.0.xsd,21670776cc2751c806b1ec43a59d6296628e219733bc654cf518ede5b9ae0364,sha256:e65959cd589533ee92008b7d032f0bb969ce78d22581a09210d74715de458af0,false
SF424,Application for Federal Assistance (SF-424),4.0,applicant_type_code,SF424_4_0.ApplicantTypeCode2,Type of Applicant,question,concept:organization:applicant-type,concept:organization:applicant-type,question:sha256:6dfafff5edbeeae1ca1037d3d0ee6a0e4d2babe38c9588944e4192e14aba2066,agent_proposed,,,,0,1,behavior:sha256:366c00303b12c1d7a802fa36ce9466ce6edfd22f1b4cbccb0433bfaf5cc72f64,,,array,xsd_declared_type,globLib:ApplicantTypeCodeDataType,https://apply07.grants.gov/apply/forms/schemas/SF424_4_0-V4.0.xsd,21670776cc2751c806b1ec43a59d6296628e219733bc654cf518ede5b9ae0364,sha256:e65959cd589533ee92008b7d032f0bb969ce78d22581a09210d74715de458af0,false
SF424,Application for Federal Assistance (SF-424),4.0,applicant_type_code,SF424_4_0.ApplicantTypeCode3,Type of Applicant,question,concept:organization:applicant-type,concept:organization:applicant-type,question:sha256:f916c9bc8af308bd4ccd748379535af9df1364600c208007d00556841f885479,agent_proposed,,,,0,1,behavior:sha256:810588c3873adea8f8131800baca3534420fc2ad7034bc3bc68ca857c29c46ca,,,array,xsd_declared_type,globLib:ApplicantTypeCodeDataType,https://apply07.grants.gov/apply/forms/schemas/SF424_4_0-V4.0.xsd,21670776cc2751c806b1ec43a59d6296628e219733bc654cf518ede5b9ae0364,sha256:e65959cd589533ee92008b7d032f0bb969ce78d22581a09210d74715de458af0,false
SF424,Application for Federal Assistance (SF-424),4.0,applicant_type_other_specify,SF424_4_0.ApplicantTypeOtherSpecify,Type of Applicant Other Explanation,question,concept:organization:applicant-type-other,concept:organization:applicant-type-other,question:sha256:9376f61db408a8c74425052710731014e0994c7226e900ffc13cd8b630e46947,agent_proposed,,,,0,1,behavior:sha256:07fec0a4e4de2c6ce26a087655a3c4cff66a7dbe953285ac9f54a3701453f88d,,,string,normalized_source_type,string,https://apply07.grants.gov/apply/forms/schemas/SF424_4_0-V4.0.xsd,21670776cc2751c806b1ec43a59d6296628e219733bc654cf518ede5b9ae0364,sha256:e65959cd589533ee92008b7d032f0bb969ce78d22581a09210d74715de458af0,false
SF424,Application for Federal Assistance (SF-424),4.0,congressional_district_program_project,SF424_4_0.CongressionalDistrictProgramProject,Program District,question,concept:project:congressional-district,concept:project:congressional-district,question:sha256:243ca355bd888b8d4423650224068ba6b654a9a7d770c7f74e630bc7ba34747b,agent_proposed,,,,1,1,behavior:sha256:d134d44071d0ce6b05ad03ceea5f375a68717acc6212f68143519f2d92f36f11,,,string,xsd_declared_type,globLib:CongressionalDistrictDataType,https://apply07.grants.gov/apply/forms/schemas/SF424_4_0-V4.0.xsd,21670776cc2751c806b1ec43a59d6296628e219733bc654cf518ede5b9ae0364,sha256:e65959cd589533ee92008b7d032f0bb969ce78d22581a09210d74715de458af0,false
SF424,Application for Federal Assistance (SF-424),4.0,congressional_district_applicant,SF424_4_0.CongressionalDistrictApplicant,Applicant District,question,concept:project:congressional-district-applicant,concept:project:congressional-district-applicant,question:sha256:317ac193bb9f3fd8d030125f3a90d8357f8deef67ea5a3b4e93185058e6e1fc1,agent_proposed,,,,1,1,behavior:sha256:27426fcb48accf14b69525cfef0709ee2d888fed4a1cd20eb8becaa5eb68c285,,,string,xsd_declared_type,globLib:CongressionalDistrictDataType,https://apply07.grants.gov/apply/forms/schemas/SF424_4_0-V4.0.xsd,21670776cc2751c806b1ec43a59d6296628e219733bc654cf518ede5b9ae0364,sha256:e65959cd589533ee92008b7d032f0bb969ce78d22581a09210d74715de458af0,false
SF424,Application for Federal Assistance (SF-424),4.0,project_end_date,SF424_4_0.ProjectEndDate,Project End Date,question,concept:project:end-date,concept:project:end-date,question:sha256:e254ab6fb5669cb1324c4744c2ed12e560766c561a9e4fa2bfa599e3bdf4b7a4,agent_proposed,,,,1,1,behavior:sha256:635634a5cea253c7bd3ad1d5505eda9a5a1fdcaacc8b59f14b25dafe847014e9,,,string,xsd_declared_type,xs:date,https://apply07.grants.gov/apply/forms/schemas/SF424_4_0-V4.0.xsd,21670776cc2751c806b1ec43a59d6296628e219733bc654cf518ede5b9ae0364,sha256:e65959cd589533ee92008b7d032f0bb969ce78d22581a09210d74715de458af0,false
SF424,Application for Federal Assistance (SF-424),4.0,project_start_date,SF424_4_0.ProjectStartDate,Project Start Date,question,concept:project:start-date,concept:project:start-date,question:sha256:6cc78854ad910a6c5b92102a958de85f780dd20f2ebb9097cdb60206d371d821,agent_proposed,,,,1,1,behavior:sha256:f6265e156f74e2de1d7f76022c713570ae4cd5f41828db700a66151af59c948c,,,string,xsd_declared_type,xs:date,https://apply07.grants.gov/apply/forms/schemas/SF424_4_0-V4.0.xsd,21670776cc2751c806b1ec43a59d6296628e219733bc654cf518ede5b9ae0364,sha256:e65959cd589533ee92008b7d032f0bb969ce78d22581a09210d74715de458af0,false
SF424,Application for Federal Assistance (SF-424),4.0,project_title,SF424_4_0.ProjectTitle,Project Title,question,concept:project:title,concept:project:title,question:sha256:276e73497662a79c01110b9c5b5f298b2ca31808cd61552b4f591b9e61da8e42,agent_proposed,,,,1,1,behavior:sha256:4dde035877e6fc54cf7b21ad867b848f8b7cbcbf94ea0637a2a592feed56bb2c,,,string,xsd_declared_type,globLib:ProjectTitleDataType,https://apply07.grants.gov/apply/forms/schemas/SF424_4_0-V4.0.xsd,21670776cc2751c806b1ec43a59d6296628e219733bc654cf518ede5b9ae0364,sha256:e65959cd589533ee92008b7d032f0bb969ce78d22581a09210d74715de458af0,false
SF424,Application for Federal Assistance (SF-424),4.0,email,SF424_4_0.Email,Email,question,concept:role:applicant-contact:email,concept:role:applicant-contact:email,question:sha256:4c0dc6c29fcc26a1624d9b4b140ef7d3e889d0a3a16298a6b045e09d0f75f856,agent_proposed,,,,1,1,behavior:sha256:f575c8ae162b62ca86dacaa066079d2735219290307f7cebefdd990f25b1a57a,,,,xsd_declared_type,globLib:EmailDataType,https://apply07.grants.gov/apply/forms/schemas/SF424_4_0-V4.0.xsd,21670776cc2751c806b1ec43a59d6296628e219733bc654cf518ede5b9ae0364,sha256:e65959cd589533ee92008b7d032f0bb969ce78d22581a09210d74715de458af0,false
SF424,Application for Federal Assistance (SF-424),4.0,fax,SF424_4_0.Fax,Fax Number,question,concept:role:applicant-contact:fax,concept:role:applicant-contact:fax,question:sha256:39a6df6becab29557ac55d8350d79c9531685b26eb7a27f7c73267e1d71ec81a,agent_proposed,,,,0,1,behavior:sha256:9110e1489207195e8c1a698adb0172a5ae6b38f691743b92dfcf36fe724884f0,,,,xsd_declared_type,globLib:TelephoneNumberDataType,https://apply07.grants.gov/apply/forms/schemas/SF424_4_0-V4.0.xsd,21670776cc2751c806b1ec43a59d6296628e219733bc654cf518ede5b9ae0364,sha256:e65959cd589533ee92008b7d032f0bb969ce78d22581a09210d74715de458af0,false
SF424,Application for Federal Assistance (SF-424),4.0,contact_person,SF424_4_0.ContactPerson.FirstName,Contact Person,question,concept:role:applicant-contact:name:first,concept:role:applicant-contact:name:first,question:sha256:3c7bb38850f428700bbe3220a3c9eda8edf5cee81eced89440950771adea86e2,agent_proposed,,,,1,1,behavior:sha256:fa6385c8ac33f83c3af250b772cf2c2f0c1850e999bdab977d82c41cc571aa4f,,,,xsd_declared_type,globLib:FirstNameDataType,https://apply07.grants.gov/apply/system/schemas/GlobalLibrary-V2.0.xsd,ff0214de91b95a4209f50f0fe08a18d0f3d17f280ab8c8bbcb52878f37de7be8,sha256:e65959cd589533ee92008b7d032f0bb969ce78d22581a09210d74715de458af0,false
SF424,Application for Federal Assistance (SF-424),4.0,contact_person,SF424_4_0.ContactPerson.LastName,Contact Person,question,concept:role:applicant-contact:name:last,concept:role:applicant-contact:name:last,question:sha256:deac9a676f905c59e1b70a5e244baf965e5a98d11f01eb7e4cb9006b40df1bcc,agent_proposed,,,,1,1,behavior:sha256:744fd6c100ed434715e89abb9a12ae34c0d1f8e118e255636e5b17529875610a,,,,xsd_declared_type,globLib:LastNameDataType,https://apply07.grants.gov/apply/system/schemas/GlobalLibrary-V2.0.xsd,ff0214de91b95a4209f50f0fe08a18d0f3d17f280ab8c8bbcb52878f37de7be8,sha256:e65959cd589533ee92008b7d032f0bb969ce78d22581a09210d74715de458af0,false
SF424,Application for Federal Assistance (SF-424),4.0,contact_person,SF424_4_0.ContactPerson.MiddleName,Contact Person,question,concept:role:applicant-contact:name:middle,concept:role:applicant-contact:name:middle,question:sha256:c309d2a767b942223fde87d41329db00af004961e239b1e2fbffa16c43941fc3,agent_proposed,,,,0,1,behavior:sha256:f9535b934ee256c28aab45e12d74978b3cf0da3997e5b732a8e2739275ada47a,,,,xsd_declared_type,globLib:MiddleNameDataType,https://apply07.grants.gov/apply/system/schemas/GlobalLibrary-V2.0.xsd,ff0214de91b95a4209f50f0fe08a18d0f3d17f280ab8c8bbcb52878f37de7be8,sha256:e65959cd589533ee92008b7d032f0bb969ce78d22581a09210d74715de458af0,false
SF424,Application for Federal Assistance (SF-424),4.0,contact_person,SF424_4_0.ContactPerson.PrefixName,Contact Person,question,concept:role:applicant-contact:name:prefix,concept:role:applicant-contact:name:prefix,question:sha256:056b5dc74f2a266dca5e1d6a9caf1eca2f60f006417bf4bd3808f5802d0b8c6b,agent_proposed,,,,0,1,behavior:sha256:e01cc2b89d1e7822f9ca2eaaecae01768d96bddfb34c05d9b2dceba71cf67242,,,,xsd_declared_type,globLib:PrefixNameDataType,https://apply07.grants.gov/apply/system/schemas/GlobalLibrary-V2.0.xsd,ff0214de91b95a4209f50f0fe08a18d0f3d17f280ab8c8bbcb52878f37de7be8,sha256:e65959cd589533ee92008b7d032f0bb969ce78d22581a09210d74715de458af0,false
SF424,Application for Federal Assistance (SF-424),4.0,contact_person,SF424_4_0.ContactPerson.SuffixName,Contact Person,question,concept:role:applicant-contact:name:suffix,concept:role:applicant-contact:name:suffix,question:sha256:cfb5ab87392b885303666ebf57ec5f998a759e256ee19fe2f2c88c898d158b88,agent_proposed,,,,0,1,behavior:sha256:b82eb033a3c2645eae3cecf29d428da3884c7b3cf3e98ebc6e545d00db80d1ab,,,,xsd_declared_type,globLib:SuffixNameDataType,https://apply07.grants.gov/apply/system/schemas/GlobalLibrary-V2.0.xsd,ff0214de91b95a4209f50f0fe08a18d0f3d17f280ab8c8bbcb52878f37de7be8,sha256:e65959cd589533ee92008b7d032f0bb969ce78d22581a09210d74715de458af0,false
SF424,Application for Federal Assistance (SF-424),4.0,organization_affiliation,SF424_4_0.OrganizationAffiliation,Organizational Affiliation,question,concept:role:applicant-contact:organization-affiliation,concept:role:applicant-contact:organization-affiliation,question:sha256:3f02f7b056c8dc7ef1dc8d906fe93076a7258ad139dc428d86a9f26da46028b0,agent_proposed,,,,0,1,behavior:sha256:bad5483b666576e067d0b754ac9eeb913f3e71e48d9ddde4bbc087ad95e1dfa6,,,string,xsd_declared_type,globLib:OrganizationNameDataType,https://apply07.grants.gov/apply/forms/schemas/SF424_4_0-V4.0.xsd,21670776cc2751c806b1ec43a59d6296628e219733bc654cf518ede5b9ae0364,sha256:e65959cd589533ee92008b7d032f0bb969ce78d22581a09210d74715de458af0,false
SF424,Application for Federal Assistance (SF-424),4.0,phone_number,SF424_4_0.PhoneNumber,Telephone Number,question,concept:role:applicant-contact:phone,concept:role:applicant-contact:phone,question:sha256:c4c4e32ff114dce48dc0260e41c47d9da241bb9f00c98467b5c13b8988031279,agent_proposed,,,,1,1,behavior:sha256:eca9c7c6b97c9436ce7e2f92a1426f277cf9397587252a99c8f5163b3a8095e8,,,,xsd_declared_type,globLib:TelephoneNumberDataType,https://apply07.grants.gov/apply/forms/schemas/SF424_4_0-V4.0.xsd,21670776cc2751c806b1ec43a59d6296628e219733bc654cf518ede5b9ae0364,sha256:e65959cd589533ee92008b7d032f0bb969ce78d22581a09210d74715de458af0,false
SF424,Application for Federal Assistance (SF-424),4.0,contact_person_title,SF424_4_0.Title,Title,question,concept:role:applicant-contact:title,concept:role:applicant-contact:title,question:sha256:8567f7966f4664a5252d1a479debcad1ae0922f42d101aaa4cb194be1a6c7cd2,agent_proposed,,,,0,1,behavior:sha256:ec0a689ae545c981b4cda751f6b3f9e78ece1e5c78a52c09598f9d103c787a90,,,,xsd_declared_type,globLib:HumanTitleDataType,https://apply07.grants.gov/apply/forms/schemas/SF424_4_0-V4.0.xsd,21670776cc2751c806b1ec43a59d6296628e219733bc654cf518ede5b9ae0364,sha256:e65959cd589533ee92008b7d032f0bb969ce78d22581a09210d74715de458af0,false
SF424,Application for Federal Assistance (SF-424),4.0,applicant,SF424_4_0.Applicant.City,Applicant,question,concept:role:applicant-organization:city,concept:role:applicant-organization:city,question:sha256:b98f3f9ae121c02b9b1f3b8303d9d3e0a78259b9dd3a388e3b3950d9d8141b2a,agent_proposed,,,,1,1,behavior:sha256:6bb73087846cca3a39fe000f5968c5a9fa00ef8c2908cfc4cc8d53b0944556d3,,,,xsd_declared_type,globLib:CityDataType,https://apply07.grants.gov/apply/system/schemas/GlobalLibrary-V2.0.xsd,ff0214de91b95a4209f50f0fe08a18d0f3d17f280ab8c8bbcb52878f37de7be8,sha256:e65959cd589533ee92008b7d032f0bb969ce78d22581a09210d74715de458af0,false
SF424,Application for Federal Assistance (SF-424),4.0,applicant,SF424_4_0.Applicant.Country,Applicant,question,concept:role:applicant-organization:country,concept:role:applicant-organization:country,question:sha256:7c9a83e358a3904b76d76a4422ed0895297a9766668144279824f5e80ffc93b6,agent_proposed,,,,1,1,behavior:sha256:9db332502f61240eeefedbe18bd84c11380486c35392d0b7d46cf4400dd32651,,,,xsd_declared_type,codes:CountryCodeDataTypeV3,https://apply07.grants.gov/apply/system/schemas/GlobalLibrary-V2.0.xsd,ff0214de91b95a4209f50f0fe08a18d0f3d17f280ab8c8bbcb52878f37de7be8,sha256:e65959cd589533ee92008b7d032f0bb969ce78d22581a09210d74715de458af0,false
SF424,Application for Federal Assistance (SF-424),4.0,applicant,SF424_4_0.Applicant.County,Applicant,question,concept:role:applicant-organization:county,concept:role:applicant-organization:county,question:sha256:6e9349394057b9eac4142e57e82a4f867912901a7834286072fbda9fa341f30f,agent_proposed,,,,0,1,behavior:sha256:7118cc09548e53a42f68d078ca572f23c51cd4cbfce48a2138a3d0b23c4418f5,,,,xsd_declared_type,globLib:CountyDataType,https://apply07.grants.gov/apply/system/schemas/GlobalLibrary-V2.0.xsd,ff0214de91b95a4209f50f0fe08a18d0f3d17f280ab8c8bbcb52878f37de7be8,sha256:e65959cd589533ee92008b7d032f0bb969ce78d22581a09210d74715de458af0,false
SF424,Application for Federal Assistance (SF-424),4.0,department_name,SF424_4_0.DepartmentName,Department Name,question,concept:role:applicant-organization:department,concept:role:applicant-organization:department,question:sha256:3054d5c63122980924e41d75c5e0a77db3508ed28d8ed3c8c82e1409e78ac303,agent_proposed,,,,0,1,behavior:sha256:e078776b94d20b0dae93905b96bd109ee655cc96169832253a084a779e79f975,,,string,xsd_declared_type,globLib:DepartmentNameDataType,https://apply07.grants.gov/apply/forms/schemas/SF424_4_0-V4.0.xsd,21670776cc2751c806b1ec43a59d6296628e219733bc654cf518ede5b9ae0364,sha256:e65959cd589533ee92008b7d032f0bb969ce78d22581a09210d74715de458af0,false
SF424,Application for Federal Assistance (SF-424),4.0,division_name,SF424_4_0.DivisionName,Division Name,question,concept:role:applicant-organization:division,concept:role:applicant-organization:division,question:sha256:88e9baeebdf18edc43be0435096c4f623af4240bcd8d567550dd311473e55471,agent_proposed,,,,0,1,behavior:sha256:8bd2e38155cec9742b8cd21373b6b086eceb48a606b18251c2e0493777a45c8f,,,string,xsd_declared_type,globLib:DivisionNameDataType,https://apply07.grants.gov/apply/forms/schemas/SF424_4_0-V4.0.xsd,21670776cc2751c806b1ec43a59d6296628e219733bc654cf518ede5b9ae0364,sha256:e65959cd589533ee92008b7d032f0bb969ce78d22581a09210d74715de458af0,false
SF424,Application for Federal Assistance (SF-424),4.0,employer_taxpayer_identification_number,SF424_4_0.EmployerTaxpayerIdentificationNumber,EIN/TIN,question,concept:role:applicant-organization:ein,concept:role:applicant-organization:ein,question:sha256:b04ee02cc6b7b69f757f997db7932af0a9dc38c0ae317cac1262c573565ca8a9,agent_proposed,,,,1,1,behavior:sha256:b78f51135b85cd7d87e97f57ef072bc1ae1ceabb8c32562bb3f5c61f5d2e2a39,,,string,xsd_declared_type,globLib:EmployerIDDataType,https://apply07.grants.gov/apply/forms/schemas/SF424_4_0-V4.0.xsd,21670776cc2751c806b1ec43a59d6296628e219733bc654cf518ede5b9ae0364,sha256:e65959cd589533ee92008b7d032f0bb969ce78d22581a09210d74715de458af0,false
SF424,Application for Federal Assistance (SF-424),4.0,organization_name,SF424_4_0.OrganizationName,Legal Name,question,concept:role:applicant-organization:name,concept:role:applicant-organization:name,question:sha256:7ea66f1cf5ef8edad194d1146756668eb486ebcbaa7d1b1c22726d8da0c7d3e3,agent_proposed,,,,1,1,behavior:sha256:5656d898380b0926d7f4a866e93938592fff8190af2ecc3d1da24d7abb5c6f97,,,,xsd_declared_type,globLib:OrganizationNameDataType,https://apply07.grants.gov/apply/forms/schemas/SF424_4_0-V4.0.xsd,21670776cc2751c806b1ec43a59d6296628e219733bc654cf518ede5b9ae0364,sha256:e65959cd589533ee92008b7d032f0bb969ce78d22581a09210d74715de458af0,false
SF424,Application for Federal Assistance (SF-424),4.0,applicant,SF424_4_0.Applicant.ZipPostalCode,Applicant,question,concept:role:applicant-organization:postal-code,concept:role:applicant-organization:postal-code,question:sha256:21ad8e830d378856b7d8ea0ba56c01465f9805be8125f47e49d60cd6e2dd15f5,agent_proposed,,,,0,1,behavior:sha256:c6bfe447b744b8c508eeeea85c9288319e93c11ea9f2eaf5007d8b9382afca4d,,,,xsd_declared_type,globLib:ZipPostalCodeDataType,https://apply07.grants.gov/apply/system/schemas/GlobalLibrary-V2.0.xsd,ff0214de91b95a4209f50f0fe08a18d0f3d17f280ab8c8bbcb52878f37de7be8,sha256:e65959cd589533ee92008b7d032f0bb969ce78d22581a09210d74715de458af0,false
SF424,Application for Federal Assistance (SF-424),4.0,applicant,SF424_4_0.Applicant.Province,Applicant,question,concept:role:applicant-organization:province,concept:role:applicant-organization:province,question:sha256:79bab7b1497657887346c2c23a0168d24a8bdf9d2f092292f88bff45536de69e,agent_proposed,,,,0,1,behavior:sha256:940fe39191d60de2ac70bc4202e4eeb41a2e6cb91354a38489daaa85faa86308,,,,xsd_declared_type,globLib:ProvinceDataType,https://apply07.grants.gov/apply/system/schemas/GlobalLibrary-V2.0.xsd,ff0214de91b95a4209f50f0fe08a18d0f3d17f280ab8c8bbcb52878f37de7be8,sha256:e65959cd589533ee92008b7d032f0bb969ce78d22581a09210d74715de458af0,false
SF424,Application for Federal Assistance (SF-424),4.0,sam_uei,SF424_4_0.SAMUEI,SAM UEI,question,concept:role:applicant-organization:sam-uei,concept:role:applicant-organization:sam-uei,question:sha256:825c4754f0ad700dac1dddb6543c3f0b97407f755d7af798040f6b9ed76a80e1,agent_proposed,,,,1,1,behavior:sha256:68a4a6253a02816c2eaed4410950d0b4ef547072aa460472b03825fc637b6ede,,,,xsd_declared_type,globLib:SAMUEIDataType,https://apply07.grants.gov/apply/forms/schemas/SF424_4_0-V4.0.xsd,21670776cc2751c806b1ec43a59d6296628e219733bc654cf518ede5b9ae0364,sha256:e65959cd589533ee92008b7d032f0bb969ce78d22581a09210d74715de458af0,false
SF424,Application for Federal Assistance (SF-424),4.0,applicant,SF424_4_0.Applicant.State,Applicant,question,concept:role:applicant-organization:state,concept:role:applicant-organization:state,question:sha256:424d036fdcabd468ce128787ef363623f8257014b54f989bfda80c84104f933b,agent_proposed,,,,0,1,behavior:sha256:fee2ace6d090a24f4806388330511be77ee54ce913c07e70bf9f0ed825784196,,,,xsd_declared_type,codes:StateCodeDataTypeV3,https://apply07.grants.gov/apply/system/schemas/GlobalLibrary-V2.0.xsd,ff0214de91b95a4209f50f0fe08a18d0f3d17f280ab8c8bbcb52878f37de7be8,sha256:e65959cd589533ee92008b7d032f0bb969ce78d22581a09210d74715de458af0,false
SF424,Application for Federal Assistance (SF-424),4.0,applicant,SF424_4_0.Applicant.Street1,Applicant,question,concept:role:applicant-organization:street-1,concept:role:applicant-organization:street-1,question:sha256:4d618fb921cbe84f16ec06bf1405bcc31c1eda315e3a667481c5c3c614085e98,agent_proposed,,,,1,1,behavior:sha256:a9b64ab97525e3b3ecf9772be999c4223af3e82b93b58300e2c4d3f4d3731076,,,,xsd_declared_type,globLib:StreetDataType,https://apply07.grants.gov/apply/system/schemas/GlobalLibrary-V2.0.xsd,ff0214de91b95a4209f50f0fe08a18d0f3d17f280ab8c8bbcb52878f37de7be8,sha256:e65959cd589533ee92008b7d032f0bb969ce78d22581a09210d74715de458af0,false
SF424,Application for Federal Assistance (SF-424),4.0,applicant,SF424_4_0.Applicant.Street2,Applicant,question,concept:role:applicant-organization:street-2,concept:role:applicant-organization:street-2,question:sha256:eafc9314f44422bedeb93ac47f5912525efee02f00c68aafac0589c46ed6c4eb,agent_proposed,,,,0,1,behavior:sha256:fdd961c6078db666421d860fb05fee1e89ed4910de9b2806a20db2d603bb8017,,,,xsd_declared_type,globLib:StreetDataType,https://apply07.grants.gov/apply/system/schemas/GlobalLibrary-V2.0.xsd,ff0214de91b95a4209f50f0fe08a18d0f3d17f280ab8c8bbcb52878f37de7be8,sha256:e65959cd589533ee92008b7d032f0bb969ce78d22581a09210d74715de458af0,false
SF424,Application for Federal Assistance (SF-424),4.0,authorized_representative_email,SF424_4_0.AuthorizedRepresentativeEmail,AOR email,question,concept:role:authorized-organization-representative:email,concept:role:authorized-organization-representative:email,question:sha256:977f4b0b57f0fe4bc261266896d415174cef2403cc7cc9b38243668f8f91a655,agent_proposed,,,,1,1,behavior:sha256:46b6d31d0369e95a8ac892a01e2572e207cd227331b1d9bdef632d2e88611e93,,,string,xsd_declared_type,globLib:EmailDataType,https://apply07.grants.gov/apply/forms/schemas/SF424_4_0-V4.0.xsd,21670776cc2751c806b1ec43a59d6296628e219733bc654cf518ede5b9ae0364,sha256:e65959cd589533ee92008b7d032f0bb969ce78d22581a09210d74715de458af0,false
SF424,Application for Federal Assistance (SF-424),4.0,authorized_representative_fax,SF424_4_0.AuthorizedRepresentativeFax,AOR fax Number,question,concept:role:authorized-organization-representative:fax,concept:role:authorized-organization-representative:fax,question:sha256:72e005ad05680e34f0c2698e5589e1f2601419645ae4db98ecfcb8a5c6e1f683,agent_proposed,,,,0,1,behavior:sha256:83f3dca15e6fb7d48862b14ff9aba83bf6bc6499e1bbb165d6535e8aaf8d7ba7,,,,xsd_declared_type,globLib:TelephoneNumberDataType,https://apply07.grants.gov/apply/forms/schemas/SF424_4_0-V4.0.xsd,21670776cc2751c806b1ec43a59d6296628e219733bc654cf518ede5b9ae0364,sha256:e65959cd589533ee92008b7d032f0bb969ce78d22581a09210d74715de458af0,false
SF424,Application for Federal Assistance (SF-424),4.0,authorized_representative,SF424_4_0.AuthorizedRepresentative.FirstName,Authorized Representative,question,concept:role:authorized-organization-representative:name:first,concept:role:authorized-organization-representative:name:first,question:sha256:4d96c22b76a76cd1022cdefb5ea1f515625fe024b032de458ad1cf97acbb545a,agent_proposed,,,,1,1,behavior:sha256:bd6e2af2423b127cebdb69540c163723905a8da72296af4500b5f409383623ee,,,,xsd_declared_type,globLib:FirstNameDataType,https://apply07.grants.gov/apply/system/schemas/GlobalLibrary-V2.0.xsd,ff0214de91b95a4209f50f0fe08a18d0f3d17f280ab8c8bbcb52878f37de7be8,sha256:e65959cd589533ee92008b7d032f0bb969ce78d22581a09210d74715de458af0,false
SF424,Application for Federal Assistance (SF-424),4.0,authorized_representative,SF424_4_0.AuthorizedRepresentative.LastName,Authorized Representative,question,concept:role:authorized-organization-representative:name:last,concept:role:authorized-organization-representative:name:last,question:sha256:0215c97a2b1f1beb21966c4a674ef9d36d2008b6674f6e5e26705643a8e848ce,agent_proposed,,,,1,1,behavior:sha256:de578730f0e0958a49ec6f91fcf1dac0cd7a172b8b600c3320f54d8108cab68c,,,,xsd_declared_type,globLib:LastNameDataType,https://apply07.grants.gov/apply/system/schemas/GlobalLibrary-V2.0.xsd,ff0214de91b95a4209f50f0fe08a18d0f3d17f280ab8c8bbcb52878f37de7be8,sha256:e65959cd589533ee92008b7d032f0bb969ce78d22581a09210d74715de458af0,false
SF424,Application for Federal Assistance (SF-424),4.0,authorized_representative,SF424_4_0.AuthorizedRepresentative.MiddleName,Authorized Representative,question,concept:role:authorized-organization-representative:name:middle,concept:role:authorized-organization-representative:name:middle,question:sha256:60a95abe817d166827ad2be400ab4a211048e7e5313e6439c2124f1386f78ce9,agent_proposed,,,,0,1,behavior:sha256:fa4bce77bdcb05f85eaaaefac5c4228606fed435e48774d2b70fef47775d57bf,,,,xsd_declared_type,globLib:MiddleNameDataType,https://apply07.grants.gov/apply/system/schemas/GlobalLibrary-V2.0.xsd,ff0214de91b95a4209f50f0fe08a18d0f3d17f280ab8c8bbcb52878f37de7be8,sha256:e65959cd589533ee92008b7d032f0bb969ce78d22581a09210d74715de458af0,false
SF424,Application for Federal Assistance (SF-424),4.0,authorized_representative,SF424_4_0.AuthorizedRepresentative.PrefixName,Authorized Representative,question,concept:role:authorized-organization-representative:name:prefix,concept:role:authorized-organization-representative:name:prefix,question:sha256:8f59e6292ff34bb94167c3fe9e816702f047d3674809f43a731a9fa853823c48,agent_proposed,,,,0,1,behavior:sha256:73a2bed831d6a779d1a1199c165990774b1f7f815b0a840dfda7c474e3b4de68,,,,xsd_declared_type,globLib:PrefixNameDataType,https://apply07.grants.gov/apply/system/schemas/GlobalLibrary-V2.0.xsd,ff0214de91b95a4209f50f0fe08a18d0f3d17f280ab8c8bbcb52878f37de7be8,sha256:e65959cd589533ee92008b7d032f0bb969ce78d22581a09210d74715de458af0,false
SF424,Application for Federal Assistance (SF-424),4.0,authorized_representative,SF424_4_0.AuthorizedRepresentative.SuffixName,Authorized Representative,question,concept:role:authorized-organization-representative:name:suffix,concept:role:authorized-organization-representative:name:suffix,question:sha256:3cd32f50aac51411f4074efc622aebf0623e9a770274c6e89866b1172571a119,agent_proposed,,,,0,1,behavior:sha256:f0a782370cd3ea2190cfff8424fba11891ac420075ccdb02b328cc829a9ebc54,,,,xsd_declared_type,globLib:SuffixNameDataType,https://apply07.grants.gov/apply/system/schemas/GlobalLibrary-V2.0.xsd,ff0214de91b95a4209f50f0fe08a18d0f3d17f280ab8c8bbcb52878f37de7be8,sha256:e65959cd589533ee92008b7d032f0bb969ce78d22581a09210d74715de458af0,false
SF424,Application for Federal Assistance (SF-424),4.0,authorized_representative_phone_number,SF424_4_0.AuthorizedRepresentativePhoneNumber,AOR Telephone Number,question,concept:role:authorized-organization-representative:phone,concept:role:authorized-organization-representative:phone,question:sha256:e9fcbe4c81df121a7664d6517e162c0c8b66912bc8d1d5003d3df29678e0eac4,agent_proposed,,,,1,1,behavior:sha256:294e13ec88ae00ddfcb6ba62ea9e04c31adcb1f80001ae87acf34aa03c694a22,,,,xsd_declared_type,globLib:TelephoneNumberDataType,https://apply07.grants.gov/apply/forms/schemas/SF424_4_0-V4.0.xsd,21670776cc2751c806b1ec43a59d6296628e219733bc654cf518ede5b9ae0364,sha256:e65959cd589533ee92008b7d032f0bb969ce78d22581a09210d74715de458af0,false
SF424,Application for Federal Assistance (SF-424),4.0,authorized_representative_title,SF424_4_0.AuthorizedRepresentativeTitle,Title,question,concept:role:authorized-organization-representative:title,concept:role:authorized-organization-representative:title,question:sha256:8ef6e1a4416dda841a502f4d8c7a2f29924cffe05667af94f9d07d42d0d41b5b,agent_proposed,,,,1,1,behavior:sha256:e05b229961e36dce8f2caa6db2853150f9cbc5ba82c7b883fd9114aad119a766,,,string,xsd_declared_type,globLib:HumanTitleDataType,https://apply07.grants.gov/apply/forms/schemas/SF424_4_0-V4.0.xsd,21670776cc2751c806b1ec43a59d6296628e219733bc654cf518ede5b9ae0364,sha256:e65959cd589533ee92008b7d032f0bb969ce78d22581a09210d74715de458af0,false
