form_key,question_id,schema_id,analysis_classification,role,form_pointer,mapping_status,included_in_proposed_overlap,included_in_accepted_overlap,xml_path,type_source,type,xsd_source
KeyContacts,question:organization:legal-name,urn:grants-form-kernel:questions:organization:legal-name:v1,semantic_question,applicant_organization,/properties/applicant_organization_name,agent_proposed,True,False,/Key_Contacts_2_0/ApplicantOrganizationName,GlobalLibrary-V2.0.xsd#OrganizationNameDataType,string,https://apply07.grants.gov/apply/forms/schemas/Key_Contacts_2_0-V2.0.xsd
KeyContacts,question:key-contact:project-role,urn:grants-form-kernel:questions:contact-project-role:v1,semantic_question,key_contact,/properties/key_contacts/items/properties/project_role,agent_proposed,True,False,/Key_Contacts_2_0/RoleOnProject[]/ContactProjectRole,Key_Contacts_2_0-V2.0.xsd#ContactProjectRole,string,https://apply07.grants.gov/apply/forms/schemas/Key_Contacts_2_0-V2.0.xsd
KeyContacts,question:person:name:prefix,urn:grants-form-kernel:questions:person-name-prefix:v1,semantic_question,key_contact,/properties/key_contacts/items/properties/name/properties/prefix,agent_proposed,True,False,/Key_Contacts_2_0/RoleOnProject[]/ContactName/PrefixName,GlobalLibrary-V2.0.xsd#PrefixNameDataType,string,https://apply07.grants.gov/apply/system/schemas/GlobalLibrary-V2.0.xsd
KeyContacts,question:person:name:first,urn:grants-form-kernel:questions:person-name-first:v1,semantic_question,key_contact,/properties/key_contacts/items/properties/name/properties/first_name,agent_proposed,True,False,/Key_Contacts_2_0/RoleOnProject[]/ContactName/FirstName,GlobalLibrary-V2.0.xsd#FirstNameDataType,string,https://apply07.grants.gov/apply/system/schemas/GlobalLibrary-V2.0.xsd
KeyContacts,question:person:name:middle,urn:grants-form-kernel:questions:person-name-middle:v1,semantic_question,key_contact,/properties/key_contacts/items/properties/name/properties/middle_name,agent_proposed,True,False,/Key_Contacts_2_0/RoleOnProject[]/ContactName/MiddleName,GlobalLibrary-V2.0.xsd#MiddleNameDataType,string,https://apply07.grants.gov/apply/system/schemas/GlobalLibrary-V2.0.xsd
KeyContacts,question:person:name:last,urn:grants-form-kernel:questions:person-name-last:v1,semantic_question,key_contact,/properties/key_contacts/items/properties/name/properties/last_name,agent_proposed,True,False,/Key_Contacts_2_0/RoleOnProject[]/ContactName/LastName,GlobalLibrary-V2.0.xsd#LastNameDataType,string,https://apply07.grants.gov/apply/system/schemas/GlobalLibrary-V2.0.xsd
KeyContacts,question:person:name:suffix,urn:grants-form-kernel:questions:person-name-suffix:v1,semantic_question,key_contact,/properties/key_contacts/items/properties/name/properties/suffix,agent_proposed,True,False,/Key_Contacts_2_0/RoleOnProject[]/ContactName/SuffixName,GlobalLibrary-V2.0.xsd#SuffixNameDataType,string,https://apply07.grants.gov/apply/system/schemas/GlobalLibrary-V2.0.xsd
KeyContacts,question:person:title,urn:grants-form-kernel:questions:person-title:v1,semantic_question,key_contact,/properties/key_contacts/items/properties/title,agent_proposed,True,False,/Key_Contacts_2_0/RoleOnProject[]/ContactTitle,GlobalLibrary-V2.0.xsd#HumanTitleDataType,string,https://apply07.grants.gov/apply/forms/schemas/Key_Contacts_2_0-V2.0.xsd
KeyContacts,question:person:organizational-affiliation,urn:grants-form-kernel:questions:person-organizational-affiliation:v1,semantic_question,key_contact,/properties/key_contacts/items/properties/organizational_affiliation,agent_proposed,True,False,/Key_Contacts_2_0/RoleOnProject[]/ContactOrganizationalAffiliation,GlobalLibrary-V2.0.xsd#OrganizationNameDataType,string,https://apply07.grants.gov/apply/forms/schemas/Key_Contacts_2_0-V2.0.xsd
KeyContacts,question:address:street-1,urn:grants-form-kernel:questions:address-street-1:v1,semantic_question,key_contact,/properties/key_contacts/items/properties/address/properties/street1,agent_proposed,True,False,/Key_Contacts_2_0/RoleOnProject[]/ContactAddress/Street1,GlobalLibrary-V2.0.xsd#StreetDataType,string,https://apply07.grants.gov/apply/system/schemas/GlobalLibrary-V2.0.xsd
KeyContacts,question:address:street-2,urn:grants-form-kernel:questions:address-street-2:v1,semantic_question,key_contact,/properties/key_contacts/items/properties/address/properties/street2,agent_proposed,True,False,/Key_Contacts_2_0/RoleOnProject[]/ContactAddress/Street2,GlobalLibrary-V2.0.xsd#StreetDataType,string,https://apply07.grants.gov/apply/system/schemas/GlobalLibrary-V2.0.xsd
KeyContacts,question:address:city,urn:grants-form-kernel:questions:address-city:v1,semantic_question,key_contact,/properties/key_contacts/items/properties/address/properties/city,agent_proposed,True,False,/Key_Contacts_2_0/RoleOnProject[]/ContactAddress/City,GlobalLibrary-V2.0.xsd#CityDataType,string,https://apply07.grants.gov/apply/system/schemas/GlobalLibrary-V2.0.xsd
KeyContacts,question:address:county,urn:grants-form-kernel:questions:address-county:v1,semantic_question,key_contact,/properties/key_contacts/items/properties/address/properties/county,agent_proposed,True,False,/Key_Contacts_2_0/RoleOnProject[]/ContactAddress/County,GlobalLibrary-V2.0.xsd#CountyDataType,string,https://apply07.grants.gov/apply/system/schemas/GlobalLibrary-V2.0.xsd
KeyContacts,question:address:state,urn:grants-form-kernel:questions:address-state:v1,semantic_question,key_contact,/properties/key_contacts/items/properties/address/properties/state,agent_proposed,True,False,/Key_Contacts_2_0/RoleOnProject[]/ContactAddress/State,UniversalCodes-V2.0.xsd#StateCodeDataTypeV3,string,https://apply07.grants.gov/apply/system/schemas/UniversalCodes-V2.0.xsd
KeyContacts,question:address:province,urn:grants-form-kernel:questions:address-province:v1,semantic_question,key_contact,/properties/key_contacts/items/properties/address/properties/province,agent_proposed,True,False,/Key_Contacts_2_0/RoleOnProject[]/ContactAddress/Province,GlobalLibrary-V2.0.xsd#ProvinceDataType,string,https://apply07.grants.gov/apply/system/schemas/GlobalLibrary-V2.0.xsd
KeyContacts,question:address:country,urn:grants-form-kernel:questions:address-country:v1,semantic_question,key_contact,/properties/key_contacts/items/properties/address/properties/country,agent_proposed,True,False,/Key_Contacts_2_0/RoleOnProject[]/ContactAddress/Country,UniversalCodes-V2.0.xsd#CountryCodeDataTypeV3,string,https://apply07.grants.gov/apply/system/schemas/UniversalCodes-V2.0.xsd
KeyContacts,question:address:postal-code,urn:grants-form-kernel:questions:address-postal-code:v1,semantic_question,key_contact,/properties/key_contacts/items/properties/address/properties/zip_code,agent_proposed,True,False,/Key_Contacts_2_0/RoleOnProject[]/ContactAddress/ZipPostalCode,GlobalLibrary-V2.0.xsd#ZipPostalCodeDataType,string,https://apply07.grants.gov/apply/system/schemas/GlobalLibrary-V2.0.xsd
KeyContacts,question:contact:phone,urn:grants-form-kernel:questions:contact-phone:v1,semantic_question,key_contact,/properties/key_contacts/items/properties/phone,agent_proposed,True,False,/Key_Contacts_2_0/RoleOnProject[]/ContactPhone,GlobalLibrary-V2.0.xsd#TelephoneNumberDataType,string,https://apply07.grants.gov/apply/forms/schemas/Key_Contacts_2_0-V2.0.xsd
KeyContacts,question:contact:fax,urn:grants-form-kernel:questions:contact-fax:v1,semantic_question,key_contact,/properties/key_contacts/items/properties/fax,agent_proposed,True,False,/Key_Contacts_2_0/RoleOnProject[]/ContactFax,GlobalLibrary-V2.0.xsd#TelephoneNumberDataType,string,https://apply07.grants.gov/apply/forms/schemas/Key_Contacts_2_0-V2.0.xsd
KeyContacts,question:contact:email,urn:grants-form-kernel:questions:contact-email:v1,semantic_question,key_contact,/properties/key_contacts/items/properties/email,agent_proposed,True,False,/Key_Contacts_2_0/RoleOnProject[]/ContactEmail,GlobalLibrary-V2.0.xsd#EmailDataType,string,https://apply07.grants.gov/apply/forms/schemas/Key_Contacts_2_0-V2.0.xsd
RRBudget,question:budget:budgetjustificationattachment,urn:grants-form-kernel:questions:budget:budgetjustificationattachment:v1,semantic_question,applicant_budget,/properties/budget_justification_attachment,agent_proposed,True,False,,,,
RRBudget,question:budget:budgettype,urn:grants-form-kernel:questions:budget:budgettype:v1,semantic_question,applicant_budget,/properties/budget_type,agent_proposed,True,False,,,,
RRBudget,question:budget:budgetyear-budgetperiodenddate,urn:grants-form-kernel:questions:budget:budgetyear-budgetperiodenddate:v1,semantic_question,applicant_budget,/properties/budget_year/items/properties/budget_period_end_date,agent_proposed,True,False,,,,
RRBudget,question:budget:budgetyear-budgetperiodstartdate,urn:grants-form-kernel:questions:budget:budgetyear-budgetperiodstartdate:v1,semantic_question,applicant_budget,/properties/budget_year/items/properties/budget_period_start_date,agent_proposed,True,False,,,,
RRBudget,question:budget:budgetyear-cognizantfederalagency,urn:grants-form-kernel:questions:budget:budgetyear-cognizantfederalagency:v1,semantic_question,applicant_budget,/properties/budget_year/items/properties/cognizant_federal_agency,agent_proposed,True,False,,,,
RRBudget,question:budget:budgetyear-equipment-additionalequipmentsattachment,urn:grants-form-kernel:questions:budget:budgetyear-equipment-additionalequipmentsattachment:v1,semantic_question,applicant_budget,/properties/budget_year/items/properties/equipment/properties/additional_equipments_attachment,agent_proposed,True,False,,,,
RRBudget,question:budget:budgetyear-equipment-equipmentlist-equipmentitem,urn:grants-form-kernel:questions:budget:budgetyear-equipment-equipmentlist-equipmentitem:v1,semantic_question,applicant_budget,/properties/budget_year/items/properties/equipment/properties/equipment_list/items/properties/equipment_item,agent_proposed,True,False,,,,
RRBudget,question:budget:budgetyear-equipment-equipmentlist-fundsrequested,urn:grants-form-kernel:questions:budget:budgetyear-equipment-equipmentlist-fundsrequested:v1,semantic_question,applicant_budget,/properties/budget_year/items/properties/equipment/properties/equipment_list/items/properties/funds_requested,agent_proposed,True,False,,,,
RRBudget,question:budget:budgetyear-equipment-totalfundforattachedequipment,urn:grants-form-kernel:questions:budget:budgetyear-equipment-totalfundforattachedequipment:v1,semantic_question,applicant_budget,/properties/budget_year/items/properties/equipment/properties/total_fund_for_attached_equipment,agent_proposed,True,False,,,,
RRBudget,question:budget:budgetyear-fee,urn:grants-form-kernel:questions:budget:budgetyear-fee:v1,semantic_question,applicant_budget,/properties/budget_year/items/properties/fee,agent_proposed,True,False,,,,
RRBudget,question:budget:budgetyear-indirectcosts-indirectcost-base,urn:grants-form-kernel:questions:budget:budgetyear-indirectcosts-indirectcost-base:v1,semantic_question,applicant_budget,/properties/budget_year/items/properties/indirect_costs/properties/indirect_cost/items/properties/base,agent_proposed,True,False,,,,
RRBudget,question:budget:budgetyear-indirectcosts-indirectcost-costtype,urn:grants-form-kernel:questions:budget:budgetyear-indirectcosts-indirectcost-costtype:v1,semantic_question,applicant_budget,/properties/budget_year/items/properties/indirect_costs/properties/indirect_cost/items/properties/cost_type,agent_proposed,True,False,,,,
RRBudget,question:budget:budgetyear-indirectcosts-indirectcost-fundrequested,urn:grants-form-kernel:questions:budget:budgetyear-indirectcosts-indirectcost-fundrequested:v1,semantic_question,applicant_budget,/properties/budget_year/items/properties/indirect_costs/properties/indirect_cost/items/properties/fund_requested,agent_proposed,True,False,,,,
RRBudget,question:budget:budgetyear-indirectcosts-indirectcost-rate,urn:grants-form-kernel:questions:budget:budgetyear-indirectcosts-indirectcost-rate:v1,semantic_question,applicant_budget,/properties/budget_year/items/properties/indirect_costs/properties/indirect_cost/items/properties/rate,agent_proposed,True,False,,,,
RRBudget,question:budget:budgetyear-keypersons-attachedkeypersons,urn:grants-form-kernel:questions:budget:budgetyear-keypersons-attachedkeypersons:v1,semantic_question,applicant_budget,/properties/budget_year/items/properties/key_persons/properties/attached_key_persons,agent_proposed,True,False,,,,
RRBudget,question:budget:budgetyear-keypersons-keyperson-academicmonths,urn:grants-form-kernel:questions:budget:budgetyear-keypersons-keyperson-academicmonths:v1,semantic_question,key_person,/properties/budget_year/items/properties/key_persons/properties/key_person/items/properties/academic_months,agent_proposed,True,False,,,,
RRBudget,question:budget:budgetyear-keypersons-keyperson-basesalary,urn:grants-form-kernel:questions:budget:budgetyear-keypersons-keyperson-basesalary:v1,semantic_question,key_person,/properties/budget_year/items/properties/key_persons/properties/key_person/items/properties/base_salary,agent_proposed,True,False,,,,
RRBudget,question:budget:budgetyear-keypersons-keyperson-calendarmonths,urn:grants-form-kernel:questions:budget:budgetyear-keypersons-keyperson-calendarmonths:v1,semantic_question,key_person,/properties/budget_year/items/properties/key_persons/properties/key_person/items/properties/calendar_months,agent_proposed,True,False,,,,
RRBudget,question:budget:budgetyear-keypersons-keyperson-fringebenefits,urn:grants-form-kernel:questions:budget:budgetyear-keypersons-keyperson-fringebenefits:v1,semantic_question,key_person,/properties/budget_year/items/properties/key_persons/properties/key_person/items/properties/fringe_benefits,agent_proposed,True,False,,,,
RRBudget,question:person:name:first,urn:grants-form-kernel:questions:person-name-first:v1,semantic_question,key_person,/properties/budget_year/items/properties/key_persons/properties/key_person/items/properties/name/properties/first_name,agent_proposed,True,False,,,,
RRBudget,question:person:name:last,urn:grants-form-kernel:questions:person-name-last:v1,semantic_question,key_person,/properties/budget_year/items/properties/key_persons/properties/key_person/items/properties/name/properties/last_name,agent_proposed,True,False,,,,
RRBudget,question:person:name:middle,urn:grants-form-kernel:questions:person-name-middle:v1,semantic_question,key_person,/properties/budget_year/items/properties/key_persons/properties/key_person/items/properties/name/properties/middle_name,agent_proposed,True,False,,,,
RRBudget,question:person:name:prefix,urn:grants-form-kernel:questions:budget:budgetyear-keypersons-keyperson-name-prefixname:v1,semantic_question,key_person,/properties/budget_year/items/properties/key_persons/properties/key_person/items/properties/name/properties/prefix_name,agent_proposed,True,False,,,,
RRBudget,question:person:name:suffix,urn:grants-form-kernel:questions:budget:budgetyear-keypersons-keyperson-name-suffixname:v1,semantic_question,key_person,/properties/budget_year/items/properties/key_persons/properties/key_person/items/properties/name/properties/suffix_name,agent_proposed,True,False,,,,
RRBudget,question:budget:budgetyear-keypersons-keyperson-projectrole,urn:grants-form-kernel:questions:budget:budgetyear-keypersons-keyperson-projectrole:v1,semantic_question,key_person,/properties/budget_year/items/properties/key_persons/properties/key_person/items/properties/project_role,agent_proposed,True,False,,,,
RRBudget,question:budget:budgetyear-keypersons-keyperson-requestedsalary,urn:grants-form-kernel:questions:budget:budgetyear-keypersons-keyperson-requestedsalary:v1,semantic_question,key_person,/properties/budget_year/items/properties/key_persons/properties/key_person/items/properties/requested_salary,agent_proposed,True,False,,,,
RRBudget,question:budget:budgetyear-keypersons-keyperson-summermonths,urn:grants-form-kernel:questions:budget:budgetyear-keypersons-keyperson-summermonths:v1,semantic_question,key_person,/properties/budget_year/items/properties/key_persons/properties/key_person/items/properties/summer_months,agent_proposed,True,False,,,,
RRBudget,question:budget:budgetyear-keypersons-totalfundforattachedkeypersons,urn:grants-form-kernel:questions:budget:budgetyear-keypersons-totalfundforattachedkeypersons:v1,semantic_question,applicant_budget,/properties/budget_year/items/properties/key_persons/properties/total_fund_for_attached_key_persons,agent_proposed,True,False,,,,
RRBudget,question:budget:budgetyear-otherdirectcosts-adpcomputerservices,urn:grants-form-kernel:questions:budget:budgetyear-otherdirectcosts-adpcomputerservices:v1,semantic_question,applicant_budget,/properties/budget_year/items/properties/other_direct_costs/properties/adp_computer_services,agent_proposed,True,False,,,,
RRBudget,question:budget:budgetyear-otherdirectcosts-alterationsrenovations,urn:grants-form-kernel:questions:budget:budgetyear-otherdirectcosts-alterationsrenovations:v1,semantic_question,applicant_budget,/properties/budget_year/items/properties/other_direct_costs/properties/alterations_renovations,agent_proposed,True,False,,,,
RRBudget,question:budget:budgetyear-otherdirectcosts-consultantservices,urn:grants-form-kernel:questions:budget:budgetyear-otherdirectcosts-consultantservices:v1,semantic_question,applicant_budget,/properties/budget_year/items/properties/other_direct_costs/properties/consultant_services,agent_proposed,True,False,,,,
RRBudget,question:budget:budgetyear-otherdirectcosts-equipmentrentalfee,urn:grants-form-kernel:questions:budget:budgetyear-otherdirectcosts-equipmentrentalfee:v1,semantic_question,applicant_budget,/properties/budget_year/items/properties/other_direct_costs/properties/equipment_rental_fee,agent_proposed,True,False,,,,
RRBudget,question:budget:budgetyear-otherdirectcosts-materialssupplies,urn:grants-form-kernel:questions:budget:budgetyear-otherdirectcosts-materialssupplies:v1,semantic_question,applicant_budget,/properties/budget_year/items/properties/other_direct_costs/properties/materials_supplies,agent_proposed,True,False,,,,
RRBudget,question:budget:budgetyear-otherdirectcosts-otherdirectcost1-cost,urn:grants-form-kernel:questions:budget:budgetyear-otherdirectcosts-otherdirectcost1-cost:v1,semantic_question,applicant_budget,/properties/budget_year/items/properties/other_direct_costs/properties/other_direct_cost_1/properties/cost,agent_proposed,True,False,,,,
RRBudget,question:budget:budgetyear-otherdirectcosts-otherdirectcost1-description,urn:grants-form-kernel:questions:budget:budgetyear-otherdirectcosts-otherdirectcost1-description:v1,semantic_question,applicant_budget,/properties/budget_year/items/properties/other_direct_costs/properties/other_direct_cost_1/properties/description,agent_proposed,True,False,,,,
RRBudget,question:budget:budgetyear-otherdirectcosts-otherdirectcost10-cost,urn:grants-form-kernel:questions:budget:budgetyear-otherdirectcosts-otherdirectcost10-cost:v1,semantic_question,applicant_budget,/properties/budget_year/items/properties/other_direct_costs/properties/other_direct_cost_10/properties/cost,agent_proposed,True,False,,,,
RRBudget,question:budget:budgetyear-otherdirectcosts-otherdirectcost10-description,urn:grants-form-kernel:questions:budget:budgetyear-otherdirectcosts-otherdirectcost10-description:v1,semantic_question,applicant_budget,/properties/budget_year/items/properties/other_direct_costs/properties/other_direct_cost_10/properties/description,agent_proposed,True,False,,,,
RRBudget,question:budget:budgetyear-otherdirectcosts-otherdirectcost2-cost,urn:grants-form-kernel:questions:budget:budgetyear-otherdirectcosts-otherdirectcost2-cost:v1,semantic_question,applicant_budget,/properties/budget_year/items/properties/other_direct_costs/properties/other_direct_cost_2/properties/cost,agent_proposed,True,False,,,,
RRBudget,question:budget:budgetyear-otherdirectcosts-otherdirectcost2-description,urn:grants-form-kernel:questions:budget:budgetyear-otherdirectcosts-otherdirectcost2-description:v1,semantic_question,applicant_budget,/properties/budget_year/items/properties/other_direct_costs/properties/other_direct_cost_2/properties/description,agent_proposed,True,False,,,,
RRBudget,question:budget:budgetyear-otherdirectcosts-otherdirectcost3-cost,urn:grants-form-kernel:questions:budget:budgetyear-otherdirectcosts-otherdirectcost3-cost:v1,semantic_question,applicant_budget,/properties/budget_year/items/properties/other_direct_costs/properties/other_direct_cost_3/properties/cost,agent_proposed,True,False,,,,
RRBudget,question:budget:budgetyear-otherdirectcosts-otherdirectcost3-description,urn:grants-form-kernel:questions:budget:budgetyear-otherdirectcosts-otherdirectcost3-description:v1,semantic_question,applicant_budget,/properties/budget_year/items/properties/other_direct_costs/properties/other_direct_cost_3/properties/description,agent_proposed,True,False,,,,
RRBudget,question:budget:budgetyear-otherdirectcosts-otherdirectcost4-cost,urn:grants-form-kernel:questions:budget:budgetyear-otherdirectcosts-otherdirectcost4-cost:v1,semantic_question,applicant_budget,/properties/budget_year/items/properties/other_direct_costs/properties/other_direct_cost_4/properties/cost,agent_proposed,True,False,,,,
RRBudget,question:budget:budgetyear-otherdirectcosts-otherdirectcost4-description,urn:grants-form-kernel:questions:budget:budgetyear-otherdirectcosts-otherdirectcost4-description:v1,semantic_question,applicant_budget,/properties/budget_year/items/properties/other_direct_costs/properties/other_direct_cost_4/properties/description,agent_proposed,True,False,,,,
RRBudget,question:budget:budgetyear-otherdirectcosts-otherdirectcost5-cost,urn:grants-form-kernel:questions:budget:budgetyear-otherdirectcosts-otherdirectcost5-cost:v1,semantic_question,applicant_budget,/properties/budget_year/items/properties/other_direct_costs/properties/other_direct_cost_5/properties/cost,agent_proposed,True,False,,,,
RRBudget,question:budget:budgetyear-otherdirectcosts-otherdirectcost5-description,urn:grants-form-kernel:questions:budget:budgetyear-otherdirectcosts-otherdirectcost5-description:v1,semantic_question,applicant_budget,/properties/budget_year/items/properties/other_direct_costs/properties/other_direct_cost_5/properties/description,agent_proposed,True,False,,,,
RRBudget,question:budget:budgetyear-otherdirectcosts-otherdirectcost6-cost,urn:grants-form-kernel:questions:budget:budgetyear-otherdirectcosts-otherdirectcost6-cost:v1,semantic_question,applicant_budget,/properties/budget_year/items/properties/other_direct_costs/properties/other_direct_cost_6/properties/cost,agent_proposed,True,False,,,,
RRBudget,question:budget:budgetyear-otherdirectcosts-otherdirectcost6-description,urn:grants-form-kernel:questions:budget:budgetyear-otherdirectcosts-otherdirectcost6-description:v1,semantic_question,applicant_budget,/properties/budget_year/items/properties/other_direct_costs/properties/other_direct_cost_6/properties/description,agent_proposed,True,False,,,,
RRBudget,question:budget:budgetyear-otherdirectcosts-otherdirectcost7-cost,urn:grants-form-kernel:questions:budget:budgetyear-otherdirectcosts-otherdirectcost7-cost:v1,semantic_question,applicant_budget,/properties/budget_year/items/properties/other_direct_costs/properties/other_direct_cost_7/properties/cost,agent_proposed,True,False,,,,
RRBudget,question:budget:budgetyear-otherdirectcosts-otherdirectcost7-description,urn:grants-form-kernel:questions:budget:budgetyear-otherdirectcosts-otherdirectcost7-description:v1,semantic_question,applicant_budget,/properties/budget_year/items/properties/other_direct_costs/properties/other_direct_cost_7/properties/description,agent_proposed,True,False,,,,
RRBudget,question:budget:budgetyear-otherdirectcosts-otherdirectcost8-cost,urn:grants-form-kernel:questions:budget:budgetyear-otherdirectcosts-otherdirectcost8-cost:v1,semantic_question,applicant_budget,/properties/budget_year/items/properties/other_direct_costs/properties/other_direct_cost_8/properties/cost,agent_proposed,True,False,,,,
RRBudget,question:budget:budgetyear-otherdirectcosts-otherdirectcost8-description,urn:grants-form-kernel:questions:budget:budgetyear-otherdirectcosts-otherdirectcost8-description:v1,semantic_question,applicant_budget,/properties/budget_year/items/properties/other_direct_costs/properties/other_direct_cost_8/properties/description,agent_proposed,True,False,,,,
RRBudget,question:budget:budgetyear-otherdirectcosts-otherdirectcost9-cost,urn:grants-form-kernel:questions:budget:budgetyear-otherdirectcosts-otherdirectcost9-cost:v1,semantic_question,applicant_budget,/properties/budget_year/items/properties/other_direct_costs/properties/other_direct_cost_9/properties/cost,agent_proposed,True,False,,,,
RRBudget,question:budget:budgetyear-otherdirectcosts-otherdirectcost9-description,urn:grants-form-kernel:questions:budget:budgetyear-otherdirectcosts-otherdirectcost9-description:v1,semantic_question,applicant_budget,/properties/budget_year/items/properties/other_direct_costs/properties/other_direct_cost_9/properties/description,agent_proposed,True,False,,,,
RRBudget,question:budget:budgetyear-otherdirectcosts-publicationcosts,urn:grants-form-kernel:questions:budget:budgetyear-otherdirectcosts-publicationcosts:v1,semantic_question,applicant_budget,/properties/budget_year/items/properties/other_direct_costs/properties/publication_costs,agent_proposed,True,False,,,,
RRBudget,question:budget:budgetyear-otherdirectcosts-subawardconsortiumcontractualcosts,urn:grants-form-kernel:questions:budget:budgetyear-otherdirectcosts-subawardconsortiumcontractualcosts:v1,semantic_question,applicant_budget,/properties/budget_year/items/properties/other_direct_costs/properties/subaward_consortium_contractual_costs,agent_proposed,True,False,,,,
RRBudget,question:budget:budgetyear-otherpersonnel-graduatestudents-academicmonths,urn:grants-form-kernel:questions:budget:budgetyear-otherpersonnel-graduatestudents-academicmonths:v1,semantic_question,applicant_budget,/properties/budget_year/items/properties/other_personnel/properties/graduate_students/properties/academic_months,agent_proposed,True,False,,,,
RRBudget,question:budget:budgetyear-otherpersonnel-graduatestudents-calendarmonths,urn:grants-form-kernel:questions:budget:budgetyear-otherpersonnel-graduatestudents-calendarmonths:v1,semantic_question,applicant_budget,/properties/budget_year/items/properties/other_personnel/properties/graduate_students/properties/calendar_months,agent_proposed,True,False,,,,
RRBudget,question:budget:budgetyear-otherpersonnel-graduatestudents-fringebenefits,urn:grants-form-kernel:questions:budget:budgetyear-otherpersonnel-graduatestudents-fringebenefits:v1,semantic_question,applicant_budget,/properties/budget_year/items/properties/other_personnel/properties/graduate_students/properties/fringe_benefits,agent_proposed,True,False,,,,
RRBudget,question:budget:budgetyear-otherpersonnel-graduatestudents-numberofpersonnel,urn:grants-form-kernel:questions:budget:budgetyear-otherpersonnel-graduatestudents-numberofpersonnel:v1,semantic_question,applicant_budget,/properties/budget_year/items/properties/other_personnel/properties/graduate_students/properties/number_of_personnel,agent_proposed,True,False,,,,
RRBudget,question:budget:budgetyear-otherpersonnel-graduatestudents-projectrole,urn:grants-form-kernel:questions:budget:budgetyear-otherpersonnel-graduatestudents-projectrole:v1,semantic_question,applicant_budget,/properties/budget_year/items/properties/other_personnel/properties/graduate_students/properties/project_role,agent_proposed,True,False,,,,
RRBudget,question:budget:budgetyear-otherpersonnel-graduatestudents-requestedsalary,urn:grants-form-kernel:questions:budget:budgetyear-otherpersonnel-graduatestudents-requestedsalary:v1,semantic_question,applicant_budget,/properties/budget_year/items/properties/other_personnel/properties/graduate_students/properties/requested_salary,agent_proposed,True,False,,,,
RRBudget,question:budget:budgetyear-otherpersonnel-graduatestudents-summermonths,urn:grants-form-kernel:questions:budget:budgetyear-otherpersonnel-graduatestudents-summermonths:v1,semantic_question,applicant_budget,/properties/budget_year/items/properties/other_personnel/properties/graduate_students/properties/summer_months,agent_proposed,True,False,,,,
RRBudget,question:budget:budgetyear-otherpersonnel-other-academicmonths,urn:grants-form-kernel:questions:budget:budgetyear-otherpersonnel-other-academicmonths:v1,semantic_question,applicant_budget,/properties/budget_year/items/properties/other_personnel/properties/other/items/properties/academic_months,agent_proposed,True,False,,,,
RRBudget,question:budget:budgetyear-otherpersonnel-other-calendarmonths,urn:grants-form-kernel:questions:budget:budgetyear-otherpersonnel-other-calendarmonths:v1,semantic_question,applicant_budget,/properties/budget_year/items/properties/other_personnel/properties/other/items/properties/calendar_months,agent_proposed,True,False,,,,
RRBudget,question:budget:budgetyear-otherpersonnel-other-fringebenefits,urn:grants-form-kernel:questions:budget:budgetyear-otherpersonnel-other-fringebenefits:v1,semantic_question,applicant_budget,/properties/budget_year/items/properties/other_personnel/properties/other/items/properties/fringe_benefits,agent_proposed,True,False,,,,
RRBudget,question:budget:budgetyear-otherpersonnel-other-numberofpersonnel,urn:grants-form-kernel:questions:budget:budgetyear-otherpersonnel-other-numberofpersonnel:v1,semantic_question,applicant_budget,/properties/budget_year/items/properties/other_personnel/properties/other/items/properties/number_of_personnel,agent_proposed,True,False,,,,
RRBudget,question:budget:budgetyear-otherpersonnel-other-projectrole,urn:grants-form-kernel:questions:budget:budgetyear-otherpersonnel-other-projectrole:v1,semantic_question,applicant_budget,/properties/budget_year/items/properties/other_personnel/properties/other/items/properties/project_role,agent_proposed,True,False,,,,
RRBudget,question:budget:budgetyear-otherpersonnel-other-requestedsalary,urn:grants-form-kernel:questions:budget:budgetyear-otherpersonnel-other-requestedsalary:v1,semantic_question,applicant_budget,/properties/budget_year/items/properties/other_personnel/properties/other/items/properties/requested_salary,agent_proposed,True,False,,,,
RRBudget,question:budget:budgetyear-otherpersonnel-other-summermonths,urn:grants-form-kernel:questions:budget:budgetyear-otherpersonnel-other-summermonths:v1,semantic_question,applicant_budget,/properties/budget_year/items/properties/other_personnel/properties/other/items/properties/summer_months,agent_proposed,True,False,,,,
RRBudget,question:budget:budgetyear-otherpersonnel-postdocassociates-academicmonths,urn:grants-form-kernel:questions:budget:budgetyear-otherpersonnel-postdocassociates-academicmonths:v1,semantic_question,applicant_budget,/properties/budget_year/items/properties/other_personnel/properties/post_doc_associates/properties/academic_months,agent_proposed,True,False,,,,
RRBudget,question:budget:budgetyear-otherpersonnel-postdocassociates-calendarmonths,urn:grants-form-kernel:questions:budget:budgetyear-otherpersonnel-postdocassociates-calendarmonths:v1,semantic_question,applicant_budget,/properties/budget_year/items/properties/other_personnel/properties/post_doc_associates/properties/calendar_months,agent_proposed,True,False,,,,
RRBudget,question:budget:budgetyear-otherpersonnel-postdocassociates-fringebenefits,urn:grants-form-kernel:questions:budget:budgetyear-otherpersonnel-postdocassociates-fringebenefits:v1,semantic_question,applicant_budget,/properties/budget_year/items/properties/other_personnel/properties/post_doc_associates/properties/fringe_benefits,agent_proposed,True,False,,,,
RRBudget,question:budget:budgetyear-otherpersonnel-postdocassociates-numberofpersonnel,urn:grants-form-kernel:questions:budget:budgetyear-otherpersonnel-postdocassociates-numberofpersonnel:v1,semantic_question,applicant_budget,/properties/budget_year/items/properties/other_personnel/properties/post_doc_associates/properties/number_of_personnel,agent_proposed,True,False,,,,
RRBudget,question:budget:budgetyear-otherpersonnel-postdocassociates-projectrole,urn:grants-form-kernel:questions:budget:budgetyear-otherpersonnel-postdocassociates-projectrole:v1,semantic_question,applicant_budget,/properties/budget_year/items/properties/other_personnel/properties/post_doc_associates/properties/project_role,agent_proposed,True,False,,,,
RRBudget,question:budget:budgetyear-otherpersonnel-postdocassociates-requestedsalary,urn:grants-form-kernel:questions:budget:budgetyear-otherpersonnel-postdocassociates-requestedsalary:v1,semantic_question,applicant_budget,/properties/budget_year/items/properties/other_personnel/properties/post_doc_associates/properties/requested_salary,agent_proposed,True,False,,,,
RRBudget,question:budget:budgetyear-otherpersonnel-postdocassociates-summermonths,urn:grants-form-kernel:questions:budget:budgetyear-otherpersonnel-postdocassociates-summermonths:v1,semantic_question,applicant_budget,/properties/budget_year/items/properties/other_personnel/properties/post_doc_associates/properties/summer_months,agent_proposed,True,False,,,,
RRBudget,question:budget:budgetyear-otherpersonnel-secretarialclerical-academicmonths,urn:grants-form-kernel:questions:budget:budgetyear-otherpersonnel-secretarialclerical-academicmonths:v1,semantic_question,applicant_budget,/properties/budget_year/items/properties/other_personnel/properties/secretarial_clerical/properties/academic_months,agent_proposed,True,False,,,,
RRBudget,question:budget:budgetyear-otherpersonnel-secretarialclerical-calendarmonths,urn:grants-form-kernel:questions:budget:budgetyear-otherpersonnel-secretarialclerical-calendarmonths:v1,semantic_question,applicant_budget,/properties/budget_year/items/properties/other_personnel/properties/secretarial_clerical/properties/calendar_months,agent_proposed,True,False,,,,
RRBudget,question:budget:budgetyear-otherpersonnel-secretarialclerical-fringebenefits,urn:grants-form-kernel:questions:budget:budgetyear-otherpersonnel-secretarialclerical-fringebenefits:v1,semantic_question,applicant_budget,/properties/budget_year/items/properties/other_personnel/properties/secretarial_clerical/properties/fringe_benefits,agent_proposed,True,False,,,,
RRBudget,question:budget:budgetyear-otherpersonnel-secretarialclerical-numberofpersonnel,urn:grants-form-kernel:questions:budget:budgetyear-otherpersonnel-secretarialclerical-numberofpersonnel:v1,semantic_question,applicant_budget,/properties/budget_year/items/properties/other_personnel/properties/secretarial_clerical/properties/number_of_personnel,agent_proposed,True,False,,,,
RRBudget,question:budget:budgetyear-otherpersonnel-secretarialclerical-projectrole,urn:grants-form-kernel:questions:budget:budgetyear-otherpersonnel-secretarialclerical-projectrole:v1,semantic_question,applicant_budget,/properties/budget_year/items/properties/other_personnel/properties/secretarial_clerical/properties/project_role,agent_proposed,True,False,,,,
RRBudget,question:budget:budgetyear-otherpersonnel-secretarialclerical-requestedsalary,urn:grants-form-kernel:questions:budget:budgetyear-otherpersonnel-secretarialclerical-requestedsalary:v1,semantic_question,applicant_budget,/properties/budget_year/items/properties/other_personnel/properties/secretarial_clerical/properties/requested_salary,agent_proposed,True,False,,,,
RRBudget,question:budget:budgetyear-otherpersonnel-secretarialclerical-summermonths,urn:grants-form-kernel:questions:budget:budgetyear-otherpersonnel-secretarialclerical-summermonths:v1,semantic_question,applicant_budget,/properties/budget_year/items/properties/other_personnel/properties/secretarial_clerical/properties/summer_months,agent_proposed,True,False,,,,
RRBudget,question:budget:budgetyear-otherpersonnel-undergraduatestudents-academicmonths,urn:grants-form-kernel:questions:budget:budgetyear-otherpersonnel-undergraduatestudents-academicmonths:v1,semantic_question,applicant_budget,/properties/budget_year/items/properties/other_personnel/properties/undergraduate_students/properties/academic_months,agent_proposed,True,False,,,,
RRBudget,question:budget:budgetyear-otherpersonnel-undergraduatestudents-calendarmonths,urn:grants-form-kernel:questions:budget:budgetyear-otherpersonnel-undergraduatestudents-calendarmonths:v1,semantic_question,applicant_budget,/properties/budget_year/items/properties/other_personnel/properties/undergraduate_students/properties/calendar_months,agent_proposed,True,False,,,,
RRBudget,question:budget:budgetyear-otherpersonnel-undergraduatestudents-fringebenefits,urn:grants-form-kernel:questions:budget:budgetyear-otherpersonnel-undergraduatestudents-fringebenefits:v1,semantic_question,applicant_budget,/properties/budget_year/items/properties/other_personnel/properties/undergraduate_students/properties/fringe_benefits,agent_proposed,True,False,,,,
RRBudget,question:budget:budgetyear-otherpersonnel-undergraduatestudents-numberofpersonnel,urn:grants-form-kernel:questions:budget:budgetyear-otherpersonnel-undergraduatestudents-numberofpersonnel:v1,semantic_question,applicant_budget,/properties/budget_year/items/properties/other_personnel/properties/undergraduate_students/properties/number_of_personnel,agent_proposed,True,False,,,,
RRBudget,question:budget:budgetyear-otherpersonnel-undergraduatestudents-projectrole,urn:grants-form-kernel:questions:budget:budgetyear-otherpersonnel-undergraduatestudents-projectrole:v1,semantic_question,applicant_budget,/properties/budget_year/items/properties/other_personnel/properties/undergraduate_students/properties/project_role,agent_proposed,True,False,,,,
RRBudget,question:budget:budgetyear-otherpersonnel-undergraduatestudents-requestedsalary,urn:grants-form-kernel:questions:budget:budgetyear-otherpersonnel-undergraduatestudents-requestedsalary:v1,semantic_question,applicant_budget,/properties/budget_year/items/properties/other_personnel/properties/undergraduate_students/properties/requested_salary,agent_proposed,True,False,,,,
RRBudget,question:budget:budgetyear-otherpersonnel-undergraduatestudents-summermonths,urn:grants-form-kernel:questions:budget:budgetyear-otherpersonnel-undergraduatestudents-summermonths:v1,semantic_question,applicant_budget,/properties/budget_year/items/properties/other_personnel/properties/undergraduate_students/properties/summer_months,agent_proposed,True,False,,,,
RRBudget,question:budget:budgetyear-participanttraineesupportcosts-other-cost,urn:grants-form-kernel:questions:budget:budgetyear-participanttraineesupportcosts-other-cost:v1,semantic_question,applicant_budget,/properties/budget_year/items/properties/participant_trainee_support_costs/properties/other/properties/cost,agent_proposed,True,False,,,,
RRBudget,question:budget:budgetyear-participanttraineesupportcosts-other-description,urn:grants-form-kernel:questions:budget:budgetyear-participanttraineesupportcosts-other-description:v1,semantic_question,applicant_budget,/properties/budget_year/items/properties/participant_trainee_support_costs/properties/other/properties/description,agent_proposed,True,False,,,,
RRBudget,question:budget:budgetyear-participanttraineesupportcosts-participanttraineenumber,urn:grants-form-kernel:questions:budget:budgetyear-participanttraineesupportcosts-participanttraineenumber:v1,semantic_question,applicant_budget,/properties/budget_year/items/properties/participant_trainee_support_costs/properties/participant_trainee_number,agent_proposed,True,False,,,,
RRBudget,question:budget:budgetyear-participanttraineesupportcosts-stipends,urn:grants-form-kernel:questions:budget:budgetyear-participanttraineesupportcosts-stipends:v1,semantic_question,applicant_budget,/properties/budget_year/items/properties/participant_trainee_support_costs/properties/stipends,agent_proposed,True,False,,,,
RRBudget,question:budget:budgetyear-participanttraineesupportcosts-subsistence,urn:grants-form-kernel:questions:budget:budgetyear-participanttraineesupportcosts-subsistence:v1,semantic_question,applicant_budget,/properties/budget_year/items/properties/participant_trainee_support_costs/properties/subsistence,agent_proposed,True,False,,,,
RRBudget,question:budget:budgetyear-participanttraineesupportcosts-travel,urn:grants-form-kernel:questions:budget:budgetyear-participanttraineesupportcosts-travel:v1,semantic_question,applicant_budget,/properties/budget_year/items/properties/participant_trainee_support_costs/properties/travel,agent_proposed,True,False,,,,
RRBudget,question:budget:budgetyear-participanttraineesupportcosts-tuitionfeehealthinsurance,urn:grants-form-kernel:questions:budget:budgetyear-participanttraineesupportcosts-tuitionfeehealthinsurance:v1,semantic_question,applicant_budget,/properties/budget_year/items/properties/participant_trainee_support_costs/properties/tuition_fee_health_insurance,agent_proposed,True,False,,,,
RRBudget,question:budget:budgetyear-travel-domestictravelcost,urn:grants-form-kernel:questions:budget:budgetyear-travel-domestictravelcost:v1,semantic_question,applicant_budget,/properties/budget_year/items/properties/travel/properties/domestic_travel_cost,agent_proposed,True,False,,,,
RRBudget,question:budget:budgetyear-travel-foreigntravelcost,urn:grants-form-kernel:questions:budget:budgetyear-travel-foreigntravelcost:v1,semantic_question,applicant_budget,/properties/budget_year/items/properties/travel/properties/foreign_travel_cost,agent_proposed,True,False,,,,
RRBudget,question:organization:legal-name,urn:grants-form-kernel:questions:organization:legal-name:v1,semantic_question,applicant_organization,/properties/organization_name,agent_proposed,True,False,,,,
RRBudget,question:budget:samuei,urn:grants-form-kernel:questions:budget:samuei:v1,semantic_question,applicant_organization,/properties/samuei,agent_proposed,True,False,,,,
RRBudget10,question:budget:budgetjustificationattachment,urn:grants-form-kernel:questions:budget:budgetjustificationattachment:v1,semantic_question,applicant_budget,/properties/budget_justification_attachment,agent_proposed,True,False,,,,
RRBudget10,question:budget:budgettype,urn:grants-form-kernel:questions:budget:budgettype:v1,semantic_question,applicant_budget,/properties/budget_type,agent_proposed,True,False,,,,
RRBudget10,question:budget:budgetyear-budgetperiodenddate,urn:grants-form-kernel:questions:budget:budgetyear-budgetperiodenddate:v1,semantic_question,applicant_budget,/properties/budget_year/items/properties/budget_period_end_date,agent_proposed,True,False,,,,
RRBudget10,question:budget:budgetyear-budgetperiodstartdate,urn:grants-form-kernel:questions:budget:budgetyear-budgetperiodstartdate:v1,semantic_question,applicant_budget,/properties/budget_year/items/properties/budget_period_start_date,agent_proposed,True,False,,,,
RRBudget10,question:budget:budgetyear-cognizantfederalagency,urn:grants-form-kernel:questions:budget:budgetyear-cognizantfederalagency:v1,semantic_question,applicant_budget,/properties/budget_year/items/properties/cognizant_federal_agency,agent_proposed,True,False,,,,
RRBudget10,question:budget:budgetyear-equipment-additionalequipmentsattachment,urn:grants-form-kernel:questions:budget:budgetyear-equipment-additionalequipmentsattachment:v1,semantic_question,applicant_budget,/properties/budget_year/items/properties/equipment/properties/additional_equipments_attachment,agent_proposed,True,False,,,,
RRBudget10,question:budget:budgetyear-equipment-equipmentlist-equipmentitem,urn:grants-form-kernel:questions:budget:budgetyear-equipment-equipmentlist-equipmentitem:v1,semantic_question,applicant_budget,/properties/budget_year/items/properties/equipment/properties/equipment_list/items/properties/equipment_item,agent_proposed,True,False,,,,
RRBudget10,question:budget:budgetyear-equipment-equipmentlist-fundsrequested,urn:grants-form-kernel:questions:budget:budgetyear-equipment-equipmentlist-fundsrequested:v1,semantic_question,applicant_budget,/properties/budget_year/items/properties/equipment/properties/equipment_list/items/properties/funds_requested,agent_proposed,True,False,,,,
RRBudget10,question:budget:budgetyear-equipment-totalfundforattachedequipment,urn:grants-form-kernel:questions:budget:budgetyear-equipment-totalfundforattachedequipment:v1,semantic_question,applicant_budget,/properties/budget_year/items/properties/equipment/properties/total_fund_for_attached_equipment,agent_proposed,True,False,,,,
RRBudget10,question:budget:budgetyear-fee,urn:grants-form-kernel:questions:budget:budgetyear-fee:v1,semantic_question,applicant_budget,/properties/budget_year/items/properties/fee,agent_proposed,True,False,,,,
RRBudget10,question:budget:budgetyear-indirectcosts-indirectcost-base,urn:grants-form-kernel:questions:budget:budgetyear-indirectcosts-indirectcost-base:v1,semantic_question,applicant_budget,/properties/budget_year/items/properties/indirect_costs/properties/indirect_cost/items/properties/base,agent_proposed,True,False,,,,
RRBudget10,question:budget:budgetyear-indirectcosts-indirectcost-costtype,urn:grants-form-kernel:questions:budget:budgetyear-indirectcosts-indirectcost-costtype:v1,semantic_question,applicant_budget,/properties/budget_year/items/properties/indirect_costs/properties/indirect_cost/items/properties/cost_type,agent_proposed,True,False,,,,
RRBudget10,question:budget:budgetyear-indirectcosts-indirectcost-fundrequested,urn:grants-form-kernel:questions:budget:budgetyear-indirectcosts-indirectcost-fundrequested:v1,semantic_question,applicant_budget,/properties/budget_year/items/properties/indirect_costs/properties/indirect_cost/items/properties/fund_requested,agent_proposed,True,False,,,,
RRBudget10,question:budget:budgetyear-indirectcosts-indirectcost-rate,urn:grants-form-kernel:questions:budget:budgetyear-indirectcosts-indirectcost-rate:v1,semantic_question,applicant_budget,/properties/budget_year/items/properties/indirect_costs/properties/indirect_cost/items/properties/rate,agent_proposed,True,False,,,,
RRBudget10,question:budget:budgetyear-keypersons-attachedkeypersons,urn:grants-form-kernel:questions:budget:budgetyear-keypersons-attachedkeypersons:v1,semantic_question,applicant_budget,/properties/budget_year/items/properties/key_persons/properties/attached_key_persons,agent_proposed,True,False,,,,
RRBudget10,question:budget:budgetyear-keypersons-keyperson-academicmonths,urn:grants-form-kernel:questions:budget:budgetyear-keypersons-keyperson-academicmonths:v1,semantic_question,key_person,/properties/budget_year/items/properties/key_persons/properties/key_person/items/properties/academic_months,agent_proposed,True,False,,,,
RRBudget10,question:budget:budgetyear-keypersons-keyperson-basesalary,urn:grants-form-kernel:questions:budget:budgetyear-keypersons-keyperson-basesalary:v1,semantic_question,key_person,/properties/budget_year/items/properties/key_persons/properties/key_person/items/properties/base_salary,agent_proposed,True,False,,,,
RRBudget10,question:budget:budgetyear-keypersons-keyperson-calendarmonths,urn:grants-form-kernel:questions:budget:budgetyear-keypersons-keyperson-calendarmonths:v1,semantic_question,key_person,/properties/budget_year/items/properties/key_persons/properties/key_person/items/properties/calendar_months,agent_proposed,True,False,,,,
RRBudget10,question:budget:budgetyear-keypersons-keyperson-fringebenefits,urn:grants-form-kernel:questions:budget:budgetyear-keypersons-keyperson-fringebenefits:v1,semantic_question,key_person,/properties/budget_year/items/properties/key_persons/properties/key_person/items/properties/fringe_benefits,agent_proposed,True,False,,,,
RRBudget10,question:person:name:first,urn:grants-form-kernel:questions:person-name-first:v1,semantic_question,key_person,/properties/budget_year/items/properties/key_persons/properties/key_person/items/properties/name/properties/first_name,agent_proposed,True,False,,,,
RRBudget10,question:person:name:last,urn:grants-form-kernel:questions:person-name-last:v1,semantic_question,key_person,/properties/budget_year/items/properties/key_persons/properties/key_person/items/properties/name/properties/last_name,agent_proposed,True,False,,,,
RRBudget10,question:person:name:middle,urn:grants-form-kernel:questions:person-name-middle:v1,semantic_question,key_person,/properties/budget_year/items/properties/key_persons/properties/key_person/items/properties/name/properties/middle_name,agent_proposed,True,False,,,,
RRBudget10,question:person:name:prefix,urn:grants-form-kernel:questions:budget:budgetyear-keypersons-keyperson-name-prefixname:v1,semantic_question,key_person,/properties/budget_year/items/properties/key_persons/properties/key_person/items/properties/name/properties/prefix_name,agent_proposed,True,False,,,,
RRBudget10,question:person:name:suffix,urn:grants-form-kernel:questions:budget:budgetyear-keypersons-keyperson-name-suffixname:v1,semantic_question,key_person,/properties/budget_year/items/properties/key_persons/properties/key_person/items/properties/name/properties/suffix_name,agent_proposed,True,False,,,,
RRBudget10,question:budget:budgetyear-keypersons-keyperson-projectrole,urn:grants-form-kernel:questions:budget:budgetyear-keypersons-keyperson-projectrole:v1,semantic_question,key_person,/properties/budget_year/items/properties/key_persons/properties/key_person/items/properties/project_role,agent_proposed,True,False,,,,
RRBudget10,question:budget:budgetyear-keypersons-keyperson-requestedsalary,urn:grants-form-kernel:questions:budget:budgetyear-keypersons-keyperson-requestedsalary:v1,semantic_question,key_person,/properties/budget_year/items/properties/key_persons/properties/key_person/items/properties/requested_salary,agent_proposed,True,False,,,,
RRBudget10,question:budget:budgetyear-keypersons-keyperson-summermonths,urn:grants-form-kernel:questions:budget:budgetyear-keypersons-keyperson-summermonths:v1,semantic_question,key_person,/properties/budget_year/items/properties/key_persons/properties/key_person/items/properties/summer_months,agent_proposed,True,False,,,,
RRBudget10,question:budget:budgetyear-keypersons-totalfundforattachedkeypersons,urn:grants-form-kernel:questions:budget:budgetyear-keypersons-totalfundforattachedkeypersons:v1,semantic_question,applicant_budget,/properties/budget_year/items/properties/key_persons/properties/total_fund_for_attached_key_persons,agent_proposed,True,False,,,,
RRBudget10,question:budget:budgetyear-otherdirectcosts-adpcomputerservices,urn:grants-form-kernel:questions:budget:budgetyear-otherdirectcosts-adpcomputerservices:v1,semantic_question,applicant_budget,/properties/budget_year/items/properties/other_direct_costs/properties/adp_computer_services,agent_proposed,True,False,,,,
RRBudget10,question:budget:budgetyear-otherdirectcosts-alterationsrenovations,urn:grants-form-kernel:questions:budget:budgetyear-otherdirectcosts-alterationsrenovations:v1,semantic_question,applicant_budget,/properties/budget_year/items/properties/other_direct_costs/properties/alterations_renovations,agent_proposed,True,False,,,,
RRBudget10,question:budget:budgetyear-otherdirectcosts-consultantservices,urn:grants-form-kernel:questions:budget:budgetyear-otherdirectcosts-consultantservices:v1,semantic_question,applicant_budget,/properties/budget_year/items/properties/other_direct_costs/properties/consultant_services,agent_proposed,True,False,,,,
RRBudget10,question:budget:budgetyear-otherdirectcosts-equipmentrentalfee,urn:grants-form-kernel:questions:budget:budgetyear-otherdirectcosts-equipmentrentalfee:v1,semantic_question,applicant_budget,/properties/budget_year/items/properties/other_direct_costs/properties/equipment_rental_fee,agent_proposed,True,False,,,,
RRBudget10,question:budget:budgetyear-otherdirectcosts-materialssupplies,urn:grants-form-kernel:questions:budget:budgetyear-otherdirectcosts-materialssupplies:v1,semantic_question,applicant_budget,/properties/budget_year/items/properties/other_direct_costs/properties/materials_supplies,agent_proposed,True,False,,,,
RRBudget10,question:budget:budgetyear-otherdirectcosts-otherdirectcost1-cost,urn:grants-form-kernel:questions:budget:budgetyear-otherdirectcosts-otherdirectcost1-cost:v1,semantic_question,applicant_budget,/properties/budget_year/items/properties/other_direct_costs/properties/other_direct_cost_1/properties/cost,agent_proposed,True,False,,,,
RRBudget10,question:budget:budgetyear-otherdirectcosts-otherdirectcost1-description,urn:grants-form-kernel:questions:budget:budgetyear-otherdirectcosts-otherdirectcost1-description:v1,semantic_question,applicant_budget,/properties/budget_year/items/properties/other_direct_costs/properties/other_direct_cost_1/properties/description,agent_proposed,True,False,,,,
RRBudget10,question:budget:budgetyear-otherdirectcosts-otherdirectcost10-cost,urn:grants-form-kernel:questions:budget:budgetyear-otherdirectcosts-otherdirectcost10-cost:v1,semantic_question,applicant_budget,/properties/budget_year/items/properties/other_direct_costs/properties/other_direct_cost_10/properties/cost,agent_proposed,True,False,,,,
RRBudget10,question:budget:budgetyear-otherdirectcosts-otherdirectcost10-description,urn:grants-form-kernel:questions:budget:budgetyear-otherdirectcosts-otherdirectcost10-description:v1,semantic_question,applicant_budget,/properties/budget_year/items/properties/other_direct_costs/properties/other_direct_cost_10/properties/description,agent_proposed,True,False,,,,
RRBudget10,question:budget:budgetyear-otherdirectcosts-otherdirectcost2-cost,urn:grants-form-kernel:questions:budget:budgetyear-otherdirectcosts-otherdirectcost2-cost:v1,semantic_question,applicant_budget,/properties/budget_year/items/properties/other_direct_costs/properties/other_direct_cost_2/properties/cost,agent_proposed,True,False,,,,
RRBudget10,question:budget:budgetyear-otherdirectcosts-otherdirectcost2-description,urn:grants-form-kernel:questions:budget:budgetyear-otherdirectcosts-otherdirectcost2-description:v1,semantic_question,applicant_budget,/properties/budget_year/items/properties/other_direct_costs/properties/other_direct_cost_2/properties/description,agent_proposed,True,False,,,,
RRBudget10,question:budget:budgetyear-otherdirectcosts-otherdirectcost3-cost,urn:grants-form-kernel:questions:budget:budgetyear-otherdirectcosts-otherdirectcost3-cost:v1,semantic_question,applicant_budget,/properties/budget_year/items/properties/other_direct_costs/properties/other_direct_cost_3/properties/cost,agent_proposed,True,False,,,,
RRBudget10,question:budget:budgetyear-otherdirectcosts-otherdirectcost3-description,urn:grants-form-kernel:questions:budget:budgetyear-otherdirectcosts-otherdirectcost3-description:v1,semantic_question,applicant_budget,/properties/budget_year/items/properties/other_direct_costs/properties/other_direct_cost_3/properties/description,agent_proposed,True,False,,,,
RRBudget10,question:budget:budgetyear-otherdirectcosts-otherdirectcost4-cost,urn:grants-form-kernel:questions:budget:budgetyear-otherdirectcosts-otherdirectcost4-cost:v1,semantic_question,applicant_budget,/properties/budget_year/items/properties/other_direct_costs/properties/other_direct_cost_4/properties/cost,agent_proposed,True,False,,,,
RRBudget10,question:budget:budgetyear-otherdirectcosts-otherdirectcost4-description,urn:grants-form-kernel:questions:budget:budgetyear-otherdirectcosts-otherdirectcost4-description:v1,semantic_question,applicant_budget,/properties/budget_year/items/properties/other_direct_costs/properties/other_direct_cost_4/properties/description,agent_proposed,True,False,,,,
RRBudget10,question:budget:budgetyear-otherdirectcosts-otherdirectcost5-cost,urn:grants-form-kernel:questions:budget:budgetyear-otherdirectcosts-otherdirectcost5-cost:v1,semantic_question,applicant_budget,/properties/budget_year/items/properties/other_direct_costs/properties/other_direct_cost_5/properties/cost,agent_proposed,True,False,,,,
RRBudget10,question:budget:budgetyear-otherdirectcosts-otherdirectcost5-description,urn:grants-form-kernel:questions:budget:budgetyear-otherdirectcosts-otherdirectcost5-description:v1,semantic_question,applicant_budget,/properties/budget_year/items/properties/other_direct_costs/properties/other_direct_cost_5/properties/description,agent_proposed,True,False,,,,
RRBudget10,question:budget:budgetyear-otherdirectcosts-otherdirectcost6-cost,urn:grants-form-kernel:questions:budget:budgetyear-otherdirectcosts-otherdirectcost6-cost:v1,semantic_question,applicant_budget,/properties/budget_year/items/properties/other_direct_costs/properties/other_direct_cost_6/properties/cost,agent_proposed,True,False,,,,
RRBudget10,question:budget:budgetyear-otherdirectcosts-otherdirectcost6-description,urn:grants-form-kernel:questions:budget:budgetyear-otherdirectcosts-otherdirectcost6-description:v1,semantic_question,applicant_budget,/properties/budget_year/items/properties/other_direct_costs/properties/other_direct_cost_6/properties/description,agent_proposed,True,False,,,,
RRBudget10,question:budget:budgetyear-otherdirectcosts-otherdirectcost7-cost,urn:grants-form-kernel:questions:budget:budgetyear-otherdirectcosts-otherdirectcost7-cost:v1,semantic_question,applicant_budget,/properties/budget_year/items/properties/other_direct_costs/properties/other_direct_cost_7/properties/cost,agent_proposed,True,False,,,,
RRBudget10,question:budget:budgetyear-otherdirectcosts-otherdirectcost7-description,urn:grants-form-kernel:questions:budget:budgetyear-otherdirectcosts-otherdirectcost7-description:v1,semantic_question,applicant_budget,/properties/budget_year/items/properties/other_direct_costs/properties/other_direct_cost_7/properties/description,agent_proposed,True,False,,,,
RRBudget10,question:budget:budgetyear-otherdirectcosts-otherdirectcost8-cost,urn:grants-form-kernel:questions:budget:budgetyear-otherdirectcosts-otherdirectcost8-cost:v1,semantic_question,applicant_budget,/properties/budget_year/items/properties/other_direct_costs/properties/other_direct_cost_8/properties/cost,agent_proposed,True,False,,,,
RRBudget10,question:budget:budgetyear-otherdirectcosts-otherdirectcost8-description,urn:grants-form-kernel:questions:budget:budgetyear-otherdirectcosts-otherdirectcost8-description:v1,semantic_question,applicant_budget,/properties/budget_year/items/properties/other_direct_costs/properties/other_direct_cost_8/properties/description,agent_proposed,True,False,,,,
RRBudget10,question:budget:budgetyear-otherdirectcosts-otherdirectcost9-cost,urn:grants-form-kernel:questions:budget:budgetyear-otherdirectcosts-otherdirectcost9-cost:v1,semantic_question,applicant_budget,/properties/budget_year/items/properties/other_direct_costs/properties/other_direct_cost_9/properties/cost,agent_proposed,True,False,,,,
RRBudget10,question:budget:budgetyear-otherdirectcosts-otherdirectcost9-description,urn:grants-form-kernel:questions:budget:budgetyear-otherdirectcosts-otherdirectcost9-description:v1,semantic_question,applicant_budget,/properties/budget_year/items/properties/other_direct_costs/properties/other_direct_cost_9/properties/description,agent_proposed,True,False,,,,
RRBudget10,question:budget:budgetyear-otherdirectcosts-publicationcosts,urn:grants-form-kernel:questions:budget:budgetyear-otherdirectcosts-publicationcosts:v1,semantic_question,applicant_budget,/properties/budget_year/items/properties/other_direct_costs/properties/publication_costs,agent_proposed,True,False,,,,
RRBudget10,question:budget:budgetyear-otherdirectcosts-subawardconsortiumcontractualcosts,urn:grants-form-kernel:questions:budget:budgetyear-otherdirectcosts-subawardconsortiumcontractualcosts:v1,semantic_question,applicant_budget,/properties/budget_year/items/properties/other_direct_costs/properties/subaward_consortium_contractual_costs,agent_proposed,True,False,,,,
RRBudget10,question:budget:budgetyear-otherpersonnel-graduatestudents-academicmonths,urn:grants-form-kernel:questions:budget:budgetyear-otherpersonnel-graduatestudents-academicmonths:v1,semantic_question,applicant_budget,/properties/budget_year/items/properties/other_personnel/properties/graduate_students/properties/academic_months,agent_proposed,True,False,,,,
RRBudget10,question:budget:budgetyear-otherpersonnel-graduatestudents-calendarmonths,urn:grants-form-kernel:questions:budget:budgetyear-otherpersonnel-graduatestudents-calendarmonths:v1,semantic_question,applicant_budget,/properties/budget_year/items/properties/other_personnel/properties/graduate_students/properties/calendar_months,agent_proposed,True,False,,,,
RRBudget10,question:budget:budgetyear-otherpersonnel-graduatestudents-fringebenefits,urn:grants-form-kernel:questions:budget:budgetyear-otherpersonnel-graduatestudents-fringebenefits:v1,semantic_question,applicant_budget,/properties/budget_year/items/properties/other_personnel/properties/graduate_students/properties/fringe_benefits,agent_proposed,True,False,,,,
RRBudget10,question:budget:budgetyear-otherpersonnel-graduatestudents-numberofpersonnel,urn:grants-form-kernel:questions:budget:budgetyear-otherpersonnel-graduatestudents-numberofpersonnel:v1,semantic_question,applicant_budget,/properties/budget_year/items/properties/other_personnel/properties/graduate_students/properties/number_of_personnel,agent_proposed,True,False,,,,
RRBudget10,question:budget:budgetyear-otherpersonnel-graduatestudents-projectrole,urn:grants-form-kernel:questions:budget:budgetyear-otherpersonnel-graduatestudents-projectrole:v1,semantic_question,applicant_budget,/properties/budget_year/items/properties/other_personnel/properties/graduate_students/properties/project_role,agent_proposed,True,False,,,,
RRBudget10,question:budget:budgetyear-otherpersonnel-graduatestudents-requestedsalary,urn:grants-form-kernel:questions:budget:budgetyear-otherpersonnel-graduatestudents-requestedsalary:v1,semantic_question,applicant_budget,/properties/budget_year/items/properties/other_personnel/properties/graduate_students/properties/requested_salary,agent_proposed,True,False,,,,
RRBudget10,question:budget:budgetyear-otherpersonnel-graduatestudents-summermonths,urn:grants-form-kernel:questions:budget:budgetyear-otherpersonnel-graduatestudents-summermonths:v1,semantic_question,applicant_budget,/properties/budget_year/items/properties/other_personnel/properties/graduate_students/properties/summer_months,agent_proposed,True,False,,,,
RRBudget10,question:budget:budgetyear-otherpersonnel-other-academicmonths,urn:grants-form-kernel:questions:budget:budgetyear-otherpersonnel-other-academicmonths:v1,semantic_question,applicant_budget,/properties/budget_year/items/properties/other_personnel/properties/other/items/properties/academic_months,agent_proposed,True,False,,,,
RRBudget10,question:budget:budgetyear-otherpersonnel-other-calendarmonths,urn:grants-form-kernel:questions:budget:budgetyear-otherpersonnel-other-calendarmonths:v1,semantic_question,applicant_budget,/properties/budget_year/items/properties/other_personnel/properties/other/items/properties/calendar_months,agent_proposed,True,False,,,,
RRBudget10,question:budget:budgetyear-otherpersonnel-other-fringebenefits,urn:grants-form-kernel:questions:budget:budgetyear-otherpersonnel-other-fringebenefits:v1,semantic_question,applicant_budget,/properties/budget_year/items/properties/other_personnel/properties/other/items/properties/fringe_benefits,agent_proposed,True,False,,,,
RRBudget10,question:budget:budgetyear-otherpersonnel-other-numberofpersonnel,urn:grants-form-kernel:questions:budget:budgetyear-otherpersonnel-other-numberofpersonnel:v1,semantic_question,applicant_budget,/properties/budget_year/items/properties/other_personnel/properties/other/items/properties/number_of_personnel,agent_proposed,True,False,,,,
RRBudget10,question:budget:budgetyear-otherpersonnel-other-projectrole,urn:grants-form-kernel:questions:budget:budgetyear-otherpersonnel-other-projectrole:v1,semantic_question,applicant_budget,/properties/budget_year/items/properties/other_personnel/properties/other/items/properties/project_role,agent_proposed,True,False,,,,
RRBudget10,question:budget:budgetyear-otherpersonnel-other-requestedsalary,urn:grants-form-kernel:questions:budget:budgetyear-otherpersonnel-other-requestedsalary:v1,semantic_question,applicant_budget,/properties/budget_year/items/properties/other_personnel/properties/other/items/properties/requested_salary,agent_proposed,True,False,,,,
RRBudget10,question:budget:budgetyear-otherpersonnel-other-summermonths,urn:grants-form-kernel:questions:budget:budgetyear-otherpersonnel-other-summermonths:v1,semantic_question,applicant_budget,/properties/budget_year/items/properties/other_personnel/properties/other/items/properties/summer_months,agent_proposed,True,False,,,,
RRBudget10,question:budget:budgetyear-otherpersonnel-postdocassociates-academicmonths,urn:grants-form-kernel:questions:budget:budgetyear-otherpersonnel-postdocassociates-academicmonths:v1,semantic_question,applicant_budget,/properties/budget_year/items/properties/other_personnel/properties/post_doc_associates/properties/academic_months,agent_proposed,True,False,,,,
RRBudget10,question:budget:budgetyear-otherpersonnel-postdocassociates-calendarmonths,urn:grants-form-kernel:questions:budget:budgetyear-otherpersonnel-postdocassociates-calendarmonths:v1,semantic_question,applicant_budget,/properties/budget_year/items/properties/other_personnel/properties/post_doc_associates/properties/calendar_months,agent_proposed,True,False,,,,
RRBudget10,question:budget:budgetyear-otherpersonnel-postdocassociates-fringebenefits,urn:grants-form-kernel:questions:budget:budgetyear-otherpersonnel-postdocassociates-fringebenefits:v1,semantic_question,applicant_budget,/properties/budget_year/items/properties/other_personnel/properties/post_doc_associates/properties/fringe_benefits,agent_proposed,True,False,,,,
RRBudget10,question:budget:budgetyear-otherpersonnel-postdocassociates-numberofpersonnel,urn:grants-form-kernel:questions:budget:budgetyear-otherpersonnel-postdocassociates-numberofpersonnel:v1,semantic_question,applicant_budget,/properties/budget_year/items/properties/other_personnel/properties/post_doc_associates/properties/number_of_personnel,agent_proposed,True,False,,,,
RRBudget10,question:budget:budgetyear-otherpersonnel-postdocassociates-projectrole,urn:grants-form-kernel:questions:budget:budgetyear-otherpersonnel-postdocassociates-projectrole:v1,semantic_question,applicant_budget,/properties/budget_year/items/properties/other_personnel/properties/post_doc_associates/properties/project_role,agent_proposed,True,False,,,,
RRBudget10,question:budget:budgetyear-otherpersonnel-postdocassociates-requestedsalary,urn:grants-form-kernel:questions:budget:budgetyear-otherpersonnel-postdocassociates-requestedsalary:v1,semantic_question,applicant_budget,/properties/budget_year/items/properties/other_personnel/properties/post_doc_associates/properties/requested_salary,agent_proposed,True,False,,,,
RRBudget10,question:budget:budgetyear-otherpersonnel-postdocassociates-summermonths,urn:grants-form-kernel:questions:budget:budgetyear-otherpersonnel-postdocassociates-summermonths:v1,semantic_question,applicant_budget,/properties/budget_year/items/properties/other_personnel/properties/post_doc_associates/properties/summer_months,agent_proposed,True,False,,,,
RRBudget10,question:budget:budgetyear-otherpersonnel-secretarialclerical-academicmonths,urn:grants-form-kernel:questions:budget:budgetyear-otherpersonnel-secretarialclerical-academicmonths:v1,semantic_question,applicant_budget,/properties/budget_year/items/properties/other_personnel/properties/secretarial_clerical/properties/academic_months,agent_proposed,True,False,,,,
RRBudget10,question:budget:budgetyear-otherpersonnel-secretarialclerical-calendarmonths,urn:grants-form-kernel:questions:budget:budgetyear-otherpersonnel-secretarialclerical-calendarmonths:v1,semantic_question,applicant_budget,/properties/budget_year/items/properties/other_personnel/properties/secretarial_clerical/properties/calendar_months,agent_proposed,True,False,,,,
RRBudget10,question:budget:budgetyear-otherpersonnel-secretarialclerical-fringebenefits,urn:grants-form-kernel:questions:budget:budgetyear-otherpersonnel-secretarialclerical-fringebenefits:v1,semantic_question,applicant_budget,/properties/budget_year/items/properties/other_personnel/properties/secretarial_clerical/properties/fringe_benefits,agent_proposed,True,False,,,,
RRBudget10,question:budget:budgetyear-otherpersonnel-secretarialclerical-numberofpersonnel,urn:grants-form-kernel:questions:budget:budgetyear-otherpersonnel-secretarialclerical-numberofpersonnel:v1,semantic_question,applicant_budget,/properties/budget_year/items/properties/other_personnel/properties/secretarial_clerical/properties/number_of_personnel,agent_proposed,True,False,,,,
RRBudget10,question:budget:budgetyear-otherpersonnel-secretarialclerical-projectrole,urn:grants-form-kernel:questions:budget:budgetyear-otherpersonnel-secretarialclerical-projectrole:v1,semantic_question,applicant_budget,/properties/budget_year/items/properties/other_personnel/properties/secretarial_clerical/properties/project_role,agent_proposed,True,False,,,,
RRBudget10,question:budget:budgetyear-otherpersonnel-secretarialclerical-requestedsalary,urn:grants-form-kernel:questions:budget:budgetyear-otherpersonnel-secretarialclerical-requestedsalary:v1,semantic_question,applicant_budget,/properties/budget_year/items/properties/other_personnel/properties/secretarial_clerical/properties/requested_salary,agent_proposed,True,False,,,,
RRBudget10,question:budget:budgetyear-otherpersonnel-secretarialclerical-summermonths,urn:grants-form-kernel:questions:budget:budgetyear-otherpersonnel-secretarialclerical-summermonths:v1,semantic_question,applicant_budget,/properties/budget_year/items/properties/other_personnel/properties/secretarial_clerical/properties/summer_months,agent_proposed,True,False,,,,
RRBudget10,question:budget:budgetyear-otherpersonnel-undergraduatestudents-academicmonths,urn:grants-form-kernel:questions:budget:budgetyear-otherpersonnel-undergraduatestudents-academicmonths:v1,semantic_question,applicant_budget,/properties/budget_year/items/properties/other_personnel/properties/undergraduate_students/properties/academic_months,agent_proposed,True,False,,,,
RRBudget10,question:budget:budgetyear-otherpersonnel-undergraduatestudents-calendarmonths,urn:grants-form-kernel:questions:budget:budgetyear-otherpersonnel-undergraduatestudents-calendarmonths:v1,semantic_question,applicant_budget,/properties/budget_year/items/properties/other_personnel/properties/undergraduate_students/properties/calendar_months,agent_proposed,True,False,,,,
RRBudget10,question:budget:budgetyear-otherpersonnel-undergraduatestudents-fringebenefits,urn:grants-form-kernel:questions:budget:budgetyear-otherpersonnel-undergraduatestudents-fringebenefits:v1,semantic_question,applicant_budget,/properties/budget_year/items/properties/other_personnel/properties/undergraduate_students/properties/fringe_benefits,agent_proposed,True,False,,,,
RRBudget10,question:budget:budgetyear-otherpersonnel-undergraduatestudents-numberofpersonnel,urn:grants-form-kernel:questions:budget:budgetyear-otherpersonnel-undergraduatestudents-numberofpersonnel:v1,semantic_question,applicant_budget,/properties/budget_year/items/properties/other_personnel/properties/undergraduate_students/properties/number_of_personnel,agent_proposed,True,False,,,,
RRBudget10,question:budget:budgetyear-otherpersonnel-undergraduatestudents-projectrole,urn:grants-form-kernel:questions:budget:budgetyear-otherpersonnel-undergraduatestudents-projectrole:v1,semantic_question,applicant_budget,/properties/budget_year/items/properties/other_personnel/properties/undergraduate_students/properties/project_role,agent_proposed,True,False,,,,
RRBudget10,question:budget:budgetyear-otherpersonnel-undergraduatestudents-requestedsalary,urn:grants-form-kernel:questions:budget:budgetyear-otherpersonnel-undergraduatestudents-requestedsalary:v1,semantic_question,applicant_budget,/properties/budget_year/items/properties/other_personnel/properties/undergraduate_students/properties/requested_salary,agent_proposed,True,False,,,,
RRBudget10,question:budget:budgetyear-otherpersonnel-undergraduatestudents-summermonths,urn:grants-form-kernel:questions:budget:budgetyear-otherpersonnel-undergraduatestudents-summermonths:v1,semantic_question,applicant_budget,/properties/budget_year/items/properties/other_personnel/properties/undergraduate_students/properties/summer_months,agent_proposed,True,False,,,,
RRBudget10,question:budget:budgetyear-participanttraineesupportcosts-other-cost,urn:grants-form-kernel:questions:budget:budgetyear-participanttraineesupportcosts-other-cost:v1,semantic_question,applicant_budget,/properties/budget_year/items/properties/participant_trainee_support_costs/properties/other/properties/cost,agent_proposed,True,False,,,,
RRBudget10,question:budget:budgetyear-participanttraineesupportcosts-other-description,urn:grants-form-kernel:questions:budget:budgetyear-participanttraineesupportcosts-other-description:v1,semantic_question,applicant_budget,/properties/budget_year/items/properties/participant_trainee_support_costs/properties/other/properties/description,agent_proposed,True,False,,,,
RRBudget10,question:budget:budgetyear-participanttraineesupportcosts-participanttraineenumber,urn:grants-form-kernel:questions:budget:budgetyear-participanttraineesupportcosts-participanttraineenumber:v1,semantic_question,applicant_budget,/properties/budget_year/items/properties/participant_trainee_support_costs/properties/participant_trainee_number,agent_proposed,True,False,,,,
RRBudget10,question:budget:budgetyear-participanttraineesupportcosts-stipends,urn:grants-form-kernel:questions:budget:budgetyear-participanttraineesupportcosts-stipends:v1,semantic_question,applicant_budget,/properties/budget_year/items/properties/participant_trainee_support_costs/properties/stipends,agent_proposed,True,False,,,,
RRBudget10,question:budget:budgetyear-participanttraineesupportcosts-subsistence,urn:grants-form-kernel:questions:budget:budgetyear-participanttraineesupportcosts-subsistence:v1,semantic_question,applicant_budget,/properties/budget_year/items/properties/participant_trainee_support_costs/properties/subsistence,agent_proposed,True,False,,,,
RRBudget10,question:budget:budgetyear-participanttraineesupportcosts-travel,urn:grants-form-kernel:questions:budget:budgetyear-participanttraineesupportcosts-travel:v1,semantic_question,applicant_budget,/properties/budget_year/items/properties/participant_trainee_support_costs/properties/travel,agent_proposed,True,False,,,,
RRBudget10,question:budget:budgetyear-participanttraineesupportcosts-tuitionfeehealthinsurance,urn:grants-form-kernel:questions:budget:budgetyear-participanttraineesupportcosts-tuitionfeehealthinsurance:v1,semantic_question,applicant_budget,/properties/budget_year/items/properties/participant_trainee_support_costs/properties/tuition_fee_health_insurance,agent_proposed,True,False,,,,
RRBudget10,question:budget:budgetyear-travel-domestictravelcost,urn:grants-form-kernel:questions:budget:budgetyear-travel-domestictravelcost:v1,semantic_question,applicant_budget,/properties/budget_year/items/properties/travel/properties/domestic_travel_cost,agent_proposed,True,False,,,,
RRBudget10,question:budget:budgetyear-travel-foreigntravelcost,urn:grants-form-kernel:questions:budget:budgetyear-travel-foreigntravelcost:v1,semantic_question,applicant_budget,/properties/budget_year/items/properties/travel/properties/foreign_travel_cost,agent_proposed,True,False,,,,
RRBudget10,question:organization:legal-name,urn:grants-form-kernel:questions:organization:legal-name:v1,semantic_question,applicant_organization,/properties/organization_name,agent_proposed,True,False,,,,
RRBudget10,question:budget:samuei,urn:grants-form-kernel:questions:budget:samuei:v1,semantic_question,applicant_organization,/properties/samuei,agent_proposed,True,False,,,,
RRMPBudget,question:budget:budgetjustificationattachment,urn:grants-form-kernel:questions:budget:budgetjustificationattachment:rr-mp:v1,semantic_question,multi_project_applicant_budget,/properties/budget_justification_attachment,agent_proposed,True,False,,,,
RRMPBudget,question:budget:budgettype,urn:grants-form-kernel:questions:budget:budgettype:v1,semantic_question,multi_project_applicant_budget,/properties/budget_type,agent_proposed,True,False,,,,
RRMPBudget,question:budget:budgetyear-budgetperiodenddate,urn:grants-form-kernel:questions:budget:budgetyear-budgetperiodenddate:v1,semantic_question,multi_project_applicant_budget,/properties/budget_year/items/properties/budget_period_end_date,agent_proposed,True,False,,,,
RRMPBudget,question:budget:budgetyear-budgetperiodstartdate,urn:grants-form-kernel:questions:budget:budgetyear-budgetperiodstartdate:v1,semantic_question,multi_project_applicant_budget,/properties/budget_year/items/properties/budget_period_start_date,agent_proposed,True,False,,,,
RRMPBudget,question:budget:budgetyear-cognizantfederalagency,urn:grants-form-kernel:questions:budget:budgetyear-cognizantfederalagency:v1,semantic_question,multi_project_applicant_budget,/properties/budget_year/items/properties/cognizant_federal_agency,agent_proposed,True,False,,,,
RRMPBudget,question:budget:budgetyear-equipment-additionalequipmentsattachment,urn:grants-form-kernel:questions:budget:budgetyear-equipment-additionalequipmentsattachment:rr-mp:v1,semantic_question,multi_project_applicant_budget,/properties/budget_year/items/properties/equipment/properties/additional_equipments_attachment,agent_proposed,True,False,,,,
RRMPBudget,question:budget:budgetyear-equipment-equipmentlist-equipmentitem,urn:grants-form-kernel:questions:budget:budgetyear-equipment-equipmentlist-equipmentitem:v1,semantic_question,multi_project_applicant_budget,/properties/budget_year/items/properties/equipment/properties/equipment_list/items/properties/equipment_item,agent_proposed,True,False,,,,
RRMPBudget,question:budget:budgetyear-equipment-equipmentlist-fundsrequested,urn:grants-form-kernel:questions:budget:budgetyear-equipment-equipmentlist-fundsrequested:v1,semantic_question,multi_project_applicant_budget,/properties/budget_year/items/properties/equipment/properties/equipment_list/items/properties/funds_requested,agent_proposed,True,False,,,,
RRMPBudget,question:budget:budgetyear-equipment-totalfundforattachedequipment,urn:grants-form-kernel:questions:budget:budgetyear-equipment-totalfundforattachedequipment:v1,semantic_question,multi_project_applicant_budget,/properties/budget_year/items/properties/equipment/properties/total_fund_for_attached_equipment,agent_proposed,True,False,,,,
RRMPBudget,question:budget:budgetyear-fee,urn:grants-form-kernel:questions:budget:budgetyear-fee:rr-mp:v1,semantic_question,multi_project_applicant_budget,/properties/budget_year/items/properties/fee,agent_proposed,True,False,,,,
RRMPBudget,question:budget:budgetyear-indirectcosts-indirectcost-base,urn:grants-form-kernel:questions:budget:budgetyear-indirectcosts-indirectcost-base:v1,semantic_question,multi_project_applicant_budget,/properties/budget_year/items/properties/indirect_costs/properties/indirect_cost/items/properties/base,agent_proposed,True,False,,,,
RRMPBudget,question:budget:budgetyear-indirectcosts-indirectcost-costtype,urn:grants-form-kernel:questions:budget:budgetyear-indirectcosts-indirectcost-costtype:v1,semantic_question,multi_project_applicant_budget,/properties/budget_year/items/properties/indirect_costs/properties/indirect_cost/items/properties/cost_type,agent_proposed,True,False,,,,
RRMPBudget,question:budget:budgetyear-indirectcosts-indirectcost-fundrequested,urn:grants-form-kernel:questions:budget:budgetyear-indirectcosts-indirectcost-fundrequested:v1,semantic_question,multi_project_applicant_budget,/properties/budget_year/items/properties/indirect_costs/properties/indirect_cost/items/properties/fund_requested,agent_proposed,True,False,,,,
RRMPBudget,question:budget:budgetyear-indirectcosts-indirectcost-rate,urn:grants-form-kernel:questions:budget:budgetyear-indirectcosts-indirectcost-rate:rr-mp:v1,semantic_question,multi_project_applicant_budget,/properties/budget_year/items/properties/indirect_costs/properties/indirect_cost/items/properties/rate,agent_proposed,True,False,,,,
RRMPBudget,question:budget:budgetyear-keypersons-attachedkeypersons,urn:grants-form-kernel:questions:budget:budgetyear-keypersons-attachedkeypersons:rr-mp:v1,semantic_question,multi_project_applicant_budget,/properties/budget_year/items/properties/key_persons/properties/attached_key_persons,agent_proposed,True,False,,,,
RRMPBudget,question:budget:budgetyear-keypersons-keyperson-academicmonths,urn:grants-form-kernel:questions:budget:budgetyear-keypersons-keyperson-academicmonths:v1,semantic_question,multi_project_key_person,/properties/budget_year/items/properties/key_persons/properties/key_person/items/properties/academic_months,agent_proposed,True,False,,,,
RRMPBudget,question:budget:budgetyear-keypersons-keyperson-basesalary,urn:grants-form-kernel:questions:budget:budgetyear-keypersons-keyperson-basesalary:v1,semantic_question,multi_project_key_person,/properties/budget_year/items/properties/key_persons/properties/key_person/items/properties/base_salary,agent_proposed,True,False,,,,
RRMPBudget,question:budget:budgetyear-keypersons-keyperson-calendarmonths,urn:grants-form-kernel:questions:budget:budgetyear-keypersons-keyperson-calendarmonths:v1,semantic_question,multi_project_key_person,/properties/budget_year/items/properties/key_persons/properties/key_person/items/properties/calendar_months,agent_proposed,True,False,,,,
RRMPBudget,question:budget:budgetyear-keypersons-keyperson-fringebenefits,urn:grants-form-kernel:questions:budget:budgetyear-keypersons-keyperson-fringebenefits:v1,semantic_question,multi_project_key_person,/properties/budget_year/items/properties/key_persons/properties/key_person/items/properties/fringe_benefits,agent_proposed,True,False,,,,
RRMPBudget,question:person:name:first,urn:grants-form-kernel:questions:person-name-first:v1,semantic_question,multi_project_key_person,/properties/budget_year/items/properties/key_persons/properties/key_person/items/properties/name/properties/first_name,agent_proposed,True,False,,,,
RRMPBudget,question:person:name:last,urn:grants-form-kernel:questions:person-name-last:v1,semantic_question,multi_project_key_person,/properties/budget_year/items/properties/key_persons/properties/key_person/items/properties/name/properties/last_name,agent_proposed,True,False,,,,
RRMPBudget,question:person:name:middle,urn:grants-form-kernel:questions:person-name-middle:v1,semantic_question,multi_project_key_person,/properties/budget_year/items/properties/key_persons/properties/key_person/items/properties/name/properties/middle_name,agent_proposed,True,False,,,,
RRMPBudget,question:person:name:prefix,urn:grants-form-kernel:questions:person-name-prefix:v1,semantic_question,multi_project_key_person,/properties/budget_year/items/properties/key_persons/properties/key_person/items/properties/name/properties/prefix_name,agent_proposed,True,False,,,,
RRMPBudget,question:person:name:suffix,urn:grants-form-kernel:questions:person-name-suffix:v1,semantic_question,multi_project_key_person,/properties/budget_year/items/properties/key_persons/properties/key_person/items/properties/name/properties/suffix_name,agent_proposed,True,False,,,,
RRMPBudget,question:budget:budgetyear-keypersons-keyperson-projectrole,urn:grants-form-kernel:questions:budget:budgetyear-keypersons-keyperson-projectrole:v1,semantic_question,multi_project_key_person,/properties/budget_year/items/properties/key_persons/properties/key_person/items/properties/project_role,agent_proposed,True,False,,,,
RRMPBudget,question:budget:budgetyear-keypersons-keyperson-requestedsalary,urn:grants-form-kernel:questions:budget:budgetyear-keypersons-keyperson-requestedsalary:v1,semantic_question,multi_project_key_person,/properties/budget_year/items/properties/key_persons/properties/key_person/items/properties/requested_salary,agent_proposed,True,False,,,,
RRMPBudget,question:budget:budgetyear-keypersons-keyperson-summermonths,urn:grants-form-kernel:questions:budget:budgetyear-keypersons-keyperson-summermonths:v1,semantic_question,multi_project_key_person,/properties/budget_year/items/properties/key_persons/properties/key_person/items/properties/summer_months,agent_proposed,True,False,,,,
RRMPBudget,question:budget:budgetyear-keypersons-totalfundforattachedkeypersons,urn:grants-form-kernel:questions:budget:budgetyear-keypersons-totalfundforattachedkeypersons:v1,semantic_question,multi_project_applicant_budget,/properties/budget_year/items/properties/key_persons/properties/total_fund_for_attached_key_persons,agent_proposed,True,False,,,,
RRMPBudget,question:budget:budgetyear-otherdirectcosts-adpcomputerservices,urn:grants-form-kernel:questions:budget:budgetyear-otherdirectcosts-adpcomputerservices:v1,semantic_question,multi_project_applicant_budget,/properties/budget_year/items/properties/other_direct_costs/properties/adp_computer_services,agent_proposed,True,False,,,,
RRMPBudget,question:budget:budgetyear-otherdirectcosts-alterationsrenovations,urn:grants-form-kernel:questions:budget:budgetyear-otherdirectcosts-alterationsrenovations:v1,semantic_question,multi_project_applicant_budget,/properties/budget_year/items/properties/other_direct_costs/properties/alterations_renovations,agent_proposed,True,False,,,,
RRMPBudget,question:budget:budgetyear-otherdirectcosts-consultantservices,urn:grants-form-kernel:questions:budget:budgetyear-otherdirectcosts-consultantservices:v1,semantic_question,multi_project_applicant_budget,/properties/budget_year/items/properties/other_direct_costs/properties/consultant_services,agent_proposed,True,False,,,,
RRMPBudget,question:budget:budgetyear-otherdirectcosts-equipmentrentalfee,urn:grants-form-kernel:questions:budget:budgetyear-otherdirectcosts-equipmentrentalfee:v1,semantic_question,multi_project_applicant_budget,/properties/budget_year/items/properties/other_direct_costs/properties/equipment_rental_fee,agent_proposed,True,False,,,,
RRMPBudget,question:budget:budgetyear-otherdirectcosts-materialssupplies,urn:grants-form-kernel:questions:budget:budgetyear-otherdirectcosts-materialssupplies:v1,semantic_question,multi_project_applicant_budget,/properties/budget_year/items/properties/other_direct_costs/properties/materials_supplies,agent_proposed,True,False,,,,
RRMPBudget,question:budget:budgetyear-otherdirectcosts-otherdirectcost1-cost,urn:grants-form-kernel:questions:budget:budgetyear-otherdirectcosts-otherdirectcost1-cost:v1,semantic_question,multi_project_applicant_budget,/properties/budget_year/items/properties/other_direct_costs/properties/other_direct_cost_1/properties/cost,agent_proposed,True,False,,,,
RRMPBudget,question:budget:budgetyear-otherdirectcosts-otherdirectcost1-description,urn:grants-form-kernel:questions:budget:budgetyear-otherdirectcosts-otherdirectcost1-description:v1,semantic_question,multi_project_applicant_budget,/properties/budget_year/items/properties/other_direct_costs/properties/other_direct_cost_1/properties/description,agent_proposed,True,False,,,,
RRMPBudget,question:budget:budgetyear-otherdirectcosts-otherdirectcost10-cost,urn:grants-form-kernel:questions:budget:budgetyear-otherdirectcosts-otherdirectcost10-cost:v1,semantic_question,multi_project_applicant_budget,/properties/budget_year/items/properties/other_direct_costs/properties/other_direct_cost_10/properties/cost,agent_proposed,True,False,,,,
RRMPBudget,question:budget:budgetyear-otherdirectcosts-otherdirectcost10-description,urn:grants-form-kernel:questions:budget:budgetyear-otherdirectcosts-otherdirectcost10-description:v1,semantic_question,multi_project_applicant_budget,/properties/budget_year/items/properties/other_direct_costs/properties/other_direct_cost_10/properties/description,agent_proposed,True,False,,,,
RRMPBudget,question:budget:budgetyear-otherdirectcosts-otherdirectcost2-cost,urn:grants-form-kernel:questions:budget:budgetyear-otherdirectcosts-otherdirectcost2-cost:v1,semantic_question,multi_project_applicant_budget,/properties/budget_year/items/properties/other_direct_costs/properties/other_direct_cost_2/properties/cost,agent_proposed,True,False,,,,
RRMPBudget,question:budget:budgetyear-otherdirectcosts-otherdirectcost2-description,urn:grants-form-kernel:questions:budget:budgetyear-otherdirectcosts-otherdirectcost2-description:v1,semantic_question,multi_project_applicant_budget,/properties/budget_year/items/properties/other_direct_costs/properties/other_direct_cost_2/properties/description,agent_proposed,True,False,,,,
RRMPBudget,question:budget:budgetyear-otherdirectcosts-otherdirectcost3-cost,urn:grants-form-kernel:questions:budget:budgetyear-otherdirectcosts-otherdirectcost3-cost:v1,semantic_question,multi_project_applicant_budget,/properties/budget_year/items/properties/other_direct_costs/properties/other_direct_cost_3/properties/cost,agent_proposed,True,False,,,,
RRMPBudget,question:budget:budgetyear-otherdirectcosts-otherdirectcost3-description,urn:grants-form-kernel:questions:budget:budgetyear-otherdirectcosts-otherdirectcost3-description:v1,semantic_question,multi_project_applicant_budget,/properties/budget_year/items/properties/other_direct_costs/properties/other_direct_cost_3/properties/description,agent_proposed,True,False,,,,
RRMPBudget,question:budget:budgetyear-otherdirectcosts-otherdirectcost4-cost,urn:grants-form-kernel:questions:budget:budgetyear-otherdirectcosts-otherdirectcost4-cost:v1,semantic_question,multi_project_applicant_budget,/properties/budget_year/items/properties/other_direct_costs/properties/other_direct_cost_4/properties/cost,agent_proposed,True,False,,,,
RRMPBudget,question:budget:budgetyear-otherdirectcosts-otherdirectcost4-description,urn:grants-form-kernel:questions:budget:budgetyear-otherdirectcosts-otherdirectcost4-description:v1,semantic_question,multi_project_applicant_budget,/properties/budget_year/items/properties/other_direct_costs/properties/other_direct_cost_4/properties/description,agent_proposed,True,False,,,,
RRMPBudget,question:budget:budgetyear-otherdirectcosts-otherdirectcost5-cost,urn:grants-form-kernel:questions:budget:budgetyear-otherdirectcosts-otherdirectcost5-cost:v1,semantic_question,multi_project_applicant_budget,/properties/budget_year/items/properties/other_direct_costs/properties/other_direct_cost_5/properties/cost,agent_proposed,True,False,,,,
RRMPBudget,question:budget:budgetyear-otherdirectcosts-otherdirectcost5-description,urn:grants-form-kernel:questions:budget:budgetyear-otherdirectcosts-otherdirectcost5-description:v1,semantic_question,multi_project_applicant_budget,/properties/budget_year/items/properties/other_direct_costs/properties/other_direct_cost_5/properties/description,agent_proposed,True,False,,,,
RRMPBudget,question:budget:budgetyear-otherdirectcosts-otherdirectcost6-cost,urn:grants-form-kernel:questions:budget:budgetyear-otherdirectcosts-otherdirectcost6-cost:v1,semantic_question,multi_project_applicant_budget,/properties/budget_year/items/properties/other_direct_costs/properties/other_direct_cost_6/properties/cost,agent_proposed,True,False,,,,
RRMPBudget,question:budget:budgetyear-otherdirectcosts-otherdirectcost6-description,urn:grants-form-kernel:questions:budget:budgetyear-otherdirectcosts-otherdirectcost6-description:v1,semantic_question,multi_project_applicant_budget,/properties/budget_year/items/properties/other_direct_costs/properties/other_direct_cost_6/properties/description,agent_proposed,True,False,,,,
RRMPBudget,question:budget:budgetyear-otherdirectcosts-otherdirectcost7-cost,urn:grants-form-kernel:questions:budget:budgetyear-otherdirectcosts-otherdirectcost7-cost:v1,semantic_question,multi_project_applicant_budget,/properties/budget_year/items/properties/other_direct_costs/properties/other_direct_cost_7/properties/cost,agent_proposed,True,False,,,,
RRMPBudget,question:budget:budgetyear-otherdirectcosts-otherdirectcost7-description,urn:grants-form-kernel:questions:budget:budgetyear-otherdirectcosts-otherdirectcost7-description:v1,semantic_question,multi_project_applicant_budget,/properties/budget_year/items/properties/other_direct_costs/properties/other_direct_cost_7/properties/description,agent_proposed,True,False,,,,
RRMPBudget,question:budget:budgetyear-otherdirectcosts-otherdirectcost8-cost,urn:grants-form-kernel:questions:budget:budgetyear-otherdirectcosts-otherdirectcost8-cost:v1,semantic_question,multi_project_applicant_budget,/properties/budget_year/items/properties/other_direct_costs/properties/other_direct_cost_8/properties/cost,agent_proposed,True,False,,,,
RRMPBudget,question:budget:budgetyear-otherdirectcosts-otherdirectcost8-description,urn:grants-form-kernel:questions:budget:budgetyear-otherdirectcosts-otherdirectcost8-description:v1,semantic_question,multi_project_applicant_budget,/properties/budget_year/items/properties/other_direct_costs/properties/other_direct_cost_8/properties/description,agent_proposed,True,False,,,,
RRMPBudget,question:budget:budgetyear-otherdirectcosts-otherdirectcost9-cost,urn:grants-form-kernel:questions:budget:budgetyear-otherdirectcosts-otherdirectcost9-cost:v1,semantic_question,multi_project_applicant_budget,/properties/budget_year/items/properties/other_direct_costs/properties/other_direct_cost_9/properties/cost,agent_proposed,True,False,,,,
RRMPBudget,question:budget:budgetyear-otherdirectcosts-otherdirectcost9-description,urn:grants-form-kernel:questions:budget:budgetyear-otherdirectcosts-otherdirectcost9-description:v1,semantic_question,multi_project_applicant_budget,/properties/budget_year/items/properties/other_direct_costs/properties/other_direct_cost_9/properties/description,agent_proposed,True,False,,,,
RRMPBudget,question:budget:budgetyear-otherdirectcosts-publicationcosts,urn:grants-form-kernel:questions:budget:budgetyear-otherdirectcosts-publicationcosts:v1,semantic_question,multi_project_applicant_budget,/properties/budget_year/items/properties/other_direct_costs/properties/publication_costs,agent_proposed,True,False,,,,
RRMPBudget,question:budget:budgetyear-otherdirectcosts-subawardconsortiumcontractualcosts,urn:grants-form-kernel:questions:budget:budgetyear-otherdirectcosts-subawardconsortiumcontractualcosts:v1,semantic_question,multi_project_applicant_budget,/properties/budget_year/items/properties/other_direct_costs/properties/subaward_consortium_contractual_costs,agent_proposed,True,False,,,,
RRMPBudget,question:budget:budgetyear-otherpersonnel-graduatestudents-academicmonths,urn:grants-form-kernel:questions:budget:budgetyear-otherpersonnel-graduatestudents-academicmonths:v1,semantic_question,multi_project_applicant_budget,/properties/budget_year/items/properties/other_personnel/properties/graduate_students/properties/academic_months,agent_proposed,True,False,,,,
RRMPBudget,question:budget:budgetyear-otherpersonnel-graduatestudents-calendarmonths,urn:grants-form-kernel:questions:budget:budgetyear-otherpersonnel-graduatestudents-calendarmonths:v1,semantic_question,multi_project_applicant_budget,/properties/budget_year/items/properties/other_personnel/properties/graduate_students/properties/calendar_months,agent_proposed,True,False,,,,
RRMPBudget,question:budget:budgetyear-otherpersonnel-graduatestudents-fringebenefits,urn:grants-form-kernel:questions:budget:budgetyear-otherpersonnel-graduatestudents-fringebenefits:v1,semantic_question,multi_project_applicant_budget,/properties/budget_year/items/properties/other_personnel/properties/graduate_students/properties/fringe_benefits,agent_proposed,True,False,,,,
RRMPBudget,question:budget:budgetyear-otherpersonnel-graduatestudents-numberofpersonnel,urn:grants-form-kernel:questions:budget:budgetyear-otherpersonnel-graduatestudents-numberofpersonnel:rr-mp:v1,semantic_question,multi_project_applicant_budget,/properties/budget_year/items/properties/other_personnel/properties/graduate_students/properties/number_of_personnel,agent_proposed,True,False,,,,
RRMPBudget,question:budget:budgetyear-otherpersonnel-graduatestudents-projectrole,urn:grants-form-kernel:questions:budget:budgetyear-otherpersonnel-graduatestudents-projectrole:v1,semantic_question,multi_project_applicant_budget,/properties/budget_year/items/properties/other_personnel/properties/graduate_students/properties/project_role,agent_proposed,True,False,,,,
RRMPBudget,question:budget:budgetyear-otherpersonnel-graduatestudents-requestedsalary,urn:grants-form-kernel:questions:budget:budgetyear-otherpersonnel-graduatestudents-requestedsalary:v1,semantic_question,multi_project_applicant_budget,/properties/budget_year/items/properties/other_personnel/properties/graduate_students/properties/requested_salary,agent_proposed,True,False,,,,
RRMPBudget,question:budget:budgetyear-otherpersonnel-graduatestudents-summermonths,urn:grants-form-kernel:questions:budget:budgetyear-otherpersonnel-graduatestudents-summermonths:v1,semantic_question,multi_project_applicant_budget,/properties/budget_year/items/properties/other_personnel/properties/graduate_students/properties/summer_months,agent_proposed,True,False,,,,
RRMPBudget,question:budget:budgetyear-otherpersonnel-other-academicmonths,urn:grants-form-kernel:questions:budget:budgetyear-otherpersonnel-other-academicmonths:v1,semantic_question,multi_project_applicant_budget,/properties/budget_year/items/properties/other_personnel/properties/other/items/properties/academic_months,agent_proposed,True,False,,,,
RRMPBudget,question:budget:budgetyear-otherpersonnel-other-calendarmonths,urn:grants-form-kernel:questions:budget:budgetyear-otherpersonnel-other-calendarmonths:v1,semantic_question,multi_project_applicant_budget,/properties/budget_year/items/properties/other_personnel/properties/other/items/properties/calendar_months,agent_proposed,True,False,,,,
RRMPBudget,question:budget:budgetyear-otherpersonnel-other-fringebenefits,urn:grants-form-kernel:questions:budget:budgetyear-otherpersonnel-other-fringebenefits:v1,semantic_question,multi_project_applicant_budget,/properties/budget_year/items/properties/other_personnel/properties/other/items/properties/fringe_benefits,agent_proposed,True,False,,,,
RRMPBudget,question:budget:budgetyear-otherpersonnel-other-numberofpersonnel,urn:grants-form-kernel:questions:budget:budgetyear-otherpersonnel-other-numberofpersonnel:rr-mp:v1,semantic_question,multi_project_applicant_budget,/properties/budget_year/items/properties/other_personnel/properties/other/items/properties/number_of_personnel,agent_proposed,True,False,,,,
RRMPBudget,question:budget:budgetyear-otherpersonnel-other-projectrole,urn:grants-form-kernel:questions:budget:budgetyear-otherpersonnel-other-projectrole:v1,semantic_question,multi_project_applicant_budget,/properties/budget_year/items/properties/other_personnel/properties/other/items/properties/project_role,agent_proposed,True,False,,,,
RRMPBudget,question:budget:budgetyear-otherpersonnel-other-requestedsalary,urn:grants-form-kernel:questions:budget:budgetyear-otherpersonnel-other-requestedsalary:v1,semantic_question,multi_project_applicant_budget,/properties/budget_year/items/properties/other_personnel/properties/other/items/properties/requested_salary,agent_proposed,True,False,,,,
RRMPBudget,question:budget:budgetyear-otherpersonnel-other-summermonths,urn:grants-form-kernel:questions:budget:budgetyear-otherpersonnel-other-summermonths:v1,semantic_question,multi_project_applicant_budget,/properties/budget_year/items/properties/other_personnel/properties/other/items/properties/summer_months,agent_proposed,True,False,,,,
RRMPBudget,question:budget:budgetyear-otherpersonnel-postdocassociates-academicmonths,urn:grants-form-kernel:questions:budget:budgetyear-otherpersonnel-postdocassociates-academicmonths:v1,semantic_question,multi_project_applicant_budget,/properties/budget_year/items/properties/other_personnel/properties/post_doc_associates/properties/academic_months,agent_proposed,True,False,,,,
RRMPBudget,question:budget:budgetyear-otherpersonnel-postdocassociates-calendarmonths,urn:grants-form-kernel:questions:budget:budgetyear-otherpersonnel-postdocassociates-calendarmonths:v1,semantic_question,multi_project_applicant_budget,/properties/budget_year/items/properties/other_personnel/properties/post_doc_associates/properties/calendar_months,agent_proposed,True,False,,,,
RRMPBudget,question:budget:budgetyear-otherpersonnel-postdocassociates-fringebenefits,urn:grants-form-kernel:questions:budget:budgetyear-otherpersonnel-postdocassociates-fringebenefits:v1,semantic_question,multi_project_applicant_budget,/properties/budget_year/items/properties/other_personnel/properties/post_doc_associates/properties/fringe_benefits,agent_proposed,True,False,,,,
RRMPBudget,question:budget:budgetyear-otherpersonnel-postdocassociates-numberofpersonnel,urn:grants-form-kernel:questions:budget:budgetyear-otherpersonnel-postdocassociates-numberofpersonnel:rr-mp:v1,semantic_question,multi_project_applicant_budget,/properties/budget_year/items/properties/other_personnel/properties/post_doc_associates/properties/number_of_personnel,agent_proposed,True,False,,,,
RRMPBudget,question:budget:budgetyear-otherpersonnel-postdocassociates-projectrole,urn:grants-form-kernel:questions:budget:budgetyear-otherpersonnel-postdocassociates-projectrole:v1,semantic_question,multi_project_applicant_budget,/properties/budget_year/items/properties/other_personnel/properties/post_doc_associates/properties/project_role,agent_proposed,True,False,,,,
RRMPBudget,question:budget:budgetyear-otherpersonnel-postdocassociates-requestedsalary,urn:grants-form-kernel:questions:budget:budgetyear-otherpersonnel-postdocassociates-requestedsalary:v1,semantic_question,multi_project_applicant_budget,/properties/budget_year/items/properties/other_personnel/properties/post_doc_associates/properties/requested_salary,agent_proposed,True,False,,,,
RRMPBudget,question:budget:budgetyear-otherpersonnel-postdocassociates-summermonths,urn:grants-form-kernel:questions:budget:budgetyear-otherpersonnel-postdocassociates-summermonths:v1,semantic_question,multi_project_applicant_budget,/properties/budget_year/items/properties/other_personnel/properties/post_doc_associates/properties/summer_months,agent_proposed,True,False,,,,
RRMPBudget,question:budget:budgetyear-otherpersonnel-secretarialclerical-academicmonths,urn:grants-form-kernel:questions:budget:budgetyear-otherpersonnel-secretarialclerical-academicmonths:v1,semantic_question,multi_project_applicant_budget,/properties/budget_year/items/properties/other_personnel/properties/secretarial_clerical/properties/academic_months,agent_proposed,True,False,,,,
RRMPBudget,question:budget:budgetyear-otherpersonnel-secretarialclerical-calendarmonths,urn:grants-form-kernel:questions:budget:budgetyear-otherpersonnel-secretarialclerical-calendarmonths:v1,semantic_question,multi_project_applicant_budget,/properties/budget_year/items/properties/other_personnel/properties/secretarial_clerical/properties/calendar_months,agent_proposed,True,False,,,,
RRMPBudget,question:budget:budgetyear-otherpersonnel-secretarialclerical-fringebenefits,urn:grants-form-kernel:questions:budget:budgetyear-otherpersonnel-secretarialclerical-fringebenefits:v1,semantic_question,multi_project_applicant_budget,/properties/budget_year/items/properties/other_personnel/properties/secretarial_clerical/properties/fringe_benefits,agent_proposed,True,False,,,,
RRMPBudget,question:budget:budgetyear-otherpersonnel-secretarialclerical-numberofpersonnel,urn:grants-form-kernel:questions:budget:budgetyear-otherpersonnel-secretarialclerical-numberofpersonnel:rr-mp:v1,semantic_question,multi_project_applicant_budget,/properties/budget_year/items/properties/other_personnel/properties/secretarial_clerical/properties/number_of_personnel,agent_proposed,True,False,,,,
RRMPBudget,question:budget:budgetyear-otherpersonnel-secretarialclerical-projectrole,urn:grants-form-kernel:questions:budget:budgetyear-otherpersonnel-secretarialclerical-projectrole:v1,semantic_question,multi_project_applicant_budget,/properties/budget_year/items/properties/other_personnel/properties/secretarial_clerical/properties/project_role,agent_proposed,True,False,,,,
RRMPBudget,question:budget:budgetyear-otherpersonnel-secretarialclerical-requestedsalary,urn:grants-form-kernel:questions:budget:budgetyear-otherpersonnel-secretarialclerical-requestedsalary:v1,semantic_question,multi_project_applicant_budget,/properties/budget_year/items/properties/other_personnel/properties/secretarial_clerical/properties/requested_salary,agent_proposed,True,False,,,,
RRMPBudget,question:budget:budgetyear-otherpersonnel-secretarialclerical-summermonths,urn:grants-form-kernel:questions:budget:budgetyear-otherpersonnel-secretarialclerical-summermonths:v1,semantic_question,multi_project_applicant_budget,/properties/budget_year/items/properties/other_personnel/properties/secretarial_clerical/properties/summer_months,agent_proposed,True,False,,,,
RRMPBudget,question:budget:budgetyear-otherpersonnel-undergraduatestudents-academicmonths,urn:grants-form-kernel:questions:budget:budgetyear-otherpersonnel-undergraduatestudents-academicmonths:v1,semantic_question,multi_project_applicant_budget,/properties/budget_year/items/properties/other_personnel/properties/undergraduate_students/properties/academic_months,agent_proposed,True,False,,,,
RRMPBudget,question:budget:budgetyear-otherpersonnel-undergraduatestudents-calendarmonths,urn:grants-form-kernel:questions:budget:budgetyear-otherpersonnel-undergraduatestudents-calendarmonths:v1,semantic_question,multi_project_applicant_budget,/properties/budget_year/items/properties/other_personnel/properties/undergraduate_students/properties/calendar_months,agent_proposed,True,False,,,,
RRMPBudget,question:budget:budgetyear-otherpersonnel-undergraduatestudents-fringebenefits,urn:grants-form-kernel:questions:budget:budgetyear-otherpersonnel-undergraduatestudents-fringebenefits:v1,semantic_question,multi_project_applicant_budget,/properties/budget_year/items/properties/other_personnel/properties/undergraduate_students/properties/fringe_benefits,agent_proposed,True,False,,,,
RRMPBudget,question:budget:budgetyear-otherpersonnel-undergraduatestudents-numberofpersonnel,urn:grants-form-kernel:questions:budget:budgetyear-otherpersonnel-undergraduatestudents-numberofpersonnel:rr-mp:v1,semantic_question,multi_project_applicant_budget,/properties/budget_year/items/properties/other_personnel/properties/undergraduate_students/properties/number_of_personnel,agent_proposed,True,False,,,,
RRMPBudget,question:budget:budgetyear-otherpersonnel-undergraduatestudents-projectrole,urn:grants-form-kernel:questions:budget:budgetyear-otherpersonnel-undergraduatestudents-projectrole:v1,semantic_question,multi_project_applicant_budget,/properties/budget_year/items/properties/other_personnel/properties/undergraduate_students/properties/project_role,agent_proposed,True,False,,,,
RRMPBudget,question:budget:budgetyear-otherpersonnel-undergraduatestudents-requestedsalary,urn:grants-form-kernel:questions:budget:budgetyear-otherpersonnel-undergraduatestudents-requestedsalary:v1,semantic_question,multi_project_applicant_budget,/properties/budget_year/items/properties/other_personnel/properties/undergraduate_students/properties/requested_salary,agent_proposed,True,False,,,,
RRMPBudget,question:budget:budgetyear-otherpersonnel-undergraduatestudents-summermonths,urn:grants-form-kernel:questions:budget:budgetyear-otherpersonnel-undergraduatestudents-summermonths:v1,semantic_question,multi_project_applicant_budget,/properties/budget_year/items/properties/other_personnel/properties/undergraduate_students/properties/summer_months,agent_proposed,True,False,,,,
RRMPBudget,question:budget:budgetyear-participanttraineesupportcosts-other-cost,urn:grants-form-kernel:questions:budget:budgetyear-participanttraineesupportcosts-other-cost:v1,semantic_question,multi_project_applicant_budget,/properties/budget_year/items/properties/participant_trainee_support_costs/properties/other/properties/cost,agent_proposed,True,False,,,,
RRMPBudget,question:budget:budgetyear-participanttraineesupportcosts-other-description,urn:grants-form-kernel:questions:budget:budgetyear-participanttraineesupportcosts-other-description:v1,semantic_question,multi_project_applicant_budget,/properties/budget_year/items/properties/participant_trainee_support_costs/properties/other/properties/description,agent_proposed,True,False,,,,
RRMPBudget,question:budget:budgetyear-participanttraineesupportcosts-participanttraineenumber,urn:grants-form-kernel:questions:budget:budgetyear-participanttraineesupportcosts-participanttraineenumber:rr-mp:v1,semantic_question,multi_project_applicant_budget,/properties/budget_year/items/properties/participant_trainee_support_costs/properties/participant_trainee_number,agent_proposed,True,False,,,,
RRMPBudget,question:budget:budgetyear-participanttraineesupportcosts-stipends,urn:grants-form-kernel:questions:budget:budgetyear-participanttraineesupportcosts-stipends:v1,semantic_question,multi_project_applicant_budget,/properties/budget_year/items/properties/participant_trainee_support_costs/properties/stipends,agent_proposed,True,False,,,,
RRMPBudget,question:budget:budgetyear-participanttraineesupportcosts-subsistence,urn:grants-form-kernel:questions:budget:budgetyear-participanttraineesupportcosts-subsistence:v1,semantic_question,multi_project_applicant_budget,/properties/budget_year/items/properties/participant_trainee_support_costs/properties/subsistence,agent_proposed,True,False,,,,
RRMPBudget,question:budget:budgetyear-participanttraineesupportcosts-travel,urn:grants-form-kernel:questions:budget:budgetyear-participanttraineesupportcosts-travel:v1,semantic_question,multi_project_applicant_budget,/properties/budget_year/items/properties/participant_trainee_support_costs/properties/travel,agent_proposed,True,False,,,,
RRMPBudget,question:budget:budgetyear-participanttraineesupportcosts-tuitionfeehealthinsurance,urn:grants-form-kernel:questions:budget:budgetyear-participanttraineesupportcosts-tuitionfeehealthinsurance:v1,semantic_question,multi_project_applicant_budget,/properties/budget_year/items/properties/participant_trainee_support_costs/properties/tuition_fee_health_insurance,agent_proposed,True,False,,,,
RRMPBudget,question:budget:budgetyear-travel-domestictravelcost,urn:grants-form-kernel:questions:budget:budgetyear-travel-domestictravelcost:v1,semantic_question,multi_project_applicant_budget,/properties/budget_year/items/properties/travel/properties/domestic_travel_cost,agent_proposed,True,False,,,,
RRMPBudget,question:budget:budgetyear-travel-foreigntravelcost,urn:grants-form-kernel:questions:budget:budgetyear-travel-foreigntravelcost:v1,semantic_question,multi_project_applicant_budget,/properties/budget_year/items/properties/travel/properties/foreign_travel_cost,agent_proposed,True,False,,,,
RRMPBudget,question:organization:legal-name,urn:grants-form-kernel:questions:organization:legal-name:v1,semantic_question,multi_project_applicant_organization,/properties/organization_name,agent_proposed,True,False,,,,
RRMPBudget,question:budget:samuei,urn:grants-form-kernel:questions:budget:samuei:rr-mp:v1,semantic_question,multi_project_applicant_organization,/properties/samuei,agent_proposed,True,False,,,,
RRSubawardBudget30,question:budget:budgetjustificationattachment,urn:grants-form-kernel:questions:budget:budgetjustificationattachment:v1,semantic_question,subaward_applicant_budget,/properties/budget_attachments/properties/rr_budget_3_0/items/properties/budget_justification_attachment,agent_proposed,True,False,,,,
RRSubawardBudget30,question:budget:budgettype,urn:grants-form-kernel:questions:budget:budgettype:v1,semantic_question,subaward_applicant_budget,/properties/budget_attachments/properties/rr_budget_3_0/items/properties/budget_type,agent_proposed,True,False,,,,
RRSubawardBudget30,question:budget:budgetyear-budgetperiodenddate,urn:grants-form-kernel:questions:budget:budgetyear-budgetperiodenddate:v1,semantic_question,subaward_applicant_budget,/properties/budget_attachments/properties/rr_budget_3_0/items/properties/budget_year/items/properties/budget_period_end_date,agent_proposed,True,False,,,,
RRSubawardBudget30,question:budget:budgetyear-budgetperiodstartdate,urn:grants-form-kernel:questions:budget:budgetyear-budgetperiodstartdate:v1,semantic_question,subaward_applicant_budget,/properties/budget_attachments/properties/rr_budget_3_0/items/properties/budget_year/items/properties/budget_period_start_date,agent_proposed,True,False,,,,
RRSubawardBudget30,question:budget:budgetyear-cognizantfederalagency,urn:grants-form-kernel:questions:budget:budgetyear-cognizantfederalagency:v1,semantic_question,subaward_applicant_budget,/properties/budget_attachments/properties/rr_budget_3_0/items/properties/budget_year/items/properties/cognizant_federal_agency,agent_proposed,True,False,,,,
RRSubawardBudget30,question:budget:budgetyear-equipment-additionalequipmentsattachment,urn:grants-form-kernel:questions:budget:budgetyear-equipment-additionalequipmentsattachment:v1,semantic_question,subaward_applicant_budget,/properties/budget_attachments/properties/rr_budget_3_0/items/properties/budget_year/items/properties/equipment/properties/additional_equipments_attachment,agent_proposed,True,False,,,,
RRSubawardBudget30,question:budget:budgetyear-equipment-equipmentlist-equipmentitem,urn:grants-form-kernel:questions:budget:budgetyear-equipment-equipmentlist-equipmentitem:v1,semantic_question,subaward_applicant_budget,/properties/budget_attachments/properties/rr_budget_3_0/items/properties/budget_year/items/properties/equipment/properties/equipment_list/items/properties/equipment_item,agent_proposed,True,False,,,,
RRSubawardBudget30,question:budget:budgetyear-equipment-equipmentlist-fundsrequested,urn:grants-form-kernel:questions:budget:budgetyear-equipment-equipmentlist-fundsrequested:v1,semantic_question,subaward_applicant_budget,/properties/budget_attachments/properties/rr_budget_3_0/items/properties/budget_year/items/properties/equipment/properties/equipment_list/items/properties/funds_requested,agent_proposed,True,False,,,,
RRSubawardBudget30,question:budget:budgetyear-equipment-totalfundforattachedequipment,urn:grants-form-kernel:questions:budget:budgetyear-equipment-totalfundforattachedequipment:v1,semantic_question,subaward_applicant_budget,/properties/budget_attachments/properties/rr_budget_3_0/items/properties/budget_year/items/properties/equipment/properties/total_fund_for_attached_equipment,agent_proposed,True,False,,,,
RRSubawardBudget30,question:budget:budgetyear-fee,urn:grants-form-kernel:questions:budget:budgetyear-fee:v1,semantic_question,subaward_applicant_budget,/properties/budget_attachments/properties/rr_budget_3_0/items/properties/budget_year/items/properties/fee,agent_proposed,True,False,,,,
RRSubawardBudget30,question:budget:budgetyear-indirectcosts-indirectcost-base,urn:grants-form-kernel:questions:budget:budgetyear-indirectcosts-indirectcost-base:v1,semantic_question,subaward_applicant_budget,/properties/budget_attachments/properties/rr_budget_3_0/items/properties/budget_year/items/properties/indirect_costs/properties/indirect_cost/items/properties/base,agent_proposed,True,False,,,,
RRSubawardBudget30,question:budget:budgetyear-indirectcosts-indirectcost-costtype,urn:grants-form-kernel:questions:budget:budgetyear-indirectcosts-indirectcost-costtype:v1,semantic_question,subaward_applicant_budget,/properties/budget_attachments/properties/rr_budget_3_0/items/properties/budget_year/items/properties/indirect_costs/properties/indirect_cost/items/properties/cost_type,agent_proposed,True,False,,,,
RRSubawardBudget30,question:budget:budgetyear-indirectcosts-indirectcost-fundrequested,urn:grants-form-kernel:questions:budget:budgetyear-indirectcosts-indirectcost-fundrequested:v1,semantic_question,subaward_applicant_budget,/properties/budget_attachments/properties/rr_budget_3_0/items/properties/budget_year/items/properties/indirect_costs/properties/indirect_cost/items/properties/fund_requested,agent_proposed,True,False,,,,
RRSubawardBudget30,question:budget:budgetyear-indirectcosts-indirectcost-rate,urn:grants-form-kernel:questions:budget:budgetyear-indirectcosts-indirectcost-rate:v1,semantic_question,subaward_applicant_budget,/properties/budget_attachments/properties/rr_budget_3_0/items/properties/budget_year/items/properties/indirect_costs/properties/indirect_cost/items/properties/rate,agent_proposed,True,False,,,,
RRSubawardBudget30,question:budget:budgetyear-keypersons-attachedkeypersons,urn:grants-form-kernel:questions:budget:budgetyear-keypersons-attachedkeypersons:v1,semantic_question,subaward_applicant_budget,/properties/budget_attachments/properties/rr_budget_3_0/items/properties/budget_year/items/properties/key_persons/properties/attached_key_persons,agent_proposed,True,False,,,,
RRSubawardBudget30,question:budget:budgetyear-keypersons-keyperson-academicmonths,urn:grants-form-kernel:questions:budget:budgetyear-keypersons-keyperson-academicmonths:v1,semantic_question,subaward_key_person,/properties/budget_attachments/properties/rr_budget_3_0/items/properties/budget_year/items/properties/key_persons/properties/key_person/items/properties/academic_months,agent_proposed,True,False,,,,
RRSubawardBudget30,question:budget:budgetyear-keypersons-keyperson-basesalary,urn:grants-form-kernel:questions:budget:budgetyear-keypersons-keyperson-basesalary:v1,semantic_question,subaward_key_person,/properties/budget_attachments/properties/rr_budget_3_0/items/properties/budget_year/items/properties/key_persons/properties/key_person/items/properties/base_salary,agent_proposed,True,False,,,,
RRSubawardBudget30,question:budget:budgetyear-keypersons-keyperson-calendarmonths,urn:grants-form-kernel:questions:budget:budgetyear-keypersons-keyperson-calendarmonths:v1,semantic_question,subaward_key_person,/properties/budget_attachments/properties/rr_budget_3_0/items/properties/budget_year/items/properties/key_persons/properties/key_person/items/properties/calendar_months,agent_proposed,True,False,,,,
RRSubawardBudget30,question:budget:budgetyear-keypersons-keyperson-fringebenefits,urn:grants-form-kernel:questions:budget:budgetyear-keypersons-keyperson-fringebenefits:v1,semantic_question,subaward_key_person,/properties/budget_attachments/properties/rr_budget_3_0/items/properties/budget_year/items/properties/key_persons/properties/key_person/items/properties/fringe_benefits,agent_proposed,True,False,,,,
RRSubawardBudget30,question:person:name:first,urn:grants-form-kernel:questions:person-name-first:v1,semantic_question,subaward_key_person,/properties/budget_attachments/properties/rr_budget_3_0/items/properties/budget_year/items/properties/key_persons/properties/key_person/items/properties/name/properties/first_name,agent_proposed,True,False,,,,
RRSubawardBudget30,question:person:name:last,urn:grants-form-kernel:questions:person-name-last:v1,semantic_question,subaward_key_person,/properties/budget_attachments/properties/rr_budget_3_0/items/properties/budget_year/items/properties/key_persons/properties/key_person/items/properties/name/properties/last_name,agent_proposed,True,False,,,,
RRSubawardBudget30,question:person:name:middle,urn:grants-form-kernel:questions:person-name-middle:v1,semantic_question,subaward_key_person,/properties/budget_attachments/properties/rr_budget_3_0/items/properties/budget_year/items/properties/key_persons/properties/key_person/items/properties/name/properties/middle_name,agent_proposed,True,False,,,,
RRSubawardBudget30,question:person:name:prefix,urn:grants-form-kernel:questions:budget:budgetyear-keypersons-keyperson-name-prefixname:v1,semantic_question,subaward_key_person,/properties/budget_attachments/properties/rr_budget_3_0/items/properties/budget_year/items/properties/key_persons/properties/key_person/items/properties/name/properties/prefix_name,agent_proposed,True,False,,,,
RRSubawardBudget30,question:person:name:suffix,urn:grants-form-kernel:questions:budget:budgetyear-keypersons-keyperson-name-suffixname:v1,semantic_question,subaward_key_person,/properties/budget_attachments/properties/rr_budget_3_0/items/properties/budget_year/items/properties/key_persons/properties/key_person/items/properties/name/properties/suffix_name,agent_proposed,True,False,,,,
RRSubawardBudget30,question:budget:budgetyear-keypersons-keyperson-projectrole,urn:grants-form-kernel:questions:budget:budgetyear-keypersons-keyperson-projectrole:v1,semantic_question,subaward_key_person,/properties/budget_attachments/properties/rr_budget_3_0/items/properties/budget_year/items/properties/key_persons/properties/key_person/items/properties/project_role,agent_proposed,True,False,,,,
RRSubawardBudget30,question:budget:budgetyear-keypersons-keyperson-requestedsalary,urn:grants-form-kernel:questions:budget:budgetyear-keypersons-keyperson-requestedsalary:v1,semantic_question,subaward_key_person,/properties/budget_attachments/properties/rr_budget_3_0/items/properties/budget_year/items/properties/key_persons/properties/key_person/items/properties/requested_salary,agent_proposed,True,False,,,,
RRSubawardBudget30,question:budget:budgetyear-keypersons-keyperson-summermonths,urn:grants-form-kernel:questions:budget:budgetyear-keypersons-keyperson-summermonths:v1,semantic_question,subaward_key_person,/properties/budget_attachments/properties/rr_budget_3_0/items/properties/budget_year/items/properties/key_persons/properties/key_person/items/properties/summer_months,agent_proposed,True,False,,,,
RRSubawardBudget30,question:budget:budgetyear-keypersons-totalfundforattachedkeypersons,urn:grants-form-kernel:questions:budget:budgetyear-keypersons-totalfundforattachedkeypersons:v1,semantic_question,subaward_applicant_budget,/properties/budget_attachments/properties/rr_budget_3_0/items/properties/budget_year/items/properties/key_persons/properties/total_fund_for_attached_key_persons,agent_proposed,True,False,,,,
RRSubawardBudget30,question:budget:budgetyear-otherdirectcosts-adpcomputerservices,urn:grants-form-kernel:questions:budget:budgetyear-otherdirectcosts-adpcomputerservices:v1,semantic_question,subaward_applicant_budget,/properties/budget_attachments/properties/rr_budget_3_0/items/properties/budget_year/items/properties/other_direct_costs/properties/adp_computer_services,agent_proposed,True,False,,,,
RRSubawardBudget30,question:budget:budgetyear-otherdirectcosts-alterationsrenovations,urn:grants-form-kernel:questions:budget:budgetyear-otherdirectcosts-alterationsrenovations:v1,semantic_question,subaward_applicant_budget,/properties/budget_attachments/properties/rr_budget_3_0/items/properties/budget_year/items/properties/other_direct_costs/properties/alterations_renovations,agent_proposed,True,False,,,,
RRSubawardBudget30,question:budget:budgetyear-otherdirectcosts-consultantservices,urn:grants-form-kernel:questions:budget:budgetyear-otherdirectcosts-consultantservices:v1,semantic_question,subaward_applicant_budget,/properties/budget_attachments/properties/rr_budget_3_0/items/properties/budget_year/items/properties/other_direct_costs/properties/consultant_services,agent_proposed,True,False,,,,
RRSubawardBudget30,question:budget:budgetyear-otherdirectcosts-equipmentrentalfee,urn:grants-form-kernel:questions:budget:budgetyear-otherdirectcosts-equipmentrentalfee:v1,semantic_question,subaward_applicant_budget,/properties/budget_attachments/properties/rr_budget_3_0/items/properties/budget_year/items/properties/other_direct_costs/properties/equipment_rental_fee,agent_proposed,True,False,,,,
RRSubawardBudget30,question:budget:budgetyear-otherdirectcosts-materialssupplies,urn:grants-form-kernel:questions:budget:budgetyear-otherdirectcosts-materialssupplies:v1,semantic_question,subaward_applicant_budget,/properties/budget_attachments/properties/rr_budget_3_0/items/properties/budget_year/items/properties/other_direct_costs/properties/materials_supplies,agent_proposed,True,False,,,,
RRSubawardBudget30,question:budget:budgetyear-otherdirectcosts-otherdirectcost1-cost,urn:grants-form-kernel:questions:budget:budgetyear-otherdirectcosts-otherdirectcost1-cost:v1,semantic_question,subaward_applicant_budget,/properties/budget_attachments/properties/rr_budget_3_0/items/properties/budget_year/items/properties/other_direct_costs/properties/other_direct_cost_1/properties/cost,agent_proposed,True,False,,,,
RRSubawardBudget30,question:budget:budgetyear-otherdirectcosts-otherdirectcost1-description,urn:grants-form-kernel:questions:budget:budgetyear-otherdirectcosts-otherdirectcost1-description:v1,semantic_question,subaward_applicant_budget,/properties/budget_attachments/properties/rr_budget_3_0/items/properties/budget_year/items/properties/other_direct_costs/properties/other_direct_cost_1/properties/description,agent_proposed,True,False,,,,
RRSubawardBudget30,question:budget:budgetyear-otherdirectcosts-otherdirectcost10-cost,urn:grants-form-kernel:questions:budget:budgetyear-otherdirectcosts-otherdirectcost10-cost:v1,semantic_question,subaward_applicant_budget,/properties/budget_attachments/properties/rr_budget_3_0/items/properties/budget_year/items/properties/other_direct_costs/properties/other_direct_cost_10/properties/cost,agent_proposed,True,False,,,,
RRSubawardBudget30,question:budget:budgetyear-otherdirectcosts-otherdirectcost10-description,urn:grants-form-kernel:questions:budget:budgetyear-otherdirectcosts-otherdirectcost10-description:v1,semantic_question,subaward_applicant_budget,/properties/budget_attachments/properties/rr_budget_3_0/items/properties/budget_year/items/properties/other_direct_costs/properties/other_direct_cost_10/properties/description,agent_proposed,True,False,,,,
RRSubawardBudget30,question:budget:budgetyear-otherdirectcosts-otherdirectcost2-cost,urn:grants-form-kernel:questions:budget:budgetyear-otherdirectcosts-otherdirectcost2-cost:v1,semantic_question,subaward_applicant_budget,/properties/budget_attachments/properties/rr_budget_3_0/items/properties/budget_year/items/properties/other_direct_costs/properties/other_direct_cost_2/properties/cost,agent_proposed,True,False,,,,
RRSubawardBudget30,question:budget:budgetyear-otherdirectcosts-otherdirectcost2-description,urn:grants-form-kernel:questions:budget:budgetyear-otherdirectcosts-otherdirectcost2-description:v1,semantic_question,subaward_applicant_budget,/properties/budget_attachments/properties/rr_budget_3_0/items/properties/budget_year/items/properties/other_direct_costs/properties/other_direct_cost_2/properties/description,agent_proposed,True,False,,,,
RRSubawardBudget30,question:budget:budgetyear-otherdirectcosts-otherdirectcost3-cost,urn:grants-form-kernel:questions:budget:budgetyear-otherdirectcosts-otherdirectcost3-cost:v1,semantic_question,subaward_applicant_budget,/properties/budget_attachments/properties/rr_budget_3_0/items/properties/budget_year/items/properties/other_direct_costs/properties/other_direct_cost_3/properties/cost,agent_proposed,True,False,,,,
RRSubawardBudget30,question:budget:budgetyear-otherdirectcosts-otherdirectcost3-description,urn:grants-form-kernel:questions:budget:budgetyear-otherdirectcosts-otherdirectcost3-description:v1,semantic_question,subaward_applicant_budget,/properties/budget_attachments/properties/rr_budget_3_0/items/properties/budget_year/items/properties/other_direct_costs/properties/other_direct_cost_3/properties/description,agent_proposed,True,False,,,,
RRSubawardBudget30,question:budget:budgetyear-otherdirectcosts-otherdirectcost4-cost,urn:grants-form-kernel:questions:budget:budgetyear-otherdirectcosts-otherdirectcost4-cost:v1,semantic_question,subaward_applicant_budget,/properties/budget_attachments/properties/rr_budget_3_0/items/properties/budget_year/items/properties/other_direct_costs/properties/other_direct_cost_4/properties/cost,agent_proposed,True,False,,,,
RRSubawardBudget30,question:budget:budgetyear-otherdirectcosts-otherdirectcost4-description,urn:grants-form-kernel:questions:budget:budgetyear-otherdirectcosts-otherdirectcost4-description:v1,semantic_question,subaward_applicant_budget,/properties/budget_attachments/properties/rr_budget_3_0/items/properties/budget_year/items/properties/other_direct_costs/properties/other_direct_cost_4/properties/description,agent_proposed,True,False,,,,
RRSubawardBudget30,question:budget:budgetyear-otherdirectcosts-otherdirectcost5-cost,urn:grants-form-kernel:questions:budget:budgetyear-otherdirectcosts-otherdirectcost5-cost:v1,semantic_question,subaward_applicant_budget,/properties/budget_attachments/properties/rr_budget_3_0/items/properties/budget_year/items/properties/other_direct_costs/properties/other_direct_cost_5/properties/cost,agent_proposed,True,False,,,,
RRSubawardBudget30,question:budget:budgetyear-otherdirectcosts-otherdirectcost5-description,urn:grants-form-kernel:questions:budget:budgetyear-otherdirectcosts-otherdirectcost5-description:v1,semantic_question,subaward_applicant_budget,/properties/budget_attachments/properties/rr_budget_3_0/items/properties/budget_year/items/properties/other_direct_costs/properties/other_direct_cost_5/properties/description,agent_proposed,True,False,,,,
RRSubawardBudget30,question:budget:budgetyear-otherdirectcosts-otherdirectcost6-cost,urn:grants-form-kernel:questions:budget:budgetyear-otherdirectcosts-otherdirectcost6-cost:v1,semantic_question,subaward_applicant_budget,/properties/budget_attachments/properties/rr_budget_3_0/items/properties/budget_year/items/properties/other_direct_costs/properties/other_direct_cost_6/properties/cost,agent_proposed,True,False,,,,
RRSubawardBudget30,question:budget:budgetyear-otherdirectcosts-otherdirectcost6-description,urn:grants-form-kernel:questions:budget:budgetyear-otherdirectcosts-otherdirectcost6-description:v1,semantic_question,subaward_applicant_budget,/properties/budget_attachments/properties/rr_budget_3_0/items/properties/budget_year/items/properties/other_direct_costs/properties/other_direct_cost_6/properties/description,agent_proposed,True,False,,,,
RRSubawardBudget30,question:budget:budgetyear-otherdirectcosts-otherdirectcost7-cost,urn:grants-form-kernel:questions:budget:budgetyear-otherdirectcosts-otherdirectcost7-cost:v1,semantic_question,subaward_applicant_budget,/properties/budget_attachments/properties/rr_budget_3_0/items/properties/budget_year/items/properties/other_direct_costs/properties/other_direct_cost_7/properties/cost,agent_proposed,True,False,,,,
RRSubawardBudget30,question:budget:budgetyear-otherdirectcosts-otherdirectcost7-description,urn:grants-form-kernel:questions:budget:budgetyear-otherdirectcosts-otherdirectcost7-description:v1,semantic_question,subaward_applicant_budget,/properties/budget_attachments/properties/rr_budget_3_0/items/properties/budget_year/items/properties/other_direct_costs/properties/other_direct_cost_7/properties/description,agent_proposed,True,False,,,,
RRSubawardBudget30,question:budget:budgetyear-otherdirectcosts-otherdirectcost8-cost,urn:grants-form-kernel:questions:budget:budgetyear-otherdirectcosts-otherdirectcost8-cost:v1,semantic_question,subaward_applicant_budget,/properties/budget_attachments/properties/rr_budget_3_0/items/properties/budget_year/items/properties/other_direct_costs/properties/other_direct_cost_8/properties/cost,agent_proposed,True,False,,,,
RRSubawardBudget30,question:budget:budgetyear-otherdirectcosts-otherdirectcost8-description,urn:grants-form-kernel:questions:budget:budgetyear-otherdirectcosts-otherdirectcost8-description:v1,semantic_question,subaward_applicant_budget,/properties/budget_attachments/properties/rr_budget_3_0/items/properties/budget_year/items/properties/other_direct_costs/properties/other_direct_cost_8/properties/description,agent_proposed,True,False,,,,
RRSubawardBudget30,question:budget:budgetyear-otherdirectcosts-otherdirectcost9-cost,urn:grants-form-kernel:questions:budget:budgetyear-otherdirectcosts-otherdirectcost9-cost:v1,semantic_question,subaward_applicant_budget,/properties/budget_attachments/properties/rr_budget_3_0/items/properties/budget_year/items/properties/other_direct_costs/properties/other_direct_cost_9/properties/cost,agent_proposed,True,False,,,,
RRSubawardBudget30,question:budget:budgetyear-otherdirectcosts-otherdirectcost9-description,urn:grants-form-kernel:questions:budget:budgetyear-otherdirectcosts-otherdirectcost9-description:v1,semantic_question,subaward_applicant_budget,/properties/budget_attachments/properties/rr_budget_3_0/items/properties/budget_year/items/properties/other_direct_costs/properties/other_direct_cost_9/properties/description,agent_proposed,True,False,,,,
RRSubawardBudget30,question:budget:budgetyear-otherdirectcosts-publicationcosts,urn:grants-form-kernel:questions:budget:budgetyear-otherdirectcosts-publicationcosts:v1,semantic_question,subaward_applicant_budget,/properties/budget_attachments/properties/rr_budget_3_0/items/properties/budget_year/items/properties/other_direct_costs/properties/publication_costs,agent_proposed,True,False,,,,
RRSubawardBudget30,question:budget:budgetyear-otherdirectcosts-subawardconsortiumcontractualcosts,urn:grants-form-kernel:questions:budget:budgetyear-otherdirectcosts-subawardconsortiumcontractualcosts:v1,semantic_question,subaward_applicant_budget,/properties/budget_attachments/properties/rr_budget_3_0/items/properties/budget_year/items/properties/other_direct_costs/properties/subaward_consortium_contractual_costs,agent_proposed,True,False,,,,
RRSubawardBudget30,question:budget:budgetyear-otherpersonnel-graduatestudents-academicmonths,urn:grants-form-kernel:questions:budget:budgetyear-otherpersonnel-graduatestudents-academicmonths:v1,semantic_question,subaward_applicant_budget,/properties/budget_attachments/properties/rr_budget_3_0/items/properties/budget_year/items/properties/other_personnel/properties/graduate_students/properties/academic_months,agent_proposed,True,False,,,,
RRSubawardBudget30,question:budget:budgetyear-otherpersonnel-graduatestudents-calendarmonths,urn:grants-form-kernel:questions:budget:budgetyear-otherpersonnel-graduatestudents-calendarmonths:v1,semantic_question,subaward_applicant_budget,/properties/budget_attachments/properties/rr_budget_3_0/items/properties/budget_year/items/properties/other_personnel/properties/graduate_students/properties/calendar_months,agent_proposed,True,False,,,,
RRSubawardBudget30,question:budget:budgetyear-otherpersonnel-graduatestudents-fringebenefits,urn:grants-form-kernel:questions:budget:budgetyear-otherpersonnel-graduatestudents-fringebenefits:v1,semantic_question,subaward_applicant_budget,/properties/budget_attachments/properties/rr_budget_3_0/items/properties/budget_year/items/properties/other_personnel/properties/graduate_students/properties/fringe_benefits,agent_proposed,True,False,,,,
RRSubawardBudget30,question:budget:budgetyear-otherpersonnel-graduatestudents-numberofpersonnel,urn:grants-form-kernel:questions:budget:budgetyear-otherpersonnel-graduatestudents-numberofpersonnel:v1,semantic_question,subaward_applicant_budget,/properties/budget_attachments/properties/rr_budget_3_0/items/properties/budget_year/items/properties/other_personnel/properties/graduate_students/properties/number_of_personnel,agent_proposed,True,False,,,,
RRSubawardBudget30,question:budget:budgetyear-otherpersonnel-graduatestudents-projectrole,urn:grants-form-kernel:questions:budget:budgetyear-otherpersonnel-graduatestudents-projectrole:v1,semantic_question,subaward_applicant_budget,/properties/budget_attachments/properties/rr_budget_3_0/items/properties/budget_year/items/properties/other_personnel/properties/graduate_students/properties/project_role,agent_proposed,True,False,,,,
RRSubawardBudget30,question:budget:budgetyear-otherpersonnel-graduatestudents-requestedsalary,urn:grants-form-kernel:questions:budget:budgetyear-otherpersonnel-graduatestudents-requestedsalary:v1,semantic_question,subaward_applicant_budget,/properties/budget_attachments/properties/rr_budget_3_0/items/properties/budget_year/items/properties/other_personnel/properties/graduate_students/properties/requested_salary,agent_proposed,True,False,,,,
RRSubawardBudget30,question:budget:budgetyear-otherpersonnel-graduatestudents-summermonths,urn:grants-form-kernel:questions:budget:budgetyear-otherpersonnel-graduatestudents-summermonths:v1,semantic_question,subaward_applicant_budget,/properties/budget_attachments/properties/rr_budget_3_0/items/properties/budget_year/items/properties/other_personnel/properties/graduate_students/properties/summer_months,agent_proposed,True,False,,,,
RRSubawardBudget30,question:budget:budgetyear-otherpersonnel-other-academicmonths,urn:grants-form-kernel:questions:budget:budgetyear-otherpersonnel-other-academicmonths:v1,semantic_question,subaward_applicant_budget,/properties/budget_attachments/properties/rr_budget_3_0/items/properties/budget_year/items/properties/other_personnel/properties/other/items/properties/academic_months,agent_proposed,True,False,,,,
RRSubawardBudget30,question:budget:budgetyear-otherpersonnel-other-calendarmonths,urn:grants-form-kernel:questions:budget:budgetyear-otherpersonnel-other-calendarmonths:v1,semantic_question,subaward_applicant_budget,/properties/budget_attachments/properties/rr_budget_3_0/items/properties/budget_year/items/properties/other_personnel/properties/other/items/properties/calendar_months,agent_proposed,True,False,,,,
RRSubawardBudget30,question:budget:budgetyear-otherpersonnel-other-fringebenefits,urn:grants-form-kernel:questions:budget:budgetyear-otherpersonnel-other-fringebenefits:v1,semantic_question,subaward_applicant_budget,/properties/budget_attachments/properties/rr_budget_3_0/items/properties/budget_year/items/properties/other_personnel/properties/other/items/properties/fringe_benefits,agent_proposed,True,False,,,,
RRSubawardBudget30,question:budget:budgetyear-otherpersonnel-other-numberofpersonnel,urn:grants-form-kernel:questions:budget:budgetyear-otherpersonnel-other-numberofpersonnel:v1,semantic_question,subaward_applicant_budget,/properties/budget_attachments/properties/rr_budget_3_0/items/properties/budget_year/items/properties/other_personnel/properties/other/items/properties/number_of_personnel,agent_proposed,True,False,,,,
RRSubawardBudget30,question:budget:budgetyear-otherpersonnel-other-projectrole,urn:grants-form-kernel:questions:budget:budgetyear-otherpersonnel-other-projectrole:v1,semantic_question,subaward_applicant_budget,/properties/budget_attachments/properties/rr_budget_3_0/items/properties/budget_year/items/properties/other_personnel/properties/other/items/properties/project_role,agent_proposed,True,False,,,,
RRSubawardBudget30,question:budget:budgetyear-otherpersonnel-other-requestedsalary,urn:grants-form-kernel:questions:budget:budgetyear-otherpersonnel-other-requestedsalary:v1,semantic_question,subaward_applicant_budget,/properties/budget_attachments/properties/rr_budget_3_0/items/properties/budget_year/items/properties/other_personnel/properties/other/items/properties/requested_salary,agent_proposed,True,False,,,,
RRSubawardBudget30,question:budget:budgetyear-otherpersonnel-other-summermonths,urn:grants-form-kernel:questions:budget:budgetyear-otherpersonnel-other-summermonths:v1,semantic_question,subaward_applicant_budget,/properties/budget_attachments/properties/rr_budget_3_0/items/properties/budget_year/items/properties/other_personnel/properties/other/items/properties/summer_months,agent_proposed,True,False,,,,
RRSubawardBudget30,question:budget:budgetyear-otherpersonnel-postdocassociates-academicmonths,urn:grants-form-kernel:questions:budget:budgetyear-otherpersonnel-postdocassociates-academicmonths:v1,semantic_question,subaward_applicant_budget,/properties/budget_attachments/properties/rr_budget_3_0/items/properties/budget_year/items/properties/other_personnel/properties/post_doc_associates/properties/academic_months,agent_proposed,True,False,,,,
RRSubawardBudget30,question:budget:budgetyear-otherpersonnel-postdocassociates-calendarmonths,urn:grants-form-kernel:questions:budget:budgetyear-otherpersonnel-postdocassociates-calendarmonths:v1,semantic_question,subaward_applicant_budget,/properties/budget_attachments/properties/rr_budget_3_0/items/properties/budget_year/items/properties/other_personnel/properties/post_doc_associates/properties/calendar_months,agent_proposed,True,False,,,,
RRSubawardBudget30,question:budget:budgetyear-otherpersonnel-postdocassociates-fringebenefits,urn:grants-form-kernel:questions:budget:budgetyear-otherpersonnel-postdocassociates-fringebenefits:v1,semantic_question,subaward_applicant_budget,/properties/budget_attachments/properties/rr_budget_3_0/items/properties/budget_year/items/properties/other_personnel/properties/post_doc_associates/properties/fringe_benefits,agent_proposed,True,False,,,,
RRSubawardBudget30,question:budget:budgetyear-otherpersonnel-postdocassociates-numberofpersonnel,urn:grants-form-kernel:questions:budget:budgetyear-otherpersonnel-postdocassociates-numberofpersonnel:v1,semantic_question,subaward_applicant_budget,/properties/budget_attachments/properties/rr_budget_3_0/items/properties/budget_year/items/properties/other_personnel/properties/post_doc_associates/properties/number_of_personnel,agent_proposed,True,False,,,,
RRSubawardBudget30,question:budget:budgetyear-otherpersonnel-postdocassociates-projectrole,urn:grants-form-kernel:questions:budget:budgetyear-otherpersonnel-postdocassociates-projectrole:v1,semantic_question,subaward_applicant_budget,/properties/budget_attachments/properties/rr_budget_3_0/items/properties/budget_year/items/properties/other_personnel/properties/post_doc_associates/properties/project_role,agent_proposed,True,False,,,,
RRSubawardBudget30,question:budget:budgetyear-otherpersonnel-postdocassociates-requestedsalary,urn:grants-form-kernel:questions:budget:budgetyear-otherpersonnel-postdocassociates-requestedsalary:v1,semantic_question,subaward_applicant_budget,/properties/budget_attachments/properties/rr_budget_3_0/items/properties/budget_year/items/properties/other_personnel/properties/post_doc_associates/properties/requested_salary,agent_proposed,True,False,,,,
RRSubawardBudget30,question:budget:budgetyear-otherpersonnel-postdocassociates-summermonths,urn:grants-form-kernel:questions:budget:budgetyear-otherpersonnel-postdocassociates-summermonths:v1,semantic_question,subaward_applicant_budget,/properties/budget_attachments/properties/rr_budget_3_0/items/properties/budget_year/items/properties/other_personnel/properties/post_doc_associates/properties/summer_months,agent_proposed,True,False,,,,
RRSubawardBudget30,question:budget:budgetyear-otherpersonnel-secretarialclerical-academicmonths,urn:grants-form-kernel:questions:budget:budgetyear-otherpersonnel-secretarialclerical-academicmonths:v1,semantic_question,subaward_applicant_budget,/properties/budget_attachments/properties/rr_budget_3_0/items/properties/budget_year/items/properties/other_personnel/properties/secretarial_clerical/properties/academic_months,agent_proposed,True,False,,,,
RRSubawardBudget30,question:budget:budgetyear-otherpersonnel-secretarialclerical-calendarmonths,urn:grants-form-kernel:questions:budget:budgetyear-otherpersonnel-secretarialclerical-calendarmonths:v1,semantic_question,subaward_applicant_budget,/properties/budget_attachments/properties/rr_budget_3_0/items/properties/budget_year/items/properties/other_personnel/properties/secretarial_clerical/properties/calendar_months,agent_proposed,True,False,,,,
RRSubawardBudget30,question:budget:budgetyear-otherpersonnel-secretarialclerical-fringebenefits,urn:grants-form-kernel:questions:budget:budgetyear-otherpersonnel-secretarialclerical-fringebenefits:v1,semantic_question,subaward_applicant_budget,/properties/budget_attachments/properties/rr_budget_3_0/items/properties/budget_year/items/properties/other_personnel/properties/secretarial_clerical/properties/fringe_benefits,agent_proposed,True,False,,,,
RRSubawardBudget30,question:budget:budgetyear-otherpersonnel-secretarialclerical-numberofpersonnel,urn:grants-form-kernel:questions:budget:budgetyear-otherpersonnel-secretarialclerical-numberofpersonnel:v1,semantic_question,subaward_applicant_budget,/properties/budget_attachments/properties/rr_budget_3_0/items/properties/budget_year/items/properties/other_personnel/properties/secretarial_clerical/properties/number_of_personnel,agent_proposed,True,False,,,,
RRSubawardBudget30,question:budget:budgetyear-otherpersonnel-secretarialclerical-projectrole,urn:grants-form-kernel:questions:budget:budgetyear-otherpersonnel-secretarialclerical-projectrole:v1,semantic_question,subaward_applicant_budget,/properties/budget_attachments/properties/rr_budget_3_0/items/properties/budget_year/items/properties/other_personnel/properties/secretarial_clerical/properties/project_role,agent_proposed,True,False,,,,
RRSubawardBudget30,question:budget:budgetyear-otherpersonnel-secretarialclerical-requestedsalary,urn:grants-form-kernel:questions:budget:budgetyear-otherpersonnel-secretarialclerical-requestedsalary:v1,semantic_question,subaward_applicant_budget,/properties/budget_attachments/properties/rr_budget_3_0/items/properties/budget_year/items/properties/other_personnel/properties/secretarial_clerical/properties/requested_salary,agent_proposed,True,False,,,,
RRSubawardBudget30,question:budget:budgetyear-otherpersonnel-secretarialclerical-summermonths,urn:grants-form-kernel:questions:budget:budgetyear-otherpersonnel-secretarialclerical-summermonths:v1,semantic_question,subaward_applicant_budget,/properties/budget_attachments/properties/rr_budget_3_0/items/properties/budget_year/items/properties/other_personnel/properties/secretarial_clerical/properties/summer_months,agent_proposed,True,False,,,,
RRSubawardBudget30,question:budget:budgetyear-otherpersonnel-undergraduatestudents-academicmonths,urn:grants-form-kernel:questions:budget:budgetyear-otherpersonnel-undergraduatestudents-academicmonths:v1,semantic_question,subaward_applicant_budget,/properties/budget_attachments/properties/rr_budget_3_0/items/properties/budget_year/items/properties/other_personnel/properties/undergraduate_students/properties/academic_months,agent_proposed,True,False,,,,
RRSubawardBudget30,question:budget:budgetyear-otherpersonnel-undergraduatestudents-calendarmonths,urn:grants-form-kernel:questions:budget:budgetyear-otherpersonnel-undergraduatestudents-calendarmonths:v1,semantic_question,subaward_applicant_budget,/properties/budget_attachments/properties/rr_budget_3_0/items/properties/budget_year/items/properties/other_personnel/properties/undergraduate_students/properties/calendar_months,agent_proposed,True,False,,,,
RRSubawardBudget30,question:budget:budgetyear-otherpersonnel-undergraduatestudents-fringebenefits,urn:grants-form-kernel:questions:budget:budgetyear-otherpersonnel-undergraduatestudents-fringebenefits:v1,semantic_question,subaward_applicant_budget,/properties/budget_attachments/properties/rr_budget_3_0/items/properties/budget_year/items/properties/other_personnel/properties/undergraduate_students/properties/fringe_benefits,agent_proposed,True,False,,,,
RRSubawardBudget30,question:budget:budgetyear-otherpersonnel-undergraduatestudents-numberofpersonnel,urn:grants-form-kernel:questions:budget:budgetyear-otherpersonnel-undergraduatestudents-numberofpersonnel:v1,semantic_question,subaward_applicant_budget,/properties/budget_attachments/properties/rr_budget_3_0/items/properties/budget_year/items/properties/other_personnel/properties/undergraduate_students/properties/number_of_personnel,agent_proposed,True,False,,,,
RRSubawardBudget30,question:budget:budgetyear-otherpersonnel-undergraduatestudents-projectrole,urn:grants-form-kernel:questions:budget:budgetyear-otherpersonnel-undergraduatestudents-projectrole:v1,semantic_question,subaward_applicant_budget,/properties/budget_attachments/properties/rr_budget_3_0/items/properties/budget_year/items/properties/other_personnel/properties/undergraduate_students/properties/project_role,agent_proposed,True,False,,,,
RRSubawardBudget30,question:budget:budgetyear-otherpersonnel-undergraduatestudents-requestedsalary,urn:grants-form-kernel:questions:budget:budgetyear-otherpersonnel-undergraduatestudents-requestedsalary:v1,semantic_question,subaward_applicant_budget,/properties/budget_attachments/properties/rr_budget_3_0/items/properties/budget_year/items/properties/other_personnel/properties/undergraduate_students/properties/requested_salary,agent_proposed,True,False,,,,
RRSubawardBudget30,question:budget:budgetyear-otherpersonnel-undergraduatestudents-summermonths,urn:grants-form-kernel:questions:budget:budgetyear-otherpersonnel-undergraduatestudents-summermonths:v1,semantic_question,subaward_applicant_budget,/properties/budget_attachments/properties/rr_budget_3_0/items/properties/budget_year/items/properties/other_personnel/properties/undergraduate_students/properties/summer_months,agent_proposed,True,False,,,,
RRSubawardBudget30,question:budget:budgetyear-participanttraineesupportcosts-other-cost,urn:grants-form-kernel:questions:budget:budgetyear-participanttraineesupportcosts-other-cost:v1,semantic_question,subaward_applicant_budget,/properties/budget_attachments/properties/rr_budget_3_0/items/properties/budget_year/items/properties/participant_trainee_support_costs/properties/other/properties/cost,agent_proposed,True,False,,,,
RRSubawardBudget30,question:budget:budgetyear-participanttraineesupportcosts-other-description,urn:grants-form-kernel:questions:budget:budgetyear-participanttraineesupportcosts-other-description:v1,semantic_question,subaward_applicant_budget,/properties/budget_attachments/properties/rr_budget_3_0/items/properties/budget_year/items/properties/participant_trainee_support_costs/properties/other/properties/description,agent_proposed,True,False,,,,
RRSubawardBudget30,question:budget:budgetyear-participanttraineesupportcosts-participanttraineenumber,urn:grants-form-kernel:questions:budget:budgetyear-participanttraineesupportcosts-participanttraineenumber:v1,semantic_question,subaward_applicant_budget,/properties/budget_attachments/properties/rr_budget_3_0/items/properties/budget_year/items/properties/participant_trainee_support_costs/properties/participant_trainee_number,agent_proposed,True,False,,,,
RRSubawardBudget30,question:budget:budgetyear-participanttraineesupportcosts-stipends,urn:grants-form-kernel:questions:budget:budgetyear-participanttraineesupportcosts-stipends:v1,semantic_question,subaward_applicant_budget,/properties/budget_attachments/properties/rr_budget_3_0/items/properties/budget_year/items/properties/participant_trainee_support_costs/properties/stipends,agent_proposed,True,False,,,,
RRSubawardBudget30,question:budget:budgetyear-participanttraineesupportcosts-subsistence,urn:grants-form-kernel:questions:budget:budgetyear-participanttraineesupportcosts-subsistence:v1,semantic_question,subaward_applicant_budget,/properties/budget_attachments/properties/rr_budget_3_0/items/properties/budget_year/items/properties/participant_trainee_support_costs/properties/subsistence,agent_proposed,True,False,,,,
RRSubawardBudget30,question:budget:budgetyear-participanttraineesupportcosts-travel,urn:grants-form-kernel:questions:budget:budgetyear-participanttraineesupportcosts-travel:v1,semantic_question,subaward_applicant_budget,/properties/budget_attachments/properties/rr_budget_3_0/items/properties/budget_year/items/properties/participant_trainee_support_costs/properties/travel,agent_proposed,True,False,,,,
RRSubawardBudget30,question:budget:budgetyear-participanttraineesupportcosts-tuitionfeehealthinsurance,urn:grants-form-kernel:questions:budget:budgetyear-participanttraineesupportcosts-tuitionfeehealthinsurance:v1,semantic_question,subaward_applicant_budget,/properties/budget_attachments/properties/rr_budget_3_0/items/properties/budget_year/items/properties/participant_trainee_support_costs/properties/tuition_fee_health_insurance,agent_proposed,True,False,,,,
RRSubawardBudget30,question:budget:budgetyear-travel-domestictravelcost,urn:grants-form-kernel:questions:budget:budgetyear-travel-domestictravelcost:v1,semantic_question,subaward_applicant_budget,/properties/budget_attachments/properties/rr_budget_3_0/items/properties/budget_year/items/properties/travel/properties/domestic_travel_cost,agent_proposed,True,False,,,,
RRSubawardBudget30,question:budget:budgetyear-travel-foreigntravelcost,urn:grants-form-kernel:questions:budget:budgetyear-travel-foreigntravelcost:v1,semantic_question,subaward_applicant_budget,/properties/budget_attachments/properties/rr_budget_3_0/items/properties/budget_year/items/properties/travel/properties/foreign_travel_cost,agent_proposed,True,False,,,,
RRSubawardBudget30,question:organization:legal-name,urn:grants-form-kernel:questions:organization:legal-name:v1,semantic_question,subaward_applicant_organization,/properties/budget_attachments/properties/rr_budget_3_0/items/properties/organization_name,agent_proposed,True,False,,,,
RRSubawardBudget30,question:budget:samuei,urn:grants-form-kernel:questions:budget:samuei:v1,semantic_question,subaward_applicant_organization,/properties/budget_attachments/properties/rr_budget_3_0/items/properties/samuei,agent_proposed,True,False,,,,
RRSubawardBudget30,capture:attachment:subaward-budget-file,urn:grants-form-kernel:questions:subaward-budget-file:v1,content_capture_mechanism,subaward_budget_attachment,/properties/att_1,agent_proposed,False,False,,,,
RRSubawardBudget30,capture:attachment:subaward-budget-file,urn:grants-form-kernel:questions:subaward-budget-file:v1,content_capture_mechanism,subaward_budget_attachment,/properties/att_2,agent_proposed,False,False,,,,
RRSubawardBudget30,capture:attachment:subaward-budget-file,urn:grants-form-kernel:questions:subaward-budget-file:v1,content_capture_mechanism,subaward_budget_attachment,/properties/att_3,agent_proposed,False,False,,,,
RRSubawardBudget30,capture:attachment:subaward-budget-file,urn:grants-form-kernel:questions:subaward-budget-file:v1,content_capture_mechanism,subaward_budget_attachment,/properties/att_4,agent_proposed,False,False,,,,
RRSubawardBudget30,capture:attachment:subaward-budget-file,urn:grants-form-kernel:questions:subaward-budget-file:v1,content_capture_mechanism,subaward_budget_attachment,/properties/att_5,agent_proposed,False,False,,,,
RRSubawardBudget30,capture:attachment:subaward-budget-file,urn:grants-form-kernel:questions:subaward-budget-file:v1,content_capture_mechanism,subaward_budget_attachment,/properties/att_6,agent_proposed,False,False,,,,
RRSubawardBudget30,capture:attachment:subaward-budget-file,urn:grants-form-kernel:questions:subaward-budget-file:v1,content_capture_mechanism,subaward_budget_attachment,/properties/att_7,agent_proposed,False,False,,,,
RRSubawardBudget30,capture:attachment:subaward-budget-file,urn:grants-form-kernel:questions:subaward-budget-file:v1,content_capture_mechanism,subaward_budget_attachment,/properties/att_8,agent_proposed,False,False,,,,
RRSubawardBudget30,capture:attachment:subaward-budget-file,urn:grants-form-kernel:questions:subaward-budget-file:v1,content_capture_mechanism,subaward_budget_attachment,/properties/att_9,agent_proposed,False,False,,,,
RRSubawardBudget30,capture:attachment:subaward-budget-file,urn:grants-form-kernel:questions:subaward-budget-file:v1,content_capture_mechanism,subaward_budget_attachment,/properties/att_10,agent_proposed,False,False,,,,
RRSubawardBudget30,capture:attachment:subaward-budget-file,urn:grants-form-kernel:questions:subaward-budget-file:v1,content_capture_mechanism,subaward_budget_attachment,/properties/att_11,agent_proposed,False,False,,,,
RRSubawardBudget30,capture:attachment:subaward-budget-file,urn:grants-form-kernel:questions:subaward-budget-file:v1,content_capture_mechanism,subaward_budget_attachment,/properties/att_12,agent_proposed,False,False,,,,
RRSubawardBudget30,capture:attachment:subaward-budget-file,urn:grants-form-kernel:questions:subaward-budget-file:v1,content_capture_mechanism,subaward_budget_attachment,/properties/att_13,agent_proposed,False,False,,,,
RRSubawardBudget30,capture:attachment:subaward-budget-file,urn:grants-form-kernel:questions:subaward-budget-file:v1,content_capture_mechanism,subaward_budget_attachment,/properties/att_14,agent_proposed,False,False,,,,
RRSubawardBudget30,capture:attachment:subaward-budget-file,urn:grants-form-kernel:questions:subaward-budget-file:v1,content_capture_mechanism,subaward_budget_attachment,/properties/att_15,agent_proposed,False,False,,,,
RRSubawardBudget30,capture:attachment:subaward-budget-file,urn:grants-form-kernel:questions:subaward-budget-file:v1,content_capture_mechanism,subaward_budget_attachment,/properties/att_16,agent_proposed,False,False,,,,
RRSubawardBudget30,capture:attachment:subaward-budget-file,urn:grants-form-kernel:questions:subaward-budget-file:v1,content_capture_mechanism,subaward_budget_attachment,/properties/att_17,agent_proposed,False,False,,,,
RRSubawardBudget30,capture:attachment:subaward-budget-file,urn:grants-form-kernel:questions:subaward-budget-file:v1,content_capture_mechanism,subaward_budget_attachment,/properties/att_18,agent_proposed,False,False,,,,
RRSubawardBudget30,capture:attachment:subaward-budget-file,urn:grants-form-kernel:questions:subaward-budget-file:v1,content_capture_mechanism,subaward_budget_attachment,/properties/att_19,agent_proposed,False,False,,,,
RRSubawardBudget30,capture:attachment:subaward-budget-file,urn:grants-form-kernel:questions:subaward-budget-file:v1,content_capture_mechanism,subaward_budget_attachment,/properties/att_20,agent_proposed,False,False,,,,
RRSubawardBudget30,capture:attachment:subaward-budget-file,urn:grants-form-kernel:questions:subaward-budget-file:v1,content_capture_mechanism,subaward_budget_attachment,/properties/att_21,agent_proposed,False,False,,,,
RRSubawardBudget30,capture:attachment:subaward-budget-file,urn:grants-form-kernel:questions:subaward-budget-file:v1,content_capture_mechanism,subaward_budget_attachment,/properties/att_22,agent_proposed,False,False,,,,
RRSubawardBudget30,capture:attachment:subaward-budget-file,urn:grants-form-kernel:questions:subaward-budget-file:v1,content_capture_mechanism,subaward_budget_attachment,/properties/att_23,agent_proposed,False,False,,,,
RRSubawardBudget30,capture:attachment:subaward-budget-file,urn:grants-form-kernel:questions:subaward-budget-file:v1,content_capture_mechanism,subaward_budget_attachment,/properties/att_24,agent_proposed,False,False,,,,
RRSubawardBudget30,capture:attachment:subaward-budget-file,urn:grants-form-kernel:questions:subaward-budget-file:v1,content_capture_mechanism,subaward_budget_attachment,/properties/att_25,agent_proposed,False,False,,,,
RRSubawardBudget30,capture:attachment:subaward-budget-file,urn:grants-form-kernel:questions:subaward-budget-file:v1,content_capture_mechanism,subaward_budget_attachment,/properties/att_26,agent_proposed,False,False,,,,
RRSubawardBudget30,capture:attachment:subaward-budget-file,urn:grants-form-kernel:questions:subaward-budget-file:v1,content_capture_mechanism,subaward_budget_attachment,/properties/att_27,agent_proposed,False,False,,,,
RRSubawardBudget30,capture:attachment:subaward-budget-file,urn:grants-form-kernel:questions:subaward-budget-file:v1,content_capture_mechanism,subaward_budget_attachment,/properties/att_28,agent_proposed,False,False,,,,
RRSubawardBudget30,capture:attachment:subaward-budget-file,urn:grants-form-kernel:questions:subaward-budget-file:v1,content_capture_mechanism,subaward_budget_attachment,/properties/att_29,agent_proposed,False,False,,,,
RRSubawardBudget30,capture:attachment:subaward-budget-file,urn:grants-form-kernel:questions:subaward-budget-file:v1,content_capture_mechanism,subaward_budget_attachment,/properties/att_30,agent_proposed,False,False,,,,
SF424,question:application:submission-type,urn:grants-form-kernel:questions:application-submission-type:v1,semantic_question,application,/properties/submission_type,agent_proposed,True,False,/SF424_4_0/SubmissionType,SF424_4_0-V4.0.xsd#local,string,https://apply07.grants.gov/apply/forms/schemas/SF424_4_0-V4.0.xsd
SF424,question:application:type,urn:grants-form-kernel:questions:application-type:v1,semantic_question,application,/properties/application_type,agent_proposed,True,False,/SF424_4_0/ApplicationType,SF424_4_0-V4.0.xsd#local,string,https://apply07.grants.gov/apply/forms/schemas/SF424_4_0-V4.0.xsd
SF424,question:application:revision-type,urn:grants-form-kernel:questions:application-revision-type:v1,semantic_question,application,/properties/revision_type,agent_proposed,True,False,/SF424_4_0/RevisionType,SF424_4_0-V4.0.xsd#local,string,https://apply07.grants.gov/apply/forms/schemas/SF424_4_0-V4.0.xsd
SF424,question:application:revision-other,urn:grants-form-kernel:questions:application-revision-other:v1,semantic_question,application,/properties/revision_other_specify,agent_proposed,True,False,/SF424_4_0/RevisionOtherSpecify,SF424_4_0-V4.0.xsd#local,string,https://apply07.grants.gov/apply/forms/schemas/SF424_4_0-V4.0.xsd
SF424,question:application:received-date,urn:grants-form-kernel:questions:application-received-date:v1,semantic_question,application,/properties/date_received,agent_proposed,True,False,/SF424_4_0/DateReceived,XMLSchema#xs:date,date,https://apply07.grants.gov/apply/forms/schemas/SF424_4_0-V4.0.xsd
SF424,question:application:applicant-id,urn:grants-form-kernel:questions:application-applicant-id:v1,semantic_question,application,/properties/applicant_id,agent_proposed,True,False,/SF424_4_0/ApplicantID,GlobalLibrary-V2.0.xsd#ApplicantIDDataType,string,https://apply07.grants.gov/apply/forms/schemas/SF424_4_0-V4.0.xsd
SF424,question:application:federal-entity-identifier,urn:grants-form-kernel:questions:application-federal-entity-id:v1,semantic_question,application,/properties/federal_entity_identifier,agent_proposed,True,False,/SF424_4_0/FederalEntityIdentifier,GlobalLibrary-V2.0.xsd#FederalIDDataType,string,https://apply07.grants.gov/apply/forms/schemas/SF424_4_0-V4.0.xsd
SF424,question:application:prior-federal-award-id,urn:grants-form-kernel:questions:application-prior-award-id:v1,semantic_question,application,/properties/federal_award_identifier,agent_proposed,True,False,/SF424_4_0/FederalAwardIdentifier,GlobalLibrary-V2.0.xsd#ProjectAwardNumberDataType,string,https://apply07.grants.gov/apply/forms/schemas/SF424_4_0-V4.0.xsd
SF424,question:application:state-received-date,urn:grants-form-kernel:questions:application-state-received-date:v1,semantic_question,application,/properties/state_receive_date,agent_proposed,True,False,/SF424_4_0/StateReceiveDate,XMLSchema#xs:date,date,https://apply07.grants.gov/apply/forms/schemas/SF424_4_0-V4.0.xsd
SF424,question:application:state-application-id,urn:grants-form-kernel:questions:application-state-id:v1,semantic_question,application,/properties/state_application_id,agent_proposed,True,False,/SF424_4_0/StateApplicationID,SF424_4_0-V4.0.xsd#local,string,https://apply07.grants.gov/apply/forms/schemas/SF424_4_0-V4.0.xsd
SF424,question:organization:ein,urn:grants-form-kernel:questions:organization-ein:v1,semantic_question,applicant_organization,/properties/employer_taxpayer_identification_number,agent_proposed,True,False,/SF424_4_0/EmployerTaxpayerIdentificationNumber,GlobalLibrary-V2.0.xsd#EmployerIDDataType,string,https://apply07.grants.gov/apply/forms/schemas/SF424_4_0-V4.0.xsd
SF424,question:organization:sam-uei,urn:grants-form-kernel:questions:organization-sam-uei:v1,semantic_question,applicant_organization,/properties/sam_uei,agent_proposed,True,False,/SF424_4_0/SAMUEI,GlobalLibrary-V2.0.xsd#SAMUEIDataType,string,https://apply07.grants.gov/apply/forms/schemas/SF424_4_0-V4.0.xsd
SF424,question:organization:department,urn:grants-form-kernel:questions:organization-department:v1,semantic_question,applicant_organization,/properties/department_name,agent_proposed,True,False,/SF424_4_0/DepartmentName,GlobalLibrary-V2.0.xsd#DepartmentNameDataType,string,https://apply07.grants.gov/apply/forms/schemas/SF424_4_0-V4.0.xsd
SF424,question:organization:division,urn:grants-form-kernel:questions:organization-division:v1,semantic_question,applicant_organization,/properties/division_name,agent_proposed,True,False,/SF424_4_0/DivisionName,GlobalLibrary-V2.0.xsd#DivisionNameDataType,string,https://apply07.grants.gov/apply/forms/schemas/SF424_4_0-V4.0.xsd
SF424,question:organization:applicant-type,urn:grants-form-kernel:questions:organization-applicant-type:v1,semantic_question,applicant_organization,/properties/applicant_type_code,agent_proposed,True,False,/SF424_4_0/ApplicantTypeCode1,GlobalLibrary-V2.0.xsd#ApplicantTypeCodeDataType,string,https://apply07.grants.gov/apply/forms/schemas/SF424_4_0-V4.0.xsd
SF424,question:organization:applicant-type-other,urn:grants-form-kernel:questions:organization-applicant-type-other:v1,semantic_question,applicant_organization,/properties/applicant_type_other_specify,agent_proposed,True,False,/SF424_4_0/ApplicantTypeOtherSpecify,SF424_4_0-V4.0.xsd#local,string,https://apply07.grants.gov/apply/forms/schemas/SF424_4_0-V4.0.xsd
SF424,question:application:agency-name,urn:grants-form-kernel:questions:application-agency-name:v1,semantic_question,application,/properties/agency_name,agent_proposed,True,False,/SF424_4_0/AgencyName,GlobalLibrary-V2.0.xsd#AgencyNameDataType,string,https://apply07.grants.gov/apply/forms/schemas/SF424_4_0-V4.0.xsd
SF424,question:application:assistance-listing-number,urn:grants-form-kernel:questions:application-assistance-listing-number:v1,semantic_question,application,/properties/assistance_listing_number,agent_proposed,True,False,/SF424_4_0/CFDANumber,GlobalLibrary-V2.0.xsd#CFDANumberDataType,string,https://apply07.grants.gov/apply/forms/schemas/SF424_4_0-V4.0.xsd
SF424,question:application:assistance-listing-title,urn:grants-form-kernel:questions:application-assistance-listing-title:v1,semantic_question,application,/properties/assistance_listing_program_title,agent_proposed,True,False,/SF424_4_0/CFDAProgramTitle,GlobalLibrary-V2.0.xsd#CFDATitleDataType,string,https://apply07.grants.gov/apply/forms/schemas/SF424_4_0-V4.0.xsd
SF424,question:application:funding-opportunity-number,urn:grants-form-kernel:questions:application-opportunity-number:v1,semantic_question,application,/properties/funding_opportunity_number,agent_proposed,True,False,/SF424_4_0/FundingOpportunityNumber,GlobalLibrary-V2.0.xsd#OpportunityIDDataType,string,https://apply07.grants.gov/apply/forms/schemas/SF424_4_0-V4.0.xsd
SF424,question:application:funding-opportunity-title,urn:grants-form-kernel:questions:application-opportunity-title:v1,semantic_question,application,/properties/funding_opportunity_title,agent_proposed,True,False,/SF424_4_0/FundingOpportunityTitle,GlobalLibrary-V2.0.xsd#OpportunityTitleDataType,string,https://apply07.grants.gov/apply/forms/schemas/SF424_4_0-V4.0.xsd
SF424,question:application:competition-identification-number,urn:grants-form-kernel:questions:application-competition-number:v1,semantic_question,application,/properties/competition_identification_number,agent_proposed,True,False,/SF424_4_0/CompetitionIdentificationNumber,GlobalLibrary-V2.0.xsd#CompetitionIDDataType,string,https://apply07.grants.gov/apply/forms/schemas/SF424_4_0-V4.0.xsd
SF424,question:application:competition-identification-title,urn:grants-form-kernel:questions:application-competition-title:v1,semantic_question,application,/properties/competition_identification_title,agent_proposed,True,False,/SF424_4_0/CompetitionIdentificationTitle,GlobalLibrary-V2.0.xsd#CompetitionTitleDataType,string,https://apply07.grants.gov/apply/forms/schemas/SF424_4_0-V4.0.xsd
SF424,question:attachment:areas-affected,urn:grants-form-kernel:questions:application-areas-affected-attachment:v1,semantic_question,application,/properties/areas_affected,agent_proposed,True,False,/SF424_4_0/AreasAffected,Attachments-V1.0.xsd#AttachedFileDataType,AttachedFileDataType,https://apply07.grants.gov/apply/forms/schemas/SF424_4_0-V4.0.xsd
SF424,question:project:title,urn:grants-form-kernel:questions:project-title:v1,semantic_question,project,/properties/project_title,agent_proposed,True,False,/SF424_4_0/ProjectTitle,GlobalLibrary-V2.0.xsd#ProjectTitleDataType,string,https://apply07.grants.gov/apply/forms/schemas/SF424_4_0-V4.0.xsd
SF424,question:attachment:additional-project-titles,urn:grants-form-kernel:questions:project-additional-titles-attachment:v1,semantic_question,project,/properties/additional_project_title,agent_proposed,True,False,/SF424_4_0/AdditionalProjectTitle,Attachments-V1.0.xsd#AttachmentGroupMin0Max100DataType,AttachmentGroupMin0Max100DataType,https://apply07.grants.gov/apply/forms/schemas/SF424_4_0-V4.0.xsd
SF424,question:project:congressional-district-applicant,urn:grants-form-kernel:questions:project-applicant-district:v1,semantic_question,project,/properties/congressional_district_applicant,agent_proposed,True,False,/SF424_4_0/CongressionalDistrictApplicant,GlobalLibrary-V2.0.xsd#CongressionalDistrictDataType,string,https://apply07.grants.gov/apply/forms/schemas/SF424_4_0-V4.0.xsd
SF424,question:project:congressional-district,urn:grants-form-kernel:questions:project-district:v1,semantic_question,project,/properties/congressional_district_program_project,agent_proposed,True,False,/SF424_4_0/CongressionalDistrictProgramProject,GlobalLibrary-V2.0.xsd#CongressionalDistrictDataType,string,https://apply07.grants.gov/apply/forms/schemas/SF424_4_0-V4.0.xsd
SF424,question:attachment:additional-congressional-districts,urn:grants-form-kernel:questions:project-additional-districts-attachment:v1,semantic_question,project,/properties/additional_congressional_districts,agent_proposed,True,False,/SF424_4_0/AdditionalCongressionalDistricts,Attachments-V1.0.xsd#AttachedFileDataType,AttachedFileDataType,https://apply07.grants.gov/apply/forms/schemas/SF424_4_0-V4.0.xsd
SF424,question:project:start-date,urn:grants-form-kernel:questions:project-start-date:v1,semantic_question,project,/properties/project_start_date,agent_proposed,True,False,/SF424_4_0/ProjectStartDate,XMLSchema#xs:date,date,https://apply07.grants.gov/apply/forms/schemas/SF424_4_0-V4.0.xsd
SF424,question:project:end-date,urn:grants-form-kernel:questions:project-end-date:v1,semantic_question,project,/properties/project_end_date,agent_proposed,True,False,/SF424_4_0/ProjectEndDate,XMLSchema#xs:date,date,https://apply07.grants.gov/apply/forms/schemas/SF424_4_0-V4.0.xsd
SF424,question:application-funding:federal-estimated,urn:grants-form-kernel:questions:funding-federal-estimated:v1,semantic_question,application_funding,/properties/federal_estimated_funding,agent_proposed,True,False,/SF424_4_0/FederalEstimatedFunding,GlobalLibrary-V2.0.xsd#BudgetAmountDataType,decimal,https://apply07.grants.gov/apply/forms/schemas/SF424_4_0-V4.0.xsd
SF424,question:application-funding:applicant-estimated,urn:grants-form-kernel:questions:funding-applicant-estimated:v1,semantic_question,application_funding,/properties/applicant_estimated_funding,agent_proposed,True,False,/SF424_4_0/ApplicantEstimatedFunding,GlobalLibrary-V2.0.xsd#BudgetAmountDataType,decimal,https://apply07.grants.gov/apply/forms/schemas/SF424_4_0-V4.0.xsd
SF424,question:application-funding:state-estimated,urn:grants-form-kernel:questions:funding-state-estimated:v1,semantic_question,application_funding,/properties/state_estimated_funding,agent_proposed,True,False,/SF424_4_0/StateEstimatedFunding,GlobalLibrary-V2.0.xsd#BudgetAmountDataType,decimal,https://apply07.grants.gov/apply/forms/schemas/SF424_4_0-V4.0.xsd
SF424,question:application-funding:local-estimated,urn:grants-form-kernel:questions:funding-local-estimated:v1,semantic_question,application_funding,/properties/local_estimated_funding,agent_proposed,True,False,/SF424_4_0/LocalEstimatedFunding,GlobalLibrary-V2.0.xsd#BudgetAmountDataType,decimal,https://apply07.grants.gov/apply/forms/schemas/SF424_4_0-V4.0.xsd
SF424,question:application-funding:other-estimated,urn:grants-form-kernel:questions:funding-other-estimated:v1,semantic_question,application_funding,/properties/other_estimated_funding,agent_proposed,True,False,/SF424_4_0/OtherEstimatedFunding,GlobalLibrary-V2.0.xsd#BudgetAmountDataType,decimal,https://apply07.grants.gov/apply/forms/schemas/SF424_4_0-V4.0.xsd
SF424,question:application-funding:program-income-estimated,urn:grants-form-kernel:questions:funding-program-income-estimated:v1,semantic_question,application_funding,/properties/program_income_estimated_funding,agent_proposed,True,False,/SF424_4_0/ProgramIncomeEstimatedFunding,GlobalLibrary-V2.0.xsd#BudgetAmountDataType,decimal,https://apply07.grants.gov/apply/forms/schemas/SF424_4_0-V4.0.xsd
SF424,question:budget:total-project-funding,urn:grants-form-kernel:questions:funding-total:v1,semantic_question,application_funding,/properties/total_estimated_funding,agent_proposed,True,False,/SF424_4_0/TotalEstimatedFunding,GlobalLibrary-V2.0.xsd#BudgetTotalAmountDataType,decimal,https://apply07.grants.gov/apply/forms/schemas/SF424_4_0-V4.0.xsd
SF424,question:application:state-review-status,urn:grants-form-kernel:questions:application-state-review-status:v1,semantic_question,application,/properties/state_review,agent_proposed,True,False,/SF424_4_0/StateReview,SF424_4_0-V4.0.xsd#local,string,https://apply07.grants.gov/apply/forms/schemas/SF424_4_0-V4.0.xsd
SF424,question:application:state-review-date,urn:grants-form-kernel:questions:application-state-review-date:v1,semantic_question,application,/properties/state_review_available_date,agent_proposed,True,False,/SF424_4_0/StateReviewAvailableDate,XMLSchema#xs:date,date,https://apply07.grants.gov/apply/forms/schemas/SF424_4_0-V4.0.xsd
SF424,question:application:delinquent-federal-debt,urn:grants-form-kernel:questions:application-delinquent-debt:v1,semantic_question,application,/properties/delinquent_federal_debt,agent_proposed,True,False,/SF424_4_0/DelinquentFederalDebt,GlobalLibrary-V2.0.xsd#YesNoDataType,string,https://apply07.grants.gov/apply/forms/schemas/SF424_4_0-V4.0.xsd
SF424,question:attachment:delinquent-federal-debt-explanation,urn:grants-form-kernel:questions:application-debt-explanation-attachment:v1,semantic_question,application,/properties/debt_explanation,agent_proposed,True,False,/SF424_4_0/DebtExplanation,Attachments-V1.0.xsd#AttachedFileDataType,AttachedFileDataType,https://apply07.grants.gov/apply/forms/schemas/SF424_4_0-V4.0.xsd
SF424,question:application:certification-agreement,urn:grants-form-kernel:questions:application-certification-agreement:v1,semantic_question,application,/properties/certification_agree,agent_proposed,True,False,/SF424_4_0/CertificationAgree,GlobalLibrary-V2.0.xsd#YesNoDataType,string,https://apply07.grants.gov/apply/forms/schemas/SF424_4_0-V4.0.xsd
SF424,question:application:aor-signature,urn:grants-form-kernel:questions:application-aor-signature:v1,semantic_question,authorized_organization_representative,/properties/aor_signature,agent_proposed,True,False,/SF424_4_0/AORSignature,GlobalLibrary-V2.0.xsd#SignatureDataType,string,https://apply07.grants.gov/apply/forms/schemas/SF424_4_0-V4.0.xsd
SF424,question:application:aor-signed-date,urn:grants-form-kernel:questions:application-aor-signed-date:v1,semantic_question,authorized_organization_representative,/properties/date_signed,agent_proposed,True,False,/SF424_4_0/DateSigned,XMLSchema#xs:date,date,https://apply07.grants.gov/apply/forms/schemas/SF424_4_0-V4.0.xsd
SF424,question:organization:legal-name,urn:grants-form-kernel:questions:organization:legal-name:v1,semantic_question,applicant_organization,/properties/organization_name,agent_proposed,True,False,/SF424_4_0/OrganizationName,GlobalLibrary-V2.0.xsd#OrganizationNameDataType,string,https://apply07.grants.gov/apply/forms/schemas/SF424_4_0-V4.0.xsd
SF424,question:person:title,urn:grants-form-kernel:questions:person-title:v1,semantic_question,applicant_contact,/properties/contact_person_title,agent_proposed,True,False,/SF424_4_0/Title,GlobalLibrary-V2.0.xsd#HumanTitleDataType,string,https://apply07.grants.gov/apply/forms/schemas/SF424_4_0-V4.0.xsd
SF424,question:person:organizational-affiliation,urn:grants-form-kernel:questions:person-organizational-affiliation:v1,semantic_question,applicant_contact,/properties/organization_affiliation,agent_proposed,True,False,/SF424_4_0/OrganizationAffiliation,GlobalLibrary-V2.0.xsd#OrganizationNameDataType,string,https://apply07.grants.gov/apply/forms/schemas/SF424_4_0-V4.0.xsd
SF424,question:contact:phone,urn:grants-form-kernel:questions:contact-phone:v1,semantic_question,applicant_contact,/properties/phone_number,agent_proposed,True,False,/SF424_4_0/PhoneNumber,GlobalLibrary-V2.0.xsd#TelephoneNumberDataType,string,https://apply07.grants.gov/apply/forms/schemas/SF424_4_0-V4.0.xsd
SF424,question:contact:fax,urn:grants-form-kernel:questions:contact-fax:v1,semantic_question,applicant_contact,/properties/fax,agent_proposed,True,False,/SF424_4_0/Fax,GlobalLibrary-V2.0.xsd#TelephoneNumberDataType,string,https://apply07.grants.gov/apply/forms/schemas/SF424_4_0-V4.0.xsd
SF424,question:contact:email,urn:grants-form-kernel:questions:contact-email:v1,semantic_question,applicant_contact,/properties/email,agent_proposed,True,False,/SF424_4_0/Email,GlobalLibrary-V2.0.xsd#EmailDataType,string,https://apply07.grants.gov/apply/forms/schemas/SF424_4_0-V4.0.xsd
SF424,question:person:title,urn:grants-form-kernel:questions:person-title:v1,semantic_question,authorized_organization_representative,/properties/authorized_representative_title,agent_proposed,True,False,/SF424_4_0/AuthorizedRepresentativeTitle,GlobalLibrary-V2.0.xsd#HumanTitleDataType,string,https://apply07.grants.gov/apply/forms/schemas/SF424_4_0-V4.0.xsd
SF424,question:contact:phone,urn:grants-form-kernel:questions:contact-phone:v1,semantic_question,authorized_organization_representative,/properties/authorized_representative_phone_number,agent_proposed,True,False,/SF424_4_0/AuthorizedRepresentativePhoneNumber,GlobalLibrary-V2.0.xsd#TelephoneNumberDataType,string,https://apply07.grants.gov/apply/forms/schemas/SF424_4_0-V4.0.xsd
SF424,question:contact:fax,urn:grants-form-kernel:questions:contact-fax:v1,semantic_question,authorized_organization_representative,/properties/authorized_representative_fax,agent_proposed,True,False,/SF424_4_0/AuthorizedRepresentativeFax,GlobalLibrary-V2.0.xsd#TelephoneNumberDataType,string,https://apply07.grants.gov/apply/forms/schemas/SF424_4_0-V4.0.xsd
SF424,question:role:authorized-organization-representative:email,urn:grants-form-kernel:questions:authorized-representative-email:v1,semantic_question,authorized_organization_representative,/properties/authorized_representative_email,agent_proposed,True,False,/SF424_4_0/AuthorizedRepresentativeEmail,GlobalLibrary-V2.0.xsd#EmailDataType,string,https://apply07.grants.gov/apply/forms/schemas/SF424_4_0-V4.0.xsd
SF424,question:address:street-1,urn:grants-form-kernel:questions:address-street-1:v1,semantic_question,applicant_organization,/properties/applicant/properties/street1,agent_proposed,True,False,/SF424_4_0/Applicant/Street1,GlobalLibrary-V2.0.xsd#StreetDataType,string,https://apply07.grants.gov/apply/forms/schemas/SF424_4_0-V4.0.xsd
SF424,question:address:street-2,urn:grants-form-kernel:questions:address-street-2:v1,semantic_question,applicant_organization,/properties/applicant/properties/street2,agent_proposed,True,False,/SF424_4_0/Applicant/Street2,GlobalLibrary-V2.0.xsd#StreetDataType,string,https://apply07.grants.gov/apply/forms/schemas/SF424_4_0-V4.0.xsd
SF424,question:address:city,urn:grants-form-kernel:questions:address-city:v1,semantic_question,applicant_organization,/properties/applicant/properties/city,agent_proposed,True,False,/SF424_4_0/Applicant/City,GlobalLibrary-V2.0.xsd#CityDataType,string,https://apply07.grants.gov/apply/forms/schemas/SF424_4_0-V4.0.xsd
SF424,question:address:county,urn:grants-form-kernel:questions:address-county:v1,semantic_question,applicant_organization,/properties/applicant/properties/county,agent_proposed,True,False,/SF424_4_0/Applicant/County,GlobalLibrary-V2.0.xsd#CountyDataType,string,https://apply07.grants.gov/apply/forms/schemas/SF424_4_0-V4.0.xsd
SF424,question:address:state,urn:grants-form-kernel:questions:address-state:v1,semantic_question,applicant_organization,/properties/applicant/properties/state,agent_proposed,True,False,/SF424_4_0/Applicant/State,UniversalCodes-V2.0.xsd#StateCodeDataTypeV3,string,https://apply07.grants.gov/apply/forms/schemas/SF424_4_0-V4.0.xsd
SF424,question:address:province,urn:grants-form-kernel:questions:address-province:v1,semantic_question,applicant_organization,/properties/applicant/properties/province,agent_proposed,True,False,/SF424_4_0/Applicant/Province,GlobalLibrary-V2.0.xsd#ProvinceDataType,string,https://apply07.grants.gov/apply/forms/schemas/SF424_4_0-V4.0.xsd
SF424,question:address:postal-code,urn:grants-form-kernel:questions:address-postal-code:v1,semantic_question,applicant_organization,/properties/applicant/properties/zip_code,agent_proposed,True,False,/SF424_4_0/Applicant/ZipPostalCode,GlobalLibrary-V2.0.xsd#ZipPostalCodeDataType,string,https://apply07.grants.gov/apply/forms/schemas/SF424_4_0-V4.0.xsd
SF424,question:address:country,urn:grants-form-kernel:questions:address-country:v1,semantic_question,applicant_organization,/properties/applicant/properties/country,agent_proposed,True,False,/SF424_4_0/Applicant/Country,UniversalCodes-V2.0.xsd#CountryCodeDataTypeV3,string,https://apply07.grants.gov/apply/forms/schemas/SF424_4_0-V4.0.xsd
SF424,question:person:name:prefix,urn:grants-form-kernel:questions:person-name-prefix:v1,semantic_question,applicant_contact,/properties/contact_person/properties/prefix,agent_proposed,True,False,/SF424_4_0/ContactPerson/PrefixName,GlobalLibrary-V2.0.xsd#PrefixNameDataType,string,https://apply07.grants.gov/apply/forms/schemas/SF424_4_0-V4.0.xsd
SF424,question:person:name:first,urn:grants-form-kernel:questions:person-name-first:v1,semantic_question,applicant_contact,/properties/contact_person/properties/first_name,agent_proposed,True,False,/SF424_4_0/ContactPerson/FirstName,GlobalLibrary-V2.0.xsd#FirstNameDataType,string,https://apply07.grants.gov/apply/forms/schemas/SF424_4_0-V4.0.xsd
SF424,question:person:name:middle,urn:grants-form-kernel:questions:person-name-middle:v1,semantic_question,applicant_contact,/properties/contact_person/properties/middle_name,agent_proposed,True,False,/SF424_4_0/ContactPerson/MiddleName,GlobalLibrary-V2.0.xsd#MiddleNameDataType,string,https://apply07.grants.gov/apply/forms/schemas/SF424_4_0-V4.0.xsd
SF424,question:person:name:last,urn:grants-form-kernel:questions:person-name-last:v1,semantic_question,applicant_contact,/properties/contact_person/properties/last_name,agent_proposed,True,False,/SF424_4_0/ContactPerson/LastName,GlobalLibrary-V2.0.xsd#LastNameDataType,string,https://apply07.grants.gov/apply/forms/schemas/SF424_4_0-V4.0.xsd
SF424,question:person:name:suffix,urn:grants-form-kernel:questions:person-name-suffix:v1,semantic_question,applicant_contact,/properties/contact_person/properties/suffix,agent_proposed,True,False,/SF424_4_0/ContactPerson/SuffixName,GlobalLibrary-V2.0.xsd#SuffixNameDataType,string,https://apply07.grants.gov/apply/forms/schemas/SF424_4_0-V4.0.xsd
SF424,question:person:name:prefix,urn:grants-form-kernel:questions:person-name-prefix:v1,semantic_question,authorized_organization_representative,/properties/authorized_representative/properties/prefix,agent_proposed,True,False,/SF424_4_0/AuthorizedRepresentative/PrefixName,GlobalLibrary-V2.0.xsd#PrefixNameDataType,string,https://apply07.grants.gov/apply/forms/schemas/SF424_4_0-V4.0.xsd
SF424,question:person:name:first,urn:grants-form-kernel:questions:person-name-first:v1,semantic_question,authorized_organization_representative,/properties/authorized_representative/properties/first_name,agent_proposed,True,False,/SF424_4_0/AuthorizedRepresentative/FirstName,GlobalLibrary-V2.0.xsd#FirstNameDataType,string,https://apply07.grants.gov/apply/forms/schemas/SF424_4_0-V4.0.xsd
SF424,question:person:name:middle,urn:grants-form-kernel:questions:person-name-middle:v1,semantic_question,authorized_organization_representative,/properties/authorized_representative/properties/middle_name,agent_proposed,True,False,/SF424_4_0/AuthorizedRepresentative/MiddleName,GlobalLibrary-V2.0.xsd#MiddleNameDataType,string,https://apply07.grants.gov/apply/forms/schemas/SF424_4_0-V4.0.xsd
SF424,question:person:name:last,urn:grants-form-kernel:questions:person-name-last:v1,semantic_question,authorized_organization_representative,/properties/authorized_representative/properties/last_name,agent_proposed,True,False,/SF424_4_0/AuthorizedRepresentative/LastName,GlobalLibrary-V2.0.xsd#LastNameDataType,string,https://apply07.grants.gov/apply/forms/schemas/SF424_4_0-V4.0.xsd
SF424,question:person:name:suffix,urn:grants-form-kernel:questions:person-name-suffix:v1,semantic_question,authorized_organization_representative,/properties/authorized_representative/properties/suffix,agent_proposed,True,False,/SF424_4_0/AuthorizedRepresentative/SuffixName,GlobalLibrary-V2.0.xsd#SuffixNameDataType,string,https://apply07.grants.gov/apply/forms/schemas/SF424_4_0-V4.0.xsd
